result_id,race_id,race_date,racecourse_code,racecourse_name,race_number,race_index,race_name,race_class,distance_m,rating_band,going,surface,course,prize_money_hkd,field_size,horse_id,horse_number,horse_name,brand_number,country_of_origin,hemisphere_of_origin,horse_age_at_race,horse_rating_before,horse_rating_after,horse_colour,horse_sex,sire,dam,dam_sire,career_starts_before,career_wins_before,career_seconds_before,career_thirds_before,career_top3_before,career_win_rate_before,career_top3_rate_before,prize_payout_percentage,prize_money_won_this_race,career_prize_money_before,career_prize_money_after,finishing_position,is_winner,is_top_three,jockey,trainer,actual_weight,declared_horse_weight,draw,margin,finish_time,odds,horse_profile_url,horse_profile_scraped_at,race_url
ST_20060101_R01_HK_2003_D103,ST_20060101_R01,2006-01-01,ST,Sha Tin,1,278,JIALING JIANG HANDICAP,5,1200,40-15,GOOD TO FIRM,TURF,"TURF - ""C"" Course",450000,12,HK_2003_D103,6,MAGNIFICENT HORSE,CD103,NZ,Southern,,38,43,Bay,Gelding,King's Theatre,Ramiya,Dancing Brave Same,0,0,0,0,0,0.0,0.0,0.56,252000.0,0.0,252000.0,1,True,True,E Saint-Martin,T W Leung,131,1035,8,---,1:10.90,5.0,https://racing.hkjc.com/en-us/local/information/otherhorse?horseid=HK_2003_D103&Option=1,2026-09-04T13:14:53Z,https://racing.hkjc.com/en-us/local/information/archive/localresults?racedate=2006/01/01&racecourse=ST&RaceNo=1
ST_20060101_R01_HK_2002_C082,ST_20060101_R01,2006-01-01,ST,Sha Tin,1,278,JIALING JIANG HANDICAP,5,1200,40-15,GOOD TO FIRM,TURF,"TURF - ""C"" Course",450000,12,HK_2002_C082,2,AMBITIOUS LEADER,CC082,AUS,Southern,,39,41,Chestnut,Gelding,Bluebird,Miss Margaret,Marscay Same,0,0,0,0,0,0.0,0.0,0.21,94500.0,0.0,94500.0,2,False,True,O Doleuze,C W Chang,132,1037,4,N,1:11.00,20.0,https://racing.hkjc.com/en-us/local/information/otherhorse?horseid=HK_2002_C082&Option=1,2026-09-04T13:14:56Z,https://racing.hkjc.com/en-us/local/information/archive/localresults?racedate=2006/01/01&racecourse=ST&RaceNo=1
ST_20060101_R01_HK_2002_C121,ST_20060101_R01,2006-01-01,ST,Sha Tin,1,278,JIALING JIANG HANDICAP,5,1200,40-15,GOOD TO FIRM,TURF,"TURF - ""C"" Course",450000,12,HK_2002_C121,4,SUPER MARKSMAN,CC121,NZ,Southern,,39,40,Brown,Gelding,Centaine,Kosha,Coober Prince Same,0,0,0,0,0,0.0,0.0,0.115,51750.0,0.0,51750.0,3,False,True,Y T Cheng,Y O Wong,130,1200,2,3/4,1:11.00,33.0,https://racing.hkjc.com/en-us/local/information/otherhorse?horseid=HK_2002_C121&Option=1,2026-09-04T13:14:58Z,https://racing.hkjc.com/en-us/local/information/archive/localresults?racedate=2006/01/01&racecourse=ST&RaceNo=1
ST_20060101_R01_HK_2001_B377,ST_20060101_R01,2006-01-01,ST,Sha Tin,1,278,JIALING JIANG HANDICAP,5,1200,40-15,GOOD TO FIRM,TURF,"TURF - ""C"" Course",450000,12,HK_2001_B377,7,WISDOM EXPRESS,CB377,NZ,Southern,,38.0,38,Chestnut,Gelding,Woodbury Lad,Summer Time Blue,Blue Razor Same,0,0,0,0,0,0.0,0.0,0.06,27000.0,0.0,27000.0,4,False,False,C Brown,A T Millard,131,1082,5,1,1:11.10,12.0,https://racing.hkjc.com/en-us/local/information/otherhorse?horseid=HK_2001_B377&Option=1,2026-09-04T13:15:01Z,https://racing.hkjc.com/en-us/local/information/archive/localresults?racedate=2006/01/01&racecourse=ST&RaceNo=1
ST_20060101_R01_HK_2003_D130,ST_20060101_R01,2006-01-01,ST,Sha Tin,1,278,JIALING JIANG HANDICAP,5,1200,40-15,GOOD TO FIRM,TURF,"TURF - ""C"" Course",450000,12,HK_2003_D130,1,FAT DRAGON,CD130,NZ,Southern,,40,39,Brown,Gelding,O'Reilly,Our Big Bird,Imperial Guard Same,0,0,0,0,0,0.0,0.0,0.055,24750.0,0.0,24750.0,5,False,False,B Prebble,D J Hall,133,1093,1,1-1/4,1:11.10,2.6,https://racing.hkjc.com/en-us/local/information/otherhorse?horseid=HK_2003_D130&Option=1,2026-09-04T13:15:04Z,https://racing.hkjc.com/en-us/local/information/archive/localresults?racedate=2006/01/01&racecourse=ST&RaceNo=1
ST_20060101_R01_HK_2003_D070,ST_20060101_R01,2006-01-01,ST,Sha Tin,1,278,JIALING JIANG HANDICAP,5,1200,40-15,GOOD TO FIRM,TURF,"TURF - ""C"" Course",450000,12,HK_2003_D070,10,WING FOOT,CD070,AUS,Southern,,30,29,Bay,Gelding,Woodman,Sister Canny,Bletchingly Same,0,0,0,0,0,0.0,0.0,0.0,0.0,0.0,0.0,6,False,False,C W Wong,A Lee,113,1019,3,1-1/2,1:11.10,9.0,https://racing.hkjc.com/en-us/local/information/otherhorse?horseid=HK_2003_D070&Option=1,2026-09-04T13:15:07Z,https://racing.hkjc.com/en-us/local/information/archive/localresults?racedate=2006/01/01&racecourse=ST&RaceNo=1
ST_20060101_R01_HK_2004_E024,ST_20060101_R01,2006-01-01,ST,Sha Tin,1,278,JIALING JIANG HANDICAP,5,1200,40-15,GOOD TO FIRM,TURF,"TURF - ""C"" Course",450000,12,HK_2004_E024,11,RIGHT FRAAR,CE024,AUS,Southern,,29,29,Bay,Gelding,Fraar,My Prima Donna,Paris Opera Same,0,0,0,0,0,0.0,0.0,0.0,0.0,0.0,0.0,7,False,False,C Munce,J Size,122,1036,11,1-1/2,1:11.20,10.0,https://racing.hkjc.com/en-us/local/information/otherhorse?horseid=HK_2004_E024&Option=1,2026-09-04T13:15:09Z,https://racing.hkjc.com/en-us/local/information/archive/localresults?racedate=2006/01/01&racecourse=ST&RaceNo=1
ST_20060101_R01_HK_2003_D036,ST_20060101_R01,2006-01-01,ST,Sha Tin,1,278,JIALING JIANG HANDICAP,5,1200,40-15,GOOD TO FIRM,TURF,"TURF - ""C"" Course",450000,12,HK_2003_D036,3,SUPER,CD036,AUS,Southern,,39,39,Bay,Gelding,Danzero,Polishing,Imperial Prince Same,0,0,0,0,0,0.0,0.0,0.0,0.0,0.0,0.0,8,False,False,W M Lai,D Cruz,130,1099,12,3,1:11.40,43.0,https://racing.hkjc.com/en-us/local/information/otherhorse?horseid=HK_2003_D036&Option=1,2026-09-04T13:15:12Z,https://racing.hkjc.com/en-us/local/information/archive/localresults?racedate=2006/01/01&racecourse=ST&RaceNo=1
ST_20060101_R01_HK_2004_E036,ST_20060101_R01,2006-01-01,ST,Sha Tin,1,278,JIALING JIANG HANDICAP,5,1200,40-15,GOOD TO FIRM,TURF,"TURF - ""C"" Course",450000,12,HK_2004_E036,8,SMARTY,CE036,IRE,Northern,,36,34,Bay,Gelding,Marju,Unfuwaanah,Unfuwain Same,0,0,0,0,0,0.0,0.0,0.0,0.0,0.0,0.0,9,False,False,H W Lai,L Ho,122,1003,6,4-1/2,1:11.60,14.0,https://racing.hkjc.com/en-us/local/information/otherhorse?horseid=HK_2004_E036&Option=1,2026-09-04T13:15:15Z,https://racing.hkjc.com/en-us/local/information/archive/localresults?racedate=2006/01/01&racecourse=ST&RaceNo=1
ST_20060101_R01_HK_2003_D345,ST_20060101_R01,2006-01-01,ST,Sha Tin,1,278,JIALING JIANG HANDICAP,5,1200,40-15,GOOD TO FIRM,TURF,"TURF - ""C"" Course",450000,12,HK_2003_D345,9,BRAINIEST,CD345,NZ,Southern,,32,30,Bay / Brown,Gelding,Centaine,Valentine Girl,Zephyr Ace Same,0,0,0,0,0,0.0,0.0,0.0,0.0,0.0,0.0,10,False,False,S Sanders,D Oughton,125,1135,9,5-1/4,1:11.70,50.0,https://racing.hkjc.com/en-us/local/information/otherhorse?horseid=HK_2003_D345&Option=1,2026-09-04T13:15:17Z,https://racing.hkjc.com/en-us/local/information/archive/localresults?racedate=2006/01/01&racecourse=ST&RaceNo=1
ST_20060101_R01_HK_2002_C310,ST_20060101_R01,2006-01-01,ST,Sha Tin,1,278,JIALING JIANG HANDICAP,5,1200,40-15,GOOD TO FIRM,TURF,"TURF - ""C"" Course",450000,12,HK_2002_C310,12,KINGSTON GLORY,CC310,NZ,Southern,,25,23,Bay,Gelding,Chinese Gold,Medallist,Roughcast Same,0,0,0,0,0,0.0,0.0,0.0,0.0,0.0,0.0,11,False,False,K S Yu,T K Ng,115,1168,10,6-3/4,1:12.00,37.0,https://racing.hkjc.com/en-us/local/information/otherhorse?horseid=HK_2002_C310&Option=1,2026-09-04T13:15:20Z,https://racing.hkjc.com/en-us/local/information/archive/localresults?racedate=2006/01/01&racecourse=ST&RaceNo=1
ST_20060101_R01_HK_2002_C139,ST_20060101_R01,2006-01-01,ST,Sha Tin,1,278,JIALING JIANG HANDICAP,5,1200,40-15,GOOD TO FIRM,TURF,"TURF - ""C"" Course",450000,12,HK_2002_C139,5,GIFTED RUNNER,CC139,AUS,Southern,,38,36,Chestnut,Gelding,Dehere,Port,Noalcoholic Same,0,0,0,0,0,0.0,0.0,0.0,0.0,0.0,0.0,12,False,False,D Whyte,K W Lui,131,1170,7,12-3/4,1:12.90,7.8,https://racing.hkjc.com/en-us/local/information/otherhorse?horseid=HK_2002_C139&Option=1,2026-09-04T13:15:23Z,https://racing.hkjc.com/en-us/local/information/archive/localresults?racedate=2006/01/01&racecourse=ST&RaceNo=1
ST_20060101_R02_HK_2005_G089,ST_20060101_R02,2006-01-01,ST,Sha Tin,2,279,ZHU JIANG HANDICAP,4,1200,60-40,GOOD TO FIRM,TURF,"TURF - ""C"" Course",570000,12,HK_2005_G089,1,SUPREME CLASS,CG089,AUS,Southern,,57,70,Bay,Horse,Redoute's Choice,Lanadee,Snaadee Same,0,0,0,0,0,0.0,0.0,0.56,319200.0,0.0,319200.0,1,True,True,B Prebble,A S Cruz,129,1110,2,---,1:09.80,1.7,https://racing.hkjc.com/en-us/local/information/otherhorse?horseid=HK_2005_G089&Option=1,2026-09-04T13:15:27Z,https://racing.hkjc.com/en-us/local/information/archive/localresults?racedate=2006/01/01&racecourse=ST&RaceNo=2
ST_20060101_R02_HK_2005_G012,ST_20060101_R02,2006-01-01,ST,Sha Tin,2,279,ZHU JIANG HANDICAP,4,1200,60-40,GOOD TO FIRM,TURF,"TURF - ""C"" Course",570000,12,HK_2005_G012,2,LEADER,CG012,NZ,Southern,,54,54,Chestnut,Gelding,Hunza Court,The Duchess,Prince Ferdinand Same,0,0,0,0,0,0.0,0.0,0.21,119700.0,0.0,119700.0,2,False,True,D Whyte,C H Yip,126,1122,3,4-1/2,1:10.50,4.6,https://racing.hkjc.com/en-us/local/information/otherhorse?horseid=HK_2005_G012&Option=1,2026-09-04T13:15:30Z,https://racing.hkjc.com/en-us/local/information/archive/localresults?racedate=2006/01/01&racecourse=ST&RaceNo=2
ST_20060101_R02_HK_2002_C079,ST_20060101_R02,2006-01-01,ST,Sha Tin,2,279,ZHU JIANG HANDICAP,4,1200,60-40,GOOD TO FIRM,TURF,"TURF - ""C"" Course",570000,12,HK_2002_C079,12,AMBITION,CC079,AUS,Southern,,44,44,Bay,Gelding,Rodrigo de Triano,Fabulous Rule,Mining Same,0,0,0,0,0,0.0,0.0,0.115,65550.0,0.0,65550.0,3,False,True,H W Lai,K W Lui,109,1073,4,4-1/2,1:10.50,17.0,https://racing.hkjc.com/en-us/local/information/otherhorse?horseid=HK_2002_C079&Option=1,2026-09-04T13:15:33Z,https://racing.hkjc.com/en-us/local/information/archive/localresults?racedate=2006/01/01&racecourse=ST&RaceNo=2
ST_20060101_R02_HK_2004_E298,ST_20060101_R02,2006-01-01,ST,Sha Tin,2,279,ZHU JIANG HANDICAP,4,1200,60-40,GOOD TO FIRM,TURF,"TURF - ""C"" Course",570000,12,HK_2004_E298,10,ETERNAL DRAGON,CE298,AUS,Southern,,50,48,Bay,Gelding,Marju,Reigning Belle,Military Plume Same,0,0,0,0,0,0.0,0.0,0.06,34200.0,0.0,34200.0,4,False,False,O Doleuze,A Lee,122,1210,5,6-1/4,1:10.80,38.0,https://racing.hkjc.com/en-us/local/information/otherhorse?horseid=HK_2004_E298&Option=1,2026-09-04T13:15:35Z,https://racing.hkjc.com/en-us/local/information/archive/localresults?racedate=2006/01/01&racecourse=ST&RaceNo=2
ST_20060101_R02_HK_2004_E305,ST_20060101_R02,2006-01-01,ST,Sha Tin,2,279,ZHU JIANG HANDICAP,4,1200,60-40,GOOD TO FIRM,TURF,"TURF - ""C"" Course",570000,12,HK_2004_E305,11,KAISER'S CHOIX,CE305,NZ,Southern,,50,48,Bay,Gelding,Kashani,Asalingi,Clay Hero Same,0,0,0,0,0,0.0,0.0,0.055,31350.0,0.0,31350.0,5,False,False,S Dye,C Fownes,122,1068,1,7-1/4,1:10.90,31.0,https://racing.hkjc.com/en-us/local/information/otherhorse?horseid=HK_2004_E305&Option=1,2026-09-04T13:15:38Z,https://racing.hkjc.com/en-us/local/information/archive/localresults?racedate=2006/01/01&racecourse=ST&RaceNo=2
ST_20060101_R02_HK_2004_E275,ST_20060101_R02,2006-01-01,ST,Sha Tin,2,279,ZHU JIANG HANDICAP,4,1200,60-40,GOOD TO FIRM,TURF,"TURF - ""C"" Course",570000,12,HK_2004_E275,8,MUTUAL GAIN,CE275,AUS,Southern,,51,51,Bay,Gelding,Bite The Bullet,Volcano Lover,Geiger Counter Same,0,0,0,0,0,0.0,0.0,0.0,0.0,0.0,0.0,6,False,False,E Saint-Martin,T W Leung,123,1031,12,8-1/4,1:11.10,18.0,https://racing.hkjc.com/en-us/local/information/otherhorse?horseid=HK_2004_E275&Option=1,2026-09-04T13:15:41Z,https://racing.hkjc.com/en-us/local/information/archive/localresults?racedate=2006/01/01&racecourse=ST&RaceNo=2
ST_20060101_R02_HK_2005_G016,ST_20060101_R02,2006-01-01,ST,Sha Tin,2,279,ZHU JIANG HANDICAP,4,1200,60-40,GOOD TO FIRM,TURF,"TURF - ""C"" Course",570000,12,HK_2005_G016,9,TERRAFERMA,CG016,NZ,Southern,,51,50,Bay,Gelding,O'Reilly,Significant,Masterclass Same,0,0,0,0,0,0.0,0.0,0.0,0.0,0.0,0.0,7,False,False,C Brown,J Moore,123,1143,6,8-1/2,1:11.10,10.0,https://racing.hkjc.com/en-us/local/information/otherhorse?horseid=HK_2005_G016&Option=1,2026-09-04T13:15:44Z,https://racing.hkjc.com/en-us/local/information/archive/localresults?racedate=2006/01/01&racecourse=ST&RaceNo=2
ST_20060101_R02_HK_2005_G030,ST_20060101_R02,2006-01-01,ST,Sha Tin,2,279,ZHU JIANG HANDICAP,4,1200,60-40,GOOD TO FIRM,TURF,"TURF - ""C"" Course",570000,12,HK_2005_G030,5,SUNRISE LINING,CG030,AUS,Southern,,52,52,Bay,Gelding,Lujain,Lean,Switch In Time Same,0,0,0,0,0,0.0,0.0,0.0,0.0,0.0,0.0,8,False,False,G Schofield,B K Ng,124,1073,11,9-3/4,1:11.30,68.0,https://racing.hkjc.com/en-us/local/information/otherhorse?horseid=HK_2005_G030&Option=1,2026-09-04T13:15:46Z,https://racing.hkjc.com/en-us/local/information/archive/localresults?racedate=2006/01/01&racecourse=ST&RaceNo=2
ST_20060101_R02_HK_2005_G014,ST_20060101_R02,2006-01-01,ST,Sha Tin,2,279,ZHU JIANG HANDICAP,4,1200,60-40,GOOD TO FIRM,TURF,"TURF - ""C"" Course",570000,12,HK_2005_G014,6,TO THE POINT,CG014,NZ,Southern,,52,52,Bay,Gelding,Monolith,She Winks,Shearwalk Same,0,0,0,0,0,0.0,0.0,0.0,0.0,0.0,0.0,9,False,False,C Munce,P O'Sullivan,124,1057,7,10,1:11.40,62.0,https://racing.hkjc.com/en-us/local/information/otherhorse?horseid=HK_2005_G014&Option=1,2026-09-04T13:15:49Z,https://racing.hkjc.com/en-us/local/information/archive/localresults?racedate=2006/01/01&racecourse=ST&RaceNo=2
ST_20060101_R02_HK_2003_D027,ST_20060101_R02,2006-01-01,ST,Sha Tin,2,279,ZHU JIANG HANDICAP,4,1200,60-40,GOOD TO FIRM,TURF,"TURF - ""C"" Course",570000,12,HK_2003_D027,7,TROPHY,CD027,NZ,Southern,,52,50,Bay,Gelding,Unbridled's Song,Trisha's Belle,Sir Tristram Same,0,0,0,0,0,0.0,0.0,0.0,0.0,0.0,0.0,10,False,False,G Mosse,S Woods,124,1064,8,10-3/4,1:11.50,11.0,https://racing.hkjc.com/en-us/local/information/otherhorse?horseid=HK_2003_D027&Option=1,2026-09-04T13:15:52Z,https://racing.hkjc.com/en-us/local/information/archive/localresults?racedate=2006/01/01&racecourse=ST&RaceNo=2
ST_20060101_R02_HK_2005_G044,ST_20060101_R02,2006-01-01,ST,Sha Tin,2,279,ZHU JIANG HANDICAP,4,1200,60-40,GOOD TO FIRM,TURF,"TURF - ""C"" Course",570000,12,HK_2005_G044,3,MAINLAND MASTER,CG044,NZ,Southern,,52,52,Brown,Gelding,Danasinga,Miss Tee,Sir Tristram Same,0,0,0,0,0,0.0,0.0,0.0,0.0,0.0,0.0,11,False,False,S K Sit,Y S Tsui,121,1063,9,12-1/4,1:11.70,99.0,https://racing.hkjc.com/en-us/local/information/otherhorse?horseid=HK_2005_G044&Option=1,2026-09-04T13:15:54Z,https://racing.hkjc.com/en-us/local/information/archive/localresults?racedate=2006/01/01&racecourse=ST&RaceNo=2
ST_20060101_R02_HK_2005_G085,ST_20060101_R02,2006-01-01,ST,Sha Tin,2,279,ZHU JIANG HANDICAP,4,1200,60-40,GOOD TO FIRM,TURF,"TURF - ""C"" Course",570000,12,HK_2005_G085,4,OBVIOUSLY,CG085,AUS,Southern,,52,52,Bay,Gelding,Danzero,Jade Court,Bletchingly Same,0,0,0,0,0,0.0,0.0,0.0,0.0,0.0,0.0,12,False,False,S Sanders,D E Ferraris,124,1114,10,12-3/4,1:11.80,46.0,https://racing.hkjc.com/en-us/local/information/otherhorse?horseid=HK_2005_G085&Option=1,2026-09-04T13:15:57Z,https://racing.hkjc.com/en-us/local/information/archive/localresults?racedate=2006/01/01&racecourse=ST&RaceNo=2
ST_20060101_R03_HK_2002_C115,ST_20060101_R03,2006-01-01,ST,Sha Tin,3,280,YALU JIANG HANDICAP,5,1600,40-15,GOOD TO FIRM,TURF,"TURF - ""C"" Course",450000,14,HK_2002_C115,8,GLORIOUS LIGHT,CC115,NZ,Southern,,31,37,Bay,Gelding,Blues Traveller,Pell Mell,Sound Reason Same,0,0,0,0,0,0.0,0.0,0.56,252000.0,0.0,252000.0,1,True,True,B Prebble,A S Cruz,125,1112,13,---,1:36.40,5.0,https://racing.hkjc.com/en-us/local/information/otherhorse?horseid=HK_2002_C115&Option=1,2026-09-04T13:16:02Z,https://racing.hkjc.com/en-us/local/information/archive/localresults?racedate=2006/01/01&racecourse=ST&RaceNo=3
ST_20060101_R03_HK_1999_V168,ST_20060101_R03,2006-01-01,ST,Sha Tin,3,280,YALU JIANG HANDICAP,5,1600,40-15,GOOD TO FIRM,TURF,"TURF - ""C"" Course",450000,14,HK_1999_V168,14,MILLENNIUM DAWN,BV168,NZ,Southern,,20,23,Brown,Gelding,Fiesta Star,Cam's Belle,Long Row Same,0,0,0,0,0,0.0,0.0,0.21,94500.0,0.0,94500.0,2,False,True,H W Lai,L Ho,107,1049,12,N,1:36.40,21.0,https://racing.hkjc.com/en-us/local/information/otherhorse?horseid=HK_1999_V168&Option=1,2026-09-04T13:16:04Z,https://racing.hkjc.com/en-us/local/information/archive/localresults?racedate=2006/01/01&racecourse=ST&RaceNo=3
ST_20060101_R03_HK_2004_E005,ST_20060101_R03,2006-01-01,ST,Sha Tin,3,280,YALU JIANG HANDICAP,5,1600,40-15,GOOD TO FIRM,TURF,"TURF - ""C"" Course",450000,14,HK_2004_E005,11,METRO LEADER,CE005,NZ,Southern,,28,28,Bay,Gelding,Danasinga,Marseta,Marscay Same,0,0,0,0,0,0.0,0.0,0.115,51750.0,0.0,51750.0,3,False,True,R Fradd,B K Ng,122,986,5,3,1:36.80,7.7,https://racing.hkjc.com/en-us/local/information/otherhorse?horseid=HK_2004_E005&Option=1,2026-09-04T13:16:07Z,https://racing.hkjc.com/en-us/local/information/archive/localresults?racedate=2006/01/01&racecourse=ST&RaceNo=3
ST_20060101_R03_HK_2003_D240,ST_20060101_R03,2006-01-01,ST,Sha Tin,3,280,YALU JIANG HANDICAP,5,1600,40-15,GOOD TO FIRM,TURF,"TURF - ""C"" Course",450000,14,HK_2003_D240,4,DEVON FLAIR,CD240,SAF,Southern,,37,36,Bay,Gelding,Al Mufti,Jaamanique,Green Dancer Same,0,0,0,0,0,0.0,0.0,0.06,27000.0,0.0,27000.0,4,False,False,S Sanders,D Oughton,131,1054,10,4,1:37.00,8.5,https://racing.hkjc.com/en-us/local/information/otherhorse?horseid=HK_2003_D240&Option=1,2026-09-04T13:16:10Z,https://racing.hkjc.com/en-us/local/information/archive/localresults?racedate=2006/01/01&racecourse=ST&RaceNo=3
ST_20060101_R03_HK_2003_D195,ST_20060101_R03,2006-01-01,ST,Sha Tin,3,280,YALU JIANG HANDICAP,5,1600,40-15,GOOD TO FIRM,TURF,"TURF - ""C"" Course",450000,14,HK_2003_D195,10,CAPABEL,CD195,IRE,Northern,,29,28,Bay,Gelding,Cape Cross,Belsay,Belmez Same,0,0,0,0,0,0.0,0.0,0.055,24750.0,0.0,24750.0,5,False,False,C Munce,P O'Sullivan,123,1081,2,5-1/4,1:37.10,7.7,https://racing.hkjc.com/en-us/local/information/otherhorse?horseid=HK_2003_D195&Option=1,2026-09-04T13:16:12Z,https://racing.hkjc.com/en-us/local/information/archive/localresults?racedate=2006/01/01&racecourse=ST&RaceNo=3
ST_20060101_R03_HK_2002_C171,ST_20060101_R03,2006-01-01,ST,Sha Tin,3,280,YALU JIANG HANDICAP,5,1600,40-15,GOOD TO FIRM,TURF,"TURF - ""C"" Course",450000,14,HK_2002_C171,9,RED FIREBALL,CC171,USA,Northern,,30.0,30.0,Bay,Gelding,Red Ransom,Nijinsky's Beauty,Nijinsky II Same,0,0,0,0,0,0.0,0.0,0.0,0.0,0.0,0.0,6,False,False,Y T Cheng,A Lee,122,1102,1,5-3/4,1:37.20,59.0,https://racing.hkjc.com/en-us/local/information/otherhorse?horseid=HK_2002_C171&Option=1,2026-09-04T13:16:15Z,https://racing.hkjc.com/en-us/local/information/archive/localresults?racedate=2006/01/01&racecourse=ST&RaceNo=3
ST_20060101_R03_HK_2004_E054,ST_20060101_R03,2006-01-01,ST,Sha Tin,3,280,YALU JIANG HANDICAP,5,1600,40-15,GOOD TO FIRM,TURF,"TURF - ""C"" Course",450000,14,HK_2004_E054,12,TO SIR WITH LOVE,CE054,NZ,Southern,,27,25,Bay,Gelding,Turbulent Dancer,Kudos,Kreisler Same,0,0,0,0,0,0.0,0.0,0.0,0.0,0.0,0.0,7,False,False,M W Leung,Y O Wong,116,1047,8,5-3/4,1:37.20,99.0,https://racing.hkjc.com/en-us/local/information/otherhorse?horseid=HK_2004_E054&Option=1,2026-09-04T13:16:18Z,https://racing.hkjc.com/en-us/local/information/archive/localresults?racedate=2006/01/01&racecourse=ST&RaceNo=3
ST_20060101_R03_HK_2004_E192,ST_20060101_R03,2006-01-01,ST,Sha Tin,3,280,YALU JIANG HANDICAP,5,1600,40-15,GOOD TO FIRM,TURF,"TURF - ""C"" Course",450000,14,HK_2004_E192,3,RED FORTUNE,CE192,USA,Northern,,38,38,Chestnut,Gelding,Miswaki,Toy Symphony,Trempolino Same,0,0,0,0,0,0.0,0.0,0.0,0.0,0.0,0.0,8,False,False,C Brown,C H Yip,132,1020,14,6-1/2,1:37.30,66.0,https://racing.hkjc.com/en-us/local/information/otherhorse?horseid=HK_2004_E192&Option=1,2026-09-04T13:16:20Z,https://racing.hkjc.com/en-us/local/information/archive/localresults?racedate=2006/01/01&racecourse=ST&RaceNo=3
ST_20060101_R03_HK_2003_D119,ST_20060101_R03,2006-01-01,ST,Sha Tin,3,280,YALU JIANG HANDICAP,5,1600,40-15,GOOD TO FIRM,TURF,"TURF - ""C"" Course",450000,14,HK_2003_D119,13,SHINING LIGHT,CD119,IRE,Northern,,26.0,24.0,Bay,Gelding,Intikhab,Annsfield Lady,Red Sunset Same,0,0,0,0,0,0.0,0.0,0.0,0.0,0.0,0.0,9,False,False,C W Wong,J Moore,110,1060,9,6-3/4,1:37.40,11.0,https://racing.hkjc.com/en-us/local/information/otherhorse?horseid=HK_2003_D119&Option=1,2026-09-04T13:16:23Z,https://racing.hkjc.com/en-us/local/information/archive/localresults?racedate=2006/01/01&racecourse=ST&RaceNo=3
ST_20060101_R03_HK_2001_B150,ST_20060101_R03,2006-01-01,ST,Sha Tin,3,280,YALU JIANG HANDICAP,5,1600,40-15,GOOD TO FIRM,TURF,"TURF - ""C"" Course",450000,14,HK_2001_B150,6,JUST TOO GOOD,CB150,IRE,Northern,,34,32,Bay,Gelding,Marju,Nafzira,Darshaan Same,0,0,0,0,0,0.0,0.0,0.0,0.0,0.0,0.0,10,False,False,G Schofield,P F Yiu,128,1082,6,7-1/2,1:37.50,21.0,https://racing.hkjc.com/en-us/local/information/otherhorse?horseid=HK_2001_B150&Option=1,2026-09-04T13:16:26Z,https://racing.hkjc.com/en-us/local/information/archive/localresults?racedate=2006/01/01&racecourse=ST&RaceNo=3
ST_20060101_R03_HK_2002_C322,ST_20060101_R03,2006-01-01,ST,Sha Tin,3,280,YALU JIANG HANDICAP,5,1600,40-15,GOOD TO FIRM,TURF,"TURF - ""C"" Course",450000,14,HK_2002_C322,2,BRAVE COMMANDER,CC322,NZ,Southern,,38,36,Bay,Gelding,Gold Brose,Audrey Rose,Blue Razor Same,0,0,0,0,0,0.0,0.0,0.0,0.0,0.0,0.0,11,False,False,D Whyte,C Fownes,132,1095,4,7-3/4,1:37.60,3.6,https://racing.hkjc.com/en-us/local/information/otherhorse?horseid=HK_2002_C322&Option=1,2026-09-04T13:16:28Z,https://racing.hkjc.com/en-us/local/information/archive/localresults?racedate=2006/01/01&racecourse=ST&RaceNo=3
ST_20060101_R03_HK_2003_D059,ST_20060101_R03,2006-01-01,ST,Sha Tin,3,280,YALU JIANG HANDICAP,5,1600,40-15,GOOD TO FIRM,TURF,"TURF - ""C"" Course",450000,14,HK_2003_D059,5,SPECTACULAR TIMES,CD059,NZ,Southern,,37,35,Bay,Gelding,Al Akbar,Ima Mystery,Zabeel Same,0,0,0,0,0,0.0,0.0,0.0,0.0,0.0,0.0,12,False,False,W M Lai,C W Chang,129,1026,3,8-3/4,1:37.70,13.0,https://racing.hkjc.com/en-us/local/information/otherhorse?horseid=HK_2003_D059&Option=1,2026-09-04T13:16:31Z,https://racing.hkjc.com/en-us/local/information/archive/localresults?racedate=2006/01/01&racecourse=ST&RaceNo=3
ST_20060101_R03_HK_2002_C222,ST_20060101_R03,2006-01-01,ST,Sha Tin,3,280,YALU JIANG HANDICAP,5,1600,40-15,GOOD TO FIRM,TURF,"TURF - ""C"" Course",450000,14,HK_2002_C222,7,CHING HOI BOY,CC222,NZ,Southern,,33.0,31.0,Bay,Gelding,Danasinga,La Cent,Centaine Same,0,0,0,0,0,0.0,0.0,0.0,0.0,0.0,0.0,13,False,False,S K Sit,Y S Tsui,124,1065,11,11-1/4,1:38.10,39.0,https://racing.hkjc.com/en-us/local/information/otherhorse?horseid=HK_2002_C222&Option=1,2026-09-04T13:16:33Z,https://racing.hkjc.com/en-us/local/information/archive/localresults?racedate=2006/01/01&racecourse=ST&RaceNo=3
ST_20060101_R03_HK_2002_C271,ST_20060101_R03,2006-01-01,ST,Sha Tin,3,280,YALU JIANG HANDICAP,5,1600,40-15,GOOD TO FIRM,TURF,"TURF - ""C"" Course",450000,14,HK_2002_C271,1,DOLPHIN STAR,CC271,AUS,Southern,,39.0,33.0,Chestnut,Gelding,Flying Spur,Red Roulette,Red Tempo Same,0,0,0,0,0,0.0,0.0,0.0,0.0,0.0,0.0,14,False,False,O Doleuze,T K Ng,133,1122,7,11-3/4,1:38.20,23.0,https://racing.hkjc.com/en-us/local/information/otherhorse?horseid=HK_2002_C271&Option=1,2026-09-04T13:16:36Z,https://racing.hkjc.com/en-us/local/information/archive/localresults?racedate=2006/01/01&racecourse=ST&RaceNo=3
ST_20060101_R04_HK_2005_G004,ST_20060101_R04,2006-01-01,ST,Sha Tin,4,281,SONGHUA JIANG HANDICAP,4,1400,60-40,GOOD TO FIRM,TURF,"TURF - ""C"" Course",570000,14,HK_2005_G004,7,DISGUISE,CG004,AUS,Southern,,55,62,Bay,Gelding,Redoute's Choice,Suburban Blues,Bluebird Same,0,0,0,0,0,0.0,0.0,0.56,319200.0,0.0,319200.0,1,True,True,G Schofield,D E Ferraris,126,1064,10,---,1:23.00,5.2,https://racing.hkjc.com/en-us/local/information/otherhorse?horseid=HK_2005_G004&Option=1,2026-09-04T13:16:41Z,https://racing.hkjc.com/en-us/local/information/archive/localresults?racedate=2006/01/01&racecourse=ST&RaceNo=4
ST_20060101_R04_HK_2004_E317,ST_20060101_R04,2006-01-01,ST,Sha Tin,4,281,SONGHUA JIANG HANDICAP,4,1400,60-40,GOOD TO FIRM,TURF,"TURF - ""C"" Course",570000,14,HK_2004_E317,6,STRONG GAIN,CE317,AUS,Southern,,56,59,Brown,Gelding,Testa Rossa,Myrrh,Nassipour Same,0,0,0,0,0,0.0,0.0,0.21,119700.0,0.0,119700.0,2,False,True,D Whyte,J Moore,127,1068,6,3/4,1:23.10,2.8,https://racing.hkjc.com/en-us/local/information/otherhorse?horseid=HK_2004_E317&Option=1,2026-09-04T13:16:44Z,https://racing.hkjc.com/en-us/local/information/archive/localresults?racedate=2006/01/01&racecourse=ST&RaceNo=4
ST_20060101_R04_HK_2003_D322,ST_20060101_R04,2006-01-01,ST,Sha Tin,4,281,SONGHUA JIANG HANDICAP,4,1400,60-40,GOOD TO FIRM,TURF,"TURF - ""C"" Course",570000,14,HK_2003_D322,3,LUCKY DRAGON,CD322,AUS,Southern,,58,58,Bay,Gelding,El Moxie,Crystal Glitters,Palace Music Same,0,0,0,0,0,0.0,0.0,0.0875,49875.0,0.0,49875.0,3,False,True,C Brown,A Lee,129,1120,5,2-1/4,1:23.40,16.0,https://racing.hkjc.com/en-us/local/information/otherhorse?horseid=HK_2003_D322&Option=1,2026-09-04T13:16:47Z,https://racing.hkjc.com/en-us/local/information/archive/localresults?racedate=2006/01/01&racecourse=ST&RaceNo=4
ST_20060101_R04_HK_2005_G087,ST_20060101_R04,2006-01-01,ST,Sha Tin,4,281,SONGHUA JIANG HANDICAP,4,1400,60-40,GOOD TO FIRM,TURF,"TURF - ""C"" Course",570000,14,HK_2005_G087,10,NATURAL NINE,CG087,AUS,Southern,,52,52,Bay,Gelding,Mark Of Esteem,Mythical Play,Defensive Play Same,0,0,0,0,0,0.0,0.0,0.0875,49875.0,0.0,49875.0,3,False,True,S Dye,C Fownes,123,1144,11,2-1/4,1:23.40,38.0,https://racing.hkjc.com/en-us/local/information/otherhorse?horseid=HK_2005_G087&Option=1,2026-09-04T13:16:49Z,https://racing.hkjc.com/en-us/local/information/archive/localresults?racedate=2006/01/01&racecourse=ST&RaceNo=4
ST_20060101_R04_HK_2004_E214,ST_20060101_R04,2006-01-01,ST,Sha Tin,4,281,SONGHUA JIANG HANDICAP,4,1400,60-40,GOOD TO FIRM,TURF,"TURF - ""C"" Course",570000,14,HK_2004_E214,14,FILEBO,CE214,NZ,Southern,,45.0,44.0,Bay,Gelding,Cape Cross,Olga's Pal,Straight Strike Same,0,0,0,0,0,0.0,0.0,0.055,31350.0,0.0,31350.0,5,False,False,Y T Cheng,T W Leung,114,942,3,3,1:23.50,23.0,https://racing.hkjc.com/en-us/local/information/otherhorse?horseid=HK_2004_E214&Option=1,2026-09-04T13:16:52Z,https://racing.hkjc.com/en-us/local/information/archive/localresults?racedate=2006/01/01&racecourse=ST&RaceNo=4
ST_20060101_R04_HK_2004_E055,ST_20060101_R04,2006-01-01,ST,Sha Tin,4,281,SONGHUA JIANG HANDICAP,4,1400,60-40,GOOD TO FIRM,TURF,"TURF - ""C"" Course",570000,14,HK_2004_E055,8,LIVERBIRD,CE055,NZ,Southern,,55,55,Brown,Gelding,Zerpour,Sarah Fox,Foxbay Same,0,0,0,0,0,0.0,0.0,0.0,0.0,0.0,0.0,6,False,False,S Sanders,C S Shum,126,1099,2,3-1/4,1:23.50,11.0,https://racing.hkjc.com/en-us/local/information/otherhorse?horseid=HK_2004_E055&Option=1,2026-09-04T13:16:55Z,https://racing.hkjc.com/en-us/local/information/archive/localresults?racedate=2006/01/01&racecourse=ST&RaceNo=4
ST_20060101_R04_HK_2003_D278,ST_20060101_R04,2006-01-01,ST,Sha Tin,4,281,SONGHUA JIANG HANDICAP,4,1400,60-40,GOOD TO FIRM,TURF,"TURF - ""C"" Course",570000,14,HK_2003_D278,13,GOOD TO GREAT,CD278,AUS,Southern,,48.0,48.0,Bay,Gelding,Fasliyev,Aroma,Turf Ruler Same,0,0,0,0,0,0.0,0.0,0.0,0.0,0.0,0.0,7,False,False,S K Sit,Y S Tsui,116,1100,9,3-1/2,1:23.50,38.0,https://racing.hkjc.com/en-us/local/information/otherhorse?horseid=HK_2003_D278&Option=1,2026-09-04T13:16:58Z,https://racing.hkjc.com/en-us/local/information/archive/localresults?racedate=2006/01/01&racecourse=ST&RaceNo=4
ST_20060101_R04_HK_2005_G027,ST_20060101_R04,2006-01-01,ST,Sha Tin,4,281,SONGHUA JIANG HANDICAP,4,1400,60-40,GOOD TO FIRM,TURF,"TURF - ""C"" Course",570000,14,HK_2005_G027,9,EYE WITNESS,CG027,AUS,Southern,,52,52,Chestnut,Gelding,Dr Fong,Overdue Reaction,Be My Guest Same,0,0,0,0,0,0.0,0.0,0.0,0.0,0.0,0.0,8,False,False,B Prebble,A S Cruz,123,1039,4,3-3/4,1:23.60,13.0,https://racing.hkjc.com/en-us/local/information/otherhorse?horseid=HK_2005_G027&Option=1,2026-09-04T13:17:01Z,https://racing.hkjc.com/en-us/local/information/archive/localresults?racedate=2006/01/01&racecourse=ST&RaceNo=4
ST_20060101_R04_HK_2002_C295,ST_20060101_R04,2006-01-01,ST,Sha Tin,4,281,SONGHUA JIANG HANDICAP,4,1400,60-40,GOOD TO FIRM,TURF,"TURF - ""C"" Course",570000,14,HK_2002_C295,4,HARVEY MUDD,CC295,AUS,Southern,,57.0,55.0,Bay,Gelding,Danehill,Super Seleccion,Seattle Slew Same,0,0,0,0,0,0.0,0.0,0.0,0.0,0.0,0.0,9,False,False,M W Leung,Y O Wong,123,1166,1,3-3/4,1:23.60,27.0,https://racing.hkjc.com/en-us/local/information/otherhorse?horseid=HK_2002_C295&Option=1,2026-09-04T13:17:03Z,https://racing.hkjc.com/en-us/local/information/archive/localresults?racedate=2006/01/01&racecourse=ST&RaceNo=4
ST_20060101_R04_HK_2002_C324,ST_20060101_R04,2006-01-01,ST,Sha Tin,4,281,SONGHUA JIANG HANDICAP,4,1400,60-40,GOOD TO FIRM,TURF,"TURF - ""C"" Course",570000,14,HK_2002_C324,12,SMART CHAMPION,CC324,NZ,Southern,,49,49,Grey,Gelding,O'Reilly,Habania,Habat Same,0,0,0,0,0,0.0,0.0,0.0,0.0,0.0,0.0,10,False,False,C W Wong,T K Ng,110,1230,7,4,1:23.60,10.0,https://racing.hkjc.com/en-us/local/information/otherhorse?horseid=HK_2002_C324&Option=1,2026-09-04T13:17:06Z,https://racing.hkjc.com/en-us/local/information/archive/localresults?racedate=2006/01/01&racecourse=ST&RaceNo=4
ST_20060101_R04_HK_2004_E164,ST_20060101_R04,2006-01-01,ST,Sha Tin,4,281,SONGHUA JIANG HANDICAP,4,1400,60-40,GOOD TO FIRM,TURF,"TURF - ""C"" Course",570000,14,HK_2004_E164,11,PO ON GEM,CE164,NZ,Southern,,49,49,Bay / Brown,Gelding,Spectacular Love,Royal Matriarch,Clay Hero Same,0,0,0,0,0,0.0,0.0,0.0,0.0,0.0,0.0,11,False,False,O Doleuze,P O'Sullivan,120,1187,12,5-1/4,1:23.80,8.5,https://racing.hkjc.com/en-us/local/information/otherhorse?horseid=HK_2004_E164&Option=1,2026-09-04T13:17:08Z,https://racing.hkjc.com/en-us/local/information/archive/localresults?racedate=2006/01/01&racecourse=ST&RaceNo=4
ST_20060101_R04_HK_2003_D019,ST_20060101_R04,2006-01-01,ST,Sha Tin,4,281,SONGHUA JIANG HANDICAP,4,1400,60-40,GOOD TO FIRM,TURF,"TURF - ""C"" Course",570000,14,HK_2003_D019,2,HARRY HARRY,CD019,AUS,Southern,,58,58,Chestnut,Gelding,Hurricane Sky,Folio,Imperial Baron Same,0,0,0,0,0,0.0,0.0,0.0,0.0,0.0,0.0,12,False,False,R Fradd,D J Hall,129,1117,14,6,1:23.90,16.0,https://racing.hkjc.com/en-us/local/information/otherhorse?horseid=HK_2003_D019&Option=1,2026-09-04T13:17:11Z,https://racing.hkjc.com/en-us/local/information/archive/localresults?racedate=2006/01/01&racecourse=ST&RaceNo=4
ST_20060101_R04_HK_2004_E200,ST_20060101_R04,2006-01-01,ST,Sha Tin,4,281,SONGHUA JIANG HANDICAP,4,1400,60-40,GOOD TO FIRM,TURF,"TURF - ""C"" Course",570000,14,HK_2004_E200,5,HONEST TREASURE,CE200,IRE,Northern,,56,54,Bay,Gelding,Danehill,Escape To Victory,Salse Same,0,0,0,0,0,0.0,0.0,0.0,0.0,0.0,0.0,13,False,False,W M Lai,C H Yip,125,1040,13,8-1/2,1:24.30,36.0,https://racing.hkjc.com/en-us/local/information/otherhorse?horseid=HK_2004_E200&Option=1,2026-09-04T13:17:14Z,https://racing.hkjc.com/en-us/local/information/archive/localresults?racedate=2006/01/01&racecourse=ST&RaceNo=4
ST_20060101_R04_HK_2004_E104,ST_20060101_R04,2006-01-01,ST,Sha Tin,4,281,SONGHUA JIANG HANDICAP,4,1400,60-40,GOOD TO FIRM,TURF,"TURF - ""C"" Course",570000,14,HK_2004_E104,1,FAVOURITE RETURN,CE104,NZ,Southern,,58,56,Chestnut,Gelding,Woodborough,Maxamore,Volksraad Same,0,0,0,0,0,0.0,0.0,0.0,0.0,0.0,0.0,14,False,False,H W Lai,L Ho,122,1114,8,20,1:26.20,99.0,https://racing.hkjc.com/en-us/local/information/otherhorse?horseid=HK_2004_E104&Option=1,2026-09-04T13:17:17Z,https://racing.hkjc.com/en-us/local/information/archive/localresults?racedate=2006/01/01&racecourse=ST&RaceNo=4
ST_20060101_R05_HK_2001_B320,ST_20060101_R05,2006-01-01,ST,Sha Tin,5,282,LIAO HE HANDICAP,4,1800,60-40,GOOD TO FIRM,TURF,"TURF - ""C"" Course",570000,14,HK_2001_B320,14,BARRACUDA,CB320,AUS,Southern,,40,47,Bay,Gelding,Barathea,Express The Blues,Cure The Blues Same,0,0,0,0,0,0.0,0.0,0.56,319200.0,0.0,319200.0,1,True,True,H W Lai,A Lee,106,1097,7,---,1:49.10,33.0,https://racing.hkjc.com/en-us/local/information/otherhorse?horseid=HK_2001_B320&Option=1,2026-09-04T13:17:22Z,https://racing.hkjc.com/en-us/local/information/archive/localresults?racedate=2006/01/01&racecourse=ST&RaceNo=5
ST_20060101_R05_HK_2003_D320,ST_20060101_R05,2006-01-01,ST,Sha Tin,5,282,LIAO HE HANDICAP,4,1800,60-40,GOOD TO FIRM,TURF,"TURF - ""C"" Course",570000,14,HK_2003_D320,2,VICTORY TURBO,CD320,AUS,Southern,,60,59,Bay,Gelding,Danzero,Extradite,Bletchingly Same,0,0,0,0,0,0.0,0.0,0.21,119700.0,0.0,119700.0,2,False,True,G Mosse,S Woods,133,1165,6,1-1/4,1:49.20,4.7,https://racing.hkjc.com/en-us/local/information/otherhorse?horseid=HK_2003_D320&Option=1,2026-09-04T13:17:25Z,https://racing.hkjc.com/en-us/local/information/archive/localresults?racedate=2006/01/01&racecourse=ST&RaceNo=5
ST_20060101_R05_HK_2004_E190,ST_20060101_R05,2006-01-01,ST,Sha Tin,5,282,LIAO HE HANDICAP,4,1800,60-40,GOOD TO FIRM,TURF,"TURF - ""C"" Course",570000,14,HK_2004_E190,11,DURABLE,CE190,GB,Northern,,43.0,43.0,Grey,Gelding,Daylami,Chief's Quest,Chief's Crown Same,0,0,0,0,0,0.0,0.0,0.115,65550.0,0.0,65550.0,3,False,True,C K Tong,C Fownes,106,1115,3,2-3/4,1:49.50,86.0,https://racing.hkjc.com/en-us/local/information/otherhorse?horseid=HK_2004_E190&Option=1,2026-09-04T13:17:27Z,https://racing.hkjc.com/en-us/local/information/archive/localresults?racedate=2006/01/01&racecourse=ST&RaceNo=5
ST_20060101_R05_HK_2003_D343,ST_20060101_R05,2006-01-01,ST,Sha Tin,5,282,LIAO HE HANDICAP,4,1800,60-40,GOOD TO FIRM,TURF,"TURF - ""C"" Course",570000,14,HK_2003_D343,12,FORTUNE GOLD,CD343,AUS,Southern,,42,42,Brown,Gelding,Gold Fever,How Special,Persian Heights Same,0,0,0,0,0,0.0,0.0,0.06,34200.0,0.0,34200.0,4,False,False,C Munce,J Size,115,1205,9,2-3/4,1:49.50,5.9,https://racing.hkjc.com/en-us/local/information/otherhorse?horseid=HK_2003_D343&Option=1,2026-09-04T13:17:30Z,https://racing.hkjc.com/en-us/local/information/archive/localresults?racedate=2006/01/01&racecourse=ST&RaceNo=5
ST_20060101_R05_HK_2002_C223,ST_20060101_R05,2006-01-01,ST,Sha Tin,5,282,LIAO HE HANDICAP,4,1800,60-40,GOOD TO FIRM,TURF,"TURF - ""C"" Course",570000,14,HK_2002_C223,3,SUPER IDEAL,CC223,IRE,Northern,,56.0,56.0,Bay,Gelding,Marju,Medway,Shernazar Same,0,0,0,0,0,0.0,0.0,0.055,31350.0,0.0,31350.0,5,False,False,G Schofield,K L Man,129,1108,4,3-1/4,1:49.60,6.5,https://racing.hkjc.com/en-us/local/information/otherhorse?horseid=HK_2002_C223&Option=1,2026-09-04T13:17:33Z,https://racing.hkjc.com/en-us/local/information/archive/localresults?racedate=2006/01/01&racecourse=ST&RaceNo=5
ST_20060101_R05_HK_2001_B327,ST_20060101_R05,2006-01-01,ST,Sha Tin,5,282,LIAO HE HANDICAP,4,1800,60-40,GOOD TO FIRM,TURF,"TURF - ""C"" Course",570000,14,HK_2001_B327,8,WATCHMAN,CB327,NZ,Southern,,45,44,Chestnut,Gelding,Entrepreneur,Happiness,Bluebird Same,0,0,0,0,0,0.0,0.0,0.0,0.0,0.0,0.0,6,False,False,S Sanders,B K Ng,119,1114,2,5-1/2,1:49.90,28.0,https://racing.hkjc.com/en-us/local/information/otherhorse?horseid=HK_2001_B327&Option=1,2026-09-04T13:17:36Z,https://racing.hkjc.com/en-us/local/information/archive/localresults?racedate=2006/01/01&racecourse=ST&RaceNo=5
ST_20060101_R05_HK_2002_C056,ST_20060101_R05,2006-01-01,ST,Sha Tin,5,282,LIAO HE HANDICAP,4,1800,60-40,GOOD TO FIRM,TURF,"TURF - ""C"" Course",570000,14,HK_2002_C056,13,KING OF SPADES,CC056,SAF,Southern,,42,41,Bay,Gelding,Goldkeeper,Megeve,Northfields Same,0,0,0,0,0,0.0,0.0,0.0,0.0,0.0,0.0,7,False,False,C W Wong,T K Ng,105,1048,8,5-3/4,1:50.00,17.0,https://racing.hkjc.com/en-us/local/information/otherhorse?horseid=HK_2002_C056&Option=1,2026-09-04T13:17:38Z,https://racing.hkjc.com/en-us/local/information/archive/localresults?racedate=2006/01/01&racecourse=ST&RaceNo=5
ST_20060101_R05_HK_2003_D069,ST_20060101_R05,2006-01-01,ST,Sha Tin,5,282,LIAO HE HANDICAP,4,1800,60-40,GOOD TO FIRM,TURF,"TURF - ""C"" Course",570000,14,HK_2003_D069,1,DOUBLE PLEASURE,CD069,NZ,Southern,,60,60,Bay,Gelding,Volksraad,Secrets 'N' Lies,Casual Lies Same,0,0,0,0,0,0.0,0.0,0.0,0.0,0.0,0.0,8,False,False,B Prebble,D E Ferraris,133,1072,11,6-1/4,1:50.10,7.7,https://racing.hkjc.com/en-us/local/information/otherhorse?horseid=HK_2003_D069&Option=1,2026-09-04T13:17:41Z,https://racing.hkjc.com/en-us/local/information/archive/localresults?racedate=2006/01/01&racecourse=ST&RaceNo=5
ST_20060101_R05_HK_2002_C225,ST_20060101_R05,2006-01-01,ST,Sha Tin,5,282,LIAO HE HANDICAP,4,1800,60-40,GOOD TO FIRM,TURF,"TURF - ""C"" Course",570000,14,HK_2002_C225,5,SUNDAY DELIGHT,CC225,AUS,Southern,,51.0,51,Bay,Gelding,Anabaa,Portview,Handy Proverb Same,0,0,0,0,0,0.0,0.0,0.0,0.0,0.0,0.0,9,False,False,S Dye,C S Shum,124,1079,5,6-1/2,1:50.10,6.1,https://racing.hkjc.com/en-us/local/information/otherhorse?horseid=HK_2002_C225&Option=1,2026-09-04T13:17:44Z,https://racing.hkjc.com/en-us/local/information/archive/localresults?racedate=2006/01/01&racecourse=ST&RaceNo=5
ST_20060101_R05_HK_2001_B054,ST_20060101_R05,2006-01-01,ST,Sha Tin,5,282,LIAO HE HANDICAP,4,1800,60-40,GOOD TO FIRM,TURF,"TURF - ""C"" Course",570000,14,HK_2001_B054,4,DESERT STRIKE,CB054,NZ,Southern,,55,55,Bay,Gelding,Volksraad,Lady Cimarosa,Dom Cimarosa Same,0,0,0,0,0,0.0,0.0,0.0,0.0,0.0,0.0,10,False,False,C Brown,P O'Sullivan,128,1118,12,6-1/2,1:50.10,11.0,https://racing.hkjc.com/en-us/local/information/otherhorse?horseid=HK_2001_B054&Option=1,2026-09-04T13:17:46Z,https://racing.hkjc.com/en-us/local/information/archive/localresults?racedate=2006/01/01&racecourse=ST&RaceNo=5
ST_20060101_R05_HK_2001_B218,ST_20060101_R05,2006-01-01,ST,Sha Tin,5,282,LIAO HE HANDICAP,4,1800,60-40,GOOD TO FIRM,TURF,"TURF - ""C"" Course",570000,14,HK_2001_B218,7,MAIN ATTRACTION,CB218,AUS,Southern,,45.0,45.0,Bay,Gelding,Last Tycoon,Hayizah,Woodman Same,0,0,0,0,0,0.0,0.0,0.0,0.0,0.0,0.0,11,False,False,R Fradd,C H Yip,118,1151,1,6-1/2,1:50.10,21.0,https://racing.hkjc.com/en-us/local/information/otherhorse?horseid=HK_2001_B218&Option=1,2026-09-04T13:17:49Z,https://racing.hkjc.com/en-us/local/information/archive/localresults?racedate=2006/01/01&racecourse=ST&RaceNo=5
ST_20060101_R05_HK_2002_C021,ST_20060101_R05,2006-01-01,ST,Sha Tin,5,282,LIAO HE HANDICAP,4,1800,60-40,GOOD TO FIRM,TURF,"TURF - ""C"" Course",570000,14,HK_2002_C021,6,KNIGHT TEMPLAR,CC021,NZ,Southern,,45,43,Bay,Gelding,I Conquer,Espion,Star Way Same,0,0,0,0,0,0.0,0.0,0.0,0.0,0.0,0.0,12,False,False,Y T Cheng,D Cruz,116,1052,14,8-1/4,1:50.40,35.0,https://racing.hkjc.com/en-us/local/information/otherhorse?horseid=HK_2002_C021&Option=1,2026-09-04T13:17:52Z,https://racing.hkjc.com/en-us/local/information/archive/localresults?racedate=2006/01/01&racecourse=ST&RaceNo=5
ST_20060101_R05_HK_2004_E186,ST_20060101_R05,2006-01-01,ST,Sha Tin,5,282,LIAO HE HANDICAP,4,1800,60-40,GOOD TO FIRM,TURF,"TURF - ""C"" Course",570000,14,HK_2004_E186,9,CHARMING SPEEDY,CE186,NZ,Southern,,44.0,42,Bay,Gelding,Deputy Governor,Georgia,Grosvenor Same,0,0,0,0,0,0.0,0.0,0.0,0.0,0.0,0.0,13,False,False,W M Lai,P F Yiu,115,1057,13,8-3/4,1:50.40,12.0,https://racing.hkjc.com/en-us/local/information/otherhorse?horseid=HK_2004_E186&Option=1,2026-09-04T13:17:54Z,https://racing.hkjc.com/en-us/local/information/archive/localresults?racedate=2006/01/01&racecourse=ST&RaceNo=5
ST_20060101_R05_HK_2004_E141,ST_20060101_R05,2006-01-01,ST,Sha Tin,5,282,LIAO HE HANDICAP,4,1800,60-40,GOOD TO FIRM,TURF,"TURF - ""C"" Course",570000,14,HK_2004_E141,10,FIGS,CE141,IRE,Northern,,44,40,Bay,Gelding,Danehill,Golden Coral,Slew O' Gold Same,0,0,0,0,0,0.0,0.0,0.0,0.0,0.0,0.0,14,False,False,M W Leung,D Oughton,112,1163,10,11-1/2,1:50.90,99.0,https://racing.hkjc.com/en-us/local/information/otherhorse?horseid=HK_2004_E141&Option=1,2026-09-04T13:17:57Z,https://racing.hkjc.com/en-us/local/information/archive/localresults?racedate=2006/01/01&racecourse=ST&RaceNo=5
ST_20060101_R06_HK_2004_E068,ST_20060101_R06,2006-01-01,ST,Sha Tin,6,283,HEILONGJIANG HANDICAP,3,1400,80-60,GOOD TO FIRM,TURF,"TURF - ""C"" Course",750000,14,HK_2004_E068,13,RELY ON ME,CE068,AUS,Southern,,61,73,Bay / Brown,Gelding,Encosta de Lago,Rhum Dancer,Command Module Same,0,0,0,0,0,0.0,0.0,0.56,420000.0,0.0,420000.0,1,True,True,C Munce,J Size,115,1202,4,---,1:22.60,3.1,https://racing.hkjc.com/en-us/local/information/otherhorse?horseid=HK_2004_E068&Option=1,2026-09-04T13:18:02Z,https://racing.hkjc.com/en-us/local/information/archive/localresults?racedate=2006/01/01&racecourse=ST&RaceNo=6
ST_20060101_R06_HK_2002_C332,ST_20060101_R06,2006-01-01,ST,Sha Tin,6,283,HEILONGJIANG HANDICAP,3,1400,80-60,GOOD TO FIRM,TURF,"TURF - ""C"" Course",750000,14,HK_2002_C332,4,ZERO IN,CC332,AUS,Southern,,72,72,Brown,Gelding,Danzero,Onbellera,Aspect Same,0,0,0,0,0,0.0,0.0,0.21,157500.0,0.0,157500.0,2,False,True,W M Lai,A S Cruz,124,1186,1,4-1/4,1:23.20,23.0,https://racing.hkjc.com/en-us/local/information/otherhorse?horseid=HK_2002_C332&Option=1,2026-09-04T13:18:04Z,https://racing.hkjc.com/en-us/local/information/archive/localresults?racedate=2006/01/01&racecourse=ST&RaceNo=6
ST_20060101_R06_HK_2004_E049,ST_20060101_R06,2006-01-01,ST,Sha Tin,6,283,HEILONGJIANG HANDICAP,3,1400,80-60,GOOD TO FIRM,TURF,"TURF - ""C"" Course",750000,14,HK_2004_E049,11,TREASURE RAIDERS,CE049,NZ,Southern,,64,64,Bay,Gelding,Felix The Cat,Lunar Lady,Famous Star Same,0,0,0,0,0,0.0,0.0,0.115,86250.0,0.0,86250.0,3,False,True,O Doleuze,P O'Sullivan,120,1137,8,5-1/4,1:23.40,13.0,https://racing.hkjc.com/en-us/local/information/otherhorse?horseid=HK_2004_E049&Option=1,2026-09-04T13:18:07Z,https://racing.hkjc.com/en-us/local/information/archive/localresults?racedate=2006/01/01&racecourse=ST&RaceNo=6
ST_20060101_R06_HK_2004_E140,ST_20060101_R06,2006-01-01,ST,Sha Tin,6,283,HEILONGJIANG HANDICAP,3,1400,80-60,GOOD TO FIRM,TURF,"TURF - ""C"" Course",750000,14,HK_2004_E140,6,AMSTERDAM,CE140,IRE,Northern,,69,69,Bay,Gelding,Danehill,Dathiyna,Kris Same,0,0,0,0,0,0.0,0.0,0.06,45000.0,0.0,45000.0,4,False,False,S Dye,J Moore,123,1039,2,6-3/4,1:23.60,3.8,https://racing.hkjc.com/en-us/local/information/otherhorse?horseid=HK_2004_E140&Option=1,2026-09-04T13:18:10Z,https://racing.hkjc.com/en-us/local/information/archive/localresults?racedate=2006/01/01&racecourse=ST&RaceNo=6
ST_20060101_R06_HK_2002_C299,ST_20060101_R06,2006-01-01,ST,Sha Tin,6,283,HEILONGJIANG HANDICAP,3,1400,80-60,GOOD TO FIRM,TURF,"TURF - ""C"" Course",750000,14,HK_2002_C299,10,SUPER CHARGE,CC299,AUS,Southern,,64.0,62,Bay,Gelding,Fraar,Tale Of Silence,Luskin Star Same,0,0,0,0,0,0.0,0.0,0.055,41250.0,0.0,41250.0,5,False,False,C Brown,A Lee,118,1147,9,7-1/4,1:23.70,28.0,https://racing.hkjc.com/en-us/local/information/otherhorse?horseid=HK_2002_C299&Option=1,2026-09-04T13:18:13Z,https://racing.hkjc.com/en-us/local/information/archive/localresults?racedate=2006/01/01&racecourse=ST&RaceNo=6
ST_20060101_R06_HK_2002_C285,ST_20060101_R06,2006-01-01,ST,Sha Tin,6,283,HEILONGJIANG HANDICAP,3,1400,80-60,GOOD TO FIRM,TURF,"TURF - ""C"" Course",750000,14,HK_2002_C285,2,DILIGENT,CC285,GB,Northern,,75,75,Chestnut,Gelding,Ashkalani,Subtle Blush,Nashwan Same,0,0,0,0,0,0.0,0.0,0.0,0.0,0.0,0.0,6,False,False,H W Lai,K W Lui,122,1063,11,7-1/2,1:23.80,14.0,https://racing.hkjc.com/en-us/local/information/otherhorse?horseid=HK_2002_C285&Option=1,2026-09-04T13:18:15Z,https://racing.hkjc.com/en-us/local/information/archive/localresults?racedate=2006/01/01&racecourse=ST&RaceNo=6
ST_20060101_R06_HK_2003_D350,ST_20060101_R06,2006-01-01,ST,Sha Tin,6,283,HEILONGJIANG HANDICAP,3,1400,80-60,GOOD TO FIRM,TURF,"TURF - ""C"" Course",750000,14,HK_2003_D350,9,KAISER'S PRIZE,CD350,AUS,Southern,,66,64,Bay,Gelding,Canny Lad,Infatuated,Quest For Fame Same,0,0,0,0,0,0.0,0.0,0.0,0.0,0.0,0.0,7,False,False,D Whyte,C Fownes,120,1173,5,7-3/4,1:23.80,8.8,https://racing.hkjc.com/en-us/local/information/otherhorse?horseid=HK_2003_D350&Option=1,2026-09-04T13:18:18Z,https://racing.hkjc.com/en-us/local/information/archive/localresults?racedate=2006/01/01&racecourse=ST&RaceNo=6
ST_20060101_R06_HK_2001_B090,ST_20060101_R06,2006-01-01,ST,Sha Tin,6,283,HEILONGJIANG HANDICAP,3,1400,80-60,GOOD TO FIRM,TURF,"TURF - ""C"" Course",750000,14,HK_2001_B090,14,ALWAYS ZIETEN,CB090,IRE,Northern,,60,58,Bay,Gelding,Zieten,Lisa's Favourite,Gorytus Same,0,0,0,0,0,0.0,0.0,0.0,0.0,0.0,0.0,8,False,False,C W Wong,L Ho,104,1128,7,9-1/4,1:24.00,46.0,https://racing.hkjc.com/en-us/local/information/otherhorse?horseid=HK_2001_B090&Option=1,2026-09-04T13:18:21Z,https://racing.hkjc.com/en-us/local/information/archive/localresults?racedate=2006/01/01&racecourse=ST&RaceNo=6
ST_20060101_R06_HK_2003_D258,ST_20060101_R06,2006-01-01,ST,Sha Tin,6,283,HEILONGJIANG HANDICAP,3,1400,80-60,GOOD TO FIRM,TURF,"TURF - ""C"" Course",750000,14,HK_2003_D258,1,HIP HIP HOORAY,CD258,NZ,Southern,,76,74,Bay,Gelding,Tale Of The Cat,Triassic,Tights Same,0,0,0,0,0,0.0,0.0,0.0,0.0,0.0,0.0,9,False,False,E Saint-Martin,D E Ferraris,130,1177,6,9-3/4,1:24.10,32.0,https://racing.hkjc.com/en-us/local/information/otherhorse?horseid=HK_2003_D258&Option=1,2026-09-04T13:18:24Z,https://racing.hkjc.com/en-us/local/information/archive/localresults?racedate=2006/01/01&racecourse=ST&RaceNo=6
ST_20060101_R06_HK_2001_B252,ST_20060101_R06,2006-01-01,ST,Sha Tin,6,283,HEILONGJIANG HANDICAP,3,1400,80-60,GOOD TO FIRM,TURF,"TURF - ""C"" Course",750000,14,HK_2001_B252,8,SPINNING CITY,CB252,AUS,Southern,,68.0,68.0,Brown,Gelding,Spinning World,Futile,Alzao Same,0,0,0,0,0,0.0,0.0,0.0,0.0,0.0,0.0,10,False,False,B Prebble,D J Hall,122,1218,14,9-3/4,1:24.10,10.0,https://racing.hkjc.com/en-us/local/information/otherhorse?horseid=HK_2001_B252&Option=1,2026-09-04T13:18:26Z,https://racing.hkjc.com/en-us/local/information/archive/localresults?racedate=2006/01/01&racecourse=ST&RaceNo=6
ST_20060101_R06_HK_2004_E056,ST_20060101_R06,2006-01-01,ST,Sha Tin,6,283,HEILONGJIANG HANDICAP,3,1400,80-60,GOOD TO FIRM,TURF,"TURF - ""C"" Course",750000,14,HK_2004_E056,3,CROWNED GEM,CE056,AUS,Southern,,72,71,Bay,Gelding,Beautiful Crown,Narrung Gem,Mustin Lake Same,0,0,0,0,0,0.0,0.0,0.0,0.0,0.0,0.0,11,False,False,G Mosse,S Woods,126,1248,10,10-1/4,1:24.20,8.3,https://racing.hkjc.com/en-us/local/information/otherhorse?horseid=HK_2004_E056&Option=1,2026-09-04T13:18:29Z,https://racing.hkjc.com/en-us/local/information/archive/localresults?racedate=2006/01/01&racecourse=ST&RaceNo=6
ST_20060101_R06_HK_2000_A296,ST_20060101_R06,2006-01-01,ST,Sha Tin,6,283,HEILONGJIANG HANDICAP,3,1400,80-60,GOOD TO FIRM,TURF,"TURF - ""C"" Course",750000,14,HK_2000_A296,5,FLYING BISHOP,CA296,NZ,Southern,,71,69,Bay,Gelding,Deputy Governor,Healy Ridge,Alwasmi Same,0,0,0,0,0,0.0,0.0,0.0,0.0,0.0,0.0,12,False,False,S Sanders,P F Yiu,125,1047,12,10-1/4,1:24.20,86.0,https://racing.hkjc.com/en-us/local/information/otherhorse?horseid=HK_2000_A296&Option=1,2026-09-04T13:18:32Z,https://racing.hkjc.com/en-us/local/information/archive/localresults?racedate=2006/01/01&racecourse=ST&RaceNo=6
ST_20060101_R06_HK_2002_C046,ST_20060101_R06,2006-01-01,ST,Sha Tin,6,283,HEILONGJIANG HANDICAP,3,1400,80-60,GOOD TO FIRM,TURF,"TURF - ""C"" Course",750000,14,HK_2002_C046,7,OSCAR STAR,CC046,NZ,Southern,,68,66,Brown,Gelding,O'Reilly,Curragh Lass,Danzatore Same,0,0,0,0,0,0.0,0.0,0.0,0.0,0.0,0.0,13,False,False,M W Leung,A T Millard,117,1048,3,11,1:24.30,99.0,https://racing.hkjc.com/en-us/local/information/otherhorse?horseid=HK_2002_C046&Option=1,2026-09-04T13:18:34Z,https://racing.hkjc.com/en-us/local/information/archive/localresults?racedate=2006/01/01&racecourse=ST&RaceNo=6
ST_20060101_R06_HK_2004_E082,ST_20060101_R06,2006-01-01,ST,Sha Tin,6,283,HEILONGJIANG HANDICAP,3,1400,80-60,GOOD TO FIRM,TURF,"TURF - ""C"" Course",750000,14,HK_2004_E082,12,COME HO CHOI,CE082,GB,Northern,,61,58,Bay,Gelding,Polish Precedent,Flourish,Selkirk Same,0,0,0,0,0,0.0,0.0,0.0,0.0,0.0,0.0,14,False,False,Y T Cheng,T W Leung,113,1066,13,12-3/4,1:24.60,99.0,https://racing.hkjc.com/en-us/local/information/otherhorse?horseid=HK_2004_E082&Option=1,2026-09-04T13:18:37Z,https://racing.hkjc.com/en-us/local/information/archive/localresults?racedate=2006/01/01&racecourse=ST&RaceNo=6
ST_20060101_R07_HK_2002_C228,ST_20060101_R07,2006-01-01,ST,Sha Tin,7,284,THE CHINESE CLUB CHALLENGE CUP (HANDICAP),GROUP-3,1400,,GOOD TO FIRM,TURF,"TURF - ""C"" Course",2300000,10,HK_2002_C228,1,SCINTILLATION,CC228,AUS,Southern,,120.0,125.0,Bay,Gelding,Danehill,Subterfuge,Machiavellian Same,0,0,0,0,0,0.0,0.0,0.56,1288000.0,0.0,1288000.0,1,True,True,G Mosse,C S Shum,131,1202,1,---,1:21.40,3.8,https://racing.hkjc.com/en-us/local/information/otherhorse?horseid=HK_2002_C228&Option=1,2026-09-04T13:18:42Z,https://racing.hkjc.com/en-us/local/information/archive/localresults?racedate=2006/01/01&racecourse=ST&RaceNo=7
ST_20060101_R07_HK_2004_E072,ST_20060101_R07,2006-01-01,ST,Sha Tin,7,284,THE CHINESE CLUB CHALLENGE CUP (HANDICAP),GROUP-3,1400,,GOOD TO FIRM,TURF,"TURF - ""C"" Course",2300000,10,HK_2004_E072,8,FOKINE,CE072,USA,Northern,,110,112,Bay / Brown,Horse,Royal Academy,Polar Bird,Thatching Same,0,0,0,0,0,0.0,0.0,0.21,483000.0,0.0,483000.0,2,False,True,Y T Cheng,A S Cruz,119,1007,3,N,1:21.50,7.8,https://racing.hkjc.com/en-us/local/information/otherhorse?horseid=HK_2004_E072&Option=1,2026-09-04T13:18:45Z,https://racing.hkjc.com/en-us/local/information/archive/localresults?racedate=2006/01/01&racecourse=ST&RaceNo=7
ST_20060101_R07_HK_2002_C283,ST_20060101_R07,2006-01-01,ST,Sha Tin,7,284,THE CHINESE CLUB CHALLENGE CUP (HANDICAP),GROUP-3,1400,,GOOD TO FIRM,TURF,"TURF - ""C"" Course",2300000,10,HK_2002_C283,9,MY CHOICE,CC283,NZ,Southern,,104.0,104,Bay,Gelding,Volksraad,Chianina,Super Imposing Same,0,0,0,0,0,0.0,0.0,0.115,264500.0,0.0,264500.0,3,False,True,W M Lai,D J Hall,113,1098,8,2-1/4,1:21.70,11.0,https://racing.hkjc.com/en-us/local/information/otherhorse?horseid=HK_2002_C283&Option=1,2026-09-04T13:18:48Z,https://racing.hkjc.com/en-us/local/information/archive/localresults?racedate=2006/01/01&racecourse=ST&RaceNo=7
ST_20060101_R07_HK_2002_C092,ST_20060101_R07,2006-01-01,ST,Sha Tin,7,284,THE CHINESE CLUB CHALLENGE CUP (HANDICAP),GROUP-3,1400,,GOOD TO FIRM,TURF,"TURF - ""C"" Course",2300000,10,HK_2002_C092,10,SAN LORENZO,CC092,AUS,Southern,,102,102,Brown,Gelding,Torrential,Tipped To Top,Vain Same,0,0,0,0,0,0.0,0.0,0.06,138000.0,0.0,138000.0,4,False,False,C Munce,J Size,113,1032,9,3,1:21.90,6.3,https://racing.hkjc.com/en-us/local/information/otherhorse?horseid=HK_2002_C092&Option=1,2026-09-04T13:18:50Z,https://racing.hkjc.com/en-us/local/information/archive/localresults?racedate=2006/01/01&racecourse=ST&RaceNo=7
ST_20060101_R07_HK_2002_C084,ST_20060101_R07,2006-01-01,ST,Sha Tin,7,284,THE CHINESE CLUB CHALLENGE CUP (HANDICAP),GROUP-3,1400,,GOOD TO FIRM,TURF,"TURF - ""C"" Course",2300000,10,HK_2002_C084,6,HELENE PILLAGING,CC084,AUS,Southern,,114,113,Bay,Gelding,Marauding,Preview,Kenmare Same,0,0,0,0,0,0.0,0.0,0.055,126500.0,0.0,126500.0,5,False,False,B Prebble,A S Cruz,125,1256,2,3-1/2,1:21.90,5.9,https://racing.hkjc.com/en-us/local/information/otherhorse?horseid=HK_2002_C084&Option=1,2026-09-04T13:18:53Z,https://racing.hkjc.com/en-us/local/information/archive/localresults?racedate=2006/01/01&racecourse=ST&RaceNo=7
ST_20060101_R07_HK_2003_D317,ST_20060101_R07,2006-01-01,ST,Sha Tin,7,284,THE CHINESE CLUB CHALLENGE CUP (HANDICAP),GROUP-3,1400,,GOOD TO FIRM,TURF,"TURF - ""C"" Course",2300000,10,HK_2003_D317,3,HIGH INTELLIGENT,CD317,AUS,Southern,,118,118,Brown,Gelding,Anabaa,Party Dancer,Party Leader Same,0,0,0,0,0,0.0,0.0,0.0,0.0,0.0,0.0,6,False,False,D Whyte,J Size,129,1172,5,4-1/4,1:22.10,5.2,https://racing.hkjc.com/en-us/local/information/otherhorse?horseid=HK_2003_D317&Option=1,2026-09-04T13:18:56Z,https://racing.hkjc.com/en-us/local/information/archive/localresults?racedate=2006/01/01&racecourse=ST&RaceNo=7
ST_20060101_R07_HK_2002_C008,ST_20060101_R07,2006-01-01,ST,Sha Tin,7,284,THE CHINESE CLUB CHALLENGE CUP (HANDICAP),GROUP-3,1400,,GOOD TO FIRM,TURF,"TURF - ""C"" Course",2300000,10,HK_2002_C008,5,GEM OF INDIA,CC008,NZ,Southern,,114,113,Bay,Gelding,Defensive Play,Whakanui Heights,Centro Same,0,0,0,0,0,0.0,0.0,0.0,0.0,0.0,0.0,7,False,False,O Doleuze,J Size,125,1023,4,4-1/2,1:22.10,14.0,https://racing.hkjc.com/en-us/local/information/otherhorse?horseid=HK_2002_C008&Option=1,2026-09-04T13:18:58Z,https://racing.hkjc.com/en-us/local/information/archive/localresults?racedate=2006/01/01&racecourse=ST&RaceNo=7
ST_20060101_R07_HK_2003_D212,ST_20060101_R07,2006-01-01,ST,Sha Tin,7,284,THE CHINESE CLUB CHALLENGE CUP (HANDICAP),GROUP-3,1400,,GOOD TO FIRM,TURF,"TURF - ""C"" Course",2300000,10,HK_2003_D212,7,SPECIAL KING PRAWN,CD212,IRE,Northern,,111,109,Bay,Gelding,Danetime,Ceannanas,Magical Wonder Same,0,0,0,0,0,0.0,0.0,0.0,0.0,0.0,0.0,8,False,False,S Sanders,C S Shum,122,1048,7,4-1/2,1:22.10,35.0,https://racing.hkjc.com/en-us/local/information/otherhorse?horseid=HK_2003_D212&Option=1,2026-09-04T13:19:01Z,https://racing.hkjc.com/en-us/local/information/archive/localresults?racedate=2006/01/01&racecourse=ST&RaceNo=7
ST_20060101_R07_HK_2003_D106,ST_20060101_R07,2006-01-01,ST,Sha Tin,7,284,THE CHINESE CLUB CHALLENGE CUP (HANDICAP),GROUP-3,1400,,GOOD TO FIRM,TURF,"TURF - ""C"" Course",2300000,10,HK_2003_D106,2,TOWN OF FIONN,CD106,AUS,Southern,,119,118,Chestnut,Gelding,Snippets,Ballyfin,Twig Moss Same,0,0,0,0,0,0.0,0.0,0.0,0.0,0.0,0.0,9,False,False,S Dye,C S Shum,130,1189,6,6-3/4,1:22.50,10.0,https://racing.hkjc.com/en-us/local/information/otherhorse?horseid=HK_2003_D106&Option=1,2026-09-04T13:19:04Z,https://racing.hkjc.com/en-us/local/information/archive/localresults?racedate=2006/01/01&racecourse=ST&RaceNo=7
ST_20060101_R07_HK_2002_C109,ST_20060101_R07,2006-01-01,ST,Sha Tin,7,284,THE CHINESE CLUB CHALLENGE CUP (HANDICAP),GROUP-3,1400,,GOOD TO FIRM,TURF,"TURF - ""C"" Course",2300000,10,HK_2002_C109,4,RIVER DANCER,CC109,IRE,Northern,,117,115,Bay,Gelding,Sadler's Wells,Darara,Top Ville Same,0,0,0,0,0,0.0,0.0,0.0,0.0,0.0,0.0,10,False,False,G Schofield,J Size,128,1042,10,8-1/4,1:22.70,47.0,https://racing.hkjc.com/en-us/local/information/otherhorse?horseid=HK_2002_C109&Option=1,2026-09-04T13:19:07Z,https://racing.hkjc.com/en-us/local/information/archive/localresults?racedate=2006/01/01&racecourse=ST&RaceNo=7
ST_20060101_R08_HK_2003_D100,ST_20060101_R08,2006-01-01,ST,Sha Tin,8,285,TARIM HE HANDICAP,3,1800,80-60,GOOD TO FIRM,TURF,"TURF - ""C"" Course",750000,14,HK_2003_D100,3,FUJI SUNRISE,CD100,AUS,Southern,,78,86,Brown,Gelding,Fuji Kiseki,Emma's Affair,Daybreak Lover Same,0,0,0,0,0,0.0,0.0,0.56,420000.0,0.0,420000.0,1,True,True,R Fradd,D J Hall,130,1115,3,---,1:48.30,3.9,https://racing.hkjc.com/en-us/local/information/otherhorse?horseid=HK_2003_D100&Option=1,2026-09-04T13:19:12Z,https://racing.hkjc.com/en-us/local/information/archive/localresults?racedate=2006/01/01&racecourse=ST&RaceNo=8
ST_20060101_R08_HK_2002_C206,ST_20060101_R08,2006-01-01,ST,Sha Tin,8,285,TARIM HE HANDICAP,3,1800,80-60,GOOD TO FIRM,TURF,"TURF - ""C"" Course",750000,14,HK_2002_C206,8,CHEERFUL HEART,CC206,AUS,Southern,,68.0,70.0,Bay,Gelding,Danehill,Slumber,Majestic Light Same,0,0,0,0,0,0.0,0.0,0.21,157500.0,0.0,157500.0,2,False,True,S Sanders,D E Ferraris,120,1103,14,1-1/2,1:48.50,63.0,https://racing.hkjc.com/en-us/local/information/otherhorse?horseid=HK_2002_C206&Option=1,2026-09-04T13:19:14Z,https://racing.hkjc.com/en-us/local/information/archive/localresults?racedate=2006/01/01&racecourse=ST&RaceNo=8
ST_20060101_R08_HK_2004_E001,ST_20060101_R08,2006-01-01,ST,Sha Tin,8,285,TARIM HE HANDICAP,3,1800,80-60,GOOD TO FIRM,TURF,"TURF - ""C"" Course",750000,14,HK_2004_E001,4,GREENESSY,CE001,AUS,Southern,,76,77,Chestnut,Gelding,Hennessy,Romantic River,Irish River Same,0,0,0,0,0,0.0,0.0,0.115,86250.0,0.0,86250.0,3,False,True,Y T Cheng,D Cruz,126,1111,4,1-3/4,1:48.50,10.0,https://racing.hkjc.com/en-us/local/information/otherhorse?horseid=HK_2004_E001&Option=1,2026-09-04T13:19:17Z,https://racing.hkjc.com/en-us/local/information/archive/localresults?racedate=2006/01/01&racecourse=ST&RaceNo=8
ST_20060101_R08_HK_2004_E031,ST_20060101_R08,2006-01-01,ST,Sha Tin,8,285,TARIM HE HANDICAP,3,1800,80-60,GOOD TO FIRM,TURF,"TURF - ""C"" Course",750000,14,HK_2004_E031,7,VICTORY TREASURE,CE031,NZ,Southern,,70,69,Bay,Gelding,Zabeel,Attempting,Try My Best Same,0,0,0,0,0,0.0,0.0,0.06,45000.0,0.0,45000.0,4,False,False,C Munce,C Fownes,122,1159,13,4-3/4,1:49.00,10.0,https://racing.hkjc.com/en-us/local/information/otherhorse?horseid=HK_2004_E031&Option=1,2026-09-04T13:19:20Z,https://racing.hkjc.com/en-us/local/information/archive/localresults?racedate=2006/01/01&racecourse=ST&RaceNo=8
ST_20060101_R08_HK_2004_E021,ST_20060101_R08,2006-01-01,ST,Sha Tin,8,285,TARIM HE HANDICAP,3,1800,80-60,GOOD TO FIRM,TURF,"TURF - ""C"" Course",750000,14,HK_2004_E021,1,AMPLE GAINS,CE021,AUS,Southern,,79,79,Bay,Gelding,Danehill,Tamarino,Caerleon Same,0,0,0,0,0,0.0,0.0,0.055,41250.0,0.0,41250.0,5,False,False,H W Lai,K L Man,124,1089,10,6-1/2,1:49.30,7.2,https://racing.hkjc.com/en-us/local/information/otherhorse?horseid=HK_2004_E021&Option=1,2026-09-04T13:19:23Z,https://racing.hkjc.com/en-us/local/information/archive/localresults?racedate=2006/01/01&racecourse=ST&RaceNo=8
ST_20060101_R08_HK_2000_A304,ST_20060101_R08,2006-01-01,ST,Sha Tin,8,285,TARIM HE HANDICAP,3,1800,80-60,GOOD TO FIRM,TURF,"TURF - ""C"" Course",750000,14,HK_2000_A304,10,LUCKY KING,CA304,NZ,Southern,,66.0,66,Bay,Gelding,Rhythm,Banter,Grosvenor Same,0,0,0,0,0,0.0,0.0,0.0,0.0,0.0,0.0,6,False,False,S Dye,C S Shum,118,1006,1,6-3/4,1:49.30,25.0,https://racing.hkjc.com/en-us/local/information/otherhorse?horseid=HK_2000_A304&Option=1,2026-09-04T13:19:25Z,https://racing.hkjc.com/en-us/local/information/archive/localresults?racedate=2006/01/01&racecourse=ST&RaceNo=8
ST_20060101_R08_HK_2004_E291,ST_20060101_R08,2006-01-01,ST,Sha Tin,8,285,TARIM HE HANDICAP,3,1800,80-60,GOOD TO FIRM,TURF,"TURF - ""C"" Course",750000,14,HK_2004_E291,2,PILLOW KING,CE291,GER,Northern,,79,77,Chestnut,Gelding,Big Shuffle,Katah,Arazi Same,0,0,0,0,0,0.0,0.0,0.0,0.0,0.0,0.0,7,False,False,O Doleuze,S Woods,131,1043,8,7-3/4,1:49.50,32.0,https://racing.hkjc.com/en-us/local/information/otherhorse?horseid=HK_2004_E291&Option=1,2026-09-04T13:19:28Z,https://racing.hkjc.com/en-us/local/information/archive/localresults?racedate=2006/01/01&racecourse=ST&RaceNo=8
ST_20060101_R08_HK_2004_E136,ST_20060101_R08,2006-01-01,ST,Sha Tin,8,285,TARIM HE HANDICAP,3,1800,80-60,GOOD TO FIRM,TURF,"TURF - ""C"" Course",750000,14,HK_2004_E136,13,EXPEDITIOUS,CE136,GB,Northern,,64.0,63.0,Bay,Gelding,Anabaa,Mistle Song,Nashwan Same,0,0,0,0,0,0.0,0.0,0.0,0.0,0.0,0.0,8,False,False,W M Lai,A S Cruz,114,1131,2,8-1/4,1:49.60,19.0,https://racing.hkjc.com/en-us/local/information/otherhorse?horseid=HK_2004_E136&Option=1,2026-09-04T13:19:31Z,https://racing.hkjc.com/en-us/local/information/archive/localresults?racedate=2006/01/01&racecourse=ST&RaceNo=8
ST_20060101_R08_HK_2002_C214,ST_20060101_R08,2006-01-01,ST,Sha Tin,8,285,TARIM HE HANDICAP,3,1800,80-60,GOOD TO FIRM,TURF,"TURF - ""C"" Course",750000,14,HK_2002_C214,14,TRIUMPH,CC214,AUS,Southern,,61.0,60.0,Bay,Gelding,Desert Sun,Wising Up,Smarten Same,0,0,0,0,0,0.0,0.0,0.0,0.0,0.0,0.0,9,False,False,C K Tong,C H Yip,103,1073,6,13-1/4,1:50.30,57.0,https://racing.hkjc.com/en-us/local/information/otherhorse?horseid=HK_2002_C214&Option=1,2026-09-04T13:19:34Z,https://racing.hkjc.com/en-us/local/information/archive/localresults?racedate=2006/01/01&racecourse=ST&RaceNo=8
ST_20060101_R08_HK_2004_E260,ST_20060101_R08,2006-01-01,ST,Sha Tin,8,285,TARIM HE HANDICAP,3,1800,80-60,GOOD TO FIRM,TURF,"TURF - ""C"" Course",750000,14,HK_2004_E260,6,WINNING BULLET,CE260,NZ,Southern,,71,71,Bay,Gelding,Zabeel,Celebrant,Saddlers' Hall Same,0,0,0,0,0,0.0,0.0,0.0,0.0,0.0,0.0,10,False,False,D Whyte,J Size,123,1093,7,16,1:50.80,2.5,https://racing.hkjc.com/en-us/local/information/otherhorse?horseid=HK_2004_E260&Option=1,2026-09-04T13:19:37Z,https://racing.hkjc.com/en-us/local/information/archive/localresults?racedate=2006/01/01&racecourse=ST&RaceNo=8
ST_20060101_R08_HK_2000_A184,ST_20060101_R08,2006-01-01,ST,Sha Tin,8,285,TARIM HE HANDICAP,3,1800,80-60,GOOD TO FIRM,TURF,"TURF - ""C"" Course",750000,14,HK_2000_A184,12,MASTER MARAUDER,CA184,AUS,Southern,,65.0,65.0,Bay,Gelding,Danewin,Fine Gem,Pevero Same,0,0,0,0,0,0.0,0.0,0.0,0.0,0.0,0.0,11,False,False,C W Wong,J Moore,107,1113,9,18-3/4,1:51.20,29.0,https://racing.hkjc.com/en-us/local/information/otherhorse?horseid=HK_2000_A184&Option=1,2026-09-04T13:19:39Z,https://racing.hkjc.com/en-us/local/information/archive/localresults?racedate=2006/01/01&racecourse=ST&RaceNo=8
ST_20060101_R08_HK_2002_C057,ST_20060101_R08,2006-01-01,ST,Sha Tin,8,285,TARIM HE HANDICAP,3,1800,80-60,GOOD TO FIRM,TURF,"TURF - ""C"" Course",750000,14,HK_2002_C057,9,ENTERTAINING,CC057,IRE,Northern,,66,64,Bay,Gelding,Danehill,Direct Lady,Fools Holme Same,0,0,0,0,0,0.0,0.0,0.0,0.0,0.0,0.0,12,False,False,E Saint-Martin,C W Chang,120,1051,12,30-1/4,1:53.00,99.0,https://racing.hkjc.com/en-us/local/information/otherhorse?horseid=HK_2002_C057&Option=1,2026-09-04T13:19:42Z,https://racing.hkjc.com/en-us/local/information/archive/localresults?racedate=2006/01/01&racecourse=ST&RaceNo=8
ST_20060101_R08_HK_2003_D338,ST_20060101_R08,2006-01-01,ST,Sha Tin,8,285,TARIM HE HANDICAP,3,1800,80-60,GOOD TO FIRM,TURF,"TURF - ""C"" Course",750000,14,HK_2003_D338,5,LANCETTIER,CD338,ARG,Southern,,74,73,Bay,Gelding,Numerous,L'Amarine,Ringaro Same,0,0,0,0,0,0.0,0.0,0.0,0.0,0.0,0.0,13,False,False,B Prebble,A Lee,126,1147,5,31-3/4,1:53.20,38.0,https://racing.hkjc.com/en-us/local/information/otherhorse?horseid=HK_2003_D338&Option=1,2026-09-04T13:19:49Z,https://racing.hkjc.com/en-us/local/information/archive/localresults?racedate=2006/01/01&racecourse=ST&RaceNo=8
ST_20060101_R08_HK_2000_A177,ST_20060101_R08,2006-01-01,ST,Sha Tin,8,285,TARIM HE HANDICAP,3,1800,80-60,GOOD TO FIRM,TURF,"TURF - ""C"" Course",750000,14,HK_2000_A177,11,ARROGANCE,CA177,NZ,Southern,,65.0,65.0,Bay,Gelding,British Banker,Crest Of Casitas,Crested Wave Same,0,0,0,0,0,0.0,0.0,0.0,0.0,0.0,0.0,14,False,False,C Brown,K W Lui,118,1181,11,31-3/4,1:53.20,99.0,https://racing.hkjc.com/en-us/local/information/otherhorse?horseid=HK_2000_A177&Option=1,2026-09-04T13:19:52Z,https://racing.hkjc.com/en-us/local/information/archive/localresults?racedate=2006/01/01&racecourse=ST&RaceNo=8
ST_20060101_R09_HK_2004_E210,ST_20060101_R09,2006-01-01,ST,Sha Tin,9,286,CHANG JIANG HANDICAP,2,1400,100-80,GOOD TO FIRM,TURF,"TURF - ""C"" Course",1000000,14,HK_2004_E210,8,HELLO PRETTY,CE210,AUS,Southern,,87,93,Chestnut,Gelding,Distorted Humor,Blazing Aura,Blazing Sword Same,0,0,0,0,0,0.0,0.0,0.56,560000.0,0.0,560000.0,1,True,True,G Schofield,K W Lui,119,1095,6,---,1:22.80,4.3,https://racing.hkjc.com/en-us/local/information/otherhorse?horseid=HK_2004_E210&Option=1,2026-09-04T13:19:57Z,https://racing.hkjc.com/en-us/local/information/archive/localresults?racedate=2006/01/01&racecourse=ST&RaceNo=9
ST_20060101_R09_HK_2003_D166,ST_20060101_R09,2006-01-01,ST,Sha Tin,9,286,CHANG JIANG HANDICAP,2,1400,100-80,GOOD TO FIRM,TURF,"TURF - ""C"" Course",1000000,14,HK_2003_D166,4,TRIUMPHANT UNICORN,CD166,AUS,Southern,,97,99,Brown,Gelding,Danzero,Have Love,Canny Lad Same,0,0,0,0,0,0.0,0.0,0.21,210000.0,0.0,210000.0,2,False,True,S Dye,C S Shum,129,1197,11,3/4,1:22.90,33.0,https://racing.hkjc.com/en-us/local/information/otherhorse?horseid=HK_2003_D166&Option=1,2026-09-04T13:19:59Z,https://racing.hkjc.com/en-us/local/information/archive/localresults?racedate=2006/01/01&racecourse=ST&RaceNo=9
ST_20060101_R09_HK_2005_G096,ST_20060101_R09,2006-01-01,ST,Sha Tin,9,286,CHANG JIANG HANDICAP,2,1400,100-80,GOOD TO FIRM,TURF,"TURF - ""C"" Course",1000000,14,HK_2005_G096,10,VIVA PATACA,CG096,GB,Northern,,86,88,Bay / Brown,Gelding,Marju,Comic,Be My Chief Same,0,0,0,0,0,0.0,0.0,0.115,115000.0,0.0,115000.0,3,False,True,S Sanders,J Moore,119,1109,7,1,1:22.90,9.0,https://racing.hkjc.com/en-us/local/information/otherhorse?horseid=HK_2005_G096&Option=1,2026-09-04T13:20:02Z,https://racing.hkjc.com/en-us/local/information/archive/localresults?racedate=2006/01/01&racecourse=ST&RaceNo=9
ST_20060101_R09_HK_2003_D267,ST_20060101_R09,2006-01-01,ST,Sha Tin,9,286,CHANG JIANG HANDICAP,2,1400,100-80,GOOD TO FIRM,TURF,"TURF - ""C"" Course",1000000,14,HK_2003_D267,6,SHARKI,CD267,NZ,Southern,,89.0,89.0,Brown,Gelding,Cape Cross,Ricamo,Kaapstad Same,0,0,0,0,0,0.0,0.0,0.06,60000.0,0.0,60000.0,4,False,False,B Prebble,A T Millard,121,1144,10,1-1/2,1:23.00,5.6,https://racing.hkjc.com/en-us/local/information/otherhorse?horseid=HK_2003_D267&Option=1,2026-09-04T13:20:04Z,https://racing.hkjc.com/en-us/local/information/archive/localresults?racedate=2006/01/01&racecourse=ST&RaceNo=9
ST_20060101_R09_HK_2003_D389,ST_20060101_R09,2006-01-01,ST,Sha Tin,9,286,CHANG JIANG HANDICAP,2,1400,100-80,GOOD TO FIRM,TURF,"TURF - ""C"" Course",1000000,14,HK_2003_D389,2,GOOD PROFIT,CD389,NZ,Southern,,99,98,Bay,Gelding,Haayil,Saving Grace,Take Your Partner Same,0,0,0,0,0,0.0,0.0,0.055,55000.0,0.0,55000.0,5,False,False,G Mosse,C S Shum,131,1070,12,1-3/4,1:23.10,8.9,https://racing.hkjc.com/en-us/local/information/otherhorse?horseid=HK_2003_D389&Option=1,2026-09-04T13:20:07Z,https://racing.hkjc.com/en-us/local/information/archive/localresults?racedate=2006/01/01&racecourse=ST&RaceNo=9
ST_20060101_R09_HK_2003_D239,ST_20060101_R09,2006-01-01,ST,Sha Tin,9,286,CHANG JIANG HANDICAP,2,1400,100-80,GOOD TO FIRM,TURF,"TURF - ""C"" Course",1000000,14,HK_2003_D239,1,GOODY,CD239,SAF,Southern,,100,99,Chestnut,Gelding,Spaceship,Priceless Party,Rocky Marriage Same,0,0,0,0,0,0.0,0.0,0.0,0.0,0.0,0.0,6,False,False,E Saint-Martin,D E Ferraris,132,1046,1,2,1:23.10,19.0,https://racing.hkjc.com/en-us/local/information/otherhorse?horseid=HK_2003_D239&Option=1,2026-09-04T13:20:10Z,https://racing.hkjc.com/en-us/local/information/archive/localresults?racedate=2006/01/01&racecourse=ST&RaceNo=9
ST_20060101_R09_HK_2003_D177,ST_20060101_R09,2006-01-01,ST,Sha Tin,9,286,CHANG JIANG HANDICAP,2,1400,100-80,GOOD TO FIRM,TURF,"TURF - ""C"" Course",1000000,14,HK_2003_D177,13,FASHION JEWELLERY,CD177,NZ,Southern,,82,82,Bay,Gelding,Entrepreneur,All Night Party,Just A Dancer Same,0,0,0,0,0,0.0,0.0,0.0,0.0,0.0,0.0,7,False,False,C Munce,J Size,114,1085,2,2-1/4,1:23.20,17.0,https://racing.hkjc.com/en-us/local/information/otherhorse?horseid=HK_2003_D177&Option=1,2026-09-04T13:20:13Z,https://racing.hkjc.com/en-us/local/information/archive/localresults?racedate=2006/01/01&racecourse=ST&RaceNo=9
ST_20060101_R09_HK_2004_E272,ST_20060101_R09,2006-01-01,ST,Sha Tin,9,286,CHANG JIANG HANDICAP,2,1400,100-80,GOOD TO FIRM,TURF,"TURF - ""C"" Course",1000000,14,HK_2004_E272,9,LIBERAL'S KNIGHT,CE272,IRE,Northern,,87,87,Bay,Gelding,Desert Prince,Return Journey,Pennine Walk Same,0,0,0,0,0,0.0,0.0,0.0,0.0,0.0,0.0,8,False,False,D Whyte,J Size,119,1099,9,2-1/4,1:23.20,2.7,https://racing.hkjc.com/en-us/local/information/otherhorse?horseid=HK_2004_E272&Option=1,2026-09-04T13:20:21Z,https://racing.hkjc.com/en-us/local/information/archive/localresults?racedate=2006/01/01&racecourse=ST&RaceNo=9
ST_20060101_R09_HK_2002_C062,ST_20060101_R09,2006-01-01,ST,Sha Tin,9,286,CHANG JIANG HANDICAP,2,1400,100-80,GOOD TO FIRM,TURF,"TURF - ""C"" Course",1000000,14,HK_2002_C062,12,BEST LUCK,CC062,IRE,Northern,,83,81,Bay,Gelding,Danehill,Al Theraab,Roberto Same,0,0,0,0,0,0.0,0.0,0.0,0.0,0.0,0.0,9,False,False,H K Yim,S Woods,113,1135,3,2-3/4,1:23.20,86.0,https://racing.hkjc.com/en-us/local/information/otherhorse?horseid=HK_2002_C062&Option=1,2026-09-04T13:20:23Z,https://racing.hkjc.com/en-us/local/information/archive/localresults?racedate=2006/01/01&racecourse=ST&RaceNo=9
ST_20060101_R09_HK_2004_E326,ST_20060101_R09,2006-01-01,ST,Sha Tin,9,286,CHANG JIANG HANDICAP,2,1400,100-80,GOOD TO FIRM,TURF,"TURF - ""C"" Course",1000000,14,HK_2004_E326,7,SAVUTE,CE326,NZ,Southern,,88,86,Brown,Gelding,Danzero,Wolf,Marscay Same,0,0,0,0,0,0.0,0.0,0.0,0.0,0.0,0.0,10,False,False,O Doleuze,C Fownes,120,1136,14,3-1/4,1:23.30,88.0,https://racing.hkjc.com/en-us/local/information/otherhorse?horseid=HK_2004_E326&Option=1,2026-09-04T13:20:26Z,https://racing.hkjc.com/en-us/local/information/archive/localresults?racedate=2006/01/01&racecourse=ST&RaceNo=9
ST_20060101_R09_HK_2003_D386,ST_20060101_R09,2006-01-01,ST,Sha Tin,9,286,CHANG JIANG HANDICAP,2,1400,100-80,GOOD TO FIRM,TURF,"TURF - ""C"" Course",1000000,14,HK_2003_D386,11,GOLDEN SUN,CD386,GB,Northern,,84,82,Chestnut,Gelding,Dr Fong,Apache Star,Arazi Same,0,0,0,0,0,0.0,0.0,0.0,0.0,0.0,0.0,11,False,False,W M Lai,C H Yip,114,1101,13,4-3/4,1:23.50,77.0,https://racing.hkjc.com/en-us/local/information/otherhorse?horseid=HK_2003_D386&Option=1,2026-09-04T13:20:29Z,https://racing.hkjc.com/en-us/local/information/archive/localresults?racedate=2006/01/01&racecourse=ST&RaceNo=9
ST_20060101_R09_HK_2001_B281,ST_20060101_R09,2006-01-01,ST,Sha Tin,9,286,CHANG JIANG HANDICAP,2,1400,100-80,GOOD TO FIRM,TURF,"TURF - ""C"" Course",1000000,14,HK_2001_B281,5,DYNAMIC FUN,CB281,USA,Northern,,92.0,90.0,Bay,Gelding,Dynaformer,Irish Starlet,Irish River Same,0,0,0,0,0,0.0,0.0,0.0,0.0,0.0,0.0,12,False,False,R Fradd,D J Hall,124,1253,4,5-1/4,1:23.60,99.0,https://racing.hkjc.com/en-us/local/information/otherhorse?horseid=HK_2001_B281&Option=1,2026-09-04T13:20:31Z,https://racing.hkjc.com/en-us/local/information/archive/localresults?racedate=2006/01/01&racecourse=ST&RaceNo=9
ST_20060101_R09_HK_2004_E319,ST_20060101_R09,2006-01-01,ST,Sha Tin,9,286,CHANG JIANG HANDICAP,2,1400,100-80,GOOD TO FIRM,TURF,"TURF - ""C"" Course",1000000,14,HK_2004_E319,14,BULLISH STAR,CE319,GB,Northern,,81,81,Bay,Gelding,Cadeaux Genereux,Ruby Affair,Night Shift Same,0,0,0,0,0,0.0,0.0,0.0,0.0,0.0,0.0,13,False,False,S K Sit,A S Cruz,110,1214,5,7,1:23.90,48.0,https://racing.hkjc.com/en-us/local/information/otherhorse?horseid=HK_2004_E319&Option=1,2026-09-04T13:20:34Z,https://racing.hkjc.com/en-us/local/information/archive/localresults?racedate=2006/01/01&racecourse=ST&RaceNo=9
ST_20060101_R09_HK_2002_C009,ST_20060101_R09,2006-01-01,ST,Sha Tin,9,286,CHANG JIANG HANDICAP,2,1400,100-80,GOOD TO FIRM,TURF,"TURF - ""C"" Course",1000000,14,HK_2002_C009,3,RAIDER,CC009,NZ,Southern,,97,97,Bay,Gelding,Gold Brose,Kaapstad Glamour,Kaapstad Same,0,0,0,0,0,0.0,0.0,0.0,0.0,0.0,0.0,14,False,False,C K Tong,C Fownes,119,1062,8,ML,,99.0,https://racing.hkjc.com/en-us/local/information/otherhorse?horseid=HK_2002_C009&Option=1,2026-09-04T13:20:37Z,https://racing.hkjc.com/en-us/local/information/archive/localresults?racedate=2006/01/01&racecourse=ST&RaceNo=9
ST_20060101_R10_HK_2004_E165,ST_20060101_R10,2006-01-01,ST,Sha Tin,10,287,HUANG HE HANDICAP,3,1200,80-60,GOOD TO FIRM,TURF,"TURF - ""C"" Course",750000,12,HK_2004_E165,6,GOLD MEDAL WINNER,CE165,NZ,Southern,,68,76,Chestnut,Gelding,Spinning World,Blue Symbol,Bluebird Same,0,0,0,0,0,0.0,0.0,0.56,420000.0,0.0,420000.0,1,True,True,O Doleuze,K L Man,121,1179,1,---,1:09.10,17.0,https://racing.hkjc.com/en-us/local/information/otherhorse?horseid=HK_2004_E165&Option=1,2026-09-04T13:20:42Z,https://racing.hkjc.com/en-us/local/information/archive/localresults?racedate=2006/01/01&racecourse=ST&RaceNo=10
ST_20060101_R10_HK_2005_G029,ST_20060101_R10,2006-01-01,ST,Sha Tin,10,287,HUANG HE HANDICAP,3,1200,80-60,GOOD TO FIRM,TURF,"TURF - ""C"" Course",750000,12,HK_2005_G029,12,DREAM HORSE,CG029,AUS,Southern,,62,64,Bay,Gelding,Flying Spur,Yeatsina,Yeats Same,0,0,0,0,0,0.0,0.0,0.21,157500.0,0.0,157500.0,2,False,True,C Munce,A S Cruz,115,1185,4,1-1/2,1:09.30,1.7,https://racing.hkjc.com/en-us/local/information/otherhorse?horseid=HK_2005_G029&Option=1,2026-09-04T13:20:45Z,https://racing.hkjc.com/en-us/local/information/archive/localresults?racedate=2006/01/01&racecourse=ST&RaceNo=10
ST_20060101_R10_HK_2004_E281,ST_20060101_R10,2006-01-01,ST,Sha Tin,10,287,HUANG HE HANDICAP,3,1200,80-60,GOOD TO FIRM,TURF,"TURF - ""C"" Course",750000,12,HK_2004_E281,10,JIANG JUN,CE281,NZ,Southern,,63,66,Bay,Gelding,Danske,Carol Singer,Geiger Counter Same,0,0,0,0,0,0.0,0.0,0.115,86250.0,0.0,86250.0,3,False,True,R Fradd,C H Yip,117,1063,8,1-1/2,1:09.30,8.2,https://racing.hkjc.com/en-us/local/information/otherhorse?horseid=HK_2004_E281&Option=1,2026-09-04T13:20:47Z,https://racing.hkjc.com/en-us/local/information/archive/localresults?racedate=2006/01/01&racecourse=ST&RaceNo=10
ST_20060101_R10_HK_2003_D273,ST_20060101_R10,2006-01-01,ST,Sha Tin,10,287,HUANG HE HANDICAP,3,1200,80-60,GOOD TO FIRM,TURF,"TURF - ""C"" Course",750000,12,HK_2003_D273,8,DON FELIPE,CD273,GB,Northern,,66,67,Bay / Brown,Horse,Danzero,Pearly River,Elegant Air Same,0,0,0,0,0,0.0,0.0,0.06,45000.0,0.0,45000.0,4,False,False,D Whyte,J Size,119,1104,5,1-3/4,1:09.30,8.8,https://racing.hkjc.com/en-us/local/information/otherhorse?horseid=HK_2003_D273&Option=1,2026-09-04T13:20:50Z,https://racing.hkjc.com/en-us/local/information/archive/localresults?racedate=2006/01/01&racecourse=ST&RaceNo=10
ST_20060101_R10_HK_2003_D385,ST_20060101_R10,2006-01-01,ST,Sha Tin,10,287,HUANG HE HANDICAP,3,1200,80-60,GOOD TO FIRM,TURF,"TURF - ""C"" Course",750000,12,HK_2003_D385,4,GREEN WARRIOR,CD385,ARG,Southern,,75,75,Chestnut,Gelding,Lode,Dra Sas,Country Doctor Same,0,0,0,0,0,0.0,0.0,0.055,41250.0,0.0,41250.0,5,False,False,Y T Cheng,D Cruz,126,1227,2,4-3/4,1:09.80,13.0,https://racing.hkjc.com/en-us/local/information/otherhorse?horseid=HK_2003_D385&Option=1,2026-09-04T13:20:52Z,https://racing.hkjc.com/en-us/local/information/archive/localresults?racedate=2006/01/01&racecourse=ST&RaceNo=10
ST_20060101_R10_HK_2004_E124,ST_20060101_R10,2006-01-01,ST,Sha Tin,10,287,HUANG HE HANDICAP,3,1200,80-60,GOOD TO FIRM,TURF,"TURF - ""C"" Course",750000,12,HK_2004_E124,11,LUCKY WINNER,CE124,AUS,Southern,,63,62,Bay,Gelding,Favorite Trick,French Treasure,Miswaki Same,0,0,0,0,0,0.0,0.0,0.0,0.0,0.0,0.0,6,False,False,C K Tong,C Fownes,106,1135,7,5,1:09.80,41.0,https://racing.hkjc.com/en-us/local/information/otherhorse?horseid=HK_2004_E124&Option=1,2026-09-04T13:20:55Z,https://racing.hkjc.com/en-us/local/information/archive/localresults?racedate=2006/01/01&racecourse=ST&RaceNo=10
ST_20060101_R10_HK_2004_E207,ST_20060101_R10,2006-01-01,ST,Sha Tin,10,287,HUANG HE HANDICAP,3,1200,80-60,GOOD TO FIRM,TURF,"TURF - ""C"" Course",750000,12,HK_2004_E207,2,VIKING TOR,CE207,AUS,Southern,,77,77,Bay,Gelding,Danehill,Strawberry Girl,Strawberry Road Same,0,0,0,0,0,0.0,0.0,0.0,0.0,0.0,0.0,7,False,False,B Prebble,D J Hall,130,1105,10,5,1:09.80,11.0,https://racing.hkjc.com/en-us/local/information/otherhorse?horseid=HK_2004_E207&Option=1,2026-09-04T13:20:58Z,https://racing.hkjc.com/en-us/local/information/archive/localresults?racedate=2006/01/01&racecourse=ST&RaceNo=10
ST_20060101_R10_HK_2003_D377,ST_20060101_R10,2006-01-01,ST,Sha Tin,10,287,HUANG HE HANDICAP,3,1200,80-60,GOOD TO FIRM,TURF,"TURF - ""C"" Course",750000,12,HK_2003_D377,5,CANNONISE,CD377,NZ,Southern,,71,71,Bay,Gelding,End Sweep,Regal Halo,Alwuhush Same,0,0,0,0,0,0.0,0.0,0.0,0.0,0.0,0.0,8,False,False,G Mosse,A Lee,124,1111,12,8-1/2,1:10.40,14.0,https://racing.hkjc.com/en-us/local/information/otherhorse?horseid=HK_2003_D377&Option=1,2026-09-04T13:21:01Z,https://racing.hkjc.com/en-us/local/information/archive/localresults?racedate=2006/01/01&racecourse=ST&RaceNo=10
ST_20060101_R10_HK_2002_C066,ST_20060101_R10,2006-01-01,ST,Sha Tin,10,287,HUANG HE HANDICAP,3,1200,80-60,GOOD TO FIRM,TURF,"TURF - ""C"" Course",750000,12,HK_2002_C066,1,THE WORLD OF LOVE,CC066,GB,Northern,,78.0,76.0,Chestnut,Gelding,Compton Place,Miss Loving,Northfields Same,0,0,0,0,0,0.0,0.0,0.0,0.0,0.0,0.0,9,False,False,C Brown,K W Lui,131,1049,6,9-3/4,1:10.60,99.0,https://racing.hkjc.com/en-us/local/information/otherhorse?horseid=HK_2002_C066&Option=1,2026-09-04T13:21:04Z,https://racing.hkjc.com/en-us/local/information/archive/localresults?racedate=2006/01/01&racecourse=ST&RaceNo=10
ST_20060101_R10_HK_2004_E195,ST_20060101_R10,2006-01-01,ST,Sha Tin,10,287,HUANG HE HANDICAP,3,1200,80-60,GOOD TO FIRM,TURF,"TURF - ""C"" Course",750000,12,HK_2004_E195,7,LUCKY STRAVINSKY,CE195,NZ,Southern,,67.0,66.0,Bay,Gelding,Stravinsky,Sneetch,Grosvenor Same,0,0,0,0,0,0.0,0.0,0.0,0.0,0.0,0.0,10,False,False,S Dye,C S Shum,120,1037,11,10-1/4,1:10.70,24.0,https://racing.hkjc.com/en-us/local/information/otherhorse?horseid=HK_2004_E195&Option=1,2026-09-04T13:21:06Z,https://racing.hkjc.com/en-us/local/information/archive/localresults?racedate=2006/01/01&racecourse=ST&RaceNo=10
ST_20060101_R10_HK_2004_E132,ST_20060101_R10,2006-01-01,ST,Sha Tin,10,287,HUANG HE HANDICAP,3,1200,80-60,GOOD TO FIRM,TURF,"TURF - ""C"" Course",750000,12,HK_2004_E132,3,CARRIZO CREEK,CE132,IRE,Northern,,75,74,Bay,Gelding,Charnwood Forest,Violet Spring,Exactly Sharp Same,0,0,0,0,0,0.0,0.0,0.0,0.0,0.0,0.0,11,False,False,E Saint-Martin,D E Ferraris,128,1095,3,10-3/4,1:10.70,28.0,https://racing.hkjc.com/en-us/local/information/otherhorse?horseid=HK_2004_E132&Option=1,2026-09-04T13:21:09Z,https://racing.hkjc.com/en-us/local/information/archive/localresults?racedate=2006/01/01&racecourse=ST&RaceNo=10
ST_20060101_R10_HK_2004_E327,ST_20060101_R10,2006-01-01,ST,Sha Tin,10,287,HUANG HE HANDICAP,3,1200,80-60,GOOD TO FIRM,TURF,"TURF - ""C"" Course",750000,12,HK_2004_E327,9,DRAGON INN,CE327,NZ,Southern,,65,63,Chestnut,Gelding,Gold Brose,Funny Features,Archway Same,0,0,0,0,0,0.0,0.0,0.0,0.0,0.0,0.0,12,False,False,H K Yim,S Woods,116,1035,9,13,1:11.10,99.0,https://racing.hkjc.com/en-us/local/information/otherhorse?horseid=HK_2004_E327&Option=1,2026-09-04T13:21:12Z,https://racing.hkjc.com/en-us/local/information/archive/localresults?racedate=2006/01/01&racecourse=ST&RaceNo=10
HV_20060607_R01_HK_2001_B362,HV_20060607_R01,2006-06-07,HV,Happy Valley,1,653,POTTINGER HANDICAP,5,1650,40-15,GOOD,TURF,"TURF - ""A"" Course",450000,12,HK_2001_B362,11,ON SHAN EXPRESS,CB362,AUS,Southern,,30.0,35,Bay,Gelding,Euclase,My Prima Donna,Paris Opera Same,1,0,0,0,0,0.0,0.0,0.56,252000.0,0.0,252000.0,1,True,True,D Whyte,Y S Tsui,120,1144,8,---,1:40.60,4.0,https://racing.hkjc.com/en-us/local/information/otherhorse?horseid=HK_2001_B362&Option=1,2026-09-04T13:50:47Z,https://racing.hkjc.com/en-us/local/information/archive/localresults?racedate=2006/06/07&racecourse=HV&RaceNo=1
HV_20060607_R01_HK_1999_V228,HV_20060607_R01,2006-06-07,HV,Happy Valley,1,653,POTTINGER HANDICAP,5,1650,40-15,GOOD,TURF,"TURF - ""A"" Course",450000,12,HK_1999_V228,12,MILLENNIUM SUPREME,BV228,IRE,Northern,,29.0,31.0,Bay,Gelding,Marju,Naiadoora,Ahonoora Same,2,0,1,0,1,0.0,0.5,0.21,94500.0,121500.0,216000.0,2,False,True,Y T Cheng,B K Ng,117,1163,7,3/4,1:40.70,23.0,https://racing.hkjc.com/en-us/local/information/otherhorse?horseid=HK_1999_V228&Option=1,2026-09-04T13:50:50Z,https://racing.hkjc.com/en-us/local/information/archive/localresults?racedate=2006/06/07&racecourse=HV&RaceNo=1
HV_20060607_R01_HK_2003_D342,HV_20060607_R01,2006-06-07,HV,Happy Valley,1,653,POTTINGER HANDICAP,5,1650,40-15,GOOD,TURF,"TURF - ""A"" Course",450000,12,HK_2003_D342,3,TURF GOLD,CD342,AUS,Southern,,39,38,Bay,Gelding,Danzero,Elegant Beauty,Sir Tristram Same,2,0,0,0,0,0.0,0.0,0.115,51750.0,0.0,51750.0,3,False,True,H W Lai,L Ho,122,1033,4,2-1/4,1:41.00,5.5,https://racing.hkjc.com/en-us/local/information/otherhorse?horseid=HK_2003_D342&Option=1,2026-09-04T13:50:53Z,https://racing.hkjc.com/en-us/local/information/archive/localresults?racedate=2006/06/07&racecourse=HV&RaceNo=1
HV_20060607_R01_HK_2001_B324,HV_20060607_R01,2006-06-07,HV,Happy Valley,1,653,POTTINGER HANDICAP,5,1650,40-15,GOOD,TURF,"TURF - ""A"" Course",450000,12,HK_2001_B324,6,JUSTINIAN,CB324,AUS,Southern,,33,29,Bay,Gelding,Danehill,Farrara,Fast Topaze Same,3,0,0,0,0,0.0,0.0,0.06,27000.0,24750.0,51750.0,4,False,False,W C Marwing,D E Ferraris,123,1085,9,2-3/4,1:41.00,8.8,https://racing.hkjc.com/en-us/local/information/otherhorse?horseid=HK_2001_B324&Option=1,2026-09-04T13:50:56Z,https://racing.hkjc.com/en-us/local/information/archive/localresults?racedate=2006/06/07&racecourse=HV&RaceNo=1
HV_20060607_R01_HK_2002_C329,HV_20060607_R01,2006-06-07,HV,Happy Valley,1,653,POTTINGER HANDICAP,5,1650,40-15,GOOD,TURF,"TURF - ""A"" Course",450000,12,HK_2002_C329,7,A BETTER DRAGON,CC329,NZ,Southern,,32,26,Bay,Gelding,Truly Vain,Jean Gene,Kingsbridge Same,1,0,0,0,0,0.0,0.0,0.055,24750.0,0.0,24750.0,5,False,False,C K Tong,K L Man,115,1119,3,3,1:41.10,30.0,https://racing.hkjc.com/en-us/local/information/otherhorse?horseid=HK_2002_C329&Option=1,2026-09-04T13:50:59Z,https://racing.hkjc.com/en-us/local/information/archive/localresults?racedate=2006/06/07&racecourse=HV&RaceNo=1
HV_20060607_R01_HK_2002_C310,HV_20060607_R01,2006-06-07,HV,Happy Valley,1,653,POTTINGER HANDICAP,5,1650,40-15,GOOD,TURF,"TURF - ""A"" Course",450000,12,HK_2002_C310,10,KINGSTON GLORY,CC310,NZ,Southern,,30,29,Bay,Gelding,Chinese Gold,Medallist,Roughcast Same,2,0,0,0,0,0.0,0.0,0.0,0.0,0.0,0.0,6,False,False,W M Lai,T K Ng,118,1164,5,3-1/2,1:41.20,5.1,https://racing.hkjc.com/en-us/local/information/otherhorse?horseid=HK_2002_C310&Option=1,2026-09-04T13:15:20Z,https://racing.hkjc.com/en-us/local/information/archive/localresults?racedate=2006/06/07&racecourse=HV&RaceNo=1
HV_20060607_R01_HK_2002_C148,HV_20060607_R01,2006-06-07,HV,Happy Valley,1,653,POTTINGER HANDICAP,5,1650,40-15,GOOD,TURF,"TURF - ""A"" Course",450000,12,HK_2002_C148,9,BAYVIEW LAD,CC148,AUS,Southern,,30,23,Chestnut,Gelding,Nediym,Sandakan,Squill Same,2,0,0,1,1,0.0,0.5,0.0,0.0,51750.0,51750.0,7,False,False,K L Chui,C S Shum,110,1066,1,4-1/4,1:41.30,14.0,https://racing.hkjc.com/en-us/local/information/otherhorse?horseid=HK_2002_C148&Option=1,2026-09-04T13:51:01Z,https://racing.hkjc.com/en-us/local/information/archive/localresults?racedate=2006/06/07&racecourse=HV&RaceNo=1
HV_20060607_R01_HK_2001_B013,HV_20060607_R01,2006-06-07,HV,Happy Valley,1,653,POTTINGER HANDICAP,5,1650,40-15,GOOD,TURF,"TURF - ""A"" Course",450000,12,HK_2001_B013,5,TOUCH DOWN,CB013,NZ,Southern,,35,28,Bay,Gelding,Kashani,Phantom Belle,Racing Is Fun Same,2,0,0,0,0,0.0,0.0,0.0,0.0,0.0,0.0,8,False,False,D Dunn,C W Chang,125,1172,6,4-3/4,1:41.40,8.5,https://racing.hkjc.com/en-us/local/information/otherhorse?horseid=HK_2001_B013&Option=1,2026-09-04T13:51:05Z,https://racing.hkjc.com/en-us/local/information/archive/localresults?racedate=2006/06/07&racecourse=HV&RaceNo=1
HV_20060607_R01_HK_2003_D271,HV_20060607_R01,2006-06-07,HV,Happy Valley,1,653,POTTINGER HANDICAP,5,1650,40-15,GOOD,TURF,"TURF - ""A"" Course",450000,12,HK_2003_D271,2,PLEASURE PLEASURE,CD271,AUS,Southern,,39,38,Bay,Gelding,Snippets,Veronique,Lyphard's Wish Same,2,0,1,0,1,0.0,0.5,0.0,0.0,94500.0,94500.0,9,False,False,K T Yeung,A Lee,119,983,11,5-1/2,1:41.50,18.0,https://racing.hkjc.com/en-us/local/information/otherhorse?horseid=HK_2003_D271&Option=1,2026-09-04T13:51:07Z,https://racing.hkjc.com/en-us/local/information/archive/localresults?racedate=2006/06/07&racecourse=HV&RaceNo=1
HV_20060607_R01_HK_2003_D254,HV_20060607_R01,2006-06-07,HV,Happy Valley,1,653,POTTINGER HANDICAP,5,1650,40-15,GOOD,TURF,"TURF - ""A"" Course",450000,12,HK_2003_D254,1,MIRACLE DRAGON,CD254,AUS,Southern,,39,32,Bay,Gelding,Danehill,Spell On You,Irish River Same,2,0,0,0,0,0.0,0.0,0.0,0.0,0.0,0.0,10,False,False,B Prebble,K W Lui,129,965,12,7,1:41.80,16.0,https://racing.hkjc.com/en-us/local/information/otherhorse?horseid=HK_2003_D254&Option=1,2026-09-04T13:51:10Z,https://racing.hkjc.com/en-us/local/information/archive/localresults?racedate=2006/06/07&racecourse=HV&RaceNo=1
HV_20060607_R01_HK_2003_D103,HV_20060607_R01,2006-06-07,HV,Happy Valley,1,653,POTTINGER HANDICAP,5,1650,40-15,GOOD,TURF,"TURF - ""A"" Course",450000,12,HK_2003_D103,4,MAGNIFICENT HORSE,CD103,NZ,Southern,,37,34,Bay,Gelding,King's Theatre,Ramiya,Dancing Brave Same,3,1,0,0,1,0.3333,0.3333,0.0,0.0,252000.0,252000.0,11,False,False,S Dye,T W Leung,127,1031,2,7-1/4,1:41.80,13.0,https://racing.hkjc.com/en-us/local/information/otherhorse?horseid=HK_2003_D103&Option=1,2026-09-04T13:14:53Z,https://racing.hkjc.com/en-us/local/information/archive/localresults?racedate=2006/06/07&racecourse=HV&RaceNo=1
HV_20060607_R01_HK_2003_D065,HV_20060607_R01,2006-06-07,HV,Happy Valley,1,653,POTTINGER HANDICAP,5,1650,40-15,GOOD,TURF,"TURF - ""A"" Course",450000,12,HK_2003_D065,8,ALL FIT,CD065,NZ,Southern,,31,28,Brown,Gelding,Manaloj,Baramul Lass,Luskin Star Same,2,0,0,0,0,0.0,0.0,0.0,0.0,31350.0,31350.0,12,False,False,R Quinn,D Cruz,121,1175,10,13,1:42.70,44.0,https://racing.hkjc.com/en-us/local/information/otherhorse?horseid=HK_2003_D065&Option=1,2026-09-04T13:51:13Z,https://racing.hkjc.com/en-us/local/information/archive/localresults?racedate=2006/06/07&racecourse=HV&RaceNo=1
HV_20060607_R02_HK_2003_D110,HV_20060607_R02,2006-06-07,HV,Happy Valley,2,654,MAN YIU HANDICAP,4,1800,60-40,GOOD,TURF,"TURF - ""A"" Course",570000,12,HK_2003_D110,5,SNIPER,CD110,GER,Northern,,51,55,Chestnut,Gelding,Acatenango,Tascalina,Big Shuffle Same,2,0,1,0,1,0.0,0.5,0.56,319200.0,153900.0,473100.0,1,True,True,D Whyte,P O'Sullivan,125,1018,4,---,1:49.90,9.2,https://racing.hkjc.com/en-us/local/information/otherhorse?horseid=HK_2003_D110&Option=1,2026-09-04T13:51:18Z,https://racing.hkjc.com/en-us/local/information/archive/localresults?racedate=2006/06/07&racecourse=HV&RaceNo=2
HV_20060607_R02_HK_2004_E226,HV_20060607_R02,2006-06-07,HV,Happy Valley,2,654,MAN YIU HANDICAP,4,1800,60-40,GOOD,TURF,"TURF - ""A"" Course",570000,12,HK_2004_E226,4,SILVER MARK,CE226,AUS,Southern,,53,56,Bay / Brown,Gelding,Way Of Light,Cate's Mill,Water Mill Same,1,0,0,0,0,0.0,0.0,0.21,119700.0,0.0,119700.0,2,False,True,B Prebble,D J Hall,127,1137,11,NOSE,1:50.00,4.9,https://racing.hkjc.com/en-us/local/information/otherhorse?horseid=HK_2004_E226&Option=1,2026-09-04T13:51:21Z,https://racing.hkjc.com/en-us/local/information/archive/localresults?racedate=2006/06/07&racecourse=HV&RaceNo=2
HV_20060607_R02_HK_2002_C208,HV_20060607_R02,2006-06-07,HV,Happy Valley,2,654,MAN YIU HANDICAP,4,1800,60-40,GOOD,TURF,"TURF - ""A"" Course",570000,12,HK_2002_C208,3,LAZY BUDDIES,CC208,NZ,Southern,,57.0,59.0,Bay,Gelding,Woodman,Sneetch,Grosvenor Same,1,0,0,0,0,0.0,0.0,0.115,65550.0,0.0,65550.0,3,False,True,G Schofield,A Lee,131,1119,9,N,1:50.00,8.9,https://racing.hkjc.com/en-us/local/information/otherhorse?horseid=HK_2002_C208&Option=1,2026-09-04T13:51:24Z,https://racing.hkjc.com/en-us/local/information/archive/localresults?racedate=2006/06/07&racecourse=HV&RaceNo=2
HV_20060607_R02_HK_2003_D248,HV_20060607_R02,2006-06-07,HV,Happy Valley,2,654,MAN YIU HANDICAP,4,1800,60-40,GOOD,TURF,"TURF - ""A"" Course",570000,12,HK_2003_D248,11,HAPPY ALL AROUND,CD248,NZ,Southern,,41,40,Bay,Gelding,Danasinga,Imposing Choice,Imposing Same,1,0,0,0,0,0.0,0.0,0.06,34200.0,0.0,34200.0,4,False,False,H W Lai,L Ho,108,1006,5,1-3/4,1:50.20,6.8,https://racing.hkjc.com/en-us/local/information/otherhorse?horseid=HK_2003_D248&Option=1,2026-09-04T13:51:27Z,https://racing.hkjc.com/en-us/local/information/archive/localresults?racedate=2006/06/07&racecourse=HV&RaceNo=2
HV_20060607_R02_HK_2003_D183,HV_20060607_R02,2006-06-07,HV,Happy Valley,2,654,MAN YIU HANDICAP,4,1800,60-40,GOOD,TURF,"TURF - ""A"" Course",570000,12,HK_2003_D183,9,RAINBOW DIAMOND,CD183,NZ,Southern,,44,43,Chestnut,Gelding,Mellifont,Orange Lace,Al Hareb Same,1,0,0,0,0,0.0,0.0,0.055,31350.0,0.0,31350.0,5,False,False,A Delpech,C W Chang,118,1124,10,2,1:50.30,26.0,https://racing.hkjc.com/en-us/local/information/otherhorse?horseid=HK_2003_D183&Option=1,2026-09-04T13:51:30Z,https://racing.hkjc.com/en-us/local/information/archive/localresults?racedate=2006/06/07&racecourse=HV&RaceNo=2
HV_20060607_R02_HK_2003_D344,HV_20060607_R02,2006-06-07,HV,Happy Valley,2,654,MAN YIU HANDICAP,4,1800,60-40,GOOD,TURF,"TURF - ""A"" Course",570000,12,HK_2003_D344,2,FIREWHEEL,CD344,NZ,Southern,,58,56,Bay,Gelding,Entrepreneur,Imposera,Imposing Same,1,0,0,0,0,0.0,0.0,0.0,0.0,0.0,0.0,6,False,False,W C Marwing,A T Millard,132,1093,2,3-3/4,1:50.60,8.4,https://racing.hkjc.com/en-us/local/information/otherhorse?horseid=HK_2003_D344&Option=1,2026-09-04T13:51:32Z,https://racing.hkjc.com/en-us/local/information/archive/localresults?racedate=2006/06/07&racecourse=HV&RaceNo=2
HV_20060607_R02_HK_2002_C021,HV_20060607_R02,2006-06-07,HV,Happy Valley,2,654,MAN YIU HANDICAP,4,1800,60-40,GOOD,TURF,"TURF - ""A"" Course",570000,12,HK_2002_C021,12,KNIGHT TEMPLAR,CC021,NZ,Southern,,40,34,Bay,Gelding,I Conquer,Espion,Star Way Same,2,0,1,0,1,0.0,0.5,0.0,0.0,119700.0,119700.0,7,False,False,C K Tong,D Cruz,107,1052,1,4-1/4,1:50.60,11.0,https://racing.hkjc.com/en-us/local/information/otherhorse?horseid=HK_2002_C021&Option=1,2026-09-04T13:17:52Z,https://racing.hkjc.com/en-us/local/information/archive/localresults?racedate=2006/06/07&racecourse=HV&RaceNo=2
HV_20060607_R02_HK_2003_D335,HV_20060607_R02,2006-06-07,HV,Happy Valley,2,654,MAN YIU HANDICAP,4,1800,60-40,GOOD,TURF,"TURF - ""A"" Course",570000,12,HK_2003_D335,6,SEA TREASURE,CD335,NZ,Southern,,49,46,Chestnut,Gelding,Stravinsky,Stormy Alley,Summer Squall Same,1,0,0,0,0,0.0,0.0,0.0,0.0,0.0,0.0,8,False,False,F Coetzee,A S Cruz,123,1081,12,5,1:50.70,23.0,https://racing.hkjc.com/en-us/local/information/otherhorse?horseid=HK_2003_D335&Option=1,2026-09-04T13:51:35Z,https://racing.hkjc.com/en-us/local/information/archive/localresults?racedate=2006/06/07&racecourse=HV&RaceNo=2
HV_20060607_R02_HK_2002_C333,HV_20060607_R02,2006-06-07,HV,Happy Valley,2,654,MAN YIU HANDICAP,4,1800,60-40,GOOD,TURF,"TURF - ""A"" Course",570000,12,HK_2002_C333,8,SPEED OF LIGHT,CC333,AUS,Southern,,45,45,Bay,Gelding,Thunder Gulch,Stage Hit,Century Same,2,0,0,0,0,0.0,0.0,0.0,0.0,34200.0,34200.0,9,False,False,Y T Cheng,B K Ng,117,1101,8,5-1/2,1:50.80,8.0,https://racing.hkjc.com/en-us/local/information/otherhorse?horseid=HK_2002_C333&Option=1,2026-09-04T13:51:38Z,https://racing.hkjc.com/en-us/local/information/archive/localresults?racedate=2006/06/07&racecourse=HV&RaceNo=2
HV_20060607_R02_HK_2004_E235,HV_20060607_R02,2006-06-07,HV,Happy Valley,2,654,MAN YIU HANDICAP,4,1800,60-40,GOOD,TURF,"TURF - ""A"" Course",570000,12,HK_2004_E235,10,NAVIGATE UNICORN,CE235,NZ,Southern,,43,32,Chestnut,Gelding,Daggers Drawn,Iseult,Zamazaan Same,0,0,0,0,0,0.0,0.0,0.0,0.0,0.0,0.0,10,False,False,W M Lai,C H Yip,115,1098,6,6-1/4,1:51.00,71.0,https://racing.hkjc.com/en-us/local/information/otherhorse?horseid=HK_2004_E235&Option=1,2026-09-04T13:51:40Z,https://racing.hkjc.com/en-us/local/information/archive/localresults?racedate=2006/06/07&racecourse=HV&RaceNo=2
HV_20060607_R02_HK_2004_E251,HV_20060607_R02,2006-06-07,HV,Happy Valley,2,654,MAN YIU HANDICAP,4,1800,60-40,GOOD,TURF,"TURF - ""A"" Course",570000,12,HK_2004_E251,1,SUDDEN SPLENDOR,CE251,IRE,Northern,,59,59,Bay,Gelding,Inchinor,Suddenly,Puissance Same,1,0,0,0,0,0.0,0.0,0.0,0.0,0.0,0.0,11,False,False,D Dunn,D Oughton,133,967,7,8-1/4,1:51.30,8.4,https://racing.hkjc.com/en-us/local/information/otherhorse?horseid=HK_2004_E251&Option=1,2026-09-04T13:51:43Z,https://racing.hkjc.com/en-us/local/information/archive/localresults?racedate=2006/06/07&racecourse=HV&RaceNo=2
HV_20060607_R02_HK_2004_E217,HV_20060607_R02,2006-06-07,HV,Happy Valley,2,654,MAN YIU HANDICAP,4,1800,60-40,GOOD,TURF,"TURF - ""A"" Course",570000,12,HK_2004_E217,7,ALL OUR WAY,CE217,AUS,Southern,,48.0,46.0,Bay,Rig,Desert Prince,Tiara,Star Way Same,2,1,0,0,1,0.5,0.5,0.0,0.0,319200.0,319200.0,12,False,False,S Dye,C S Shum,122,1056,3,9-3/4,1:51.50,10.0,https://racing.hkjc.com/en-us/local/information/otherhorse?horseid=HK_2004_E217&Option=1,2026-09-04T13:51:46Z,https://racing.hkjc.com/en-us/local/information/archive/localresults?racedate=2006/06/07&racecourse=HV&RaceNo=2
HV_20060607_R03_HK_2004_E223,HV_20060607_R03,2006-06-07,HV,Happy Valley,3,655,MAN YIU HANDICAP,4,1800,60-40,GOOD,TURF,"TURF - ""A"" Course",570000,12,HK_2004_E223,11,THAT'S IT,CE223,AUS,Southern,,44,49,Chestnut,Gelding,Snippets,La Plume,Sir Tristram Same,3,1,0,0,1,0.3333,0.3333,0.56,319200.0,279000.0,598200.0,1,True,True,C Munce,T W Leung,117,1148,10,---,1:51.10,11.0,https://racing.hkjc.com/en-us/local/information/otherhorse?horseid=HK_2004_E223&Option=1,2026-09-04T13:51:51Z,https://racing.hkjc.com/en-us/local/information/archive/localresults?racedate=2006/06/07&racecourse=HV&RaceNo=3
HV_20060607_R03_HK_2004_E196,HV_20060607_R03,2006-06-07,HV,Happy Valley,3,655,MAN YIU HANDICAP,4,1800,60-40,GOOD,TURF,"TURF - ""A"" Course",570000,12,HK_2004_E196,3,CAN OPENER,CE196,NZ,Southern,,55.0,56.0,Bay,Gelding,King's Best,Georgiana,Nassipour Same,0,0,0,0,0,0.0,0.0,0.21,119700.0,0.0,119700.0,2,False,True,W C Marwing,D J Hall,128,1019,11,3/4,1:51.20,5.0,https://racing.hkjc.com/en-us/local/information/otherhorse?horseid=HK_2004_E196&Option=1,2026-09-04T13:51:54Z,https://racing.hkjc.com/en-us/local/information/archive/localresults?racedate=2006/06/07&racecourse=HV&RaceNo=3
HV_20060607_R03_HK_2002_C205,HV_20060607_R03,2006-06-07,HV,Happy Valley,3,655,MAN YIU HANDICAP,4,1800,60-40,GOOD,TURF,"TURF - ""A"" Course",570000,12,HK_2002_C205,12,LA MERVEILLE,CC205,FR,Northern,,40.0,41,Chestnut,Gelding,In The Wings,Shining Eyes,Mr Prospector Same,1,1,0,0,1,1.0,1.0,0.115,65550.0,252000.0,317550.0,3,False,True,Y T Cheng,K W Lui,113,1058,3,3/4,1:51.20,17.0,https://racing.hkjc.com/en-us/local/information/otherhorse?horseid=HK_2002_C205&Option=1,2026-09-04T13:51:57Z,https://racing.hkjc.com/en-us/local/information/archive/localresults?racedate=2006/06/07&racecourse=HV&RaceNo=3
HV_20060607_R03_HK_2004_E061,HV_20060607_R03,2006-06-07,HV,Happy Valley,3,655,MAN YIU HANDICAP,4,1800,60-40,GOOD,TURF,"TURF - ""A"" Course",570000,12,HK_2004_E061,1,CYPRESS HILL,CE061,AUS,Southern,,60,59,Bay,Gelding,Quest For Fame,Titillate,Grosvenor Same,0,0,0,0,0,0.0,0.0,0.06,34200.0,0.0,34200.0,4,False,False,B Prebble,C Fownes,133,1076,5,2,1:51.40,3.9,https://racing.hkjc.com/en-us/local/information/otherhorse?horseid=HK_2004_E061&Option=1,2026-09-04T13:51:59Z,https://racing.hkjc.com/en-us/local/information/archive/localresults?racedate=2006/06/07&racecourse=HV&RaceNo=3
HV_20060607_R03_HK_2001_B326,HV_20060607_R03,2006-06-07,HV,Happy Valley,3,655,MAN YIU HANDICAP,4,1800,60-40,GOOD,TURF,"TURF - ""A"" Course",570000,12,HK_2001_B326,8,NATURAL ECHO,CB326,AUS,Southern,,45.0,43,Chestnut,Gelding,Encosta de Lago,Love's Echo,Prince Echo Same,0,0,0,0,0,0.0,0.0,0.055,31350.0,0.0,31350.0,5,False,False,D Whyte,K L Man,118,1146,8,2-1/2,1:51.50,6.3,https://racing.hkjc.com/en-us/local/information/otherhorse?horseid=HK_2001_B326&Option=1,2026-09-04T13:52:03Z,https://racing.hkjc.com/en-us/local/information/archive/localresults?racedate=2006/06/07&racecourse=HV&RaceNo=3
HV_20060607_R03_HK_2002_C214,HV_20060607_R03,2006-06-07,HV,Happy Valley,3,655,MAN YIU HANDICAP,4,1800,60-40,GOOD,TURF,"TURF - ""A"" Course",570000,12,HK_2002_C214,5,TRIUMPH,CC214,AUS,Southern,,55.0,53.0,Bay,Gelding,Desert Sun,Wising Up,Smarten Same,1,0,0,0,0,0.0,0.0,0.0,0.0,0.0,0.0,6,False,False,M W Leung,C H Yip,123,1077,6,2-1/2,1:51.50,14.0,https://racing.hkjc.com/en-us/local/information/otherhorse?horseid=HK_2002_C214&Option=1,2026-09-04T13:19:34Z,https://racing.hkjc.com/en-us/local/information/archive/localresults?racedate=2006/06/07&racecourse=HV&RaceNo=3
HV_20060607_R03_HK_2001_B188,HV_20060607_R03,2006-06-07,HV,Happy Valley,3,655,MAN YIU HANDICAP,4,1800,60-40,GOOD,TURF,"TURF - ""A"" Course",570000,12,HK_2001_B188,6,FANTASTIC WIN,CB188,AUS,Southern,,51.0,51.0,Bay,Gelding,Barathea,Country Lane,Success Express Same,1,0,0,0,0,0.0,0.0,0.0,0.0,0.0,0.0,7,False,False,H W Lai,Y S Tsui,117,1071,12,3,1:51.50,19.0,https://racing.hkjc.com/en-us/local/information/otherhorse?horseid=HK_2001_B188&Option=1,2026-09-04T13:52:05Z,https://racing.hkjc.com/en-us/local/information/archive/localresults?racedate=2006/06/07&racecourse=HV&RaceNo=3
HV_20060607_R03_HK_2004_E306,HV_20060607_R03,2006-06-07,HV,Happy Valley,3,655,MAN YIU HANDICAP,4,1800,60-40,GOOD,TURF,"TURF - ""A"" Course",570000,12,HK_2004_E306,9,G-ONE LEADING,CE306,NZ,Southern,,44,44,Chestnut,Gelding,Spinning World,Meralini,Roughcast Same,1,0,0,0,0,0.0,0.0,0.0,0.0,0.0,0.0,8,False,False,G Schofield,J Size,117,1108,1,3-3/4,1:51.70,5.5,https://racing.hkjc.com/en-us/local/information/otherhorse?horseid=HK_2004_E306&Option=1,2026-09-04T13:52:08Z,https://racing.hkjc.com/en-us/local/information/archive/localresults?racedate=2006/06/07&racecourse=HV&RaceNo=3
HV_20060607_R03_HK_2002_C293,HV_20060607_R03,2006-06-07,HV,Happy Valley,3,655,MAN YIU HANDICAP,4,1800,60-40,GOOD,TURF,"TURF - ""A"" Course",570000,12,HK_2002_C293,10,SUPER DANA,CC293,NZ,Southern,,44,44,Bay,Gelding,Danasinga,Aer Lingus,Vice Regal Same,1,0,0,0,0,0.0,0.0,0.0,0.0,0.0,0.0,9,False,False,K T Yeung,A Lee,108,1126,2,4-1/2,1:51.80,18.0,https://racing.hkjc.com/en-us/local/information/otherhorse?horseid=HK_2002_C293&Option=1,2026-09-04T13:52:11Z,https://racing.hkjc.com/en-us/local/information/archive/localresults?racedate=2006/06/07&racecourse=HV&RaceNo=3
HV_20060607_R03_HK_2002_C370,HV_20060607_R03,2006-06-07,HV,Happy Valley,3,655,MAN YIU HANDICAP,4,1800,60-40,GOOD,TURF,"TURF - ""A"" Course",570000,12,HK_2002_C370,2,DRAGON STRIDE,CC370,NZ,Southern,,58,55,Bay,Gelding,Grosvenor,Ocean Pearl,Crested Wave Same,0,0,0,0,0,0.0,0.0,0.0,0.0,0.0,0.0,10,False,False,C W Wong,T K Ng,121,1132,9,4-1/2,1:51.80,22.0,https://racing.hkjc.com/en-us/local/information/otherhorse?horseid=HK_2002_C370&Option=1,2026-09-04T13:52:14Z,https://racing.hkjc.com/en-us/local/information/archive/localresults?racedate=2006/06/07&racecourse=HV&RaceNo=3
HV_20060607_R03_HK_2004_E291,HV_20060607_R03,2006-06-07,HV,Happy Valley,3,655,MAN YIU HANDICAP,4,1800,60-40,GOOD,TURF,"TURF - ""A"" Course",570000,12,HK_2004_E291,4,PILLOW KING,CE291,GER,Northern,,55,51,Chestnut,Gelding,Big Shuffle,Katah,Arazi Same,2,0,0,0,0,0.0,0.0,0.0,0.0,0.0,0.0,11,False,False,H K Yim,S Woods,126,1043,7,6-1/2,1:52.10,26.0,https://racing.hkjc.com/en-us/local/information/otherhorse?horseid=HK_2004_E291&Option=1,2026-09-04T13:19:28Z,https://racing.hkjc.com/en-us/local/information/archive/localresults?racedate=2006/06/07&racecourse=HV&RaceNo=3
HV_20060607_R03_HK_2005_G067,HV_20060607_R03,2006-06-07,HV,Happy Valley,3,655,MAN YIU HANDICAP,4,1800,60-40,GOOD,TURF,"TURF - ""A"" Course",570000,12,HK_2005_G067,7,SUPER BONUS,CG067,NZ,Southern,,48,45,Bay,Gelding,Align,Super Reason,Sound Reason Same,0,0,0,0,0,0.0,0.0,0.0,0.0,0.0,0.0,12,False,False,K L Chui,D E Ferraris,111,1086,4,8-3/4,1:52.50,70.0,https://racing.hkjc.com/en-us/local/information/otherhorse?horseid=HK_2005_G067&Option=1,2026-09-04T13:52:17Z,https://racing.hkjc.com/en-us/local/information/archive/localresults?racedate=2006/06/07&racecourse=HV&RaceNo=3
HV_20060607_R04_HK_2005_G169,HV_20060607_R04,2006-06-07,HV,Happy Valley,4,656,HARBOUR VIEW HANDICAP,4,1200,60-40,GOOD,TURF,"TURF - ""A"" Course",570000,12,HK_2005_G169,6,NOBLE CONQUEROR,CG169,AUS,Southern,,52,60,Bay,Gelding,Danehill,Target Figure,Diesis Same,0,0,0,0,0,0.0,0.0,0.56,319200.0,0.0,319200.0,1,True,True,B Prebble,C Fownes,122,1118,6,---,1:10.50,3.8,https://racing.hkjc.com/en-us/local/information/otherhorse?horseid=HK_2005_G169&Option=1,2026-09-04T13:52:22Z,https://racing.hkjc.com/en-us/local/information/archive/localresults?racedate=2006/06/07&racecourse=HV&RaceNo=4
HV_20060607_R04_HK_2000_A343,HV_20060607_R04,2006-06-07,HV,Happy Valley,4,656,HARBOUR VIEW HANDICAP,4,1200,60-40,GOOD,TURF,"TURF - ""A"" Course",570000,12,HK_2000_A343,5,GOLDEN STRIDE,CA343,IRE,Northern,,55.0,54.0,Bay,Gelding,Perugino,Trilby's Dream,Mansooj Same,1,0,0,0,0,0.0,0.0,0.21,119700.0,0.0,119700.0,2,False,True,H W Lai,P F Yiu,118,1185,8,2,1:10.80,26.0,https://racing.hkjc.com/en-us/local/information/otherhorse?horseid=HK_2000_A343&Option=1,2026-09-04T13:52:25Z,https://racing.hkjc.com/en-us/local/information/archive/localresults?racedate=2006/06/07&racecourse=HV&RaceNo=4
HV_20060607_R04_HK_2001_B377,HV_20060607_R04,2006-06-07,HV,Happy Valley,4,656,HARBOUR VIEW HANDICAP,4,1200,60-40,GOOD,TURF,"TURF - ""A"" Course",570000,12,HK_2001_B377,10,WISDOM EXPRESS,CB377,NZ,Southern,,47.0,47,Chestnut,Gelding,Woodbury Lad,Summer Time Blue,Blue Razor Same,2,0,0,0,0,0.0,0.0,0.115,65550.0,27000.0,92550.0,3,False,True,K T Yeung,A T Millard,108,1084,1,2-1/2,1:10.90,10.0,https://racing.hkjc.com/en-us/local/information/otherhorse?horseid=HK_2001_B377&Option=1,2026-09-04T13:15:01Z,https://racing.hkjc.com/en-us/local/information/archive/localresults?racedate=2006/06/07&racecourse=HV&RaceNo=4
HV_20060607_R04_HK_2003_D244,HV_20060607_R04,2006-06-07,HV,Happy Valley,4,656,HARBOUR VIEW HANDICAP,4,1200,60-40,GOOD,TURF,"TURF - ""A"" Course",570000,12,HK_2003_D244,1,DRAGON AND GOLD,CD244,AUS,Southern,,60.0,57.0,Bay / Brown,Gelding,Last Tycoon,Grey Sneakers,Spectacular Spy Same,1,0,0,0,0,0.0,0.0,0.06,34200.0,0.0,34200.0,4,False,False,D Whyte,C H Yip,130,1114,2,2-3/4,1:10.90,3.3,https://racing.hkjc.com/en-us/local/information/otherhorse?horseid=HK_2003_D244&Option=1,2026-09-04T13:52:28Z,https://racing.hkjc.com/en-us/local/information/archive/localresults?racedate=2006/06/07&racecourse=HV&RaceNo=4
HV_20060607_R04_HK_2004_E205,HV_20060607_R04,2006-06-07,HV,Happy Valley,4,656,HARBOUR VIEW HANDICAP,4,1200,60-40,GOOD,TURF,"TURF - ""A"" Course",570000,12,HK_2004_E205,11,SPY KING,CE205,USA,Northern,,46,44,Chestnut,Gelding,Distant View,Regal Princess,Royal And Regal Same,1,0,0,0,0,0.0,0.0,0.055,31350.0,0.0,31350.0,5,False,False,Y T Cheng,B K Ng,114,1072,5,3-3/4,1:11.10,7.2,https://racing.hkjc.com/en-us/local/information/otherhorse?horseid=HK_2004_E205&Option=1,2026-09-04T13:52:31Z,https://racing.hkjc.com/en-us/local/information/archive/localresults?racedate=2006/06/07&racecourse=HV&RaceNo=4
HV_20060607_R04_HK_2002_C024,HV_20060607_R04,2006-06-07,HV,Happy Valley,4,656,HARBOUR VIEW HANDICAP,4,1200,60-40,GOOD,TURF,"TURF - ""A"" Course",570000,12,HK_2002_C024,3,KINGSTON WINNER,CC024,NZ,Southern,,59,57,Grey,Gelding,Krasnopolski,Awesome Magic,Shannon Same,2,0,0,0,0,0.0,0.0,0.0,0.0,41250.0,41250.0,6,False,False,K S Yu,T K Ng,126,1070,7,3-3/4,1:11.10,26.0,https://racing.hkjc.com/en-us/local/information/otherhorse?horseid=HK_2002_C024&Option=1,2026-09-04T13:52:33Z,https://racing.hkjc.com/en-us/local/information/archive/localresults?racedate=2006/06/07&racecourse=HV&RaceNo=4
HV_20060607_R04_HK_2005_G068,HV_20060607_R04,2006-06-07,HV,Happy Valley,4,656,HARBOUR VIEW HANDICAP,4,1200,60-40,GOOD,TURF,"TURF - ""A"" Course",570000,12,HK_2005_G068,7,TATTENHALL DELIGHT,CG068,NZ,Southern,,52,52,Bay,Gelding,Green Perfume,Regal Servant,Vice Regal Same,0,0,0,0,0,0.0,0.0,0.0,0.0,0.0,0.0,7,False,False,H K Yim,T W Leung,120,1067,4,4-1/4,1:11.20,33.0,https://racing.hkjc.com/en-us/local/information/otherhorse?horseid=HK_2005_G068&Option=1,2026-09-04T13:52:36Z,https://racing.hkjc.com/en-us/local/information/archive/localresults?racedate=2006/06/07&racecourse=HV&RaceNo=4
HV_20060607_R04_HK_2003_D278,HV_20060607_R04,2006-06-07,HV,Happy Valley,4,656,HARBOUR VIEW HANDICAP,4,1200,60-40,GOOD,TURF,"TURF - ""A"" Course",570000,12,HK_2003_D278,9,GOOD TO GREAT,CD278,AUS,Southern,,47.0,47.0,Bay,Gelding,Fasliyev,Aroma,Turf Ruler Same,2,0,0,0,0,0.0,0.0,0.0,0.0,0.0,0.0,8,False,False,F Coetzee,Y S Tsui,117,1107,10,5-1/4,1:11.30,26.0,https://racing.hkjc.com/en-us/local/information/otherhorse?horseid=HK_2003_D278&Option=1,2026-09-04T13:16:58Z,https://racing.hkjc.com/en-us/local/information/archive/localresults?racedate=2006/06/07&racecourse=HV&RaceNo=4
HV_20060607_R04_HK_2004_E243,HV_20060607_R04,2006-06-07,HV,Happy Valley,4,656,HARBOUR VIEW HANDICAP,4,1200,60-40,GOOD,TURF,"TURF - ""A"" Course",570000,12,HK_2004_E243,4,FUNTRAP,CE243,NZ,Southern,,58,57,Brown,Gelding,Sandtrap,Ar Bid Arva,Victory Dance Same,1,0,0,0,0,0.0,0.0,0.0,0.0,0.0,0.0,9,False,False,G Schofield,J Size,128,1062,11,5-1/4,1:11.40,28.0,https://racing.hkjc.com/en-us/local/information/otherhorse?horseid=HK_2004_E243&Option=1,2026-09-04T13:52:39Z,https://racing.hkjc.com/en-us/local/information/archive/localresults?racedate=2006/06/07&racecourse=HV&RaceNo=4
HV_20060607_R04_HK_2002_C193,HV_20060607_R04,2006-06-07,HV,Happy Valley,4,656,HARBOUR VIEW HANDICAP,4,1200,60-40,GOOD,TURF,"TURF - ""A"" Course",570000,12,HK_2002_C193,8,HEALTHY FRUITS,CC193,IRE,Northern,,49,49,Bay,Gelding,Danehill,Trust In Luck,Nashwan Same,1,0,0,0,0,0.0,0.0,0.0,0.0,0.0,0.0,10,False,False,D Dunn,K L Man,119,1036,9,5-1/2,1:11.40,16.0,https://racing.hkjc.com/en-us/local/information/otherhorse?horseid=HK_2002_C193&Option=1,2026-09-04T13:52:42Z,https://racing.hkjc.com/en-us/local/information/archive/localresults?racedate=2006/06/07&racecourse=HV&RaceNo=4
HV_20060607_R04_HK_2004_E274,HV_20060607_R04,2006-06-07,HV,Happy Valley,4,656,HARBOUR VIEW HANDICAP,4,1200,60-40,GOOD,TURF,"TURF - ""A"" Course",570000,12,HK_2004_E274,2,PROFIT HILL,CE274,AUS,Southern,,60,58,Bay,Gelding,Danzero,Willow Flight,Alquoz Same,0,0,0,0,0,0.0,0.0,0.0,0.0,0.0,0.0,11,False,False,K L Chui,S Woods,120,1012,3,5-3/4,1:11.40,9.2,https://racing.hkjc.com/en-us/local/information/otherhorse?horseid=HK_2004_E274&Option=1,2026-09-04T13:52:45Z,https://racing.hkjc.com/en-us/local/information/archive/localresults?racedate=2006/06/07&racecourse=HV&RaceNo=4
HV_20060607_R04_HK_2004_E093,HV_20060607_R04,2006-06-07,HV,Happy Valley,4,656,HARBOUR VIEW HANDICAP,4,1200,60-40,GOOD,TURF,"TURF - ""A"" Course",570000,12,HK_2004_E093,12,SUPERB,CE093,AUS,Southern,,45,41,Brown,Gelding,Bigstone,Pish Kesh,Sure Blade Same,2,0,0,0,0,0.0,0.0,0.0,0.0,34200.0,34200.0,12,False,False,C Munce,P O'Sullivan,115,1077,12,8-1/2,1:11.90,14.0,https://racing.hkjc.com/en-us/local/information/otherhorse?horseid=HK_2004_E093&Option=1,2026-09-04T13:52:47Z,https://racing.hkjc.com/en-us/local/information/archive/localresults?racedate=2006/06/07&racecourse=HV&RaceNo=4
HV_20060607_R05_HK_2002_C378,HV_20060607_R05,2006-06-07,HV,Happy Valley,5,657,THE HONG KONG EXCHANGES CHALLENGE CUP (HANDICAP),3,1650,80-60,GOOD,TURF,"TURF - ""A"" Course",750000,12,HK_2002_C378,9,FORTUNE BOY,CC378,AUS,Southern,,68,74,Chestnut,Gelding,Woodman,Burning Embers,Zoffany Same,2,0,0,0,0,0.0,0.0,0.56,420000.0,45000.0,465000.0,1,True,True,G Schofield,Y S Tsui,121,1213,1,---,1:40.90,9.6,https://racing.hkjc.com/en-us/local/information/otherhorse?horseid=HK_2002_C378&Option=1,2026-09-04T13:52:52Z,https://racing.hkjc.com/en-us/local/information/archive/localresults?racedate=2006/06/07&racecourse=HV&RaceNo=5
HV_20060607_R05_HK_2002_C188,HV_20060607_R05,2006-06-07,HV,Happy Valley,5,657,THE HONG KONG EXCHANGES CHALLENGE CUP (HANDICAP),3,1650,80-60,GOOD,TURF,"TURF - ""A"" Course",750000,12,HK_2002_C188,3,SHANGHAI KING,CC188,GB,Northern,,75,77,Bay,Gelding,Royal Applause,Without Warning,Warning Same,1,0,0,0,0,0.0,0.0,0.21,157500.0,41250.0,198750.0,2,False,True,F Coetzee,A S Cruz,128,994,7,3/4,1:41.00,8.0,https://racing.hkjc.com/en-us/local/information/otherhorse?horseid=HK_2002_C188&Option=1,2026-09-04T13:52:55Z,https://racing.hkjc.com/en-us/local/information/archive/localresults?racedate=2006/06/07&racecourse=HV&RaceNo=5
HV_20060607_R05_HK_2004_E172,HV_20060607_R05,2006-06-07,HV,Happy Valley,5,657,THE HONG KONG EXCHANGES CHALLENGE CUP (HANDICAP),3,1650,80-60,GOOD,TURF,"TURF - ""A"" Course",750000,12,HK_2004_E172,12,SAMBUOYANT,CE172,AUS,Southern,,60,61,Bay,Gelding,Flying Spur,Novinka,Canny Lad Same,0,0,0,0,0,0.0,0.0,0.115,86250.0,0.0,86250.0,3,False,True,M W Leung,P O'Sullivan,108,1192,12,1-1/2,1:41.20,39.0,https://racing.hkjc.com/en-us/local/information/otherhorse?horseid=HK_2004_E172&Option=1,2026-09-04T13:52:58Z,https://racing.hkjc.com/en-us/local/information/archive/localresults?racedate=2006/06/07&racecourse=HV&RaceNo=5
HV_20060607_R05_HK_2001_B413,HV_20060607_R05,2006-06-07,HV,Happy Valley,5,657,THE HONG KONG EXCHANGES CHALLENGE CUP (HANDICAP),3,1650,80-60,GOOD,TURF,"TURF - ""A"" Course",750000,12,HK_2001_B413,1,MIGHTY HUGO,CB413,NZ,Southern,,80,80,Bay,Gelding,Zabeel,She Might Hula,Caucasus Same,1,0,0,0,0,0.0,0.0,0.06,45000.0,60000.0,105000.0,4,False,False,D Whyte,J Size,133,1196,8,2-1/4,1:41.20,5.9,https://racing.hkjc.com/en-us/local/information/otherhorse?horseid=HK_2001_B413&Option=1,2026-09-04T13:53:01Z,https://racing.hkjc.com/en-us/local/information/archive/localresults?racedate=2006/06/07&racecourse=HV&RaceNo=5
HV_20060607_R05_HK_2004_E132,HV_20060607_R05,2006-06-07,HV,Happy Valley,5,657,THE HONG KONG EXCHANGES CHALLENGE CUP (HANDICAP),3,1650,80-60,GOOD,TURF,"TURF - ""A"" Course",750000,12,HK_2004_E132,4,CARRIZO CREEK,CE132,IRE,Northern,,74,74,Bay,Gelding,Charnwood Forest,Violet Spring,Exactly Sharp Same,2,0,0,0,0,0.0,0.0,0.055,41250.0,0.0,41250.0,5,False,False,C Munce,D E Ferraris,127,1089,5,2-1/2,1:41.30,2.8,https://racing.hkjc.com/en-us/local/information/otherhorse?horseid=HK_2004_E132&Option=1,2026-09-04T13:21:09Z,https://racing.hkjc.com/en-us/local/information/archive/localresults?racedate=2006/06/07&racecourse=HV&RaceNo=5
HV_20060607_R05_HK_2005_G216,HV_20060607_R05,2006-06-07,HV,Happy Valley,5,657,THE HONG KONG EXCHANGES CHALLENGE CUP (HANDICAP),3,1650,80-60,GOOD,TURF,"TURF - ""A"" Course",750000,12,HK_2005_G216,8,VICTORY START,CG216,AUS,Southern,,69,64,Chestnut,Gelding,Grand Lodge,Argentum Start,Kenmare Same,0,0,0,0,0,0.0,0.0,0.0,0.0,0.0,0.0,6,False,False,W M Lai,T K Ng,120,1036,3,2-3/4,1:41.30,47.0,https://racing.hkjc.com/en-us/local/information/otherhorse?horseid=HK_2005_G216&Option=1,2026-09-04T13:53:03Z,https://racing.hkjc.com/en-us/local/information/archive/localresults?racedate=2006/06/07&racecourse=HV&RaceNo=5
HV_20060607_R05_HK_2004_E066,HV_20060607_R05,2006-06-07,HV,Happy Valley,5,657,THE HONG KONG EXCHANGES CHALLENGE CUP (HANDICAP),3,1650,80-60,GOOD,TURF,"TURF - ""A"" Course",750000,12,HK_2004_E066,6,FRIENDSHIP,CE066,AUS,Southern,,69,69,Bay,Gelding,Desert Prince,Platazaan,Zamazaan Same,1,0,0,0,0,0.0,0.0,0.0,0.0,0.0,0.0,7,False,False,C W Wong,C S Shum,112,1040,11,2-3/4,1:41.30,8.8,https://racing.hkjc.com/en-us/local/information/otherhorse?horseid=HK_2004_E066&Option=1,2026-09-04T13:53:06Z,https://racing.hkjc.com/en-us/local/information/archive/localresults?racedate=2006/06/07&racecourse=HV&RaceNo=5
HV_20060607_R05_HK_2001_B291,HV_20060607_R05,2006-06-07,HV,Happy Valley,5,657,THE HONG KONG EXCHANGES CHALLENGE CUP (HANDICAP),3,1650,80-60,GOOD,TURF,"TURF - ""A"" Course",750000,12,HK_2001_B291,10,WINNING SUNSHINE,CB291,AUS,Southern,,65.0,63,Bay,Gelding,Danehill,Sea Almond,Nureyev Same,1,0,0,0,0,0.0,0.0,0.0,0.0,0.0,0.0,8,False,False,H W Lai,C H Yip,111,1157,10,3-1/4,1:41.40,10.0,https://racing.hkjc.com/en-us/local/information/otherhorse?horseid=HK_2001_B291&Option=1,2026-09-04T13:53:09Z,https://racing.hkjc.com/en-us/local/information/archive/localresults?racedate=2006/06/07&racecourse=HV&RaceNo=5
HV_20060607_R05_HK_2004_E152,HV_20060607_R05,2006-06-07,HV,Happy Valley,5,657,THE HONG KONG EXCHANGES CHALLENGE CUP (HANDICAP),3,1650,80-60,GOOD,TURF,"TURF - ""A"" Course",750000,12,HK_2004_E152,5,CAPITALAND,CE152,IRE,Northern,,71,70,Bay,Gelding,Vettori,Fullfilling,Red Ransom Same,2,0,0,0,0,0.0,0.0,0.0,0.0,45000.0,45000.0,9,False,False,H K Yim,S Woods,122,1037,4,4-3/4,1:41.60,8.9,https://racing.hkjc.com/en-us/local/information/otherhorse?horseid=HK_2004_E152&Option=1,2026-09-04T13:53:12Z,https://racing.hkjc.com/en-us/local/information/archive/localresults?racedate=2006/06/07&racecourse=HV&RaceNo=5
HV_20060607_R05_HK_2005_G249,HV_20060607_R05,2006-06-07,HV,Happy Valley,5,657,THE HONG KONG EXCHANGES CHALLENGE CUP (HANDICAP),3,1650,80-60,GOOD,TURF,"TURF - ""A"" Course",750000,12,HK_2005_G249,7,PERFECT TIME,CG249,AUS,Southern,,69,62,Bay / Brown,Gelding,Last Tycoon,Act Of Grace,Top Of The Pack Same,0,0,0,0,0,0.0,0.0,0.0,0.0,0.0,0.0,10,False,False,B Prebble,J Moore,122,1166,9,5-1/4,1:41.70,18.0,https://racing.hkjc.com/en-us/local/information/otherhorse?horseid=HK_2005_G249&Option=1,2026-09-04T13:53:15Z,https://racing.hkjc.com/en-us/local/information/archive/localresults?racedate=2006/06/07&racecourse=HV&RaceNo=5
HV_20060607_R05_HK_2002_C256,HV_20060607_R05,2006-06-07,HV,Happy Valley,5,657,THE HONG KONG EXCHANGES CHALLENGE CUP (HANDICAP),3,1650,80-60,GOOD,TURF,"TURF - ""A"" Course",750000,12,HK_2002_C256,2,SANBENITO,CC256,IRE,Northern,,79,72,Bay,Gelding,Elbio,Inter Madera,Toca Madera Same,1,0,0,0,0,0.0,0.0,0.0,0.0,0.0,0.0,11,False,False,R Quinn,D Oughton,132,1192,2,5-1/4,1:41.70,50.0,https://racing.hkjc.com/en-us/local/information/otherhorse?horseid=HK_2002_C256&Option=1,2026-09-04T13:53:17Z,https://racing.hkjc.com/en-us/local/information/archive/localresults?racedate=2006/06/07&racecourse=HV&RaceNo=5
HV_20060607_R05_HK_2003_D064,HV_20060607_R05,2006-06-07,HV,Happy Valley,5,657,THE HONG KONG EXCHANGES CHALLENGE CUP (HANDICAP),3,1650,80-60,GOOD,TURF,"TURF - ""A"" Course",750000,12,HK_2003_D064,11,SUPER BALL,CD064,NZ,Southern,,64,63,Chestnut,Gelding,Kashani,So Soon,So Vain Same,2,1,0,0,1,0.5,0.5,0.0,0.0,319200.0,319200.0,12,False,False,D Dunn,C W Chang,117,1153,6,6,1:41.90,55.0,https://racing.hkjc.com/en-us/local/information/otherhorse?horseid=HK_2003_D064&Option=1,2026-09-04T13:53:20Z,https://racing.hkjc.com/en-us/local/information/archive/localresults?racedate=2006/06/07&racecourse=HV&RaceNo=5
HV_20060607_R06_HK_2002_C108,HV_20060607_R06,2006-06-07,HV,Happy Valley,6,658,LI YUEN HANDICAP,4,1650,60-40,GOOD,TURF,"TURF - ""A"" Course",570000,12,HK_2002_C108,12,CHINOOK,CC108,USA,Northern,,43,49,Chestnut,Gelding,Nureyev,Mr P's Princess,Mr Prospector Same,1,0,0,0,0,0.0,0.0,0.56,319200.0,0.0,319200.0,1,True,True,A Delpech,D E Ferraris,115,1184,11,---,1:41.10,25.0,https://racing.hkjc.com/en-us/local/information/otherhorse?horseid=HK_2002_C108&Option=1,2026-09-04T13:53:26Z,https://racing.hkjc.com/en-us/local/information/archive/localresults?racedate=2006/06/07&racecourse=HV&RaceNo=6
HV_20060607_R06_HK_2001_B239,HV_20060607_R06,2006-06-07,HV,Happy Valley,6,658,LI YUEN HANDICAP,4,1650,60-40,GOOD,TURF,"TURF - ""A"" Course",570000,12,HK_2001_B239,6,THUNDER MAN,CB239,AUS,Southern,,56.0,58.0,Bay,Gelding,Thunder Gulch,Poetique,Our Poetic Prince Same,1,0,0,0,0,0.0,0.0,0.21,119700.0,0.0,119700.0,2,False,True,D Whyte,Y S Tsui,126,1041,3,3/4,1:41.20,6.6,https://racing.hkjc.com/en-us/local/information/otherhorse?horseid=HK_2001_B239&Option=1,2026-09-04T13:53:29Z,https://racing.hkjc.com/en-us/local/information/archive/localresults?racedate=2006/06/07&racecourse=HV&RaceNo=6
HV_20060607_R06_HK_2003_D381,HV_20060607_R06,2006-06-07,HV,Happy Valley,6,658,LI YUEN HANDICAP,4,1650,60-40,GOOD,TURF,"TURF - ""A"" Course",570000,12,HK_2003_D381,4,JUBILOSO,CD381,NZ,Southern,,56,57,Bay,Gelding,Cape Cross,Endless Joy,Centaine Same,2,1,0,1,2,0.5,1.0,0.115,65550.0,384750.0,450300.0,3,False,True,B Prebble,D J Hall,126,1098,12,1-1/4,1:41.30,10.0,https://racing.hkjc.com/en-us/local/information/otherhorse?horseid=HK_2003_D381&Option=1,2026-09-04T13:53:32Z,https://racing.hkjc.com/en-us/local/information/archive/localresults?racedate=2006/06/07&racecourse=HV&RaceNo=6
HV_20060607_R06_HK_2003_D162,HV_20060607_R06,2006-06-07,HV,Happy Valley,6,658,LI YUEN HANDICAP,4,1650,60-40,GOOD,TURF,"TURF - ""A"" Course",570000,12,HK_2003_D162,5,SUPER FANTASY,CD162,AUS,Southern,,56,56,Chestnut,Gelding,Marscay,Chase The Chick,Kenmare Same,1,0,0,0,0,0.0,0.0,0.06,34200.0,0.0,34200.0,4,False,False,C Munce,K W Lui,126,1068,9,2-1/4,1:41.40,7.9,https://racing.hkjc.com/en-us/local/information/otherhorse?horseid=HK_2003_D162&Option=1,2026-09-04T13:53:35Z,https://racing.hkjc.com/en-us/local/information/archive/localresults?racedate=2006/06/07&racecourse=HV&RaceNo=6
HV_20060607_R06_HK_2002_C326,HV_20060607_R06,2006-06-07,HV,Happy Valley,6,658,LI YUEN HANDICAP,4,1650,60-40,GOOD,TURF,"TURF - ""A"" Course",570000,12,HK_2002_C326,2,HAPPY KID,CC326,NZ,Southern,,57,56,Chestnut,Gelding,Soviet Star,La Rousset,Westminster Same,2,0,1,0,1,0.0,0.5,0.055,31350.0,157500.0,188850.0,5,False,False,C W Wong,P F Yiu,117,1147,4,2-1/4,1:41.40,5.8,https://racing.hkjc.com/en-us/local/information/otherhorse?horseid=HK_2002_C326&Option=1,2026-09-04T13:53:38Z,https://racing.hkjc.com/en-us/local/information/archive/localresults?racedate=2006/06/07&racecourse=HV&RaceNo=6
HV_20060607_R06_HK_2002_C320,HV_20060607_R06,2006-06-07,HV,Happy Valley,6,658,LI YUEN HANDICAP,4,1650,60-40,GOOD,TURF,"TURF - ""A"" Course",570000,12,HK_2002_C320,7,RAIN IN SPRING,CC320,NZ,Southern,,55,54,Brown,Gelding,Rhythm,Irish Wonder,McGinty Same,0,0,0,0,0,0.0,0.0,0.0,0.0,0.0,0.0,6,False,False,D Dunn,C Fownes,125,973,6,3-3/4,1:41.70,4.5,https://racing.hkjc.com/en-us/local/information/otherhorse?horseid=HK_2002_C320&Option=1,2026-09-04T13:53:41Z,https://racing.hkjc.com/en-us/local/information/archive/localresults?racedate=2006/06/07&racecourse=HV&RaceNo=6
HV_20060607_R06_HK_2003_D221,HV_20060607_R06,2006-06-07,HV,Happy Valley,6,658,LI YUEN HANDICAP,4,1650,60-40,GOOD,TURF,"TURF - ""A"" Course",570000,12,HK_2003_D221,10,UPPA HAND,CD221,NZ,Southern,,48,42,Bay,Gelding,Tale Of The Cat,Oh Sister,Marooned Same,0,0,0,0,0,0.0,0.0,0.0,0.0,0.0,0.0,7,False,False,W C Marwing,A Lee,118,1159,2,3-3/4,1:41.70,23.0,https://racing.hkjc.com/en-us/local/information/otherhorse?horseid=HK_2003_D221&Option=1,2026-09-04T13:53:44Z,https://racing.hkjc.com/en-us/local/information/archive/localresults?racedate=2006/06/07&racecourse=HV&RaceNo=6
HV_20060607_R06_HK_2003_D228,HV_20060607_R06,2006-06-07,HV,Happy Valley,6,658,LI YUEN HANDICAP,4,1650,60-40,GOOD,TURF,"TURF - ""A"" Course",570000,12,HK_2003_D228,9,GLOBE RIVER,CD228,NZ,Southern,,48,46,Bay,Gelding,Al Akbar,Lady Jane,Markella Same,0,0,0,0,0,0.0,0.0,0.0,0.0,0.0,0.0,8,False,False,K L Chui,A T Millard,108,1085,7,4-1/2,1:41.80,15.0,https://racing.hkjc.com/en-us/local/information/otherhorse?horseid=HK_2003_D228&Option=1,2026-09-04T13:53:47Z,https://racing.hkjc.com/en-us/local/information/archive/localresults?racedate=2006/06/07&racecourse=HV&RaceNo=6
HV_20060607_R06_HK_2002_C003,HV_20060607_R06,2006-06-07,HV,Happy Valley,6,658,LI YUEN HANDICAP,4,1650,60-40,GOOD,TURF,"TURF - ""A"" Course",570000,12,HK_2002_C003,1,SERIOUS PLAY,CC003,IRE,Northern,,60,60,Bay,Gelding,Brief Truce,Zing Ping,Thatching Same,1,0,0,0,0,0.0,0.0,0.0,0.0,0.0,0.0,9,False,False,H W Lai,L Ho,123,1113,8,5-1/4,1:41.90,12.0,https://racing.hkjc.com/en-us/local/information/otherhorse?horseid=HK_2002_C003&Option=1,2026-09-04T13:53:49Z,https://racing.hkjc.com/en-us/local/information/archive/localresults?racedate=2006/06/07&racecourse=HV&RaceNo=6
HV_20060607_R06_HK_2004_E263,HV_20060607_R06,2006-06-07,HV,Happy Valley,6,658,LI YUEN HANDICAP,4,1650,60-40,GOOD,TURF,"TURF - ""A"" Course",570000,12,HK_2004_E263,3,PROPELLOR,CE263,IRE,Northern,,57,54,Chestnut,Horse,Pivotal,Clunie,Inchinor Same,2,0,0,0,0,0.0,0.0,0.0,0.0,34200.0,34200.0,10,False,False,S Dye,T W Leung,127,1061,1,6-1/4,1:42.10,6.9,https://racing.hkjc.com/en-us/local/information/otherhorse?horseid=HK_2004_E263&Option=1,2026-09-04T13:53:52Z,https://racing.hkjc.com/en-us/local/information/archive/localresults?racedate=2006/06/07&racecourse=HV&RaceNo=6
HV_20060607_R06_HK_2003_D023,HV_20060607_R06,2006-06-07,HV,Happy Valley,6,658,LI YUEN HANDICAP,4,1650,60-40,GOOD,TURF,"TURF - ""A"" Course",570000,12,HK_2003_D023,8,KAO AND MING,CD023,AUS,Southern,,53,52,Chestnut,Gelding,Snippets,Mrs Peron,Kenvain Same,1,0,1,0,1,0.0,1.0,0.0,0.0,119700.0,119700.0,11,False,False,F Coetzee,P O'Sullivan,123,1173,10,6-1/4,1:42.10,15.0,https://racing.hkjc.com/en-us/local/information/otherhorse?horseid=HK_2003_D023&Option=1,2026-09-04T13:53:55Z,https://racing.hkjc.com/en-us/local/information/archive/localresults?racedate=2006/06/07&racecourse=HV&RaceNo=6
HV_20060607_R06_HK_2003_D169,HV_20060607_R06,2006-06-07,HV,Happy Valley,6,658,LI YUEN HANDICAP,4,1650,60-40,GOOD,TURF,"TURF - ""A"" Course",570000,12,HK_2003_D169,11,ALIPES,CD169,CAN,Northern,,45,40,Chestnut,Gelding,Sea Wall,Runalong Dear,Hotfoot Same,0,0,0,0,0,0.0,0.0,0.0,0.0,0.0,0.0,12,False,False,Y T Cheng,Y O Wong,113,980,5,9-3/4,1:42.60,72.0,https://racing.hkjc.com/en-us/local/information/otherhorse?horseid=HK_2003_D169&Option=1,2026-09-04T13:53:58Z,https://racing.hkjc.com/en-us/local/information/archive/localresults?racedate=2006/06/07&racecourse=HV&RaceNo=6
HV_20060607_R07_HK_2002_C319,HV_20060607_R07,2006-06-07,HV,Happy Valley,7,659,GILMAN HANDICAP,3,1650,80-60,GOOD,TURF,"TURF - ""A"" Course",750000,12,HK_2002_C319,10,FREEBIRD,CC319,IRE,Northern,,66,71,Chestnut,Gelding,Titus Livius,Serious Delight,Lomond Same,2,0,0,0,0,0.0,0.0,0.56,420000.0,90000.0,510000.0,1,True,True,A Delpech,D Cruz,117,1083,10,---,1:41.70,9.6,https://racing.hkjc.com/en-us/local/information/otherhorse?horseid=HK_2002_C319&Option=1,2026-09-04T13:54:03Z,https://racing.hkjc.com/en-us/local/information/archive/localresults?racedate=2006/06/07&racecourse=HV&RaceNo=7
HV_20060607_R07_HK_2001_B452,HV_20060607_R07,2006-06-07,HV,Happy Valley,7,659,GILMAN HANDICAP,3,1650,80-60,GOOD,TURF,"TURF - ""A"" Course",750000,12,HK_2001_B452,12,DANEHILL WARRIOR,CB452,AUS,Southern,,62,64,Bay,Gelding,Danehill,La Favorita,Seattle Dancer Same,1,0,0,0,0,0.0,0.0,0.21,157500.0,0.0,157500.0,2,False,True,Y T Cheng,K W Lui,113,1022,7,N,1:41.80,13.0,https://racing.hkjc.com/en-us/local/information/otherhorse?horseid=HK_2001_B452&Option=1,2026-09-04T13:54:06Z,https://racing.hkjc.com/en-us/local/information/archive/localresults?racedate=2006/06/07&racecourse=HV&RaceNo=7
HV_20060607_R07_HK_2004_E302,HV_20060607_R07,2006-06-07,HV,Happy Valley,7,659,GILMAN HANDICAP,3,1650,80-60,GOOD,TURF,"TURF - ""A"" Course",750000,12,HK_2004_E302,2,VISIONNAIRE,CE302,NZ,Southern,,75,75,Brown,Gelding,Kingdom Bay,Random Quest,Random Chance Same,2,0,0,2,2,0.0,1.0,0.115,86250.0,172500.0,258750.0,3,False,True,C Munce,P O'Sullivan,126,1082,6,2,1:42.00,6.2,https://racing.hkjc.com/en-us/local/information/otherhorse?horseid=HK_2004_E302&Option=1,2026-09-04T13:54:08Z,https://racing.hkjc.com/en-us/local/information/archive/localresults?racedate=2006/06/07&racecourse=HV&RaceNo=7
HV_20060607_R07_HK_2003_D055,HV_20060607_R07,2006-06-07,HV,Happy Valley,7,659,GILMAN HANDICAP,3,1650,80-60,GOOD,TURF,"TURF - ""A"" Course",750000,12,HK_2003_D055,8,SPARKLING STAR,CD055,AUS,Southern,,69,69,Chestnut,Gelding,Defecting Dancer,Surprise Box,Daumier Same,2,1,0,0,1,0.5,0.5,0.06,45000.0,420000.0,465000.0,4,False,False,D Whyte,Y S Tsui,120,1143,3,2,1:42.00,6.6,https://racing.hkjc.com/en-us/local/information/otherhorse?horseid=HK_2003_D055&Option=1,2026-09-04T13:54:11Z,https://racing.hkjc.com/en-us/local/information/archive/localresults?racedate=2006/06/07&racecourse=HV&RaceNo=7
HV_20060607_R07_HK_2003_D238,HV_20060607_R07,2006-06-07,HV,Happy Valley,7,659,GILMAN HANDICAP,3,1650,80-60,GOOD,TURF,"TURF - ""A"" Course",750000,12,HK_2003_D238,1,NOBLE SILENCE,CD238,ZIM,Southern,,80,78,Brown,Gelding,Hallgate,Gold Sheen,Tilden Same,2,0,1,0,1,0.0,0.5,0.055,41250.0,210000.0,251250.0,5,False,False,S Dye,D E Ferraris,131,1060,8,3,1:42.20,9.9,https://racing.hkjc.com/en-us/local/information/otherhorse?horseid=HK_2003_D238&Option=1,2026-09-04T13:54:14Z,https://racing.hkjc.com/en-us/local/information/archive/localresults?racedate=2006/06/07&racecourse=HV&RaceNo=7
HV_20060607_R07_HK_2005_G154,HV_20060607_R07,2006-06-07,HV,Happy Valley,7,659,GILMAN HANDICAP,3,1650,80-60,GOOD,TURF,"TURF - ""A"" Course",750000,12,HK_2005_G154,4,MY BROTHER,CG154,GB,Northern,,78,76,Bay,Gelding,Most Welcome,Ewenny,Warrshan Same,0,0,0,0,0,0.0,0.0,0.0,0.0,0.0,0.0,6,False,False,H W Lai,J Moore,117,1102,12,3-1/2,1:42.30,40.0,https://racing.hkjc.com/en-us/local/information/otherhorse?horseid=HK_2005_G154&Option=1,2026-09-04T13:54:17Z,https://racing.hkjc.com/en-us/local/information/archive/localresults?racedate=2006/06/07&racecourse=HV&RaceNo=7
HV_20060607_R07_HK_2004_E286,HV_20060607_R07,2006-06-07,HV,Happy Valley,7,659,GILMAN HANDICAP,3,1650,80-60,GOOD,TURF,"TURF - ""A"" Course",750000,12,HK_2004_E286,3,REGAL THRILLS,CE286,AUS,Southern,,74,72,Bay,Mare,Royal Academy,Soleil Rouge,Red Tempo Same,0,0,0,0,0,0.0,0.0,0.0,0.0,0.0,0.0,7,False,False,W C Marwing,A Lee,125,1106,9,3-3/4,1:42.30,11.0,https://racing.hkjc.com/en-us/local/information/otherhorse?horseid=HK_2004_E286&Option=1,2026-09-04T13:54:20Z,https://racing.hkjc.com/en-us/local/information/archive/localresults?racedate=2006/06/07&racecourse=HV&RaceNo=7
HV_20060607_R07_HK_2002_C227,HV_20060607_R07,2006-06-07,HV,Happy Valley,7,659,GILMAN HANDICAP,3,1650,80-60,GOOD,TURF,"TURF - ""A"" Course",750000,12,HK_2002_C227,7,SPEEDING MOLLY,CC227,IRE,Northern,,71.0,71.0,Bay,Gelding,Indian Ridge,Shauna's Honey,Danehill Same,1,0,0,0,0,0.0,0.0,0.0,0.0,0.0,0.0,8,False,False,K L Chui,A T Millard,112,975,1,4-3/4,1:42.50,5.0,https://racing.hkjc.com/en-us/local/information/otherhorse?horseid=HK_2002_C227&Option=1,2026-09-04T13:54:23Z,https://racing.hkjc.com/en-us/local/information/archive/localresults?racedate=2006/06/07&racecourse=HV&RaceNo=7
HV_20060607_R07_HK_2003_D071,HV_20060607_R07,2006-06-07,HV,Happy Valley,7,659,GILMAN HANDICAP,3,1650,80-60,GOOD,TURF,"TURF - ""A"" Course",750000,12,HK_2003_D071,5,MR COOL,CD071,IRE,Northern,,72,71,Chestnut,Gelding,Alhaarth,Seduce,Pursuit Of Love Same,0,0,0,0,0,0.0,0.0,0.0,0.0,0.0,0.0,9,False,False,K T Yeung,K L Man,113,1107,5,5,1:42.50,22.0,https://racing.hkjc.com/en-us/local/information/otherhorse?horseid=HK_2003_D071&Option=1,2026-09-04T13:54:26Z,https://racing.hkjc.com/en-us/local/information/archive/localresults?racedate=2006/06/07&racecourse=HV&RaceNo=7
HV_20060607_R07_HK_2003_D096,HV_20060607_R07,2006-06-07,HV,Happy Valley,7,659,GILMAN HANDICAP,3,1650,80-60,GOOD,TURF,"TURF - ""A"" Course",750000,12,HK_2003_D096,9,FORTUNE WARRIOR,CD096,NZ,Southern,,68,66,Bay,Gelding,Bahhare,Shivers,Half Iced Same,2,0,1,0,1,0.0,0.5,0.0,0.0,157500.0,157500.0,10,False,False,W M Lai,T W Leung,117,1042,11,6-3/4,1:42.80,40.0,https://racing.hkjc.com/en-us/local/information/otherhorse?horseid=HK_2003_D096&Option=1,2026-09-04T13:54:29Z,https://racing.hkjc.com/en-us/local/information/archive/localresults?racedate=2006/06/07&racecourse=HV&RaceNo=7
HV_20060607_R07_HK_2004_E171,HV_20060607_R07,2006-06-07,HV,Happy Valley,7,659,GILMAN HANDICAP,3,1650,80-60,GOOD,TURF,"TURF - ""A"" Course",750000,12,HK_2004_E171,6,SIAMERIC TE SPECSO,CE171,AUS,Southern,,72,72,Chestnut,Gelding,Way Of Light,Rock A Little,Boucher Same,0,0,0,0,0,0.0,0.0,0.0,0.0,0.0,0.0,11,False,False,B Prebble,D J Hall,123,1102,2,8,1:43.00,4.9,https://racing.hkjc.com/en-us/local/information/otherhorse?horseid=HK_2004_E171&Option=1,2026-09-04T13:54:31Z,https://racing.hkjc.com/en-us/local/information/archive/localresults?racedate=2006/06/07&racecourse=HV&RaceNo=7
HV_20060607_R07_HK_2003_D300,HV_20060607_R07,2006-06-07,HV,Happy Valley,7,659,GILMAN HANDICAP,3,1650,80-60,GOOD,TURF,"TURF - ""A"" Course",750000,12,HK_2003_D300,11,GRAND COMMANDS,CD300,AUS,Southern,,66.0,65,Brown,Gelding,Commands,Kristofle,Kris Same,1,0,0,0,0,0.0,0.0,0.0,0.0,0.0,0.0,12,False,False,C K Tong,B K Ng,110,1164,4,8-3/4,1:43.10,26.0,https://racing.hkjc.com/en-us/local/information/otherhorse?horseid=HK_2003_D300&Option=1,2026-09-04T13:54:34Z,https://racing.hkjc.com/en-us/local/information/archive/localresults?racedate=2006/06/07&racecourse=HV&RaceNo=7
HV_20060607_R08_HK_2003_D052,HV_20060607_R08,2006-06-07,HV,Happy Valley,8,660,DOUGLAS HANDICAP,2,1650,100-80,GOOD,TURF,"TURF - ""A"" Course",1000000,12,HK_2003_D052,1,NILOMETER,CD052,FR,Northern,,100,104,Bay,Gelding,Machiavellian,Zakota,Polish Precedent Same,0,0,0,0,0,0.0,0.0,0.56,560000.0,0.0,560000.0,1,True,True,C W Wong,A S Cruz,123,1064,9,---,1:40.70,6.0,https://racing.hkjc.com/en-us/local/information/otherhorse?horseid=HK_2003_D052&Option=1,2026-09-04T13:54:39Z,https://racing.hkjc.com/en-us/local/information/archive/localresults?racedate=2006/06/07&racecourse=HV&RaceNo=8
HV_20060607_R08_HK_2003_D077,HV_20060607_R08,2006-06-07,HV,Happy Valley,8,660,DOUGLAS HANDICAP,2,1650,100-80,GOOD,TURF,"TURF - ""A"" Course",1000000,12,HK_2003_D077,5,RED POWER,CD077,IRE,Northern,,91,94,Bay,Horse,Intikhab,Sabayik,Unfuwain Same,1,0,0,0,0,0.0,0.0,0.21,210000.0,0.0,210000.0,2,False,True,S Dye,C S Shum,124,1037,12,SH,1:40.70,18.0,https://racing.hkjc.com/en-us/local/information/otherhorse?horseid=HK_2003_D077&Option=1,2026-09-04T13:54:42Z,https://racing.hkjc.com/en-us/local/information/archive/localresults?racedate=2006/06/07&racecourse=HV&RaceNo=8
HV_20060607_R08_HK_2004_E255,HV_20060607_R08,2006-06-07,HV,Happy Valley,8,660,DOUGLAS HANDICAP,2,1650,100-80,GOOD,TURF,"TURF - ""A"" Course",1000000,12,HK_2004_E255,2,SOUNDS BEST,CE255,IRE,Northern,,94,95,Bay,Gelding,Intikhab,Lidanna,Nicholas Same,1,1,0,0,1,1.0,1.0,0.115,115000.0,560000.0,675000.0,3,False,True,B Prebble,J Moore,127,1029,7,1-1/4,1:40.90,4.3,https://racing.hkjc.com/en-us/local/information/otherhorse?horseid=HK_2004_E255&Option=1,2026-09-04T13:54:45Z,https://racing.hkjc.com/en-us/local/information/archive/localresults?racedate=2006/06/07&racecourse=HV&RaceNo=8
HV_20060607_R08_HK_2003_D250,HV_20060607_R08,2006-06-07,HV,Happy Valley,8,660,DOUGLAS HANDICAP,2,1650,100-80,GOOD,TURF,"TURF - ""A"" Course",1000000,12,HK_2003_D250,3,GREAT ACHIEVEMENT,CD250,AUS,Southern,,92.0,90.0,Bay,Gelding,Danehill,Tamarind Tree,Last Tycoon Same,1,0,0,1,1,0.0,1.0,0.06,60000.0,115000.0,175000.0,4,False,False,F Coetzee,K L Man,125,1115,6,2-3/4,1:41.10,10.0,https://racing.hkjc.com/en-us/local/information/otherhorse?horseid=HK_2003_D250&Option=1,2026-09-04T13:54:49Z,https://racing.hkjc.com/en-us/local/information/archive/localresults?racedate=2006/06/07&racecourse=HV&RaceNo=8
HV_20060607_R08_HK_2001_B318,HV_20060607_R08,2006-06-07,HV,Happy Valley,8,660,DOUGLAS HANDICAP,2,1650,100-80,GOOD,TURF,"TURF - ""A"" Course",1000000,12,HK_2001_B318,10,SUPER WONGCHOY,CB318,FR,Northern,,82.0,81.0,Bay,Gelding,Brief Truce,Green Sails,Slip Anchor Same,1,0,0,0,0,0.0,0.0,0.055,55000.0,0.0,55000.0,5,False,False,Y T Cheng,Y O Wong,113,1167,1,3-3/4,1:41.30,39.0,https://racing.hkjc.com/en-us/local/information/otherhorse?horseid=HK_2001_B318&Option=1,2026-09-04T13:54:52Z,https://racing.hkjc.com/en-us/local/information/archive/localresults?racedate=2006/06/07&racecourse=HV&RaceNo=8
HV_20060607_R08_HK_2000_A115,HV_20060607_R08,2006-06-07,HV,Happy Valley,8,660,DOUGLAS HANDICAP,2,1650,100-80,GOOD,TURF,"TURF - ""A"" Course",1000000,12,HK_2000_A115,8,CLASSA WIN,CA115,USA,Northern,,84.0,83.0,Chestnut,Gelding,Trempolino,Amyride,Salt Dome Same,1,1,0,0,1,1.0,1.0,0.0,0.0,420000.0,420000.0,6,False,False,H W Lai,L Ho,110,1055,11,4-1/2,1:41.40,28.0,https://racing.hkjc.com/en-us/local/information/otherhorse?horseid=HK_2000_A115&Option=1,2026-09-04T13:54:55Z,https://racing.hkjc.com/en-us/local/information/archive/localresults?racedate=2006/06/07&racecourse=HV&RaceNo=8
HV_20060607_R08_HK_2005_G132,HV_20060607_R08,2006-06-07,HV,Happy Valley,8,660,DOUGLAS HANDICAP,2,1650,100-80,GOOD,TURF,"TURF - ""A"" Course",1000000,12,HK_2005_G132,9,SMACKO,CG132,BRZ,Southern,,82,78,Chestnut,Gelding,Clackson,Infini,Dynaformer Same,0,0,0,0,0,0.0,0.0,0.0,0.0,0.0,0.0,7,False,False,C Munce,S Woods,115,1205,3,4-1/2,1:41.40,10.0,https://racing.hkjc.com/en-us/local/information/otherhorse?horseid=HK_2005_G132&Option=1,2026-09-04T13:54:57Z,https://racing.hkjc.com/en-us/local/information/archive/localresults?racedate=2006/06/07&racecourse=HV&RaceNo=8
HV_20060607_R08_HK_2001_B426,HV_20060607_R08,2006-06-07,HV,Happy Valley,8,660,DOUGLAS HANDICAP,2,1650,100-80,GOOD,TURF,"TURF - ""A"" Course",1000000,12,HK_2001_B426,11,FIGHTING MASCOT,CB426,AUS,Southern,,81,78,Bay,Gelding,Hurricane Sky,Factor,Centaine Same,0,0,0,0,0,0.0,0.0,0.0,0.0,0.0,0.0,8,False,False,K L Chui,D E Ferraris,104,1037,4,5,1:41.50,8.2,https://racing.hkjc.com/en-us/local/information/otherhorse?horseid=HK_2001_B426&Option=1,2026-09-04T13:55:00Z,https://racing.hkjc.com/en-us/local/information/archive/localresults?racedate=2006/06/07&racecourse=HV&RaceNo=8
HV_20060607_R08_HK_2002_C327,HV_20060607_R08,2006-06-07,HV,Happy Valley,8,660,DOUGLAS HANDICAP,2,1650,100-80,GOOD,TURF,"TURF - ""A"" Course",1000000,12,HK_2002_C327,6,FIRST AMONG EQUALS,CC327,NZ,Southern,,87,86,Bay,Gelding,Tale Of The Cat,Fikra,Gulch Same,1,0,0,1,1,0.0,1.0,0.0,0.0,115000.0,115000.0,9,False,False,A Delpech,C W Chang,120,1096,2,5-1/4,1:41.50,12.0,https://racing.hkjc.com/en-us/local/information/otherhorse?horseid=HK_2002_C327&Option=1,2026-09-04T13:55:03Z,https://racing.hkjc.com/en-us/local/information/archive/localresults?racedate=2006/06/07&racecourse=HV&RaceNo=8
HV_20060607_R08_HK_2005_G160,HV_20060607_R08,2006-06-07,HV,Happy Valley,8,660,DOUGLAS HANDICAP,2,1650,100-80,GOOD,TURF,"TURF - ""A"" Course",1000000,12,HK_2005_G160,12,GRAND CENTRAL,CG160,IRE,Northern,,81,74,Bay,Horse,Sadler's Wells,Rebecca Sharp,Machiavellian Same,0,0,0,0,0,0.0,0.0,0.0,0.0,0.0,0.0,10,False,False,C K Tong,D Oughton,107,1063,10,6-1/4,1:41.70,48.0,https://racing.hkjc.com/en-us/local/information/otherhorse?horseid=HK_2005_G160&Option=1,2026-09-04T13:55:05Z,https://racing.hkjc.com/en-us/local/information/archive/localresults?racedate=2006/06/07&racecourse=HV&RaceNo=8
HV_20060607_R08_HK_2001_B391,HV_20060607_R08,2006-06-07,HV,Happy Valley,8,660,DOUGLAS HANDICAP,2,1650,100-80,GOOD,TURF,"TURF - ""A"" Course",1000000,12,HK_2001_B391,7,SUNBELL,CB391,AUS,Southern,,86,84,Brown,Gelding,Clang,Won't Catch Me,Noalcoholic Same,2,1,0,0,1,0.5,0.5,0.0,0.0,420000.0,420000.0,11,False,False,G Schofield,D Cruz,119,1064,8,6-1/4,1:41.70,11.0,https://racing.hkjc.com/en-us/local/information/otherhorse?horseid=HK_2001_B391&Option=1,2026-09-04T13:55:08Z,https://racing.hkjc.com/en-us/local/information/archive/localresults?racedate=2006/06/07&racecourse=HV&RaceNo=8
HV_20060607_R08_HK_2002_C270,HV_20060607_R08,2006-06-07,HV,Happy Valley,8,660,DOUGLAS HANDICAP,2,1650,100-80,GOOD,TURF,"TURF - ""A"" Course",1000000,12,HK_2002_C270,4,WEALTHY TREASURE,CC270,NZ,Southern,,92,92,Bay,Gelding,Felix The Cat,A Little Fun,Racing Is Fun Same,2,0,0,0,0,0.0,0.0,0.0,0.0,88000.0,88000.0,12,False,False,D Whyte,J Size,125,1034,5,7-3/4,1:41.90,5.0,https://racing.hkjc.com/en-us/local/information/otherhorse?horseid=HK_2002_C270&Option=1,2026-09-04T13:55:11Z,https://racing.hkjc.com/en-us/local/information/archive/localresults?racedate=2006/06/07&racecourse=HV&RaceNo=8
ST_20251214_R01_HK_2023_J498,ST_20251214_R01,2025-12-14,ST,Sha Tin,1,254,FAIRY KING PRAWN HANDICAP,4,1400,60-40,GOOD,TURF,"TURF - ""A"" Course",1170000,14,HK_2023_J498,10,RISING PHOENIX,J498,NZ,Southern,4,49,56,Bay,Gelding,Darci Brahma,Flying Firebird,Stravinsky Same,0,0,0,0,0,0.0,0.0,0.56,655200.0,0.0,655200.0,1,True,True,Z Purton,D J Hall,122,1062,2,---,1:22.50,6.2,https://racing.hkjc.com/en-us/local/information/horse?horseid=HK_2023_J498&Option=1,2026-09-04T14:16:57Z,https://racing.hkjc.com/en-us/local/information/archive/localresults?racedate=2025/12/14&racecourse=ST&RaceNo=1
ST_20251214_R01_HK_2024_K033,ST_20251214_R01,2025-12-14,ST,Sha Tin,1,254,FAIRY KING PRAWN HANDICAP,4,1400,60-40,GOOD,TURF,"TURF - ""A"" Course",1170000,14,HK_2024_K033,1,ENDUED,K033,AUS,Southern,4,59,60,Bay,Gelding,Deep Field,Waruna,All Too Hard Same,0,0,0,0,0,0.0,0.0,0.21,245700.0,0.0,245700.0,2,False,True,C Williams,J Size,132,1163,12,3/4,1:22.61,5.3,https://racing.hkjc.com/en-us/local/information/horse?horseid=HK_2024_K033&Option=1,2026-09-04T14:17:03Z,https://racing.hkjc.com/en-us/local/information/archive/localresults?racedate=2025/12/14&racecourse=ST&RaceNo=1
ST_20251214_R01_HK_2024_K459,ST_20251214_R01,2025-12-14,ST,Sha Tin,1,254,FAIRY KING PRAWN HANDICAP,4,1400,60-40,GOOD,TURF,"TURF - ""A"" Course",1170000,14,HK_2024_K459,11,SMILING FALCON,K459,NZ,Southern,,49,49,Grey,Gelding,Darci Brahma,Tolgarth,Shamoline Warrior Same,0,0,0,0,0,0.0,0.0,0.115,134550.0,0.0,134550.0,3,False,True,H Bentley,K H Ting,122,1152,9,1,1:22.66,79.0,https://racing.hkjc.com/en-us/local/information/otherhorse?horseid=HK_2024_K459&Option=1,2026-09-04T14:17:05Z,https://racing.hkjc.com/en-us/local/information/archive/localresults?racedate=2025/12/14&racecourse=ST&RaceNo=1
ST_20251214_R01_HK_2024_K400,ST_20251214_R01,2025-12-14,ST,Sha Tin,1,254,FAIRY KING PRAWN HANDICAP,4,1400,60-40,GOOD,TURF,"TURF - ""A"" Course",1170000,14,HK_2024_K400,3,AEROVOLANIC,K400,AUS,Southern,4,58,57,Brown,Gelding,Frosted,Conscious,So You Think Same,0,0,0,0,0,0.0,0.0,0.06,70200.0,0.0,70200.0,4,False,False,M Guyon,P C Ng,131,1119,6,1-1/4,1:22.72,13.0,https://racing.hkjc.com/en-us/local/information/horse?horseid=HK_2024_K400&Option=1,2026-09-04T14:17:08Z,https://racing.hkjc.com/en-us/local/information/archive/localresults?racedate=2025/12/14&racecourse=ST&RaceNo=1
ST_20251214_R01_HK_2022_H442,ST_20251214_R01,2025-12-14,ST,Sha Tin,1,254,FAIRY KING PRAWN HANDICAP,4,1400,60-40,GOOD,TURF,"TURF - ""A"" Course",1170000,14,HK_2022_H442,13,AMAZING FUN,H442,NZ,Southern,,47,46,Bay,Gelding,Tivaci,Queen Of Pop,Pins Same,0,0,0,0,0,0.0,0.0,0.035,40950.0,0.0,40950.0,5,False,False,U Rispoli,C H Yip,120,1153,11,1-1/2,1:22.74,23.0,https://racing.hkjc.com/en-us/local/information/otherhorse?horseid=HK_2022_H442&Option=1,2026-09-04T14:17:10Z,https://racing.hkjc.com/en-us/local/information/archive/localresults?racedate=2025/12/14&racecourse=ST&RaceNo=1
ST_20251214_R01_HK_2024_K145,ST_20251214_R01,2025-12-14,ST,Sha Tin,1,254,FAIRY KING PRAWN HANDICAP,4,1400,60-40,GOOD,TURF,"TURF - ""A"" Course",1170000,14,HK_2024_K145,14,RAINBOW SEVEN,K145,NZ,Southern,4,47,45,Bay,Gelding,Per Incanto,Starossa,Testa Rossa Same,0,0,0,0,0,0.0,0.0,0.02,23400.0,0.0,23400.0,6,False,False,C Y Ho,K W Lui,120,1063,13,2,1:22.81,28.0,https://racing.hkjc.com/en-us/local/information/horse?horseid=HK_2024_K145&Option=1,2026-09-04T14:17:13Z,https://racing.hkjc.com/en-us/local/information/archive/localresults?racedate=2025/12/14&racecourse=ST&RaceNo=1
ST_20251214_R01_HK_2024_K416,ST_20251214_R01,2025-12-14,ST,Sha Tin,1,254,FAIRY KING PRAWN HANDICAP,4,1400,60-40,GOOD,TURF,"TURF - ""A"" Course",1170000,14,HK_2024_K416,12,DECISION LINK,K416,AUS,Southern,4,48,46,Bay,Gelding,Hellbent,Chickasaw,Flying Spur Same,0,0,0,0,0,0.0,0.0,0.0,0.0,0.0,0.0,7,False,False,H Doyle,W Y So,121,1162,5,3-1/4,1:23.00,8.2,https://racing.hkjc.com/en-us/local/information/horse?horseid=HK_2024_K416&Option=1,2026-09-04T14:17:15Z,https://racing.hkjc.com/en-us/local/information/archive/localresults?racedate=2025/12/14&racecourse=ST&RaceNo=1
ST_20251214_R01_HK_2023_J123,ST_20251214_R01,2025-12-14,ST,Sha Tin,1,254,FAIRY KING PRAWN HANDICAP,4,1400,60-40,GOOD,TURF,"TURF - ""A"" Course",1170000,14,HK_2023_J123,9,CALIFORNIA STAR,J123,FR,Northern,4,49.0,49,Bay,Gelding,Starspangledbanner,Marechale,Anabaa Same,0,0,0,0,0,0.0,0.0,0.0,0.0,0.0,0.0,8,False,False,M Chadwick,A S Cruz,122,1177,14,3-1/4,1:23.03,23.0,https://racing.hkjc.com/en-us/local/information/horse?horseid=HK_2023_J123&Option=1,2026-09-04T14:17:20Z,https://racing.hkjc.com/en-us/local/information/archive/localresults?racedate=2025/12/14&racecourse=ST&RaceNo=1
ST_20251214_R01_HK_2024_K327,ST_20251214_R01,2025-12-14,ST,Sha Tin,1,254,FAIRY KING PRAWN HANDICAP,4,1400,60-40,GOOD,TURF,"TURF - ""A"" Course",1170000,14,HK_2024_K327,5,FLYING BOOM,K327,AUS,Southern,4,51,49,Bay,Gelding,Saxon Warrior,My Sweet Fish,Shamus Award Same,0,0,0,0,0,0.0,0.0,0.0,0.0,0.0,0.0,9,False,False,M F Poon,C W Chang,124,1087,3,3-1/2,1:23.06,12.0,https://racing.hkjc.com/en-us/local/information/horse?horseid=HK_2024_K327&Option=1,2026-09-04T14:17:22Z,https://racing.hkjc.com/en-us/local/information/archive/localresults?racedate=2025/12/14&racecourse=ST&RaceNo=1
ST_20251214_R01_HK_2024_K580,ST_20251214_R01,2025-12-14,ST,Sha Tin,1,254,FAIRY KING PRAWN HANDICAP,4,1400,60-40,GOOD,TURF,"TURF - ""A"" Course",1170000,14,HK_2024_K580,4,RED BRICK WARRIOR,K580,AUS,Southern,4,52,52,Bay / Brown,Gelding,Gold Standard,Airino,Canford Cliffs Same,0,0,0,0,0,0.0,0.0,0.0,0.0,0.0,0.0,10,False,False,D B McMonagle,D Eustace,125,1134,4,5,1:23.30,46.0,https://racing.hkjc.com/en-us/local/information/horse?horseid=HK_2024_K580&Option=1,2026-09-04T14:17:27Z,https://racing.hkjc.com/en-us/local/information/archive/localresults?racedate=2025/12/14&racecourse=ST&RaceNo=1
ST_20251214_R01_HK_2024_K247,ST_20251214_R01,2025-12-14,ST,Sha Tin,1,254,FAIRY KING PRAWN HANDICAP,4,1400,60-40,GOOD,TURF,"TURF - ""A"" Course",1170000,14,HK_2024_K247,6,KA YING GLORY,K247,NZ,Southern,,51,49,Chestnut,Gelding,Turn Me Loose,Missy Moo,Per Incanto Same,0,0,0,0,0,0.0,0.0,0.0,0.0,0.0,0.0,11,False,False,K Teetan,D A Hayes,124,1219,10,9-1/4,1:23.99,8.9,https://racing.hkjc.com/en-us/local/information/otherhorse?horseid=HK_2024_K247&Option=1,2026-09-04T14:17:29Z,https://racing.hkjc.com/en-us/local/information/archive/localresults?racedate=2025/12/14&racecourse=ST&RaceNo=1
ST_20251214_R01_HK_2024_K365,ST_20251214_R01,2025-12-14,ST,Sha Tin,1,254,FAIRY KING PRAWN HANDICAP,4,1400,60-40,GOOD,TURF,"TURF - ""A"" Course",1170000,14,HK_2024_K365,2,THOUSAND SPIRIT,K365,AUS,Southern,4,59,57,Bay / Brown,Gelding,Exceedance,La Questa,West Quest Same,0,0,0,0,0,0.0,0.0,0.0,0.0,0.0,0.0,12,False,False,L Hewitson,M Newnham,132,1036,7,9-3/4,1:24.07,4.8,https://racing.hkjc.com/en-us/local/information/horse?horseid=HK_2024_K365&Option=1,2026-09-04T14:17:32Z,https://racing.hkjc.com/en-us/local/information/archive/localresults?racedate=2025/12/14&racecourse=ST&RaceNo=1
ST_20251214_R01_HK_2024_K500,ST_20251214_R01,2025-12-14,ST,Sha Tin,1,254,FAIRY KING PRAWN HANDICAP,4,1400,60-40,GOOD,TURF,"TURF - ""A"" Course",1170000,14,HK_2024_K500,7,GOLDEN FORTUNE,K500,NZ,Southern,4,50,48,Bay,Gelding,Preferment,Valencia's Image,Pentire Same,0,0,0,0,0,0.0,0.0,0.0,0.0,0.0,0.0,13,False,False,K C Leung,K L Man,123,1243,1,14-1/2,1:24.83,72.0,https://racing.hkjc.com/en-us/local/information/horse?horseid=HK_2024_K500&Option=1,2026-09-04T14:17:34Z,https://racing.hkjc.com/en-us/local/information/archive/localresults?racedate=2025/12/14&racecourse=ST&RaceNo=1
ST_20251214_R01_HK_2024_K505,ST_20251214_R01,2025-12-14,ST,Sha Tin,1,254,FAIRY KING PRAWN HANDICAP,4,1400,60-40,GOOD,TURF,"TURF - ""A"" Course",1170000,14,HK_2024_K505,8,JUBILATION FOR ALL,K505,NZ,Southern,,50,50,Bay,Gelding,War Decree,Colonel's Daughter,Hinchinbrook Same,0,0,0,0,0,0.0,0.0,0.0,0.0,0.0,0.0,14,False,False,R Kingscote,C S Shum,123,1177,8,27,1:26.81,10.0,https://racing.hkjc.com/en-us/local/information/otherhorse?horseid=HK_2024_K505&Option=1,2026-09-04T14:17:36Z,https://racing.hkjc.com/en-us/local/information/archive/localresults?racedate=2025/12/14&racecourse=ST&RaceNo=1
ST_20251214_R02_HK_2025_L028,ST_20251214_R02,2025-12-14,ST,Sha Tin,2,255,SNOW FAIRY HANDICAP,3,1200,80-60,GOOD,TURF,"TURF - ""A"" Course",1860000,14,HK_2025_L028,4,HELENE SUPAFEELING,L028,IRE,Northern,3,72,79,Bay,Gelding,City Light,Adana,Le Havre Same,0,0,0,0,0,0.0,0.0,0.56,1041600.0,0.0,1041600.0,1.0,True,True,J McDonald,D Eustace,129,1169.0,12.0,---,1:09.82,7.8,https://racing.hkjc.com/en-us/local/information/horse?horseid=HK_2025_L028&Option=1,2026-09-04T14:17:43Z,https://racing.hkjc.com/en-us/local/information/archive/localresults?racedate=2025/12/14&racecourse=ST&RaceNo=2
ST_20251214_R02_HK_2023_J401,ST_20251214_R02,2025-12-14,ST,Sha Tin,2,255,SNOW FAIRY HANDICAP,3,1200,80-60,GOOD,TURF,"TURF - ""A"" Course",1860000,14,HK_2023_J401,12,YOUNG ARROW,J401,AUS,Southern,5,64,66,Bay,Gelding,Showtime,Hediard,Bernardini Same,0,0,0,0,0,0.0,0.0,0.21,390600.0,0.0,390600.0,2.0,False,True,H Bentley,D J Whyte,121,1128.0,2.0,1/2,1:09.89,16.0,https://racing.hkjc.com/en-us/local/information/horse?horseid=HK_2023_J401&Option=1,2026-09-04T14:17:45Z,https://racing.hkjc.com/en-us/local/information/archive/localresults?racedate=2025/12/14&racecourse=ST&RaceNo=2
ST_20251214_R02_HK_2024_K201,ST_20251214_R02,2025-12-14,ST,Sha Tin,2,255,SNOW FAIRY HANDICAP,3,1200,80-60,GOOD,TURF,"TURF - ""A"" Course",1860000,14,HK_2024_K201,1,CIRCUIT GRAND SLAM,K201,IRE,Northern,3,78,80,Chestnut,Gelding,No Nay Never,Muirin,Born To Sea Same,0,0,0,0,0,0.0,0.0,0.115,213900.0,0.0,213900.0,3.0,False,True,C Soumillon,K L Man,135,1139.0,7.0,1/2,1:09.92,4.8,https://racing.hkjc.com/en-us/local/information/horse?horseid=HK_2024_K201&Option=1,2026-09-04T14:17:48Z,https://racing.hkjc.com/en-us/local/information/archive/localresults?racedate=2025/12/14&racecourse=ST&RaceNo=2
ST_20251214_R02_HK_2024_K475,ST_20251214_R02,2025-12-14,ST,Sha Tin,2,255,SNOW FAIRY HANDICAP,3,1200,80-60,GOOD,TURF,"TURF - ""A"" Course",1860000,14,HK_2024_K475,7,A TIME FOR US,K475,AUS,Southern,4,65,65,Bay,Gelding,Sooboog,Hidden Numbers,Uncle Mo Same,0,0,0,0,0,0.0,0.0,0.06,111600.0,0.0,111600.0,4.0,False,False,C Y Ho,K W Lui,122,1134.0,4.0,2-1/2,1:10.20,33.0,https://racing.hkjc.com/en-us/local/information/horse?horseid=HK_2024_K475&Option=1,2026-09-04T14:17:51Z,https://racing.hkjc.com/en-us/local/information/archive/localresults?racedate=2025/12/14&racecourse=ST&RaceNo=2
ST_20251214_R02_HK_2023_J039,ST_20251214_R02,2025-12-14,ST,Sha Tin,2,255,SNOW FAIRY HANDICAP,3,1200,80-60,GOOD,TURF,"TURF - ""A"" Course",1860000,14,HK_2023_J039,8,ARMOUR WAR EAGLE,J039,NZ,Southern,6,65,63,Brown,Gelding,War Decree,Enthusabelle,Savabeel Same,0,0,0,0,0,0.0,0.0,0.035,65100.0,0.0,65100.0,5.0,False,False,A Atzeni,M Newnham,122,1130.0,1.0,2-3/4,1:10.26,3.1,https://racing.hkjc.com/en-us/local/information/horse?horseid=HK_2023_J039&Option=1,2026-09-04T14:17:53Z,https://racing.hkjc.com/en-us/local/information/archive/localresults?racedate=2025/12/14&racecourse=ST&RaceNo=2
ST_20251214_R02_HK_2023_J437,ST_20251214_R02,2025-12-14,ST,Sha Tin,2,255,SNOW FAIRY HANDICAP,3,1200,80-60,GOOD,TURF,"TURF - ""A"" Course",1860000,14,HK_2023_J437,2,SAVVY BRILLIANT,J437,AUS,Southern,5,75,73,Bay,Gelding,Toronado,Liberty Made,Statue Of Liberty Same,0,0,0,0,0,0.0,0.0,0.02,37200.0,0.0,37200.0,6.0,False,False,H Doyle,F C Lor,132,1137.0,6.0,3-1/2,1:10.39,13.0,https://racing.hkjc.com/en-us/local/information/horse?horseid=HK_2023_J437&Option=1,2026-09-04T14:17:55Z,https://racing.hkjc.com/en-us/local/information/archive/localresults?racedate=2025/12/14&racecourse=ST&RaceNo=2
ST_20251214_R02_HK_2021_G016,ST_20251214_R02,2025-12-14,ST,Sha Tin,2,255,SNOW FAIRY HANDICAP,3,1200,80-60,GOOD,TURF,"TURF - ""A"" Course",1860000,14,HK_2021_G016,14,SUGAR SUGAR,G016,AUS,Southern,,61,59,Brown,Gelding,Star Turn,In The Moment,Keeper Same,0,0,0,0,0,0.0,0.0,0.0,0.0,0.0,0.0,7.0,False,False,D Probert,C Fownes,118,1108.0,9.0,3-3/4,1:10.43,47.0,https://racing.hkjc.com/en-us/local/information/otherhorse?horseid=HK_2021_G016&Option=1,2026-09-04T14:17:58Z,https://racing.hkjc.com/en-us/local/information/archive/localresults?racedate=2025/12/14&racecourse=ST&RaceNo=2
ST_20251214_R02_HK_2023_J143,ST_20251214_R02,2025-12-14,ST,Sha Tin,2,255,SNOW FAIRY HANDICAP,3,1200,80-60,GOOD,TURF,"TURF - ""A"" Course",1860000,14,HK_2023_J143,9,GIANT LEAP,J143,AUS,Southern,5,65,63,Chestnut,Gelding,Capitalist,Malakiya,Redoute's Choice Same,0,0,0,0,0,0.0,0.0,0.0,0.0,0.0,0.0,8.0,False,False,R Kingscote,P F Yiu,122,1109.0,13.0,4-1/2,1:10.53,12.0,https://racing.hkjc.com/en-us/local/information/horse?horseid=HK_2023_J143&Option=1,2026-09-04T14:18:04Z,https://racing.hkjc.com/en-us/local/information/archive/localresults?racedate=2025/12/14&racecourse=ST&RaceNo=2
ST_20251214_R02_HK_2024_K362,ST_20251214_R02,2025-12-14,ST,Sha Tin,2,255,SNOW FAIRY HANDICAP,3,1200,80-60,GOOD,TURF,"TURF - ""A"" Course",1860000,14,HK_2024_K362,6,REFUSETOBEENGLISH,K362,NZ,Southern,4,66,64,Bay,Gelding,Churchill,Irish Fling,Darci Brahma Same,0,0,0,0,0,0.0,0.0,0.0,0.0,0.0,0.0,9.0,False,False,M Guyon,P C Ng,123,1062.0,5.0,4-1/2,1:10.54,8.4,https://racing.hkjc.com/en-us/local/information/horse?horseid=HK_2024_K362&Option=1,2026-09-04T14:18:07Z,https://racing.hkjc.com/en-us/local/information/archive/localresults?racedate=2025/12/14&racecourse=ST&RaceNo=2
ST_20251214_R02_HK_2025_L034,ST_20251214_R02,2025-12-14,ST,Sha Tin,2,255,SNOW FAIRY HANDICAP,3,1200,80-60,GOOD,TURF,"TURF - ""A"" Course",1860000,14,HK_2025_L034,10,FORZA LEADER,L034,AUS,Southern,4,64,64,Chestnut,Gelding,Trapeze Artist,Miss Strikepower,Nicconi Same,0,0,0,0,0,0.0,0.0,0.0,0.0,0.0,0.0,10.0,False,False,L Hewitson,Y S Tsui,121,1085.0,3.0,6-1/4,1:10.82,57.0,https://racing.hkjc.com/en-us/local/information/horse?horseid=HK_2025_L034&Option=1,2026-09-04T14:18:09Z,https://racing.hkjc.com/en-us/local/information/archive/localresults?racedate=2025/12/14&racecourse=ST&RaceNo=2
ST_20251214_R02_HK_2025_L118,ST_20251214_R02,2025-12-14,ST,Sha Tin,2,255,SNOW FAIRY HANDICAP,3,1200,80-60,GOOD,TURF,"TURF - ""A"" Course",1860000,14,HK_2025_L118,11,LET'S HAVE FUN,L118,AUS,Southern,4,64,64,Bay / Brown,Gelding,I Am Invincible,Faint Perfume,Shamardal Same,0,0,0,0,0,0.0,0.0,0.0,0.0,0.0,0.0,11.0,False,False,M L Yeung,D A Hayes,121,1312.0,8.0,6-3/4,1:10.90,12.0,https://racing.hkjc.com/en-us/local/information/horse?horseid=HK_2025_L118&Option=1,2026-09-04T14:18:12Z,https://racing.hkjc.com/en-us/local/information/archive/localresults?racedate=2025/12/14&racecourse=ST&RaceNo=2
ST_20251214_R02_HK_2023_J402,ST_20251214_R02,2025-12-14,ST,Sha Tin,2,255,SNOW FAIRY HANDICAP,3,1200,80-60,GOOD,TURF,"TURF - ""A"" Course",1860000,14,HK_2023_J402,5,SOVEREIGN FUND,J402,AUS,Southern,5,69,67,Chestnut,Gelding,Capitalist,Mossbeat,Mossman Same,0,0,0,0,0,0.0,0.0,0.0,0.0,0.0,0.0,12.0,False,False,U Rispoli,C W Chang,126,1177.0,11.0,10-1/2,1:11.50,18.0,https://racing.hkjc.com/en-us/local/information/horse?horseid=HK_2023_J402&Option=1,2026-09-04T14:18:14Z,https://racing.hkjc.com/en-us/local/information/archive/localresults?racedate=2025/12/14&racecourse=ST&RaceNo=2
ST_20251214_R02_HK_2023_J511,ST_20251214_R02,2025-12-14,ST,Sha Tin,2,255,SNOW FAIRY HANDICAP,3,1200,80-60,GOOD,TURF,"TURF - ""A"" Course",1860000,14,HK_2023_J511,13,HOLMES A COURT,J511,AUS,Southern,4,63,60,Chestnut,Gelding,Capitalist,Menagerie,Zoustar Same,0,0,0,0,0,0.0,0.0,0.0,0.0,0.0,0.0,13.0,False,False,Y L Chung,A S Cruz,118,1169.0,10.0,19-1/2,1:12.92,70.0,https://racing.hkjc.com/en-us/local/information/horse?horseid=HK_2023_J511&Option=1,2026-09-04T14:18:19Z,https://racing.hkjc.com/en-us/local/information/archive/localresults?racedate=2025/12/14&racecourse=ST&RaceNo=2
ST_20251214_R02_HK_2023_J114,ST_20251214_R02,2025-12-14,ST,Sha Tin,2,255,SNOW FAIRY HANDICAP,3,1200,80-60,GOOD,TURF,"TURF - ""A"" Course",1860000,14,HK_2023_J114,3,GENEVA,J114,AUS,Southern,5,74,74,Chestnut,Gelding,Capitalist,Sebrina,Sebring Same,0,0,0,0,0,0.0,0.0,0.0,0.0,0.0,0.0,,False,False,H Bowman,D J Hall,131,,,---,---,,https://racing.hkjc.com/en-us/local/information/horse?horseid=HK_2023_J114&Option=1,2026-09-04T14:18:23Z,https://racing.hkjc.com/en-us/local/information/archive/localresults?racedate=2025/12/14&racecourse=ST&RaceNo=2
ST_20251214_R03_HK_2025_L014,ST_20251214_R03,2025-12-14,ST,Sha Tin,3,256,SILENT WITNESS HANDICAP,4,1200,60-40,GOOD,TURF,"TURF - ""A"" Course",1170000,15,HK_2025_L014,8.0,COOL BOY,L014,NZ,Southern,3,52,59,Bay,Gelding,Per Incanto,Saoirse,Iffraaj Same,0,0,0,0,0,0.0,0.0,0.56,655200.0,0.0,655200.0,1.0,True,True,J Orman,J Richards,127,1130.0,14.0,---,1:10.07,31.0,https://racing.hkjc.com/en-us/local/information/horse?horseid=HK_2025_L014&Option=1,2026-09-04T14:18:28Z,https://racing.hkjc.com/en-us/local/information/archive/localresults?racedate=2025/12/14&racecourse=ST&RaceNo=3
ST_20251214_R03_HK_2024_K064,ST_20251214_R03,2025-12-14,ST,Sha Tin,3,256,SILENT WITNESS HANDICAP,4,1200,60-40,GOOD,TURF,"TURF - ""A"" Course",1170000,15,HK_2024_K064,14.0,LUCKY MCQUEEN,K064,AUS,Southern,4,44,46,Bay,Gelding,All Too Hard,Granada Star,Starcraft Same,0,0,0,0,0,0.0,0.0,0.21,245700.0,0.0,245700.0,2.0,False,True,M Chadwick,W K Mo,119,1107.0,6.0,3/4,1:10.19,44.0,https://racing.hkjc.com/en-us/local/information/horse?horseid=HK_2024_K064&Option=1,2026-09-04T14:18:31Z,https://racing.hkjc.com/en-us/local/information/archive/localresults?racedate=2025/12/14&racecourse=ST&RaceNo=3
ST_20251214_R03_HK_2024_K442,ST_20251214_R03,2025-12-14,ST,Sha Tin,3,256,SILENT WITNESS HANDICAP,4,1200,60-40,GOOD,TURF,"TURF - ""A"" Course",1170000,15,HK_2024_K442,3.0,PACKING PHOENIX,K442,AUS,Southern,,59,59,Bay / Brown,Gelding,Starspangledbanner,Kylix,Lonhro Same,0,0,0,0,0,0.0,0.0,0.115,134550.0,0.0,134550.0,3.0,False,True,Z Purton,K W Lui,134,1190.0,2.0,2-1/2,1:10.46,4.1,https://racing.hkjc.com/en-us/local/information/otherhorse?horseid=HK_2024_K442&Option=1,2026-09-04T14:18:33Z,https://racing.hkjc.com/en-us/local/information/archive/localresults?racedate=2025/12/14&racecourse=ST&RaceNo=3
ST_20251214_R03_HK_2022_H108,ST_20251214_R03,2025-12-14,ST,Sha Tin,3,256,SILENT WITNESS HANDICAP,4,1200,60-40,GOOD,TURF,"TURF - ""A"" Course",1170000,15,HK_2022_H108,13.0,SPEEDY SMARTIE,H108,NZ,Southern,6,46,46,Bay,Gelding,Satono Aladdin,Lemonade,Bertolini Same,0,0,0,0,0,0.0,0.0,0.06,70200.0,0.0,70200.0,4.0,False,False,K Teetan,B Crawford,121,1095.0,9.0,2-1/2,1:10.49,10.0,https://racing.hkjc.com/en-us/local/information/horse?horseid=HK_2022_H108&Option=1,2026-09-04T14:18:40Z,https://racing.hkjc.com/en-us/local/information/archive/localresults?racedate=2025/12/14&racecourse=ST&RaceNo=3
ST_20251214_R03_HK_2024_K321,ST_20251214_R03,2025-12-14,ST,Sha Tin,3,256,SILENT WITNESS HANDICAP,4,1200,60-40,GOOD,TURF,"TURF - ""A"" Course",1170000,15,HK_2024_K321,4.0,VOYAGE BOSS,K321,NZ,Southern,4,58,56,Bay,Gelding,Darci Brahma,Italic,Medicean Same,0,0,0,0,0,0.0,0.0,0.035,40950.0,0.0,40950.0,5.0,False,False,K C Leung,F C Lor,133,1124.0,4.0,2-3/4,1:10.52,8.4,https://racing.hkjc.com/en-us/local/information/horse?horseid=HK_2024_K321&Option=1,2026-09-04T14:18:45Z,https://racing.hkjc.com/en-us/local/information/archive/localresults?racedate=2025/12/14&racecourse=ST&RaceNo=3
ST_20251214_R03_HK_2023_J150,ST_20251214_R03,2025-12-14,ST,Sha Tin,3,256,SILENT WITNESS HANDICAP,4,1200,60-40,GOOD,TURF,"TURF - ""A"" Course",1170000,15,HK_2023_J150,2.0,VULCANUS,J150,AUS,Southern,5,60,60,Bay,Gelding,Lean Mean Machine,Fair Choice,Redoute's Choice Same,0,0,0,0,0,0.0,0.0,0.02,23400.0,0.0,23400.0,6.0,False,False,B Avdulla,Y S Tsui,135,1160.0,12.0,3-1/4,1:10.60,67.0,https://racing.hkjc.com/en-us/local/information/horse?horseid=HK_2023_J150&Option=1,2026-09-04T14:18:47Z,https://racing.hkjc.com/en-us/local/information/archive/localresults?racedate=2025/12/14&racecourse=ST&RaceNo=3
ST_20251214_R03_HK_2022_H455,ST_20251214_R03,2025-12-14,ST,Sha Tin,3,256,SILENT WITNESS HANDICAP,4,1200,60-40,GOOD,TURF,"TURF - ""A"" Course",1170000,15,HK_2022_H455,9.0,MONTA FRUTTA,H455,AUS,Southern,6,52,50,Bay,Gelding,Capitalist,Ma Can Do It,Majesticperfection Same,0,0,0,0,0,0.0,0.0,0.0,0.0,0.0,0.0,7.0,False,False,Y L Chung,A S Cruz,125,1125.0,10.0,4,1:10.71,70.0,https://racing.hkjc.com/en-us/local/information/horse?horseid=HK_2022_H455&Option=1,2026-09-04T14:18:50Z,https://racing.hkjc.com/en-us/local/information/archive/localresults?racedate=2025/12/14&racecourse=ST&RaceNo=3
ST_20251214_R03_HK_2025_L016,ST_20251214_R03,2025-12-14,ST,Sha Tin,3,256,SILENT WITNESS HANDICAP,4,1200,60-40,GOOD,TURF,"TURF - ""A"" Course",1170000,15,HK_2025_L016,1.0,MAJESTIC VALOUR,L016,AUS,Southern,4,60,60,Brown,Gelding,Toronado,Margiela,Redoute's Choice Same,0,0,0,0,0,0.0,0.0,0.0,0.0,0.0,0.0,8.0,False,False,R Moore,P C Ng,135,1185.0,7.0,4-1/2,1:10.79,2.0,https://racing.hkjc.com/en-us/local/information/horse?horseid=HK_2025_L016&Option=1,2026-09-04T14:18:52Z,https://racing.hkjc.com/en-us/local/information/archive/localresults?racedate=2025/12/14&racecourse=ST&RaceNo=3
ST_20251214_R03_HK_2024_K410,ST_20251214_R03,2025-12-14,ST,Sha Tin,3,256,SILENT WITNESS HANDICAP,4,1200,60-40,GOOD,TURF,"TURF - ""A"" Course",1170000,15,HK_2024_K410,6.0,JUBILANT STAR,K410,AUS,Southern,4,54,52,Bay,Gelding,All Too Hard,Palo Duro,More Than Ready Same,0,0,0,0,0,0.0,0.0,0.0,0.0,0.0,0.0,9.0,False,False,J McDonald,D J Hall,129,1168.0,11.0,4-3/4,1:10.82,9.4,https://racing.hkjc.com/en-us/local/information/horse?horseid=HK_2024_K410&Option=1,2026-09-04T14:18:56Z,https://racing.hkjc.com/en-us/local/information/archive/localresults?racedate=2025/12/14&racecourse=ST&RaceNo=3
ST_20251214_R03_HK_2024_K216,ST_20251214_R03,2025-12-14,ST,Sha Tin,3,256,SILENT WITNESS HANDICAP,4,1200,60-40,GOOD,TURF,"TURF - ""A"" Course",1170000,15,HK_2024_K216,12.0,WINNING DIAMOND,K216,AUS,Southern,4,48,46,Bay,Gelding,Deep Field,Clearly,Invincible Spirit Same,0,0,0,0,0,0.0,0.0,0.0,0.0,0.0,0.0,10.0,False,False,U Rispoli,C H Yip,123,1004.0,13.0,4-3/4,1:10.84,56.0,https://racing.hkjc.com/en-us/local/information/horse?horseid=HK_2024_K216&Option=1,2026-09-04T14:19:00Z,https://racing.hkjc.com/en-us/local/information/archive/localresults?racedate=2025/12/14&racecourse=ST&RaceNo=3
ST_20251214_R03_HK_2025_L062,ST_20251214_R03,2025-12-14,ST,Sha Tin,3,256,SILENT WITNESS HANDICAP,4,1200,60-40,GOOD,TURF,"TURF - ""A"" Course",1170000,15,HK_2025_L062,10.0,STORMY KNIGHT,L062,AUS,Southern,3,52,52,Chestnut,Gelding,Headwater,Open All Hours,Wanted Same,0,0,0,0,0,0.0,0.0,0.0,0.0,0.0,0.0,11.0,False,False,H Bowman,D A Hayes,127,1088.0,3.0,6-1/2,1:11.10,38.0,https://racing.hkjc.com/en-us/local/information/horse?horseid=HK_2025_L062&Option=1,2026-09-04T14:19:02Z,https://racing.hkjc.com/en-us/local/information/archive/localresults?racedate=2025/12/14&racecourse=ST&RaceNo=3
ST_20251214_R03_HK_2024_K414,ST_20251214_R03,2025-12-14,ST,Sha Tin,3,256,SILENT WITNESS HANDICAP,4,1200,60-40,GOOD,TURF,"TURF - ""A"" Course",1170000,15,HK_2024_K414,11.0,ZEPHYR,K414,AUS,Southern,,52,52,Chestnut,Gelding,Capitalist,Gibraltar Girl,Manhattan Rain Same,0,0,0,0,0,0.0,0.0,0.0,0.0,0.0,0.0,12.0,False,False,L Hewitson,M Newnham,127,1120.0,5.0,7-1/4,1:11.22,57.0,https://racing.hkjc.com/en-us/local/information/otherhorse?horseid=HK_2024_K414&Option=1,2026-09-04T14:19:05Z,https://racing.hkjc.com/en-us/local/information/archive/localresults?racedate=2025/12/14&racecourse=ST&RaceNo=3
ST_20251214_R03_HK_2024_K523,ST_20251214_R03,2025-12-14,ST,Sha Tin,3,256,SILENT WITNESS HANDICAP,4,1200,60-40,GOOD,TURF,"TURF - ""A"" Course",1170000,15,HK_2024_K523,7.0,AQUAMAN,K523,AUS,Southern,4,52,50,Bay / Brown,Gelding,I Am Invincible,Bit Of Cheek,More Than Ready Same,0,0,0,0,0,0.0,0.0,0.0,0.0,0.0,0.0,13.0,False,False,R Kingscote,C W Chang,127,1176.0,8.0,7-1/4,1:11.23,129.0,https://racing.hkjc.com/en-us/local/information/horse?horseid=HK_2024_K523&Option=1,2026-09-04T14:19:07Z,https://racing.hkjc.com/en-us/local/information/archive/localresults?racedate=2025/12/14&racecourse=ST&RaceNo=3
ST_20251214_R03_HK_2024_K287,ST_20251214_R03,2025-12-14,ST,Sha Tin,3,256,SILENT WITNESS HANDICAP,4,1200,60-40,GOOD,TURF,"TURF - ""A"" Course",1170000,15,HK_2024_K287,5.0,FORTUNE SUPERNOVA,K287,AUS,Southern,4,56,54,Brown,Gelding,Impending,The Kipling Girl,High Chaparral Same,0,0,0,0,0,0.0,0.0,0.0,0.0,0.0,0.0,14.0,False,False,T Marquand,K H Ting,131,1027.0,1.0,8-1/4,1:11.41,61.0,https://racing.hkjc.com/en-us/local/information/horse?horseid=HK_2024_K287&Option=1,2026-09-04T14:19:09Z,https://racing.hkjc.com/en-us/local/information/archive/localresults?racedate=2025/12/14&racecourse=ST&RaceNo=3
ST_20251214_R03_HK_2024_K586,ST_20251214_R03,2025-12-14,ST,Sha Tin,3,256,SILENT WITNESS HANDICAP,4,1200,60-40,GOOD,TURF,"TURF - ""A"" Course",1170000,15,HK_2024_K586,,MABUBU,K586,AUS,Southern,4,59,59,Bay,Gelding,Zousain,Furiosa,More Than Ready Same,0,0,0,0,0,0.0,0.0,0.0,0.0,0.0,0.0,,False,False,C Y Ho,W Y So,134,,,---,---,,https://racing.hkjc.com/en-us/local/information/horse?horseid=HK_2024_K586&Option=1,2026-09-04T14:19:11Z,https://racing.hkjc.com/en-us/local/information/archive/localresults?racedate=2025/12/14&racecourse=ST&RaceNo=3
ST_20251214_R04_HK_2025_L913,ST_20251214_R04,2025-12-14,ST,Sha Tin,4,257,THE LONGINES HONG KONG VASE,G1,2400,,GOOD,TURF,"TURF - ""A"" Course",26000000,11,HK_2025_L913,5,SOSIE,L913,IRE,Northern,,,,Bay,Horse,Sea The Stars,Sosia,Shamardal Same,0,0,0,0,0,0.0,0.0,0.56,14560000.0,0.0,14560000.0,1,True,True,M Guyon,A Fabre,126,1190,8,---,2:28.05,2.7,https://racing.hkjc.com/en-us/local/information/otherhorse?horseid=HK_2025_L913&Option=1,2026-09-04T14:19:16Z,https://racing.hkjc.com/en-us/local/information/archive/localresults?racedate=2025/12/14&racecourse=ST&RaceNo=4
ST_20251214_R04_HK_2024_K923,ST_20251214_R04,2025-12-14,ST,Sha Tin,4,257,THE LONGINES HONG KONG VASE,G1,2400,,GOOD,TURF,"TURF - ""A"" Course",26000000,11,HK_2024_K923,3,GIAVELLOTTO,K923,IRE,Northern,,,,Chestnut,Horse,Mastercraftsman,Gerika,Galileo Same,0,0,0,0,0,0.0,0.0,0.21,5460000.0,0.0,5460000.0,2,False,True,A Atzeni,M Botti,126,1148,6,3/4,2:28.19,4.2,https://racing.hkjc.com/en-us/local/information/otherhorse?horseid=HK_2024_K923&Option=1,2026-09-04T14:19:19Z,https://racing.hkjc.com/en-us/local/information/archive/localresults?racedate=2025/12/14&racecourse=ST&RaceNo=4
ST_20251214_R04_HK_2024_K920,ST_20251214_R04,2025-12-14,ST,Sha Tin,4,257,THE LONGINES HONG KONG VASE,G1,2400,,GOOD,TURF,"TURF - ""A"" Course",26000000,11,HK_2024_K920,4,GOLIATH,K920,GER,Northern,,,,Bay,Gelding,Adlerflug,Gouache,Shamardal Same,0,0,0,0,0,0.0,0.0,0.115,2990000.0,0.0,2990000.0,3,False,True,C Soumillon,F-H Graffard,126,1087,4,1-1/4,2:28.24,20.0,https://racing.hkjc.com/en-us/local/information/otherhorse?horseid=HK_2024_K920&Option=1,2026-09-04T14:19:21Z,https://racing.hkjc.com/en-us/local/information/archive/localresults?racedate=2025/12/14&racecourse=ST&RaceNo=4
ST_20251214_R04_HK_2025_L912,ST_20251214_R04,2025-12-14,ST,Sha Tin,4,257,THE LONGINES HONG KONG VASE,G1,2400,,GOOD,TURF,"TURF - ""A"" Course",26000000,11,HK_2025_L912,2,AL RIFFA,L912,FR,Northern,,,,Bay,Horse,Wootton Bassett,Love On My Mind,Galileo Same,0,0,0,0,0,0.0,0.0,0.06,1560000.0,0.0,1560000.0,4,False,False,D B McMonagle,J P O'Brien,126,1168,2,1-1/2,2:28.28,8.6,https://racing.hkjc.com/en-us/local/information/otherhorse?horseid=HK_2025_L912&Option=1,2026-09-04T14:19:24Z,https://racing.hkjc.com/en-us/local/information/archive/localresults?racedate=2025/12/14&racecourse=ST&RaceNo=4
ST_20251214_R04_HK_2025_L911,ST_20251214_R04,2025-12-14,ST,Sha Tin,4,257,THE LONGINES HONG KONG VASE,G1,2400,,GOOD,TURF,"TURF - ""A"" Course",26000000,11,HK_2025_L911,1,LOS ANGELES,L911,IRE,Northern,,,,Bay,Horse,Camelot,Frequential,Dansili Same,0,0,0,0,0,0.0,0.0,0.035,910000.0,0.0,910000.0,5,False,False,R Moore,A P O'Brien,126,1197,10,6-1/4,2:29.03,12.0,https://racing.hkjc.com/en-us/local/information/otherhorse?horseid=HK_2025_L911&Option=1,2026-09-04T14:19:26Z,https://racing.hkjc.com/en-us/local/information/archive/localresults?racedate=2025/12/14&racecourse=ST&RaceNo=4
ST_20251214_R04_HK_2024_K020,ST_20251214_R04,2025-12-14,ST,Sha Tin,4,257,THE LONGINES HONG KONG VASE,G1,2400,,GOOD,TURF,"TURF - ""A"" Course",26000000,11,HK_2024_K020,10,BUNDLE AWARD,K020,AUS,Southern,,104,104,Brown,Gelding,Shamus Award,Ecosse,West Quest Same,0,0,0,0,0,0.0,0.0,0.02,520000.0,0.0,520000.0,6,False,False,J McDonald,J Size,126,1076,5,6-1/2,2:29.08,14.0,https://racing.hkjc.com/en-us/local/information/otherhorse?horseid=HK_2024_K020&Option=1,2026-09-04T14:19:29Z,https://racing.hkjc.com/en-us/local/information/archive/localresults?racedate=2025/12/14&racecourse=ST&RaceNo=4
ST_20251214_R04_HK_2022_H474,ST_20251214_R04,2025-12-14,ST,Sha Tin,4,257,THE LONGINES HONG KONG VASE,G1,2400,,GOOD,TURF,"TURF - ""A"" Course",26000000,11,HK_2022_H474,9,MOMENTS IN TIME,H474,CHI,Southern,,107,106,Chestnut,Gelding,Lookin At Lucky,Magia Para Todos,Rock Of Gibraltar Same,0,0,0,0,0,0.0,0.0,0.0,0.0,0.0,0.0,7,False,False,H Bowman,C S Shum,126,1099,1,9,2:29.49,51.0,https://racing.hkjc.com/en-us/local/information/otherhorse?horseid=HK_2022_H474&Option=1,2026-09-04T14:19:32Z,https://racing.hkjc.com/en-us/local/information/archive/localresults?racedate=2025/12/14&racecourse=ST&RaceNo=4
ST_20251214_R04_HK_2023_J075,ST_20251214_R04,2025-12-14,ST,Sha Tin,4,257,THE LONGINES HONG KONG VASE,G1,2400,,GOOD,TURF,"TURF - ""A"" Course",26000000,11,HK_2023_J075,11,KA YING GENERATION,J075,IRE,Northern,5,87,87,Bay,Gelding,Churchill,War Goddess,Champs Elysees Same,0,0,0,0,0,0.0,0.0,0.0,0.0,0.0,0.0,8,False,False,L Ferraris,P C Ng,126,1173,11,9-1/4,2:29.53,42.0,https://racing.hkjc.com/en-us/local/information/horse?horseid=HK_2023_J075&Option=1,2026-09-04T14:19:34Z,https://racing.hkjc.com/en-us/local/information/archive/localresults?racedate=2025/12/14&racecourse=ST&RaceNo=4
ST_20251214_R04_HK_2022_H452,ST_20251214_R04,2025-12-14,ST,Sha Tin,4,257,THE LONGINES HONG KONG VASE,G1,2400,,GOOD,TURF,"TURF - ""A"" Course",26000000,11,HK_2022_H452,7,ENSUED,H452,USA,Northern,5,104,102,Bay,Gelding,Lemon Drop Kid,Alluvial Gold,Danehill Dancer Same,0,0,0,0,0,0.0,0.0,0.0,0.0,0.0,0.0,9,False,False,C Williams,J Size,126,1087,7,9-1/4,2:29.55,48.0,https://racing.hkjc.com/en-us/local/information/horse?horseid=HK_2022_H452&Option=1,2026-09-04T14:19:38Z,https://racing.hkjc.com/en-us/local/information/archive/localresults?racedate=2025/12/14&racecourse=ST&RaceNo=4
ST_20251214_R04_HK_2025_L914,ST_20251214_R04,2025-12-14,ST,Sha Tin,4,257,THE LONGINES HONG KONG VASE,G1,2400,,GOOD,TURF,"TURF - ""A"" Course",26000000,11,HK_2025_L914,6,URBAN CHIC,L914,JPN,Northern,,,,Chestnut,Horse,Suave Richard,Edgy Style,Harbinger Same,0,0,0,0,0,0.0,0.0,0.0,0.0,0.0,0.0,10,False,False,C Lemaire,R Takei,126,1140,3,13-1/4,2:30.16,5.7,https://racing.hkjc.com/en-us/local/information/otherhorse?horseid=HK_2025_L914&Option=1,2026-09-04T14:19:41Z,https://racing.hkjc.com/en-us/local/information/archive/localresults?racedate=2025/12/14&racecourse=ST&RaceNo=4
ST_20251214_R04_HK_2025_L915,ST_20251214_R04,2025-12-14,ST,Sha Tin,4,257,THE LONGINES HONG KONG VASE,G1,2400,,GOOD,TURF,"TURF - ""A"" Course",26000000,11,HK_2025_L915,8,EYDON,L915,IRE,Northern,,,,Bay,Horse,Olden Times,Moon Mountain,Frankel Same,0,0,0,0,0,0.0,0.0,0.0,0.0,0.0,0.0,11,False,False,O Murphy,A M Balding,126,1241,9,47,2:35.56,21.0,https://racing.hkjc.com/en-us/local/information/otherhorse?horseid=HK_2025_L915&Option=1,2026-09-04T14:19:44Z,https://racing.hkjc.com/en-us/local/information/archive/localresults?racedate=2025/12/14&racecourse=ST&RaceNo=4
ST_20251214_R05_HK_2023_J062,ST_20251214_R05,2025-12-14,ST,Sha Tin,5,258,THE LONGINES HONG KONG SPRINT,G1,1200,,GOOD,TURF,"TURF - ""A"" Course",28000000,13,HK_2023_J062,1,KA YING RISING,J062,NZ,Southern,5,138,138,Bay,Gelding,Shamexpress,Missy Moo,Per Incanto Same,0,0,0,0,0,0.0,0.0,0.56,15680000.0,0.0,15680000.0,1,True,True,Z Purton,D A Hayes,126,1164,1,---,1:07.70,1.0,https://racing.hkjc.com/en-us/local/information/horse?horseid=HK_2023_J062&Option=1,2026-09-04T14:19:48Z,https://racing.hkjc.com/en-us/local/information/archive/localresults?racedate=2025/12/14&racecourse=ST&RaceNo=5
ST_20251214_R05_HK_2022_H368,ST_20251214_R05,2025-12-14,ST,Sha Tin,5,258,THE LONGINES HONG KONG SPRINT,G1,1200,,GOOD,TURF,"TURF - ""A"" Course",28000000,13,HK_2022_H368,10,RAGING BLIZZARD,H368,NZ,Southern,6,110,113,Bay,Gelding,Per Incanto,Perfect Beat,Magnus Same,0,0,0,0,0,0.0,0.0,0.21,5880000.0,0.0,5880000.0,2,False,True,B Avdulla,J Size,126,1118,5,3-3/4,1:08.32,113.0,https://racing.hkjc.com/en-us/local/information/horse?horseid=HK_2022_H368&Option=1,2026-09-04T14:19:54Z,https://racing.hkjc.com/en-us/local/information/archive/localresults?racedate=2025/12/14&racecourse=ST&RaceNo=5
ST_20251214_R05_HK_2023_J358,ST_20251214_R05,2025-12-14,ST,Sha Tin,5,258,THE LONGINES HONG KONG SPRINT,G1,1200,,GOOD,TURF,"TURF - ""A"" Course",28000000,13,HK_2023_J358,6,FAST NETWORK,J358,NZ,Southern,5,115,115,Bay,Gelding,Wrote,Alberta,Magic Albert Same,0,0,0,0,0,0.0,0.0,0.115,3220000.0,0.0,3220000.0,3,False,True,J McDonald,C H Yip,126,1185,3,4-1/2,1:08.41,40.0,https://racing.hkjc.com/en-us/local/information/horse?horseid=HK_2023_J358&Option=1,2026-09-04T14:19:59Z,https://racing.hkjc.com/en-us/local/information/archive/localresults?racedate=2025/12/14&racecourse=ST&RaceNo=5
ST_20251214_R05_HK_2021_G180,ST_20251214_R05,2025-12-14,ST,Sha Tin,5,258,THE LONGINES HONG KONG SPRINT,G1,1200,,GOOD,TURF,"TURF - ""A"" Course",28000000,13,HK_2021_G180,3,LUCKY SWEYNESSE,G180,NZ,Southern,7,123,121,Brown,Gelding,Sweynesse,Madonna Mia,Red Clubs Same,0,0,0,0,0,0.0,0.0,0.06,1680000.0,0.0,1680000.0,4,False,False,K C Leung,K L Man,126,1197,8,4-1/2,1:08.41,52.0,https://racing.hkjc.com/en-us/local/information/horse?horseid=HK_2021_G180&Option=1,2026-09-04T14:20:05Z,https://racing.hkjc.com/en-us/local/information/archive/localresults?racedate=2025/12/14&racecourse=ST&RaceNo=5
ST_20251214_R05_HK_2022_H302,ST_20251214_R05,2025-12-14,ST,Sha Tin,5,258,THE LONGINES HONG KONG SPRINT,G1,1200,,GOOD,TURF,"TURF - ""A"" Course",28000000,13,HK_2022_H302,4,HELIOS EXPRESS,H302,AUS,Southern,6,122,121,Bay,Gelding,Toronado,Paris Texas,Hinchinbrook Same,0,0,0,0,0,0.0,0.0,0.035,980000.0,0.0,980000.0,5,False,False,H Bowman,J Size,126,1132,6,4-3/4,1:08.46,27.0,https://racing.hkjc.com/en-us/local/information/horse?horseid=HK_2022_H302&Option=1,2026-09-04T14:20:07Z,https://racing.hkjc.com/en-us/local/information/archive/localresults?racedate=2025/12/14&racecourse=ST&RaceNo=5
ST_20251214_R05_HK_2022_H303,ST_20251214_R05,2025-12-14,ST,Sha Tin,5,258,THE LONGINES HONG KONG SPRINT,G1,1200,,GOOD,TURF,"TURF - ""A"" Course",28000000,13,HK_2022_H303,11,TOMODACHI KOKOROE,H303,AUS,Southern,7,110,110,Bay,Gelding,Written Tycoon,Rainbeam,Fastnet Rock Same,0,0,0,0,0,0.0,0.0,0.02,560000.0,0.0,560000.0,6,False,False,H Bentley,D A Hayes,126,1233,7,6,1:08.66,89.0,https://racing.hkjc.com/en-us/local/information/horse?horseid=HK_2022_H303&Option=1,2026-09-04T14:20:09Z,https://racing.hkjc.com/en-us/local/information/archive/localresults?racedate=2025/12/14&racecourse=ST&RaceNo=5
ST_20251214_R05_HK_2020_E356,ST_20251214_R05,2025-12-14,ST,Sha Tin,5,258,THE LONGINES HONG KONG SPRINT,G1,1200,,GOOD,TURF,"TURF - ""A"" Course",28000000,13,HK_2020_E356,8,LUCKY WITH YOU,E356,AUS,Southern,8,110,108,Bay,Gelding,Artie Schiller,Heredera,Northern Meteor Same,0,0,0,0,0,0.0,0.0,0.0,0.0,0.0,0.0,7,False,False,L Ferraris,F C Lor,126,1217,12,7-1/4,1:08.86,94.0,https://racing.hkjc.com/en-us/local/information/horse?horseid=HK_2020_E356&Option=1,2026-09-04T14:20:12Z,https://racing.hkjc.com/en-us/local/information/archive/localresults?racedate=2025/12/14&racecourse=ST&RaceNo=5
ST_20251214_R05_HK_2022_H411,ST_20251214_R05,2025-12-14,ST,Sha Tin,5,258,THE LONGINES HONG KONG SPRINT,G1,1200,,GOOD,TURF,"TURF - ""A"" Course",28000000,13,HK_2022_H411,12,WUNDERBAR,H411,AUS,Southern,,105,104,Chestnut,Gelding,Rich Enuff,Could Be Something,General Nediym Same,0,0,0,0,0,0.0,0.0,0.0,0.0,0.0,0.0,8,False,False,C Williams,J Size,126,1223,2,8,1:08.96,115.0,https://racing.hkjc.com/en-us/local/information/otherhorse?horseid=HK_2022_H411&Option=1,2026-09-04T14:20:14Z,https://racing.hkjc.com/en-us/local/information/archive/localresults?racedate=2025/12/14&racecourse=ST&RaceNo=5
ST_20251214_R05_HK_2024_K907,ST_20251214_R05,2025-12-14,ST,Sha Tin,5,258,THE LONGINES HONG KONG SPRINT,G1,1200,,GOOD,TURF,"TURF - ""A"" Course",28000000,13,HK_2024_K907,2,SATONO REVE,K907,JPN,Northern,,,,Bay,Horse,Lord Kanaloa,Ciliege,Sakura Bakushin O Same,0,0,0,0,0,0.0,0.0,0.0,0.0,0.0,0.0,9,False,False,R Moore,N Hori,126,1175,4,8,1:08.98,33.0,https://racing.hkjc.com/en-us/local/information/otherhorse?horseid=HK_2024_K907&Option=1,2026-09-04T14:20:17Z,https://racing.hkjc.com/en-us/local/information/archive/localresults?racedate=2025/12/14&racecourse=ST&RaceNo=5
ST_20251214_R05_HK_2022_H294,ST_20251214_R05,2025-12-14,ST,Sha Tin,5,258,THE LONGINES HONG KONG SPRINT,G1,1200,,GOOD,TURF,"TURF - ""A"" Course",28000000,13,HK_2022_H294,9,BEAUTY WAVES,H294,IRE,Northern,5,111,109,Chestnut,Gelding,Starspangledbanner,Little Sweetheart,Lawman Same,0,0,0,0,0,0.0,0.0,0.0,0.0,0.0,0.0,10,False,False,A Badel,A S Cruz,126,1197,9,11-1/2,1:09.55,118.0,https://racing.hkjc.com/en-us/local/information/horse?horseid=HK_2022_H294&Option=1,2026-09-04T14:20:23Z,https://racing.hkjc.com/en-us/local/information/archive/localresults?racedate=2025/12/14&racecourse=ST&RaceNo=5
ST_20251214_R05_HK_2025_L901,ST_20251214_R05,2025-12-14,ST,Sha Tin,5,258,THE LONGINES HONG KONG SPRINT,G1,1200,,GOOD,TURF,"TURF - ""A"" Course",28000000,13,HK_2025_L901,5,WIN CARNELIAN,L901,JPN,Northern,,,,Chestnut,Horse,Screen Hero,Cosmo Crystal,Meiner Love Same,0,0,0,0,0,0.0,0.0,0.0,0.0,0.0,0.0,11,False,False,K Miura,Y Shikato,126,1133,11,14-1/4,1:09.97,69.0,https://racing.hkjc.com/en-us/local/information/otherhorse?horseid=HK_2025_L901&Option=1,2026-09-04T14:20:26Z,https://racing.hkjc.com/en-us/local/information/archive/localresults?racedate=2025/12/14&racecourse=ST&RaceNo=5
ST_20251214_R05_HK_2025_L902,ST_20251214_R05,2025-12-14,ST,Sha Tin,5,258,THE LONGINES HONG KONG SPRINT,G1,1200,,GOOD,TURF,"TURF - ""A"" Course",28000000,13,HK_2025_L902,7,KHAADEM,L902,IRE,Northern,,,,Brown,Gelding,Dark Angel,White Daffodil,Footstepsinthesand Same,0,0,0,0,0,0.0,0.0,0.0,0.0,0.0,0.0,12,False,False,O Murphy,C Hills,126,1080,13,26-1/4,1:11.89,147.0,https://racing.hkjc.com/en-us/local/information/otherhorse?horseid=HK_2025_L902&Option=1,2026-09-04T14:20:28Z,https://racing.hkjc.com/en-us/local/information/archive/localresults?racedate=2025/12/14&racecourse=ST&RaceNo=5
ST_20251214_R05_HK_2023_J142,ST_20251214_R05,2025-12-14,ST,Sha Tin,5,258,THE LONGINES HONG KONG SPRINT,G1,1200,,GOOD,TURF,"TURF - ""A"" Course",28000000,13,HK_2023_J142,13,DIVANO,J142,AUS,Southern,,102,102,Brown,Gelding,Brave Smash,Been Scene,Bianconi Same,0,0,0,0,0,0.0,0.0,0.0,0.0,0.0,0.0,13,False,False,H Doyle,K W Lui,126,1133,10,97-1/4,1:23.28,145.0,https://racing.hkjc.com/en-us/local/information/otherhorse?horseid=HK_2023_J142&Option=1,2026-09-04T14:20:31Z,https://racing.hkjc.com/en-us/local/information/archive/localresults?racedate=2025/12/14&racecourse=ST&RaceNo=5
ST_20251214_R06_HK_2024_K131,ST_20251214_R06,2025-12-14,ST,Sha Tin,6,259,JIM AND TONIC HANDICAP,3,1800,80-60,GOOD,TURF,"TURF - ""A"" Course",2050000,14,HK_2024_K131,5,PRESTIGE GOOD,K131,NZ,Southern,5,71,76,Bay,Gelding,Sacred Falls,Lamplighter,Fastnet Rock Same,0,0,0,0,0,0.0,0.0,0.56,1148000.0,0.0,1148000.0,1,True,True,J McDonald,P F Yiu,128,1123,6,---,1:47.55,5.6,https://racing.hkjc.com/en-us/local/information/horse?horseid=HK_2024_K131&Option=1,2026-09-04T14:20:38Z,https://racing.hkjc.com/en-us/local/information/archive/localresults?racedate=2025/12/14&racecourse=ST&RaceNo=6
ST_20251214_R06_HK_2022_H376,ST_20251214_R06,2025-12-14,ST,Sha Tin,6,259,JIM AND TONIC HANDICAP,3,1800,80-60,GOOD,TURF,"TURF - ""A"" Course",2050000,14,HK_2022_H376,7,MISTER DAPPER,H376,NZ,Southern,6,70,72,Bay,Gelding,Tivaci,Posavina,Tiger Hill Same,0,0,0,0,0,0.0,0.0,0.21,430500.0,0.0,430500.0,2,False,True,B Avdulla,D Eustace,127,1216,13,SH,1:47.57,7.6,https://racing.hkjc.com/en-us/local/information/horse?horseid=HK_2022_H376&Option=1,2026-09-04T14:20:41Z,https://racing.hkjc.com/en-us/local/information/archive/localresults?racedate=2025/12/14&racecourse=ST&RaceNo=6
ST_20251214_R06_HK_2024_K004,ST_20251214_R06,2025-12-14,ST,Sha Tin,6,259,JIM AND TONIC HANDICAP,3,1800,80-60,GOOD,TURF,"TURF - ""A"" Course",2050000,14,HK_2024_K004,13,THE AUSPICIOUS,K004,NZ,Southern,4,61,61,Bay,Gelding,Almanzor,Holly Holy,Dylan Thomas Same,0,0,0,0,0,0.0,0.0,0.115,235750.0,0.0,235750.0,3,False,True,K Teetan,Y S Tsui,118,1123,10,1-1/4,1:47.77,10.0,https://racing.hkjc.com/en-us/local/information/horse?horseid=HK_2024_K004&Option=1,2026-09-04T14:20:46Z,https://racing.hkjc.com/en-us/local/information/archive/localresults?racedate=2025/12/14&racecourse=ST&RaceNo=6
ST_20251214_R06_HK_2024_K252,ST_20251214_R06,2025-12-14,ST,Sha Tin,6,259,JIM AND TONIC HANDICAP,3,1800,80-60,GOOD,TURF,"TURF - ""A"" Course",2050000,14,HK_2024_K252,8,ENTHRALLED,K252,USA,Northern,4,69,68,Bay,Gelding,American Pharoah,Amuser,Galileo Same,0,0,0,0,0,0.0,0.0,0.06,123000.0,0.0,123000.0,4,False,False,C Williams,J Size,126,1071,5,1-3/4,1:47.83,13.0,https://racing.hkjc.com/en-us/local/information/horse?horseid=HK_2024_K252&Option=1,2026-09-04T14:20:51Z,https://racing.hkjc.com/en-us/local/information/archive/localresults?racedate=2025/12/14&racecourse=ST&RaceNo=6
ST_20251214_R06_HK_2024_K251,ST_20251214_R06,2025-12-14,ST,Sha Tin,6,259,JIM AND TONIC HANDICAP,3,1800,80-60,GOOD,TURF,"TURF - ""A"" Course",2050000,14,HK_2024_K251,6,SNOWFIELD,K251,BRZ,Southern,,71,70,Chestnut,Gelding,Setembro Chove,Galang,Amigoni Same,0,0,0,0,0,0.0,0.0,0.035,71750.0,0.0,71750.0,5,False,False,A Atzeni,M Newnham,128,1128,11,2,1:47.87,15.0,https://racing.hkjc.com/en-us/local/information/otherhorse?horseid=HK_2024_K251&Option=1,2026-09-04T14:20:54Z,https://racing.hkjc.com/en-us/local/information/archive/localresults?racedate=2025/12/14&racecourse=ST&RaceNo=6
ST_20251214_R06_HK_2024_K313,ST_20251214_R06,2025-12-14,ST,Sha Tin,6,259,JIM AND TONIC HANDICAP,3,1800,80-60,GOOD,TURF,"TURF - ""A"" Course",2050000,14,HK_2024_K313,3,POPE CODY,K313,AUS,Southern,4,77,76,Chestnut,Gelding,Showtime,Smurf Cody,Animal Kingdom Same,0,0,0,0,0,0.0,0.0,0.02,41000.0,0.0,41000.0,6,False,False,J Orman,Y S Tsui,134,1112,3,2-1/4,1:47.90,11.0,https://racing.hkjc.com/en-us/local/information/horse?horseid=HK_2024_K313&Option=1,2026-09-04T14:20:56Z,https://racing.hkjc.com/en-us/local/information/archive/localresults?racedate=2025/12/14&racecourse=ST&RaceNo=6
ST_20251214_R06_HK_2022_H461,ST_20251214_R06,2025-12-14,ST,Sha Tin,6,259,JIM AND TONIC HANDICAP,3,1800,80-60,GOOD,TURF,"TURF - ""A"" Course",2050000,14,HK_2022_H461,4,WINNING GOLD,H461,AUS,Southern,5,74,72,Bay,Gelding,Brazen Beau,Shimada,Smart Missile Same,0,0,0,0,0,0.0,0.0,0.0,0.0,0.0,0.0,7,False,False,U Rispoli,W Y So,131,1060,9,2-1/2,1:47.95,22.0,https://racing.hkjc.com/en-us/local/information/horse?horseid=HK_2022_H461&Option=1,2026-09-04T14:20:59Z,https://racing.hkjc.com/en-us/local/information/archive/localresults?racedate=2025/12/14&racecourse=ST&RaceNo=6
ST_20251214_R06_HK_2021_G171,ST_20251214_R06,2025-12-14,ST,Sha Tin,6,259,JIM AND TONIC HANDICAP,3,1800,80-60,GOOD,TURF,"TURF - ""A"" Course",2050000,14,HK_2021_G171,11,MONEY CATCHER,G171,NZ,Southern,,65,63,Brown,Gelding,Ferlax,Warren's Sister,Savabeel Same,0,0,0,0,0,0.0,0.0,0.0,0.0,0.0,0.0,8,False,False,K C Leung,F C Lor,122,1136,4,4-1/4,1:48.21,32.0,https://racing.hkjc.com/en-us/local/information/otherhorse?horseid=HK_2021_G171&Option=1,2026-09-04T14:21:01Z,https://racing.hkjc.com/en-us/local/information/archive/localresults?racedate=2025/12/14&racecourse=ST&RaceNo=6
ST_20251214_R06_HK_2024_K085,ST_20251214_R06,2025-12-14,ST,Sha Tin,6,259,JIM AND TONIC HANDICAP,3,1800,80-60,GOOD,TURF,"TURF - ""A"" Course",2050000,14,HK_2024_K085,1,CAMBRIDGE,K085,IRE,Northern,,78,76,Bay,Gelding,Dubawi,Amerique,Galileo Same,0,0,0,0,0,0.0,0.0,0.0,0.0,0.0,0.0,9,False,False,C Soumillon,P C Ng,135,1074,14,5-1/4,1:48.40,49.0,https://racing.hkjc.com/en-us/local/information/otherhorse?horseid=HK_2024_K085&Option=1,2026-09-04T14:21:04Z,https://racing.hkjc.com/en-us/local/information/archive/localresults?racedate=2025/12/14&racecourse=ST&RaceNo=6
ST_20251214_R06_HK_2024_K385,ST_20251214_R06,2025-12-14,ST,Sha Tin,6,259,JIM AND TONIC HANDICAP,3,1800,80-60,GOOD,TURF,"TURF - ""A"" Course",2050000,14,HK_2024_K385,2,GENTLEMEN LEGACY,K385,AUS,Southern,5,78,77,Bay,Gelding,Showtime,Chaplet,Street Cry Same,0,0,0,0,0,0.0,0.0,0.0,0.0,0.0,0.0,10,False,False,Z Purton,A S Cruz,135,1178,8,5-1/2,1:48.41,6.5,https://racing.hkjc.com/en-us/local/information/horse?horseid=HK_2024_K385&Option=1,2026-09-04T14:21:09Z,https://racing.hkjc.com/en-us/local/information/archive/localresults?racedate=2025/12/14&racecourse=ST&RaceNo=6
ST_20251214_R06_HK_2024_K428,ST_20251214_R06,2025-12-14,ST,Sha Tin,6,259,JIM AND TONIC HANDICAP,3,1800,80-60,GOOD,TURF,"TURF - ""A"" Course",2050000,14,HK_2024_K428,12,WITHALLMYFAITH,K428,NZ,Southern,5,62,61,Bay,Gelding,Mongolian Khan,Shezhardtocatch,Elusive City Same,0,0,0,0,0,0.0,0.0,0.0,0.0,0.0,0.0,11,False,False,M L Yeung,D A Hayes,119,1222,2,5-3/4,1:48.47,11.0,https://racing.hkjc.com/en-us/local/information/horse?horseid=HK_2024_K428&Option=1,2026-09-04T14:21:14Z,https://racing.hkjc.com/en-us/local/information/archive/localresults?racedate=2025/12/14&racecourse=ST&RaceNo=6
ST_20251214_R06_HK_2024_K054,ST_20251214_R06,2025-12-14,ST,Sha Tin,6,259,JIM AND TONIC HANDICAP,3,1800,80-60,GOOD,TURF,"TURF - ""A"" Course",2050000,14,HK_2024_K054,10,SKY VINO,K054,AUS,Southern,4,66,64,Bay,Gelding,Vino Rosso,Sombre Sea,Dash For Cash Same,0,0,0,0,0,0.0,0.0,0.0,0.0,0.0,0.0,12,False,False,C Y Ho,C Fownes,123,1115,12,6-1/2,1:48.57,6.0,https://racing.hkjc.com/en-us/local/information/horse?horseid=HK_2024_K054&Option=1,2026-09-04T14:21:19Z,https://racing.hkjc.com/en-us/local/information/archive/localresults?racedate=2025/12/14&racecourse=ST&RaceNo=6
ST_20251214_R06_HK_2024_K387,ST_20251214_R06,2025-12-14,ST,Sha Tin,6,259,JIM AND TONIC HANDICAP,3,1800,80-60,GOOD,TURF,"TURF - ""A"" Course",2050000,14,HK_2024_K387,14,SUPREME MASTERMIND,K387,AUS,Southern,4,60,60,Brown,Gelding,The Autumn Sun,Sultry Dreamer,Dream Ahead Same,0,0,0,0,0,0.0,0.0,0.0,0.0,0.0,0.0,13,False,False,H Doyle,D A Hayes,117,1092,7,6-3/4,1:48.62,14.0,https://racing.hkjc.com/en-us/local/information/horse?horseid=HK_2024_K387&Option=1,2026-09-04T14:21:21Z,https://racing.hkjc.com/en-us/local/information/archive/localresults?racedate=2025/12/14&racecourse=ST&RaceNo=6
ST_20251214_R06_HK_2024_K256,ST_20251214_R06,2025-12-14,ST,Sha Tin,6,259,JIM AND TONIC HANDICAP,3,1800,80-60,GOOD,TURF,"TURF - ""A"" Course",2050000,14,HK_2024_K256,9,PANACEA,K256,IRE,Northern,4,68,66,Bay,Gelding,Too Darn Hot,Compostela,Sea The Stars Same,0,0,0,0,0,0.0,0.0,0.0,0.0,0.0,0.0,14,False,False,M Chadwick,P F Yiu,125,1166,1,17-1/2,1:50.35,88.0,https://racing.hkjc.com/en-us/local/information/horse?horseid=HK_2024_K256&Option=1,2026-09-04T14:21:24Z,https://racing.hkjc.com/en-us/local/information/archive/localresults?racedate=2025/12/14&racecourse=ST&RaceNo=6
ST_20251214_R07_HK_2020_E436,ST_20251214_R07,2025-12-14,ST,Sha Tin,7,260,THE LONGINES HONG KONG MILE,G1,1600,,GOOD,TURF,"TURF - ""A"" Course",36000000,15,HK_2020_E436,2.0,VOYAGE BUBBLE,E436,AUS,Southern,7,133,133,Bay / Brown,Gelding,Deep Field,Raheights,Rahy Same,0,0,0,0,0,0.0,0.0,0.56,20160000.0,0.0,20160000.0,1.0,True,True,Z Purton,P F Yiu,126,1235.0,12.0,---,1:33.47,3.6,https://racing.hkjc.com/en-us/local/information/horse?horseid=HK_2020_E436&Option=1,2026-09-04T14:21:32Z,https://racing.hkjc.com/en-us/local/information/archive/localresults?racedate=2025/12/14&racecourse=ST&RaceNo=7
ST_20251214_R07_HK_2023_J808,ST_20251214_R07,2025-12-14,ST,Sha Tin,7,260,THE LONGINES HONG KONG MILE,G1,1600,,GOOD,TURF,"TURF - ""A"" Course",36000000,15,HK_2023_J808,1.0,SOUL RUSH,J808,JPN,Northern,,,,Dark Bay,Horse,Rulership,Eternal Bouquet,Manhattan Cafe Same,0,0,0,0,0,0.0,0.0,0.21,7560000.0,0.0,7560000.0,2.0,False,True,C Demuro,Y Ikee,126,1144.0,11.0,1/2,1:33.54,7.1,https://racing.hkjc.com/en-us/local/information/otherhorse?horseid=HK_2023_J808&Option=1,2026-09-04T14:21:35Z,https://racing.hkjc.com/en-us/local/information/archive/localresults?racedate=2025/12/14&racecourse=ST&RaceNo=7
ST_20251214_R07_HK_2022_H115,ST_20251214_R07,2025-12-14,ST,Sha Tin,7,260,THE LONGINES HONG KONG MILE,G1,1600,,GOOD,TURF,"TURF - ""A"" Course",36000000,15,HK_2022_H115,8.0,RED LION,H115,IRE,Northern,,117,117,Brown,Gelding,Belardo,Crystal Idea,Namid Same,0,0,0,0,0,0.0,0.0,0.115,4140000.0,0.0,4140000.0,3.0,False,True,H Bowman,J Size,126,1150.0,7.0,2-1/4,1:33.81,52.0,https://racing.hkjc.com/en-us/local/information/otherhorse?horseid=HK_2022_H115&Option=1,2026-09-04T14:21:37Z,https://racing.hkjc.com/en-us/local/information/archive/localresults?racedate=2025/12/14&racecourse=ST&RaceNo=7
ST_20251214_R07_HK_2024_K902,ST_20251214_R07,2025-12-14,ST,Sha Tin,7,260,THE LONGINES HONG KONG MILE,G1,1600,,GOOD,TURF,"TURF - ""A"" Course",36000000,15,HK_2024_K902,3.0,DOCKLANDS,K902,GB,Northern,,,,Bay,Horse,Massaat,Icky Woo,Mark Of Esteem Same,0,0,0,0,0,0.0,0.0,0.06,2160000.0,0.0,2160000.0,4.0,False,False,T Marquand,H Eustace,126,1129.0,8.0,2-1/2,1:33.86,86.0,https://racing.hkjc.com/en-us/local/information/otherhorse?horseid=HK_2024_K902&Option=1,2026-09-04T14:21:40Z,https://racing.hkjc.com/en-us/local/information/archive/localresults?racedate=2025/12/14&racecourse=ST&RaceNo=7
ST_20251214_R07_HK_2022_H399,ST_20251214_R07,2025-12-14,ST,Sha Tin,7,260,THE LONGINES HONG KONG MILE,G1,1600,,GOOD,TURF,"TURF - ""A"" Course",36000000,15,HK_2022_H399,5.0,GALAXY PATCH,H399,AUS,Southern,6,122,122,Bay,Gelding,Wandjina,Voltara,More Than Ready Same,0,0,0,0,0,0.0,0.0,0.035,1260000.0,0.0,1260000.0,5.0,False,False,J McDonald,P C Ng,126,1168.0,5.0,2-3/4,1:33.91,7.6,https://racing.hkjc.com/en-us/local/information/horse?horseid=HK_2022_H399&Option=1,2026-09-04T14:21:46Z,https://racing.hkjc.com/en-us/local/information/archive/localresults?racedate=2025/12/14&racecourse=ST&RaceNo=7
ST_20251214_R07_HK_2023_J256,ST_20251214_R07,2025-12-14,ST,Sha Tin,7,260,THE LONGINES HONG KONG MILE,G1,1600,,GOOD,TURF,"TURF - ""A"" Course",36000000,15,HK_2023_J256,10.0,MY WISH,J256,AUS,Southern,5,122,122,Bay,Gelding,Flying Artie,Set The Tone,Reset Same,0,0,0,0,0,0.0,0.0,0.02,720000.0,0.0,720000.0,6.0,False,False,L Ferraris,M Newnham,126,1015.0,2.0,3,1:33.96,3.5,https://racing.hkjc.com/en-us/local/information/horse?horseid=HK_2023_J256&Option=1,2026-09-04T14:21:49Z,https://racing.hkjc.com/en-us/local/information/archive/localresults?racedate=2025/12/14&racecourse=ST&RaceNo=7
ST_20251214_R07_HK_2022_H485,ST_20251214_R07,2025-12-14,ST,Sha Tin,7,260,THE LONGINES HONG KONG MILE,G1,1600,,GOOD,TURF,"TURF - ""A"" Course",36000000,15,HK_2022_H485,12.0,PATCH OF THETA,H485,AUS,Southern,6,109,109,Chestnut,Gelding,Zoustar,Fortune Of War,General Nediym Same,0,0,0,0,0,0.0,0.0,0.0,0.0,0.0,0.0,7.0,False,False,C Williams,K W Lui,126,1199.0,13.0,4,1:34.10,34.0,https://racing.hkjc.com/en-us/local/information/horse?horseid=HK_2022_H485&Option=1,2026-09-04T14:21:51Z,https://racing.hkjc.com/en-us/local/information/archive/localresults?racedate=2025/12/14&racecourse=ST&RaceNo=7
ST_20251214_R07_HK_2020_E058,ST_20251214_R07,2025-12-14,ST,Sha Tin,7,260,THE LONGINES HONG KONG MILE,G1,1600,,GOOD,TURF,"TURF - ""A"" Course",36000000,15,HK_2020_E058,4.0,BEAUTY JOY,E058,AUS,Southern,9,114,113,Chestnut,Gelding,Sebring,Impressive Jeuney,Jeune Same,0,0,0,0,0,0.0,0.0,0.0,0.0,0.0,0.0,8.0,False,False,B Avdulla,A S Cruz,126,1070.0,4.0,4-1/4,1:34.13,69.0,https://racing.hkjc.com/en-us/local/information/horse?horseid=HK_2020_E058&Option=1,2026-09-04T14:22:00Z,https://racing.hkjc.com/en-us/local/information/archive/localresults?racedate=2025/12/14&racecourse=ST&RaceNo=7
ST_20251214_R07_HK_2023_J245,ST_20251214_R07,2025-12-14,ST,Sha Tin,7,260,THE LONGINES HONG KONG MILE,G1,1600,,GOOD,TURF,"TURF - ""A"" Course",36000000,15,HK_2023_J245,7.0,PRAY FOR MIR,J245,AUS,Southern,5,100,100,Bay,Gelding,Justify,Formality,Fastnet Rock Same,0,0,0,0,0,0.0,0.0,0.0,0.0,0.0,0.0,9.0,False,False,A Badel,W K Mo,126,1109.0,9.0,4-1/4,1:34.14,84.0,https://racing.hkjc.com/en-us/local/information/horse?horseid=HK_2023_J245&Option=1,2026-09-04T14:22:06Z,https://racing.hkjc.com/en-us/local/information/archive/localresults?racedate=2025/12/14&racecourse=ST&RaceNo=7
ST_20251214_R07_HK_2025_L903,ST_20251214_R07,2025-12-14,ST,Sha Tin,7,260,THE LONGINES HONG KONG MILE,G1,1600,,GOOD,TURF,"TURF - ""A"" Course",36000000,15,HK_2025_L903,6.0,BEAUVATIER,L903,FR,Northern,,,,Bay / Brown,Horse,Lope de Vega,Enchanting Skies,Sea The Stars Same,0,0,0,0,0,0.0,0.0,0.0,0.0,0.0,0.0,10.0,False,False,A Pouchin,Y Barberot,126,1005.0,6.0,4-1/4,1:34.17,82.0,https://racing.hkjc.com/en-us/local/information/otherhorse?horseid=HK_2025_L903&Option=1,2026-09-04T14:22:08Z,https://racing.hkjc.com/en-us/local/information/archive/localresults?racedate=2025/12/14&racecourse=ST&RaceNo=7
ST_20251214_R07_HK_2025_L905,ST_20251214_R07,2025-12-14,ST,Sha Tin,7,260,THE LONGINES HONG KONG MILE,G1,1600,,GOOD,TURF,"TURF - ""A"" Course",36000000,15,HK_2025_L905,14.0,EMBROIDERY,L905,JPN,Northern,,,,Bay,Filly,Admire Mars,Rottenmeier,Kurofune Same,0,0,0,0,0,0.0,0.0,0.0,0.0,0.0,0.0,11.0,False,False,C Lemaire,K Mori,121,1063.0,10.0,5-1/4,1:34.30,7.2,https://racing.hkjc.com/en-us/local/information/otherhorse?horseid=HK_2025_L905&Option=1,2026-09-04T14:22:11Z,https://racing.hkjc.com/en-us/local/information/archive/localresults?racedate=2025/12/14&racecourse=ST&RaceNo=7
ST_20251214_R07_HK_2025_L904,ST_20251214_R07,2025-12-14,ST,Sha Tin,7,260,THE LONGINES HONG KONG MILE,G1,1600,,GOOD,TURF,"TURF - ""A"" Course",36000000,15,HK_2025_L904,13.0,THE LION IN WINTER,L904,IRE,Northern,,,,Bay,Colt,Sea The Stars,What A Home,Lope de Vega Same,0,0,0,0,0,0.0,0.0,0.0,0.0,0.0,0.0,12.0,False,False,R Moore,A P O'Brien,125,1056.0,14.0,5-1/4,1:34.30,18.0,https://racing.hkjc.com/en-us/local/information/otherhorse?horseid=HK_2025_L904&Option=1,2026-09-04T14:22:14Z,https://racing.hkjc.com/en-us/local/information/archive/localresults?racedate=2025/12/14&racecourse=ST&RaceNo=7
ST_20251214_R07_HK_2022_H244,ST_20251214_R07,2025-12-14,ST,Sha Tin,7,260,THE LONGINES HONG KONG MILE,G1,1600,,GOOD,TURF,"TURF - ""A"" Course",36000000,15,HK_2022_H244,9.0,SUNLIGHT POWER,H244,AUS,Southern,6,112,112,Chestnut,Gelding,Capitalist,Emirates Comfort,Dubawi Same,0,0,0,0,0,0.0,0.0,0.0,0.0,0.0,0.0,13.0,False,False,C Soumillon,P F Yiu,126,1120.0,3.0,15-1/2,1:35.97,14.0,https://racing.hkjc.com/en-us/local/information/horse?horseid=HK_2022_H244&Option=1,2026-09-04T14:22:20Z,https://racing.hkjc.com/en-us/local/information/archive/localresults?racedate=2025/12/14&racecourse=ST&RaceNo=7
ST_20251214_R07_HK_2022_H408,ST_20251214_R07,2025-12-14,ST,Sha Tin,7,260,THE LONGINES HONG KONG MILE,G1,1600,,GOOD,TURF,"TURF - ""A"" Course",36000000,15,HK_2022_H408,11.0,COPARTNER PRANCE,H408,AUS,Southern,6,116,115,Bay,Gelding,Epaulette,Woodstock Hussey,Hussonet Same,0,0,0,0,0,0.0,0.0,0.0,0.0,0.0,0.0,14.0,False,False,M Guyon,K W Lui,126,1118.0,1.0,22,1:37.00,48.0,https://racing.hkjc.com/en-us/local/information/horse?horseid=HK_2022_H408&Option=1,2026-09-04T14:22:22Z,https://racing.hkjc.com/en-us/local/information/archive/localresults?racedate=2025/12/14&racecourse=ST&RaceNo=7
ST_20251214_R07_HK_2021_G446,ST_20251214_R07,2025-12-14,ST,Sha Tin,7,260,THE LONGINES HONG KONG MILE,G1,1600,,GOOD,TURF,"TURF - ""A"" Course",36000000,15,HK_2021_G446,,HAPPY TOGETHER,G446,IRE,Northern,,112,112,Bay,Gelding,Dragon Pulse,Ruby Girl,Fast Company Same,0,0,0,0,0,0.0,0.0,0.0,0.0,0.0,0.0,,False,False,A Badel,F C Lor,126,,,---,---,,https://racing.hkjc.com/en-us/local/information/otherhorse?horseid=HK_2021_G446&Option=1,2026-09-04T14:22:25Z,https://racing.hkjc.com/en-us/local/information/archive/localresults?racedate=2025/12/14&racecourse=ST&RaceNo=7
ST_20251214_R08_HK_2020_E486,ST_20251214_R08,2025-12-14,ST,Sha Tin,8,261,THE LONGINES HONG KONG CUP,G1,2000,,GOOD,TURF,"TURF - ""A"" Course",40000000,7,HK_2020_E486,1,ROMANTIC WARRIOR,E486,IRE,Northern,,135,135,Bay,Gelding,Acclamation,Folk Melody,Street Cry Same,0,0,0,0,0,0.0,0.0,0.56,22400000.0,0.0,22400000.0,1,True,True,J McDonald,C S Shum,126,1168,2,---,2:02.29,1.1,https://racing.hkjc.com/en-us/local/information/otherhorse?horseid=HK_2020_E486&Option=1,2026-09-04T14:22:30Z,https://racing.hkjc.com/en-us/local/information/archive/localresults?racedate=2025/12/14&racecourse=ST&RaceNo=8
ST_20251214_R08_HK_2025_L907,ST_20251214_R08,2025-12-14,ST,Sha Tin,8,261,THE LONGINES HONG KONG CUP,G1,2000,,GOOD,TURF,"TURF - ""A"" Course",40000000,7,HK_2025_L907,2,BELLAGIO OPERA,L907,JPN,Northern,,,,Bay,Horse,Lord Kanaloa,Air Routine,Harbinger Same,0,0,0,0,0,0.0,0.0,0.21,8400000.0,0.0,8400000.0,2,False,True,K Yokoyama,H Uemura,126,1115,5,1-3/4,2:02.56,9.4,https://racing.hkjc.com/en-us/local/information/otherhorse?horseid=HK_2025_L907&Option=1,2026-09-04T14:22:32Z,https://racing.hkjc.com/en-us/local/information/archive/localresults?racedate=2025/12/14&racecourse=ST&RaceNo=8
ST_20251214_R08_HK_2025_L910,ST_20251214_R08,2025-12-14,ST,Sha Tin,8,261,THE LONGINES HONG KONG CUP,G1,2000,,GOOD,TURF,"TURF - ""A"" Course",40000000,7,HK_2025_L910,7,QUISISANA,L910,FR,Northern,,,,Bay,Mare,Le Havre,Quamoclit,Sea The Stars Same,0,0,0,0,0,0.0,0.0,0.115,4600000.0,0.0,4600000.0,3,False,True,C Soumillon,F-H Graffard,122,1005,4,5-1/4,2:03.11,10.0,https://racing.hkjc.com/en-us/local/information/otherhorse?horseid=HK_2025_L910&Option=1,2026-09-04T14:22:35Z,https://racing.hkjc.com/en-us/local/information/archive/localresults?racedate=2025/12/14&racecourse=ST&RaceNo=8
ST_20251214_R08_HK_2025_L909,ST_20251214_R08,2025-12-14,ST,Sha Tin,8,261,THE LONGINES HONG KONG CUP,G1,2000,,GOOD,TURF,"TURF - ""A"" Course",40000000,7,HK_2025_L909,4,GALEN,L909,GB,Northern,,,,Chestnut,Gelding,Gleneagles,Apache Storm,Pivotal Same,0,0,0,0,0,0.0,0.0,0.06,2400000.0,0.0,2400000.0,4,False,False,D B McMonagle,J P O'Brien,126,1034,7,5-1/2,2:03.16,34.0,https://racing.hkjc.com/en-us/local/information/otherhorse?horseid=HK_2025_L909&Option=1,2026-09-04T14:22:38Z,https://racing.hkjc.com/en-us/local/information/archive/localresults?racedate=2025/12/14&racecourse=ST&RaceNo=8
ST_20251214_R08_HK_2023_J814,ST_20251214_R08,2025-12-14,ST,Sha Tin,8,261,THE LONGINES HONG KONG CUP,G1,2000,,GOOD,TURF,"TURF - ""A"" Course",40000000,7,HK_2023_J814,3,ROUSHAM PARK,J814,JPN,Northern,,,,Bay,Horse,Harbinger,Reinette Groove,King Kamehameha Same,0,0,0,0,0,0.0,0.0,0.035,1400000.0,0.0,1400000.0,5,False,False,C Lemaire,H Tanaka,126,1098,3,5-3/4,2:03.20,43.0,https://racing.hkjc.com/en-us/local/information/otherhorse?horseid=HK_2023_J814&Option=1,2026-09-04T14:22:40Z,https://racing.hkjc.com/en-us/local/information/archive/localresults?racedate=2025/12/14&racecourse=ST&RaceNo=8
ST_20251214_R08_HK_2022_H212,ST_20251214_R08,2025-12-14,ST,Sha Tin,8,261,THE LONGINES HONG KONG CUP,G1,2000,,GOOD,TURF,"TURF - ""A"" Course",40000000,7,HK_2022_H212,6,CHANCHENG GLORY,H212,USA,Northern,5,110.0,109.0,Brown,Gelding,Mor Spirit,Solid Scam,Consolidator Same,0,0,0,0,0,0.0,0.0,0.02,800000.0,0.0,800000.0,6,False,False,M Guyon,K W Lui,126,1176,6,6,2:03.24,47.0,https://racing.hkjc.com/en-us/local/information/horse?horseid=HK_2022_H212&Option=1,2026-09-04T14:22:46Z,https://racing.hkjc.com/en-us/local/information/archive/localresults?racedate=2025/12/14&racecourse=ST&RaceNo=8
ST_20251214_R08_HK_2021_G435,ST_20251214_R08,2025-12-14,ST,Sha Tin,8,261,THE LONGINES HONG KONG CUP,G1,2000,,GOOD,TURF,"TURF - ""A"" Course",40000000,7,HK_2021_G435,5,STRAIGHT ARRON,G435,AUS,Southern,,115,113,Bay,Gelding,Fastnet Rock,Imperial Lass,Tavistock Same,0,0,0,0,0,0.0,0.0,0.0,0.0,0.0,0.0,7,False,False,C Williams,D A Hayes,126,1150,1,8-3/4,2:03.68,31.0,https://racing.hkjc.com/en-us/local/information/otherhorse?horseid=HK_2021_G435&Option=1,2026-09-04T14:22:49Z,https://racing.hkjc.com/en-us/local/information/archive/localresults?racedate=2025/12/14&racecourse=ST&RaceNo=8
ST_20251214_R09_HK_2024_K474,ST_20251214_R09,2025-12-14,ST,Sha Tin,9,262,OUIJA BOARD HANDICAP,3,1400,80-60,GOOD,TURF,"TURF - ""A"" Course",1860000,15,HK_2024_K474,14.0,SMART AVENUE,K474,AUS,Southern,4,60,65,Bay,Gelding,Shamus Award,Notebook,Written Tycoon Same,0,0,0,0,0,0.0,0.0,0.56,1041600.0,0.0,1041600.0,1.0,True,True,K Teetan,C H Yip,115,1108.0,11.0,---,1:21.74,14.0,https://racing.hkjc.com/en-us/local/information/horse?horseid=HK_2024_K474&Option=1,2026-09-04T14:22:56Z,https://racing.hkjc.com/en-us/local/information/archive/localresults?racedate=2025/12/14&racecourse=ST&RaceNo=9
ST_20251214_R09_HK_2024_K172,ST_20251214_R09,2025-12-14,ST,Sha Tin,9,262,OUIJA BOARD HANDICAP,3,1400,80-60,GOOD,TURF,"TURF - ""A"" Course",1860000,15,HK_2024_K172,2.0,EVERYONE'S STAR,K172,AUS,Southern,5,75,77,Grey,Gelding,Puissance de Lune,South Street,Street Cry Same,0,0,0,0,0,0.0,0.0,0.21,390600.0,0.0,390600.0,2.0,False,True,Z Purton,F C Lor,130,1094.0,7.0,NOSE,1:21.74,4.3,https://racing.hkjc.com/en-us/local/information/horse?horseid=HK_2024_K172&Option=1,2026-09-04T14:23:01Z,https://racing.hkjc.com/en-us/local/information/archive/localresults?racedate=2025/12/14&racecourse=ST&RaceNo=9
ST_20251214_R09_HK_2024_K261,ST_20251214_R09,2025-12-14,ST,Sha Tin,9,262,OUIJA BOARD HANDICAP,3,1400,80-60,GOOD,TURF,"TURF - ""A"" Course",1860000,15,HK_2024_K261,11.0,ONE MORE,K261,SAF,Southern,4,63,64,Chestnut,Gelding,One World,Durban Bourbon,Trippi Same,0,0,0,0,0,0.0,0.0,0.115,213900.0,0.0,213900.0,3.0,False,True,L Hewitson,M Newnham,118,1062.0,5.0,N,1:21.80,21.0,https://racing.hkjc.com/en-us/local/information/horse?horseid=HK_2024_K261&Option=1,2026-09-04T14:23:05Z,https://racing.hkjc.com/en-us/local/information/archive/localresults?racedate=2025/12/14&racecourse=ST&RaceNo=9
ST_20251214_R09_HK_2024_K061,ST_20251214_R09,2025-12-14,ST,Sha Tin,9,262,OUIJA BOARD HANDICAP,3,1400,80-60,GOOD,TURF,"TURF - ""A"" Course",1860000,15,HK_2024_K061,9.0,SIX PACK,K061,AUS,Southern,5,76,76,Brown,Gelding,Rubick,Keep de Rose,Keeper Same,0,0,0,0,0,0.0,0.0,0.06,111600.0,0.0,111600.0,4.0,False,False,H Bowman,D J Whyte,131,1301.0,10.0,1,1:21.92,12.0,https://racing.hkjc.com/en-us/local/information/horse?horseid=HK_2024_K061&Option=1,2026-09-04T14:23:07Z,https://racing.hkjc.com/en-us/local/information/archive/localresults?racedate=2025/12/14&racecourse=ST&RaceNo=9
ST_20251214_R09_HK_2023_J443,ST_20251214_R09,2025-12-14,ST,Sha Tin,9,262,OUIJA BOARD HANDICAP,3,1400,80-60,GOOD,TURF,"TURF - ""A"" Course",1860000,15,HK_2023_J443,1.0,JUNEAU PRIDE,J443,AUS,Southern,,80,79,Bay,Gelding,Pride Of Dubai,Sherbet Bomb,Snitzel Same,0,0,0,0,0,0.0,0.0,0.035,65100.0,0.0,65100.0,5.0,False,False,R Moore,J Size,135,998.0,13.0,1-3/4,1:22.02,10.0,https://racing.hkjc.com/en-us/local/information/otherhorse?horseid=HK_2023_J443&Option=1,2026-09-04T14:23:10Z,https://racing.hkjc.com/en-us/local/information/archive/localresults?racedate=2025/12/14&racecourse=ST&RaceNo=9
ST_20251214_R09_HK_2023_J278,ST_20251214_R09,2025-12-14,ST,Sha Tin,9,262,OUIJA BOARD HANDICAP,3,1400,80-60,GOOD,TURF,"TURF - ""A"" Course",1860000,15,HK_2023_J278,7.0,DRAGON JOY,J278,NZ,Southern,5,66,62,Bay,Gelding,Saxon Warrior,Ashara,Pins Same,0,0,0,0,0,0.0,0.0,0.02,37200.0,0.0,37200.0,6.0,False,False,H Doyle,P F Yiu,121,1168.0,4.0,3,1:22.22,17.0,https://racing.hkjc.com/en-us/local/information/horse?horseid=HK_2023_J278&Option=1,2026-09-04T14:23:15Z,https://racing.hkjc.com/en-us/local/information/archive/localresults?racedate=2025/12/14&racecourse=ST&RaceNo=9
ST_20251214_R09_HK_2022_H170,ST_20251214_R09,2025-12-14,ST,Sha Tin,9,262,OUIJA BOARD HANDICAP,3,1400,80-60,GOOD,TURF,"TURF - ""A"" Course",1860000,15,HK_2022_H170,12.0,EIGHTY LIGHT YEARS,H170,AUS,Southern,,62,62,Bay,Gelding,Dream Ahead,Blue Ocean,Fastnet Rock Same,0,0,0,0,0,0.0,0.0,0.0,0.0,0.0,0.0,7.0,False,False,H Bentley,B Crawford,117,1247.0,9.0,3-1/4,1:22.24,6.8,https://racing.hkjc.com/en-us/local/information/otherhorse?horseid=HK_2022_H170&Option=1,2026-09-04T14:23:18Z,https://racing.hkjc.com/en-us/local/information/archive/localresults?racedate=2025/12/14&racecourse=ST&RaceNo=9
ST_20251214_R09_HK_2024_K146,ST_20251214_R09,2025-12-14,ST,Sha Tin,9,262,OUIJA BOARD HANDICAP,3,1400,80-60,GOOD,TURF,"TURF - ""A"" Course",1860000,15,HK_2024_K146,6.0,LUCKY MY WAY,K146,NZ,Southern,4,68,67,Bay,Gelding,Proisir,Spirit Of Sandford,Kilimanjaro Same,0,0,0,0,0,0.0,0.0,0.0,0.0,0.0,0.0,8.0,False,False,K C Leung,K L Man,123,1059.0,6.0,4-1/2,1:22.47,47.0,https://racing.hkjc.com/en-us/local/information/horse?horseid=HK_2024_K146&Option=1,2026-09-04T14:23:22Z,https://racing.hkjc.com/en-us/local/information/archive/localresults?racedate=2025/12/14&racecourse=ST&RaceNo=9
ST_20251214_R09_HK_2021_G209,ST_20251214_R09,2025-12-14,ST,Sha Tin,9,262,OUIJA BOARD HANDICAP,3,1400,80-60,GOOD,TURF,"TURF - ""A"" Course",1860000,15,HK_2021_G209,10.0,RISING FROM ASHES,G209,AUS,Southern,8,64,62,Brown,Gelding,Shamus Award,Tear Gas,High Chaparral Same,0,0,0,0,0,0.0,0.0,0.0,0.0,0.0,0.0,9.0,False,False,H T Mo,C W Chang,117,1012.0,12.0,5-3/4,1:22.64,64.0,https://racing.hkjc.com/en-us/local/information/horse?horseid=HK_2021_G209&Option=1,2026-09-04T14:23:24Z,https://racing.hkjc.com/en-us/local/information/archive/localresults?racedate=2025/12/14&racecourse=ST&RaceNo=9
ST_20251214_R09_HK_2024_K516,ST_20251214_R09,2025-12-14,ST,Sha Tin,9,262,OUIJA BOARD HANDICAP,3,1400,80-60,GOOD,TURF,"TURF - ""A"" Course",1860000,15,HK_2024_K516,3.0,STAR RISE,K516,AUS,Southern,4,72,70,Bay / Brown,Gelding,Puissance de Lune,Love Days,Bel Esprit Same,0,0,0,0,0,0.0,0.0,0.0,0.0,0.0,0.0,10.0,False,False,J McDonald,D J Hall,127,1032.0,2.0,6-3/4,1:22.81,4.8,https://racing.hkjc.com/en-us/local/information/horse?horseid=HK_2024_K516&Option=1,2026-09-04T14:23:26Z,https://racing.hkjc.com/en-us/local/information/archive/localresults?racedate=2025/12/14&racecourse=ST&RaceNo=9
ST_20251214_R09_HK_2024_K511,ST_20251214_R09,2025-12-14,ST,Sha Tin,9,262,OUIJA BOARD HANDICAP,3,1400,80-60,GOOD,TURF,"TURF - ""A"" Course",1860000,15,HK_2024_K511,5.0,URANUS STAR,K511,AUS,Southern,4,71,71,Brown,Gelding,Brazen Beau,Lerina Gold,Medaglia d'Oro Same,0,0,0,0,0,0.0,0.0,0.0,0.0,0.0,0.0,11.0,False,False,M Guyon,K W Lui,126,1157.0,14.0,8-1/4,1:23.05,19.0,https://racing.hkjc.com/en-us/local/information/horse?horseid=HK_2024_K511&Option=1,2026-09-04T14:23:29Z,https://racing.hkjc.com/en-us/local/information/archive/localresults?racedate=2025/12/14&racecourse=ST&RaceNo=9
ST_20251214_R09_HK_2024_K127,ST_20251214_R09,2025-12-14,ST,Sha Tin,9,262,OUIJA BOARD HANDICAP,3,1400,80-60,GOOD,TURF,"TURF - ""A"" Course",1860000,15,HK_2024_K127,4.0,CHARMING LEGEND,K127,AUS,Southern,5,71,69,Brown,Gelding,Deep Field,Spellbinder,O'Reilly Same,0,0,0,0,0,0.0,0.0,0.0,0.0,0.0,0.0,12.0,False,False,U Rispoli,C Fownes,126,1203.0,8.0,9-1/2,1:23.24,5.7,https://racing.hkjc.com/en-us/local/information/horse?horseid=HK_2024_K127&Option=1,2026-09-04T14:23:31Z,https://racing.hkjc.com/en-us/local/information/archive/localresults?racedate=2025/12/14&racecourse=ST&RaceNo=9
ST_20251214_R09_HK_2024_K568,ST_20251214_R09,2025-12-14,ST,Sha Tin,9,262,OUIJA BOARD HANDICAP,3,1400,80-60,GOOD,TURF,"TURF - ""A"" Course",1860000,15,HK_2024_K568,13.0,NOT USUAL PICK,K568,NZ,Southern,,61,59,Chestnut,Gelding,Wyndspelle,Thegreatpickpocket,Brilliance Same,0,0,0,0,0,0.0,0.0,0.0,0.0,0.0,0.0,13.0,False,False,M Chadwick,W Y So,116,1060.0,3.0,12,1:23.67,102.0,https://racing.hkjc.com/en-us/local/information/otherhorse?horseid=HK_2024_K568&Option=1,2026-09-04T14:23:33Z,https://racing.hkjc.com/en-us/local/information/archive/localresults?racedate=2025/12/14&racecourse=ST&RaceNo=9
ST_20251214_R09_HK_2024_K476,ST_20251214_R09,2025-12-14,ST,Sha Tin,9,262,OUIJA BOARD HANDICAP,3,1400,80-60,GOOD,TURF,"TURF - ""A"" Course",1860000,15,HK_2024_K476,8.0,STANLEY EXPRESS,K476,AUS,Southern,4,66,64,Chestnut,Gelding,Starspangledbanner,Vivid,Eavesdropper Same,0,0,0,0,0,0.0,0.0,0.0,0.0,0.0,0.0,14.0,False,False,M L Yeung,P C Ng,121,1206.0,1.0,19,1:24.76,83.0,https://racing.hkjc.com/en-us/local/information/horse?horseid=HK_2024_K476&Option=1,2026-09-04T14:23:36Z,https://racing.hkjc.com/en-us/local/information/archive/localresults?racedate=2025/12/14&racecourse=ST&RaceNo=9
ST_20251214_R09_HK_2024_K473,ST_20251214_R09,2025-12-14,ST,Sha Tin,9,262,OUIJA BOARD HANDICAP,3,1400,80-60,GOOD,TURF,"TURF - ""A"" Course",1860000,15,HK_2024_K473,,PRAY FOR JUSTICE,K473,AUS,Southern,4,64,64,Bay,Gelding,Justify,Formality,Fastnet Rock Same,0,0,0,0,0,0.0,0.0,0.0,0.0,0.0,0.0,,False,False,A Atzeni,D Eustace,119,,,---,---,,https://racing.hkjc.com/en-us/local/information/horse?horseid=HK_2024_K473&Option=1,2026-09-04T14:23:39Z,https://racing.hkjc.com/en-us/local/information/archive/localresults?racedate=2025/12/14&racecourse=ST&RaceNo=9
ST_20251214_R10_HK_2023_J534,ST_20251214_R10,2025-12-14,ST,Sha Tin,10,263,HIGHLAND REEL HANDICAP,2,1400,105-80,GOOD,TURF,"TURF - ""A"" Course",2840000,14,HK_2023_J534,8,AERIS NOVA,J534,AUS,Southern,5,85,91,Bay,Gelding,Justify,Fine Scent,All Too Hard Same,0,0,0,0,0,0.0,0.0,0.56,1590400.0,0.0,1590400.0,1,True,True,K C Leung,W K Mo,117,1228,12,---,1:22.07,3.4,https://racing.hkjc.com/en-us/local/information/horse?horseid=HK_2023_J534&Option=1,2026-09-04T14:23:47Z,https://racing.hkjc.com/en-us/local/information/archive/localresults?racedate=2025/12/14&racecourse=ST&RaceNo=10
ST_20251214_R10_HK_2022_H117,ST_20251214_R10,2025-12-14,ST,Sha Tin,10,263,HIGHLAND REEL HANDICAP,2,1400,105-80,GOOD,TURF,"TURF - ""A"" Course",2840000,14,HK_2022_H117,5,DROMBEG BANNER,H117,IRE,Northern,6,90,90,Bay,Gelding,Starspangledbanner,Drombeg Dawn,Orpen Same,0,0,0,0,0,0.0,0.0,0.21,596400.0,0.0,596400.0,2,False,True,H Doyle,P C Ng,120,1089,10,N,1:22.13,8.9,https://racing.hkjc.com/en-us/local/information/horse?horseid=HK_2022_H117&Option=1,2026-09-04T14:23:49Z,https://racing.hkjc.com/en-us/local/information/archive/localresults?racedate=2025/12/14&racecourse=ST&RaceNo=10
ST_20251214_R10_HK_2025_L035,ST_20251214_R10,2025-12-14,ST,Sha Tin,10,263,HIGHLAND REEL HANDICAP,2,1400,105-80,GOOD,TURF,"TURF - ""A"" Course",2840000,14,HK_2025_L035,12,PUBLIC ATTENTION,L035,NZ,Southern,4,82,83,Grey,Gelding,Written Tycoon,Legramor,Commands Same,0,0,0,0,0,0.0,0.0,0.115,326600.0,0.0,326600.0,3,False,True,C Williams,D A Hayes,115,1250,8,1/2,1:22.17,3.6,https://racing.hkjc.com/en-us/local/information/horse?horseid=HK_2025_L035&Option=1,2026-09-04T14:23:51Z,https://racing.hkjc.com/en-us/local/information/archive/localresults?racedate=2025/12/14&racecourse=ST&RaceNo=10
ST_20251214_R10_HK_2024_K208,ST_20251214_R10,2025-12-14,ST,Sha Tin,10,263,HIGHLAND REEL HANDICAP,2,1400,105-80,GOOD,TURF,"TURF - ""A"" Course",2840000,14,HK_2024_K208,14,MID WINTER WIND,K208,SAF,Southern,5,81,82,Bay,Gelding,What A Winter,Lady In Black,Dynasty Same,0,0,0,0,0,0.0,0.0,0.06,170400.0,0.0,170400.0,4,False,False,M Chadwick,M Newnham,115,1145,3,1/2,1:22.18,20.0,https://racing.hkjc.com/en-us/local/information/horse?horseid=HK_2024_K208&Option=1,2026-09-04T14:23:56Z,https://racing.hkjc.com/en-us/local/information/archive/localresults?racedate=2025/12/14&racecourse=ST&RaceNo=10
ST_20251214_R10_HK_2021_G365,ST_20251214_R10,2025-12-14,ST,Sha Tin,10,263,HIGHLAND REEL HANDICAP,2,1400,105-80,GOOD,TURF,"TURF - ""A"" Course",2840000,14,HK_2021_G365,4,DANCING CODE,G365,AUS,Southern,,91,91,Bay / Brown,Gelding,Panzer Division,Parraay,Excites Same,0,0,0,0,0,0.0,0.0,0.035,99400.0,0.0,99400.0,5,False,False,U Rispoli,C Fownes,121,1045,1,1/2,1:22.18,17.0,https://racing.hkjc.com/en-us/local/information/otherhorse?horseid=HK_2021_G365&Option=1,2026-09-04T14:23:59Z,https://racing.hkjc.com/en-us/local/information/archive/localresults?racedate=2025/12/14&racecourse=ST&RaceNo=10
ST_20251214_R10_HK_2019_D435,ST_20251214_R10,2025-12-14,ST,Sha Tin,10,263,HIGHLAND REEL HANDICAP,2,1400,105-80,GOOD,TURF,"TURF - ""A"" Course",2840000,14,HK_2019_D435,3,HEALTHY HAPPY,D435,AUS,Southern,,98,98,Bay / Brown,Gelding,Zoustar,Lady Lakshmi,Lonhro Same,0,0,0,0,0,0.0,0.0,0.02,56800.0,0.0,56800.0,6,False,False,L Ferraris,F C Lor,128,1183,5,3/4,1:22.19,49.0,https://racing.hkjc.com/en-us/local/information/otherhorse?horseid=HK_2019_D435&Option=1,2026-09-04T14:24:02Z,https://racing.hkjc.com/en-us/local/information/archive/localresults?racedate=2025/12/14&racecourse=ST&RaceNo=10
ST_20251214_R10_HK_2023_J303,ST_20251214_R10,2025-12-14,ST,Sha Tin,10,263,HIGHLAND REEL HANDICAP,2,1400,105-80,GOOD,TURF,"TURF - ""A"" Course",2840000,14,HK_2023_J303,9,GUSTOSISIMO,J303,AUS,Southern,5,83,82,Chestnut,Gelding,Exceed And Excel,Kaniana,Canny Lad Same,0,0,0,0,0,0.0,0.0,0.0,0.0,0.0,0.0,7,False,False,A Badel,A S Cruz,115,1197,7,1-1/4,1:22.27,20.0,https://racing.hkjc.com/en-us/local/information/horse?horseid=HK_2023_J303&Option=1,2026-09-04T14:24:04Z,https://racing.hkjc.com/en-us/local/information/archive/localresults?racedate=2025/12/14&racecourse=ST&RaceNo=10
ST_20251214_R10_HK_2021_G392,ST_20251214_R10,2025-12-14,ST,Sha Tin,10,263,HIGHLAND REEL HANDICAP,2,1400,105-80,GOOD,TURF,"TURF - ""A"" Course",2840000,14,HK_2021_G392,11,KARMA,G392,AUS,Southern,7,82,80,Chestnut,Gelding,Turn Me Loose,Lovingthelimelight,Lemon Drop Kid Same,0,0,0,0,0,0.0,0.0,0.0,0.0,0.0,0.0,8,False,False,M L Yeung,C Fownes,115,1236,13,2,1:22.41,21.0,https://racing.hkjc.com/en-us/local/information/horse?horseid=HK_2021_G392&Option=1,2026-09-04T14:24:06Z,https://racing.hkjc.com/en-us/local/information/archive/localresults?racedate=2025/12/14&racecourse=ST&RaceNo=10
ST_20251214_R10_HK_2023_J195,ST_20251214_R10,2025-12-14,ST,Sha Tin,10,263,HIGHLAND REEL HANDICAP,2,1400,105-80,GOOD,TURF,"TURF - ""A"" Course",2840000,14,HK_2023_J195,7,YOUNG CHAMPION,J195,IRE,Northern,5,87,85,Chestnut,Gelding,Zoustar,Sharliyna,Pivotal Same,0,0,0,0,0,0.0,0.0,0.0,0.0,0.0,0.0,9,False,False,K Teetan,J Size,117,1130,6,2-1/2,1:22.46,9.8,https://racing.hkjc.com/en-us/local/information/horse?horseid=HK_2023_J195&Option=1,2026-09-04T14:24:12Z,https://racing.hkjc.com/en-us/local/information/archive/localresults?racedate=2025/12/14&racecourse=ST&RaceNo=10
ST_20251214_R10_HK_2021_G404,ST_20251214_R10,2025-12-14,ST,Sha Tin,10,263,HIGHLAND REEL HANDICAP,2,1400,105-80,GOOD,TURF,"TURF - ""A"" Course",2840000,14,HK_2021_G404,2,VICTOR THE WINNER,G404,AUS,Southern,7,102,99,Bay / Brown,Gelding,Toronado,Noetic,Cape Cross Same,0,0,0,0,0,0.0,0.0,0.0,0.0,0.0,0.0,10,False,False,L Hewitson,D Eustace,132,1106,4,3-1/4,1:22.58,85.0,https://racing.hkjc.com/en-us/local/information/horse?horseid=HK_2021_G404&Option=1,2026-09-04T14:24:19Z,https://racing.hkjc.com/en-us/local/information/archive/localresults?racedate=2025/12/14&racecourse=ST&RaceNo=10
ST_20251214_R10_HK_2023_J420,ST_20251214_R10,2025-12-14,ST,Sha Tin,10,263,HIGHLAND REEL HANDICAP,2,1400,105-80,GOOD,TURF,"TURF - ""A"" Course",2840000,14,HK_2023_J420,6,MARKWIN,J420,AUS,Southern,,90,88,Bay,Gelding,I Am Invincible,Mark Two,Pins Same,0,0,0,0,0,0.0,0.0,0.0,0.0,0.0,0.0,11,False,False,H Bentley,W K Mo,120,1234,2,4,1:22.71,22.0,https://racing.hkjc.com/en-us/local/information/otherhorse?horseid=HK_2023_J420&Option=1,2026-09-04T14:24:22Z,https://racing.hkjc.com/en-us/local/information/archive/localresults?racedate=2025/12/14&racecourse=ST&RaceNo=10
ST_20251214_R10_HK_2021_G227,ST_20251214_R10,2025-12-14,ST,Sha Tin,10,263,HIGHLAND REEL HANDICAP,2,1400,105-80,GOOD,TURF,"TURF - ""A"" Course",2840000,14,HK_2021_G227,10,MR ASCENDENCY,G227,IRE,Northern,,83,81,Chestnut,Gelding,The Gurkha,Dietrich,Storm Cat Same,0,0,0,0,0,0.0,0.0,0.0,0.0,0.0,0.0,12,False,False,R Kingscote,P F Yiu,117,1138,14,5-1/2,1:22.95,93.0,https://racing.hkjc.com/en-us/local/information/otherhorse?horseid=HK_2021_G227&Option=1,2026-09-04T14:24:25Z,https://racing.hkjc.com/en-us/local/information/archive/localresults?racedate=2025/12/14&racecourse=ST&RaceNo=10
ST_20251214_R10_HK_2022_H334,ST_20251214_R10,2025-12-14,ST,Sha Tin,10,263,HIGHLAND REEL HANDICAP,2,1400,105-80,GOOD,TURF,"TURF - ""A"" Course",2840000,14,HK_2022_H334,13,BEAUTY CRESCENT,H334,IRE,Northern,5,81,81,Bay,Gelding,Acclamation,Up In Time,Noverre Same,0,0,0,0,0,0.0,0.0,0.0,0.0,0.0,0.0,13,False,False,Y L Chung,A S Cruz,113,1054,11,7-1/4,1:23.23,13.0,https://racing.hkjc.com/en-us/local/information/horse?horseid=HK_2022_H334&Option=1,2026-09-04T14:24:27Z,https://racing.hkjc.com/en-us/local/information/archive/localresults?racedate=2025/12/14&racecourse=ST&RaceNo=10
ST_20251214_R10_HK_2021_H008,ST_20251214_R10,2025-12-14,ST,Sha Tin,10,263,HIGHLAND REEL HANDICAP,2,1400,105-80,GOOD,TURF,"TURF - ""A"" Course",2840000,14,HK_2021_H008,1,BEAUTY ETERNAL,H008,AUS,Southern,,105,102,Chestnut,Gelding,Starspangledbanner,Ithacan Queen,Savabeel Same,0,0,0,0,0,0.0,0.0,0.0,0.0,0.0,0.0,14,False,False,R Moore,J Size,135,1204,9,7-3/4,1:23.33,14.0,https://racing.hkjc.com/en-us/local/information/otherhorse?horseid=HK_2021_H008&Option=1,2026-09-04T14:24:30Z,https://racing.hkjc.com/en-us/local/information/archive/localresults?racedate=2025/12/14&racecourse=ST&RaceNo=10
HV_20060104_R01_HK_2003_D393,HV_20060104_R01,2006-01-04,HV,Happy Valley,1,288,CANNON HANDICAP,5,2200,40-15,GOOD,TURF,"TURF - ""A"" Course",450000,12,HK_2003_D393,6,ONE EYE JACK,CD393,AUS,Southern,,35,45,Bay,Gelding,Zabeel,Wild Applause,Sadler's Wells Same,0,0,0,0,0,0.0,0.0,0.56,252000.0,0.0,252000.0,1,True,True,O Doleuze,A Lee,127,1126,7,---,2:18.40,7.0,https://racing.hkjc.com/en-us/local/information/otherhorse?horseid=HK_2003_D393&Option=1,2026-09-04T15:09:43Z,https://racing.hkjc.com/en-us/local/information/archive/localresults?racedate=2006/01/04&racecourse=HV&RaceNo=1
HV_20060104_R01_HK_2003_D331,HV_20060104_R01,2006-01-04,HV,Happy Valley,1,288,CANNON HANDICAP,5,2200,40-15,GOOD,TURF,"TURF - ""A"" Course",450000,12,HK_2003_D331,7,LUCKY YEARS,CD331,AUS,Southern,,32.0,32,Brown,Gelding,End Sweep,Desert Jewel,At Talaq Same,0,0,0,0,0,0.0,0.0,0.21,94500.0,0.0,94500.0,2,False,True,Y T Cheng,B K Ng,122,1156,2,4-3/4,2:19.20,21.0,https://racing.hkjc.com/en-us/local/information/otherhorse?horseid=HK_2003_D331&Option=1,2026-09-04T15:09:46Z,https://racing.hkjc.com/en-us/local/information/archive/localresults?racedate=2006/01/04&racecourse=HV&RaceNo=1
HV_20060104_R01_HK_2001_B342,HV_20060104_R01,2006-01-04,HV,Happy Valley,1,288,CANNON HANDICAP,5,2200,40-15,GOOD,TURF,"TURF - ""A"" Course",450000,12,HK_2001_B342,9,LUCKY BIRD,CB342,NZ,Southern,,30,30,Bay,Gelding,Woodborough,Pinky,Sound Reason Same,0,0,0,0,0,0.0,0.0,0.115,51750.0,0.0,51750.0,3,False,True,M W Leung,Y O Wong,117,1138,3,4-3/4,2:19.20,17.0,https://racing.hkjc.com/en-us/local/information/otherhorse?horseid=HK_2001_B342&Option=1,2026-09-04T15:09:55Z,https://racing.hkjc.com/en-us/local/information/archive/localresults?racedate=2006/01/04&racecourse=HV&RaceNo=1
HV_20060104_R01_HK_2004_E223,HV_20060104_R01,2006-01-04,HV,Happy Valley,1,288,CANNON HANDICAP,5,2200,40-15,GOOD,TURF,"TURF - ""A"" Course",450000,12,HK_2004_E223,1,THAT'S IT,CE223,AUS,Southern,,40,38,Chestnut,Gelding,Snippets,La Plume,Sir Tristram Same,0,0,0,0,0,0.0,0.0,0.06,27000.0,0.0,27000.0,4,False,False,E Saint-Martin,T W Leung,132,1136,5,6-1/4,2:19.40,10.0,https://racing.hkjc.com/en-us/local/information/otherhorse?horseid=HK_2004_E223&Option=1,2026-09-04T13:51:51Z,https://racing.hkjc.com/en-us/local/information/archive/localresults?racedate=2006/01/04&racecourse=HV&RaceNo=1
HV_20060104_R01_HK_2003_D081,HV_20060104_R01,2006-01-04,HV,Happy Valley,1,288,CANNON HANDICAP,5,2200,40-15,GOOD,TURF,"TURF - ""A"" Course",450000,12,HK_2003_D081,2,WINNING RONGRONG,CD081,IRE,Northern,,39,37,Bay,Gelding,Pennekamp,The Good Life,Rainbow Quest Same,0,0,0,0,0,0.0,0.0,0.055,24750.0,0.0,24750.0,5,False,False,G Schofield,K W Lui,131,1092,9,7,2:19.50,4.3,https://racing.hkjc.com/en-us/local/information/otherhorse?horseid=HK_2003_D081&Option=1,2026-09-04T15:09:58Z,https://racing.hkjc.com/en-us/local/information/archive/localresults?racedate=2006/01/04&racecourse=HV&RaceNo=1
HV_20060104_R01_HK_2003_D255,HV_20060104_R01,2006-01-04,HV,Happy Valley,1,288,CANNON HANDICAP,5,2200,40-15,GOOD,TURF,"TURF - ""A"" Course",450000,12,HK_2003_D255,5,MAXIMUS,CD255,IRE,Northern,,37,34,Chestnut,Gelding,Grand Lodge,Zarawa,Kahyasi Same,0,0,0,0,0,0.0,0.0,0.0,0.0,0.0,0.0,6,False,False,S Sanders,D Oughton,129,1046,1,7-1/2,2:19.60,6.7,https://racing.hkjc.com/en-us/local/information/otherhorse?horseid=HK_2003_D255&Option=1,2026-09-04T15:10:00Z,https://racing.hkjc.com/en-us/local/information/archive/localresults?racedate=2006/01/04&racecourse=HV&RaceNo=1
HV_20060104_R01_HK_2004_E192,HV_20060104_R01,2006-01-04,HV,Happy Valley,1,288,CANNON HANDICAP,5,2200,40-15,GOOD,TURF,"TURF - ""A"" Course",450000,12,HK_2004_E192,4,RED FORTUNE,CE192,USA,Northern,,38,34,Chestnut,Gelding,Miswaki,Toy Symphony,Trempolino Same,1,0,0,0,0,0.0,0.0,0.0,0.0,0.0,0.0,7,False,False,C Brown,C H Yip,130,1004,4,7-3/4,2:19.60,18.0,https://racing.hkjc.com/en-us/local/information/otherhorse?horseid=HK_2004_E192&Option=1,2026-09-04T13:16:20Z,https://racing.hkjc.com/en-us/local/information/archive/localresults?racedate=2006/01/04&racecourse=HV&RaceNo=1
HV_20060104_R01_HK_2003_D269,HV_20060104_R01,2006-01-04,HV,Happy Valley,1,288,CANNON HANDICAP,5,2200,40-15,GOOD,TURF,"TURF - ""A"" Course",450000,12,HK_2003_D269,11,HARVEST GALA,CD269,NZ,Southern,,26,24,Chestnut,Gelding,Kashani,Suzy Walters,Classic Fame Same,0,0,0,0,0,0.0,0.0,0.0,0.0,0.0,0.0,8,False,False,W M Lai,C W Chang,116,1081,11,8-3/4,2:19.80,12.0,https://racing.hkjc.com/en-us/local/information/otherhorse?horseid=HK_2003_D269&Option=1,2026-09-04T15:10:03Z,https://racing.hkjc.com/en-us/local/information/archive/localresults?racedate=2006/01/04&racecourse=HV&RaceNo=1
HV_20060104_R01_HK_2002_C142,HV_20060104_R01,2006-01-04,HV,Happy Valley,1,288,CANNON HANDICAP,5,2200,40-15,GOOD,TURF,"TURF - ""A"" Course",450000,12,HK_2002_C142,8,WE'RE BUDDIES,CC142,AUS,Southern,,31,29,Brown,Gelding,Encounter,Cameo Belle,Bletchingly Same,0,0,0,0,0,0.0,0.0,0.0,0.0,0.0,0.0,9,False,False,C Soumillon,Y S Tsui,123,1086,10,8-3/4,2:19.80,18.0,https://racing.hkjc.com/en-us/local/information/otherhorse?horseid=HK_2002_C142&Option=1,2026-09-04T15:10:06Z,https://racing.hkjc.com/en-us/local/information/archive/localresults?racedate=2006/01/04&racecourse=HV&RaceNo=1
HV_20060104_R01_HK_2001_B145,HV_20060104_R01,2006-01-04,HV,Happy Valley,1,288,CANNON HANDICAP,5,2200,40-15,GOOD,TURF,"TURF - ""A"" Course",450000,12,HK_2001_B145,3,NOBLE GLORY,CB145,USA,Northern,,38.0,36,Bay,Gelding,Cryptoclearance,Happy Gal,Habitat Same,0,0,0,0,0,0.0,0.0,0.0,0.0,0.0,0.0,10,False,False,D Whyte,L Ho,130,1004,6,11-3/4,2:20.30,9.1,https://racing.hkjc.com/en-us/local/information/otherhorse?horseid=HK_2001_B145&Option=1,2026-09-04T15:10:09Z,https://racing.hkjc.com/en-us/local/information/archive/localresults?racedate=2006/01/04&racecourse=HV&RaceNo=1
HV_20060104_R01_HK_2001_B195,HV_20060104_R01,2006-01-04,HV,Happy Valley,1,288,CANNON HANDICAP,5,2200,40-15,GOOD,TURF,"TURF - ""A"" Course",450000,12,HK_2001_B195,10,SPEED WINNER,CB195,AUS,Southern,,27.0,24.0,Bay,Gelding,Danehill,Think Twice,Alleged Same,0,0,0,0,0,0.0,0.0,0.0,0.0,0.0,0.0,11,False,False,G Mosse,S Woods,121,1203,12,13-1/2,2:20.50,5.5,https://racing.hkjc.com/en-us/local/information/otherhorse?horseid=HK_2001_B195&Option=1,2026-09-04T15:10:12Z,https://racing.hkjc.com/en-us/local/information/archive/localresults?racedate=2006/01/04&racecourse=HV&RaceNo=1
HV_20060104_R01_HK_2001_B389,HV_20060104_R01,2006-01-04,HV,Happy Valley,1,288,CANNON HANDICAP,5,2200,40-15,GOOD,TURF,"TURF - ""A"" Course",450000,12,HK_2001_B389,12,DASH FOR VICTORIES,CB389,NZ,Southern,,25,22,Chestnut,Gelding,Yachtie,Angie's Attitude,Kingdom Bay Same,0,0,0,0,0,0.0,0.0,0.0,0.0,0.0,0.0,12,False,False,C Munce,K L Man,117,1046,8,15-3/4,2:20.90,58.0,https://racing.hkjc.com/en-us/local/information/otherhorse?horseid=HK_2001_B389&Option=1,2026-09-04T15:10:15Z,https://racing.hkjc.com/en-us/local/information/archive/localresults?racedate=2006/01/04&racecourse=HV&RaceNo=1
HV_20060104_R02_HK_2002_C163,HV_20060104_R02,2006-01-04,HV,Happy Valley,2,289,PATERSON HANDICAP,4,1650,60-40,GOOD,TURF,"TURF - ""A"" Course",570000,12,HK_2002_C163,10,GLORIOUS RHYTHM,CC163,NZ,Southern,,47,54,Brown,Gelding,Rhythm,Danjiki,Markella Same,0,0,0,0,0,0.0,0.0,0.56,319200.0,0.0,319200.0,1,True,True,C Soumillon,J Moore,120,1048,3,---,1:40.90,7.0,https://racing.hkjc.com/en-us/local/information/otherhorse?horseid=HK_2002_C163&Option=1,2026-09-04T15:10:21Z,https://racing.hkjc.com/en-us/local/information/archive/localresults?racedate=2006/01/04&racecourse=HV&RaceNo=2
HV_20060104_R02_HK_2000_A249,HV_20060104_R02,2006-01-04,HV,Happy Valley,2,289,PATERSON HANDICAP,4,1650,60-40,GOOD,TURF,"TURF - ""A"" Course",570000,12,HK_2000_A249,4,LUCKY STALLION,CA249,GB,Northern,,57,59,Chestnut,Gelding,Selkirk,Ink Pot,Green Dancer Same,0,0,0,0,0,0.0,0.0,0.21,119700.0,0.0,119700.0,2,False,True,B Prebble,C Fownes,128,1081,9,N,1:41.00,15.0,https://racing.hkjc.com/en-us/local/information/otherhorse?horseid=HK_2000_A249&Option=1,2026-09-04T15:10:24Z,https://racing.hkjc.com/en-us/local/information/archive/localresults?racedate=2006/01/04&racecourse=HV&RaceNo=2
HV_20060104_R02_HK_2003_D381,HV_20060104_R02,2006-01-04,HV,Happy Valley,2,289,PATERSON HANDICAP,4,1650,60-40,GOOD,TURF,"TURF - ""A"" Course",570000,12,HK_2003_D381,12,JUBILOSO,CD381,NZ,Southern,,42,44,Bay,Gelding,Cape Cross,Endless Joy,Centaine Same,0,0,0,0,0,0.0,0.0,0.115,65550.0,0.0,65550.0,3,False,True,S Dye,D J Hall,114,1083,12,N,1:41.00,3.6,https://racing.hkjc.com/en-us/local/information/otherhorse?horseid=HK_2003_D381&Option=1,2026-09-04T13:53:32Z,https://racing.hkjc.com/en-us/local/information/archive/localresults?racedate=2006/01/04&racecourse=HV&RaceNo=2
HV_20060104_R02_HK_2004_E263,HV_20060104_R02,2006-01-04,HV,Happy Valley,2,289,PATERSON HANDICAP,4,1650,60-40,GOOD,TURF,"TURF - ""A"" Course",570000,12,HK_2004_E263,5,PROPELLOR,CE263,IRE,Northern,,54,54,Chestnut,Horse,Pivotal,Clunie,Inchinor Same,0,0,0,0,0,0.0,0.0,0.06,34200.0,0.0,34200.0,4,False,False,E Saint-Martin,T W Leung,125,1074,1,3/4,1:41.10,7.4,https://racing.hkjc.com/en-us/local/information/otherhorse?horseid=HK_2004_E263&Option=1,2026-09-04T13:53:52Z,https://racing.hkjc.com/en-us/local/information/archive/localresults?racedate=2006/01/04&racecourse=HV&RaceNo=2
HV_20060104_R02_HK_2004_E111,HV_20060104_R02,2006-01-04,HV,Happy Valley,2,289,PATERSON HANDICAP,4,1650,60-40,GOOD,TURF,"TURF - ""A"" Course",570000,12,HK_2004_E111,2,AWARD,CE111,NZ,Southern,,59,58,Bay,Gelding,Exploding Prospect,Wild Dixie,Wild Rampage Same,0,0,0,0,0,0.0,0.0,0.055,31350.0,0.0,31350.0,5,False,False,C Brown,P O'Sullivan,130,1097,7,1-3/4,1:41.20,5.5,https://racing.hkjc.com/en-us/local/information/otherhorse?horseid=HK_2004_E111&Option=1,2026-09-04T15:10:27Z,https://racing.hkjc.com/en-us/local/information/archive/localresults?racedate=2006/01/04&racecourse=HV&RaceNo=2
HV_20060104_R02_HK_2001_B013,HV_20060104_R02,2006-01-04,HV,Happy Valley,2,289,PATERSON HANDICAP,4,1650,60-40,GOOD,TURF,"TURF - ""A"" Course",570000,12,HK_2001_B013,11,TOUCH DOWN,CB013,NZ,Southern,,43,42,Bay,Gelding,Kashani,Phantom Belle,Racing Is Fun Same,0,0,0,0,0,0.0,0.0,0.0,0.0,0.0,0.0,6,False,False,W M Lai,C W Chang,112,1175,5,1-3/4,1:41.20,20.0,https://racing.hkjc.com/en-us/local/information/otherhorse?horseid=HK_2001_B013&Option=1,2026-09-04T13:51:05Z,https://racing.hkjc.com/en-us/local/information/archive/localresults?racedate=2006/01/04&racecourse=HV&RaceNo=2
HV_20060104_R02_HK_2003_D226,HV_20060104_R02,2006-01-04,HV,Happy Valley,2,289,PATERSON HANDICAP,4,1650,60-40,GOOD,TURF,"TURF - ""A"" Course",570000,12,HK_2003_D226,6,TRAVEL LEADER,CD226,NZ,Southern,,54,53,Chestnut,Gelding,Danske,Platinum Blond,Kaapstad Same,0,0,0,0,0,0.0,0.0,0.0,0.0,0.0,0.0,7,False,False,G Schofield,D Cruz,125,1142,10,2,1:41.30,24.0,https://racing.hkjc.com/en-us/local/information/otherhorse?horseid=HK_2003_D226&Option=1,2026-09-04T15:10:30Z,https://racing.hkjc.com/en-us/local/information/archive/localresults?racedate=2006/01/04&racecourse=HV&RaceNo=2
HV_20060104_R02_HK_2003_D088,HV_20060104_R02,2006-01-04,HV,Happy Valley,2,289,PATERSON HANDICAP,4,1650,60-40,GOOD,TURF,"TURF - ""A"" Course",570000,12,HK_2003_D088,1,LUCKY CORDELIA,CD088,FR,Northern,,60.0,59.0,Chestnut,Horse,Sabrehill,Cordelia II,Tropular Same,0,0,0,0,0,0.0,0.0,0.0,0.0,0.0,0.0,8,False,False,H W Lai,L Ho,124,1048,4,2-3/4,1:41.40,14.0,https://racing.hkjc.com/en-us/local/information/otherhorse?horseid=HK_2003_D088&Option=1,2026-09-04T15:10:33Z,https://racing.hkjc.com/en-us/local/information/archive/localresults?racedate=2006/01/04&racecourse=HV&RaceNo=2
HV_20060104_R02_HK_2002_C108,HV_20060104_R02,2006-01-04,HV,Happy Valley,2,289,PATERSON HANDICAP,4,1650,60-40,GOOD,TURF,"TURF - ""A"" Course",570000,12,HK_2002_C108,7,CHINOOK,CC108,USA,Northern,,52,50,Chestnut,Gelding,Nureyev,Mr P's Princess,Mr Prospector Same,0,0,0,0,0,0.0,0.0,0.0,0.0,0.0,0.0,9,False,False,A Delpech,D E Ferraris,123,1172,2,3-1/2,1:41.50,9.7,https://racing.hkjc.com/en-us/local/information/otherhorse?horseid=HK_2002_C108&Option=1,2026-09-04T13:53:26Z,https://racing.hkjc.com/en-us/local/information/archive/localresults?racedate=2006/01/04&racecourse=HV&RaceNo=2
HV_20060104_R02_HK_2001_B188,HV_20060104_R02,2006-01-04,HV,Happy Valley,2,289,PATERSON HANDICAP,4,1650,60-40,GOOD,TURF,"TURF - ""A"" Course",570000,12,HK_2001_B188,9,FANTASTIC WIN,CB188,AUS,Southern,,48.0,46.0,Bay,Gelding,Barathea,Country Lane,Success Express Same,0,0,0,0,0,0.0,0.0,0.0,0.0,0.0,0.0,10,False,False,C Munce,Y S Tsui,119,1063,11,4-1/2,1:41.60,31.0,https://racing.hkjc.com/en-us/local/information/otherhorse?horseid=HK_2001_B188&Option=1,2026-09-04T13:52:05Z,https://racing.hkjc.com/en-us/local/information/archive/localresults?racedate=2006/01/04&racecourse=HV&RaceNo=2
HV_20060104_R02_HK_2003_D014,HV_20060104_R02,2006-01-04,HV,Happy Valley,2,289,PATERSON HANDICAP,4,1650,60-40,GOOD,TURF,"TURF - ""A"" Course",570000,12,HK_2003_D014,3,ISLAND SPIRIT,CD014,NZ,Southern,,58,56,Bay,Gelding,Bijou D'inde,Ibiza Bay,Tights Same,0,0,0,0,0,0.0,0.0,0.0,0.0,0.0,0.0,11,False,False,Y T Cheng,B K Ng,127,1096,8,4-1/2,1:41.70,31.0,https://racing.hkjc.com/en-us/local/information/otherhorse?horseid=HK_2003_D014&Option=1,2026-09-04T15:10:36Z,https://racing.hkjc.com/en-us/local/information/archive/localresults?racedate=2006/01/04&racecourse=HV&RaceNo=2
HV_20060104_R02_HK_2002_C200,HV_20060104_R02,2006-01-04,HV,Happy Valley,2,289,PATERSON HANDICAP,4,1650,60-40,GOOD,TURF,"TURF - ""A"" Course",570000,12,HK_2002_C200,8,JOYFUL WORLD,CC200,IRE,Northern,,50.0,48.0,Bay,Gelding,Royal Applause,Peace In The Park,Ahonoora Same,0,0,0,0,0,0.0,0.0,0.0,0.0,0.0,0.0,12,False,False,O Doleuze,A Lee,121,1099,6,8-3/4,1:42.30,11.0,https://racing.hkjc.com/en-us/local/information/otherhorse?horseid=HK_2002_C200&Option=1,2026-09-04T15:10:39Z,https://racing.hkjc.com/en-us/local/information/archive/localresults?racedate=2006/01/04&racecourse=HV&RaceNo=2
HV_20060104_R03_HK_2000_A115,HV_20060104_R03,2006-01-04,HV,Happy Valley,3,290,GREAT GEORGE HANDICAP,3,1650,80-60,GOOD,TURF,"TURF - ""A"" Course",750000,13,HK_2000_A115,2.0,CLASSA WIN,CA115,USA,Northern,,79.0,86.0,Chestnut,Gelding,Trempolino,Amyride,Salt Dome Same,0,0,0,0,0,0.0,0.0,0.56,420000.0,0.0,420000.0,1.0,True,True,H W Lai,L Ho,124,1063.0,4.0,---,1:40.60,16.0,https://racing.hkjc.com/en-us/local/information/otherhorse?horseid=HK_2000_A115&Option=1,2026-09-04T13:54:55Z,https://racing.hkjc.com/en-us/local/information/archive/localresults?racedate=2006/01/04&racecourse=HV&RaceNo=3
HV_20060104_R03_HK_2003_D308,HV_20060104_R03,2006-01-04,HV,Happy Valley,3,290,GREAT GEORGE HANDICAP,3,1650,80-60,GOOD,TURF,"TURF - ""A"" Course",750000,13,HK_2003_D308,1.0,ADD THE FUN,CD308,NZ,Southern,,80,81,Bay,Gelding,O'Reilly,Petite Reason,Sound Reason Same,0,0,0,0,0,0.0,0.0,0.21,157500.0,0.0,157500.0,2.0,False,True,O Doleuze,K W Lui,132,1112.0,1.0,1-3/4,1:40.90,5.1,https://racing.hkjc.com/en-us/local/information/otherhorse?horseid=HK_2003_D308&Option=1,2026-09-04T15:10:44Z,https://racing.hkjc.com/en-us/local/information/archive/localresults?racedate=2006/01/04&racecourse=HV&RaceNo=3
HV_20060104_R03_HK_2004_E302,HV_20060104_R03,2006-01-04,HV,Happy Valley,3,290,GREAT GEORGE HANDICAP,3,1650,80-60,GOOD,TURF,"TURF - ""A"" Course",750000,13,HK_2004_E302,5.0,VISIONNAIRE,CE302,NZ,Southern,,72,72,Brown,Gelding,Kingdom Bay,Random Quest,Random Chance Same,0,0,0,0,0,0.0,0.0,0.115,86250.0,0.0,86250.0,3.0,False,True,C Munce,P O'Sullivan,124,1094.0,2.0,2-1/4,1:41.00,3.3,https://racing.hkjc.com/en-us/local/information/otherhorse?horseid=HK_2004_E302&Option=1,2026-09-04T13:54:08Z,https://racing.hkjc.com/en-us/local/information/archive/localresults?racedate=2006/01/04&racecourse=HV&RaceNo=3
HV_20060104_R03_HK_2004_E147,HV_20060104_R03,2006-01-04,HV,Happy Valley,3,290,GREAT GEORGE HANDICAP,3,1650,80-60,GOOD,TURF,"TURF - ""A"" Course",750000,13,HK_2004_E147,12.0,EVER KING,CE147,IRE,Northern,,61,61,Bay,Gelding,Danehill Dancer,Brief Fairy,Brief Truce Same,0,0,0,0,0,0.0,0.0,0.06,45000.0,0.0,45000.0,4.0,False,False,C W Wong,J Moore,103,984.0,10.0,2-1/2,1:41.00,15.0,https://racing.hkjc.com/en-us/local/information/otherhorse?horseid=HK_2004_E147&Option=1,2026-09-04T15:10:47Z,https://racing.hkjc.com/en-us/local/information/archive/localresults?racedate=2006/01/04&racecourse=HV&RaceNo=3
HV_20060104_R03_HK_2003_D352,HV_20060104_R03,2006-01-04,HV,Happy Valley,3,290,GREAT GEORGE HANDICAP,3,1650,80-60,GOOD,TURF,"TURF - ""A"" Course",750000,13,HK_2003_D352,7.0,THOUSAND WINS,CD352,AUS,Southern,,70,70,Grey,Gelding,Lion Hunter,April Amber,Rustic Amber Same,0,0,0,0,0,0.0,0.0,0.055,41250.0,0.0,41250.0,5.0,False,False,D Whyte,J Size,122,997.0,5.0,4-1/2,1:41.30,4.6,https://racing.hkjc.com/en-us/local/information/otherhorse?horseid=HK_2003_D352&Option=1,2026-09-04T15:10:50Z,https://racing.hkjc.com/en-us/local/information/archive/localresults?racedate=2006/01/04&racecourse=HV&RaceNo=3
HV_20060104_R03_HK_2001_B059,HV_20060104_R03,2006-01-04,HV,Happy Valley,3,290,GREAT GEORGE HANDICAP,3,1650,80-60,GOOD,TURF,"TURF - ""A"" Course",750000,13,HK_2001_B059,4.0,KONRAD THE GREAT,CB059,IRE,Northern,,75,75,Chestnut,Gelding,Be My Guest,Lady Of Dreams,Prince Rupert Same,0,0,0,0,0,0.0,0.0,0.0,0.0,0.0,0.0,6.0,False,False,B Prebble,A T Millard,127,1086.0,8.0,4-1/2,1:41.30,5.7,https://racing.hkjc.com/en-us/local/information/otherhorse?horseid=HK_2001_B059&Option=1,2026-09-04T15:10:53Z,https://racing.hkjc.com/en-us/local/information/archive/localresults?racedate=2006/01/04&racecourse=HV&RaceNo=3
HV_20060104_R03_HK_2005_G078,HV_20060104_R03,2006-01-04,HV,Happy Valley,3,290,GREAT GEORGE HANDICAP,3,1650,80-60,GOOD,TURF,"TURF - ""A"" Course",750000,13,HK_2005_G078,3.0,I'M NO SQUARE,CG078,AUS,Southern,,75,73,Bay / Brown,Gelding,Octagonal,Belle,Bluebird Same,0,0,0,0,0,0.0,0.0,0.0,0.0,0.0,0.0,7.0,False,False,S Dye,C Fownes,127,1123.0,3.0,5-1/4,1:41.40,21.0,https://racing.hkjc.com/en-us/local/information/otherhorse?horseid=HK_2005_G078&Option=1,2026-09-04T15:10:56Z,https://racing.hkjc.com/en-us/local/information/archive/localresults?racedate=2006/01/04&racecourse=HV&RaceNo=3
HV_20060104_R03_HK_2005_G001,HV_20060104_R03,2006-01-04,HV,Happy Valley,3,290,GREAT GEORGE HANDICAP,3,1650,80-60,GOOD,TURF,"TURF - ""A"" Course",750000,13,HK_2005_G001,9.0,AVOIDANCE OF DOUBT,CG001,IRE,Northern,,67,65,Bay,Gelding,Orpen,Flame And Shadow,Turtle Island Same,0,0,0,0,0,0.0,0.0,0.0,0.0,0.0,0.0,8.0,False,False,R Fradd,D J Hall,119,1063.0,6.0,7,1:41.70,99.0,https://racing.hkjc.com/en-us/local/information/otherhorse?horseid=HK_2005_G001&Option=1,2026-09-04T15:10:59Z,https://racing.hkjc.com/en-us/local/information/archive/localresults?racedate=2006/01/04&racecourse=HV&RaceNo=3
HV_20060104_R03_HK_2003_D244,HV_20060104_R03,2006-01-04,HV,Happy Valley,3,290,GREAT GEORGE HANDICAP,3,1650,80-60,GOOD,TURF,"TURF - ""A"" Course",750000,13,HK_2003_D244,8.0,DRAGON AND GOLD,CD244,AUS,Southern,,69.0,69.0,Bay / Brown,Gelding,Last Tycoon,Grey Sneakers,Spectacular Spy Same,0,0,0,0,0,0.0,0.0,0.0,0.0,0.0,0.0,9.0,False,False,C Soumillon,C H Yip,121,1121.0,12.0,9-1/2,1:42.10,18.0,https://racing.hkjc.com/en-us/local/information/otherhorse?horseid=HK_2003_D244&Option=1,2026-09-04T13:52:28Z,https://racing.hkjc.com/en-us/local/information/archive/localresults?racedate=2006/01/04&racecourse=HV&RaceNo=3
HV_20060104_R03_HK_1999_V275,HV_20060104_R03,2006-01-04,HV,Happy Valley,3,290,GREAT GEORGE HANDICAP,3,1650,80-60,GOOD,TURF,"TURF - ""A"" Course",750000,13,HK_1999_V275,11.0,VICTORY MARBLE,BV275,USA,Northern,,76.0,73.0,Chestnut,Gelding,Rahy,Lady O'Lyph,Lyphard Same,0,0,0,0,0,0.0,0.0,0.0,0.0,0.0,0.0,10.0,False,False,G Mosse,S Woods,128,1232.0,7.0,11,1:42.40,15.0,https://racing.hkjc.com/en-us/local/information/otherhorse?horseid=HK_1999_V275&Option=1,2026-09-04T15:11:02Z,https://racing.hkjc.com/en-us/local/information/archive/localresults?racedate=2006/01/04&racecourse=HV&RaceNo=3
HV_20060104_R03_HK_2005_G032,HV_20060104_R03,2006-01-04,HV,Happy Valley,3,290,GREAT GEORGE HANDICAP,3,1650,80-60,GOOD,TURF,"TURF - ""A"" Course",750000,13,HK_2005_G032,6.0,CHINA SPORTFIELD,CG032,ARG,Southern,,70,68,Brown,Gelding,West By West,Flying Martha,Flying Paster Same,0,0,0,0,0,0.0,0.0,0.0,0.0,0.0,0.0,11.0,False,False,W M Lai,K L Man,120,1093.0,9.0,11-1/2,1:42.40,99.0,https://racing.hkjc.com/en-us/local/information/otherhorse?horseid=HK_2005_G032&Option=1,2026-09-04T15:11:05Z,https://racing.hkjc.com/en-us/local/information/archive/localresults?racedate=2006/01/04&racecourse=HV&RaceNo=3
HV_20060104_R03_HK_2003_D175,HV_20060104_R03,2006-01-04,HV,Happy Valley,3,290,GREAT GEORGE HANDICAP,3,1650,80-60,GOOD,TURF,"TURF - ""A"" Course",750000,13,HK_2003_D175,10.0,NOBLE WIND,CD175,NZ,Southern,,66,64,Bay,Gelding,Desert King,Miss Rory,Rory's Jester Same,0,0,0,0,0,0.0,0.0,0.0,0.0,0.0,0.0,12.0,False,False,K S Yu,T K Ng,115,1121.0,11.0,12,1:42.50,62.0,https://racing.hkjc.com/en-us/local/information/otherhorse?horseid=HK_2003_D175&Option=1,2026-09-04T15:11:07Z,https://racing.hkjc.com/en-us/local/information/archive/localresults?racedate=2006/01/04&racecourse=HV&RaceNo=3
HV_20060104_R03_HK_2001_B044,HV_20060104_R03,2006-01-04,HV,Happy Valley,3,290,GREAT GEORGE HANDICAP,3,1650,80-60,GOOD,TURF,"TURF - ""A"" Course",750000,13,HK_2001_B044,,PARADIS,CB044,AUS,Southern,,62,62,Chestnut,Gelding,Hennessy,Pearl Bracelet,Grosvenor Same,0,0,0,0,0,0.0,0.0,0.0,0.0,0.0,0.0,,False,False,G Schofield,A Lee,114,,,---,---,,https://racing.hkjc.com/en-us/local/information/otherhorse?horseid=HK_2001_B044&Option=1,2026-09-04T15:11:10Z,https://racing.hkjc.com/en-us/local/information/archive/localresults?racedate=2006/01/04&racecourse=HV&RaceNo=3
HV_20060104_R04_HK_2004_E217,HV_20060104_R04,2006-01-04,HV,Happy Valley,4,291,CLEVELAND HANDICAP,4,1650,60-40,GOOD,TURF,"TURF - ""A"" Course",570000,13,HK_2004_E217,11.0,ALL OUR WAY,CE217,AUS,Southern,,43.0,49.0,Bay,Rig,Desert Prince,Tiara,Star Way Same,0,0,0,0,0,0.0,0.0,0.56,319200.0,0.0,319200.0,1.0,True,True,S Dye,C S Shum,114,1062.0,2.0,---,1:40.90,5.0,https://racing.hkjc.com/en-us/local/information/otherhorse?horseid=HK_2004_E217&Option=1,2026-09-04T13:51:46Z,https://racing.hkjc.com/en-us/local/information/archive/localresults?racedate=2006/01/04&racecourse=HV&RaceNo=4
HV_20060104_R04_HK_2004_E249,HV_20060104_R04,2006-01-04,HV,Happy Valley,4,291,CLEVELAND HANDICAP,4,1650,60-40,GOOD,TURF,"TURF - ""A"" Course",570000,13,HK_2004_E249,4.0,ROCKET WIN,CE249,USA,Northern,,53,56,Bay,Gelding,Cherokee Run,Jane's The Name,Trempolino Same,0,0,0,0,0,0.0,0.0,0.21,119700.0,0.0,119700.0,2.0,False,True,S Sanders,P F Yiu,124,1022.0,10.0,N,1:41.00,44.0,https://racing.hkjc.com/en-us/local/information/otherhorse?horseid=HK_2004_E249&Option=1,2026-09-04T15:11:15Z,https://racing.hkjc.com/en-us/local/information/archive/localresults?racedate=2006/01/04&racecourse=HV&RaceNo=4
HV_20060104_R04_HK_2003_D173,HV_20060104_R04,2006-01-04,HV,Happy Valley,4,291,CLEVELAND HANDICAP,4,1650,60-40,GOOD,TURF,"TURF - ""A"" Course",570000,13,HK_2003_D173,12.0,STAR OF NORTHERN,CD173,USA,Northern,,42,43,Bay,Gelding,Walter Willy,Meadow Moon,Meadowlake Same,0,0,0,0,0,0.0,0.0,0.115,65550.0,0.0,65550.0,3.0,False,True,W M Lai,K L Man,111,1163.0,9.0,1-1/4,1:41.10,25.0,https://racing.hkjc.com/en-us/local/information/otherhorse?horseid=HK_2003_D173&Option=1,2026-09-04T15:11:18Z,https://racing.hkjc.com/en-us/local/information/archive/localresults?racedate=2006/01/04&racecourse=HV&RaceNo=4
HV_20060104_R04_HK_2003_D136,HV_20060104_R04,2006-01-04,HV,Happy Valley,4,291,CLEVELAND HANDICAP,4,1650,60-40,GOOD,TURF,"TURF - ""A"" Course",570000,13,HK_2003_D136,6.0,SOUND OF SILENCE,CD136,NZ,Southern,,50,50,Bay,Gelding,Volksraad,Jazzmatazz,Citidancer Same,0,0,0,0,0,0.0,0.0,0.06,34200.0,0.0,34200.0,4.0,False,False,O Doleuze,C H Yip,121,1116.0,5.0,1-1/2,1:41.20,6.3,https://racing.hkjc.com/en-us/local/information/otherhorse?horseid=HK_2003_D136&Option=1,2026-09-04T15:11:21Z,https://racing.hkjc.com/en-us/local/information/archive/localresults?racedate=2006/01/04&racecourse=HV&RaceNo=4
HV_20060104_R04_HK_2004_E094,HV_20060104_R04,2006-01-04,HV,Happy Valley,4,291,CLEVELAND HANDICAP,4,1650,60-40,GOOD,TURF,"TURF - ""A"" Course",570000,13,HK_2004_E094,7.0,CAPABILITY,CE094,NZ,Southern,,47,48,Bay,Gelding,Cape Cross,Moulin Rouge,Iades Same,0,0,0,0,0,0.0,0.0,0.055,31350.0,0.0,31350.0,5.0,False,False,C Soumillon,Y O Wong,120,1082.0,12.0,1-1/2,1:41.20,5.0,https://racing.hkjc.com/en-us/local/information/otherhorse?horseid=HK_2004_E094&Option=1,2026-09-04T15:11:24Z,https://racing.hkjc.com/en-us/local/information/archive/localresults?racedate=2006/01/04&racecourse=HV&RaceNo=4
HV_20060104_R04_HK_2002_C039,HV_20060104_R04,2006-01-04,HV,Happy Valley,4,291,CLEVELAND HANDICAP,4,1650,60-40,GOOD,TURF,"TURF - ""A"" Course",570000,13,HK_2002_C039,3.0,TELECOM TYCOON,CC039,AUS,Southern,,55,54,Bay,Gelding,Danehill,Soyinca,Caerleon Same,0,0,0,0,0,0.0,0.0,0.0,0.0,0.0,0.0,6.0,False,False,E Saint-Martin,D Cruz,126,1107.0,1.0,2-3/4,1:41.30,14.0,https://racing.hkjc.com/en-us/local/information/otherhorse?horseid=HK_2002_C039&Option=1,2026-09-04T15:11:27Z,https://racing.hkjc.com/en-us/local/information/archive/localresults?racedate=2006/01/04&racecourse=HV&RaceNo=4
HV_20060104_R04_HK_2002_C077,HV_20060104_R04,2006-01-04,HV,Happy Valley,4,291,CLEVELAND HANDICAP,4,1650,60-40,GOOD,TURF,"TURF - ""A"" Course",570000,13,HK_2002_C077,2.0,PRESENT TREASURE,CC077,NZ,Southern,,57,55,Bay,Gelding,Hunza Court,Lucy Elite,Shahram Same,0,0,0,0,0,0.0,0.0,0.0,0.0,0.0,0.0,7.0,False,False,B Prebble,C Fownes,128,1107.0,4.0,3-1/2,1:41.50,6.9,https://racing.hkjc.com/en-us/local/information/otherhorse?horseid=HK_2002_C077&Option=1,2026-09-04T15:11:30Z,https://racing.hkjc.com/en-us/local/information/archive/localresults?racedate=2006/01/04&racecourse=HV&RaceNo=4
HV_20060104_R04_HK_2001_B383,HV_20060104_R04,2006-01-04,HV,Happy Valley,4,291,CLEVELAND HANDICAP,4,1650,60-40,GOOD,TURF,"TURF - ""A"" Course",570000,13,HK_2001_B383,1.0,THE ONLY ONE,CB383,AUS,Southern,,59.0,59,Bay,Gelding,Strategic,Casanora,Irish Playboy Same,0,0,0,0,0,0.0,0.0,0.0,0.0,0.0,0.0,8.0,False,False,D Whyte,K W Lui,130,1146.0,3.0,4-1/4,1:41.60,5.5,https://racing.hkjc.com/en-us/local/information/otherhorse?horseid=HK_2001_B383&Option=1,2026-09-04T15:11:33Z,https://racing.hkjc.com/en-us/local/information/archive/localresults?racedate=2006/01/04&racecourse=HV&RaceNo=4
HV_20060104_R04_HK_2001_B288,HV_20060104_R04,2006-01-04,HV,Happy Valley,4,291,CLEVELAND HANDICAP,4,1650,60-40,GOOD,TURF,"TURF - ""A"" Course",570000,13,HK_2001_B288,8.0,OH GREAT,CB288,NZ,Southern,,44.0,44,Bay,Gelding,Entrepreneur,Impassion,Sir Tristram Same,0,0,0,0,0,0.0,0.0,0.0,0.0,0.0,0.0,9.0,False,False,Y T Cheng,A Lee,113,1099.0,7.0,6-1/2,1:41.90,9.9,https://racing.hkjc.com/en-us/local/information/otherhorse?horseid=HK_2001_B288&Option=1,2026-09-04T15:11:36Z,https://racing.hkjc.com/en-us/local/information/archive/localresults?racedate=2006/01/04&racecourse=HV&RaceNo=4
HV_20060104_R04_HK_2004_E268,HV_20060104_R04,2006-01-04,HV,Happy Valley,4,291,CLEVELAND HANDICAP,4,1650,60-40,GOOD,TURF,"TURF - ""A"" Course",570000,13,HK_2004_E268,10.0,WITHALLMYHEART,CE268,NZ,Southern,,44.0,44.0,Bay,Gelding,Howbaddouwantit,Trapeze,Crested Wave Same,0,0,0,0,0,0.0,0.0,0.0,0.0,0.0,0.0,10.0,False,False,K S Yu,T K Ng,113,1062.0,8.0,7-3/4,1:42.10,14.0,https://racing.hkjc.com/en-us/local/information/otherhorse?horseid=HK_2004_E268&Option=1,2026-09-04T15:11:39Z,https://racing.hkjc.com/en-us/local/information/archive/localresults?racedate=2006/01/04&racecourse=HV&RaceNo=4
HV_20060104_R04_HK_2004_E191,HV_20060104_R04,2006-01-04,HV,Happy Valley,4,291,CLEVELAND HANDICAP,4,1650,60-40,GOOD,TURF,"TURF - ""A"" Course",570000,13,HK_2004_E191,5.0,EXCELLENT PARTNERS,CE191,NZ,Southern,,50,48,Brown,Gelding,O'Reilly,Herbaceous,Lord Ballina Same,0,0,0,0,0,0.0,0.0,0.0,0.0,0.0,0.0,11.0,False,False,R Fradd,D J Hall,121,970.0,6.0,12,1:42.80,99.0,https://racing.hkjc.com/en-us/local/information/otherhorse?horseid=HK_2004_E191&Option=1,2026-09-04T15:11:42Z,https://racing.hkjc.com/en-us/local/information/archive/localresults?racedate=2006/01/04&racecourse=HV&RaceNo=4
HV_20060104_R04_HK_2003_D009,HV_20060104_R04,2006-01-04,HV,Happy Valley,4,291,CLEVELAND HANDICAP,4,1650,60-40,GOOD,TURF,"TURF - ""A"" Course",570000,13,HK_2003_D009,9.0,COULDN'T CARE LESS,CD009,IRE,Northern,,45.0,42.0,Grey,Gelding,Marju,Chamonis,Affirmed Same,0,0,0,0,0,0.0,0.0,0.0,0.0,0.0,0.0,12.0,False,False,S K Sit,Y S Tsui,113,1076.0,11.0,12-3/4,1:43.00,62.0,https://racing.hkjc.com/en-us/local/information/otherhorse?horseid=HK_2003_D009&Option=1,2026-09-04T15:11:45Z,https://racing.hkjc.com/en-us/local/information/archive/localresults?racedate=2006/01/04&racecourse=HV&RaceNo=4
HV_20060104_R04_HK_1998_T279,HV_20060104_R04,2006-01-04,HV,Happy Valley,4,291,CLEVELAND HANDICAP,4,1650,60-40,GOOD,TURF,"TURF - ""A"" Course",570000,13,HK_1998_T279,,MOMENTUM,BT279,AUS,Southern,,46.0,44,Grey,Gelding,Kenmare,Lady Jakeo,Last Tycoon Same,0,0,0,0,0,0.0,0.0,0.0,0.0,0.0,0.0,,False,False,C Brown,P O'Sullivan,117,,,---,---,,https://racing.hkjc.com/en-us/local/information/otherhorse?horseid=HK_1998_T279&Option=1,2026-09-04T15:11:48Z,https://racing.hkjc.com/en-us/local/information/archive/localresults?racedate=2006/01/04&racecourse=HV&RaceNo=4
HV_20060104_R05_HK_2002_C048,HV_20060104_R05,2006-01-04,HV,Happy Valley,5,292,KINGSTON HANDICAP,4,1000,60-40,GOOD,TURF,"TURF - ""A"" Course",570000,13,HK_2002_C048,3.0,MANIFEST,CC048,AUS,Southern,,59,65,Chestnut,Gelding,Snippets,Couldn't Watch,Rancher Same,0,0,0,0,0,0.0,0.0,0.56,319200.0,0.0,319200.0,1.0,True,True,C W Wong,C Fownes,122,1162.0,3.0,---,0:57.40,11.0,https://racing.hkjc.com/en-us/local/information/otherhorse?horseid=HK_2002_C048&Option=1,2026-09-04T15:11:53Z,https://racing.hkjc.com/en-us/local/information/archive/localresults?racedate=2006/01/04&racecourse=HV&RaceNo=5
HV_20060104_R05_HK_2004_E023,HV_20060104_R05,2006-01-04,HV,Happy Valley,5,292,KINGSTON HANDICAP,4,1000,60-40,GOOD,TURF,"TURF - ""A"" Course",570000,13,HK_2004_E023,12.0,GLORY YEARS,CE023,AUS,Southern,,51,53,Chestnut,Gelding,Flying Spur,Do You,Vain Same,0,0,0,0,0,0.0,0.0,0.21,119700.0,0.0,119700.0,2.0,False,True,C Soumillon,A Lee,124,1373.0,2.0,3/4,0:57.60,7.7,https://racing.hkjc.com/en-us/local/information/otherhorse?horseid=HK_2004_E023&Option=1,2026-09-04T15:11:56Z,https://racing.hkjc.com/en-us/local/information/archive/localresults?racedate=2006/01/04&racecourse=HV&RaceNo=5
HV_20060104_R05_HK_2004_E081,HV_20060104_R05,2006-01-04,HV,Happy Valley,5,292,KINGSTON HANDICAP,4,1000,60-40,GOOD,TURF,"TURF - ""A"" Course",570000,13,HK_2004_E081,6.0,FOURSQUARE,CE081,IRE,Northern,,57,57,Bay,Gelding,Fayruz,Waroonga,Brief Truce Same,0,0,0,0,0,0.0,0.0,0.115,65550.0,0.0,65550.0,3.0,False,True,E Saint-Martin,T W Leung,130,1086.0,5.0,2-1/2,0:57.80,15.0,https://racing.hkjc.com/en-us/local/information/otherhorse?horseid=HK_2004_E081&Option=1,2026-09-04T15:12:02Z,https://racing.hkjc.com/en-us/local/information/archive/localresults?racedate=2006/01/04&racecourse=HV&RaceNo=5
HV_20060104_R05_HK_2003_D125,HV_20060104_R05,2006-01-04,HV,Happy Valley,5,292,KINGSTON HANDICAP,4,1000,60-40,GOOD,TURF,"TURF - ""A"" Course",570000,13,HK_2003_D125,10.0,HARVEST,CD125,GB,Northern,,40,38,Bay,Gelding,Mujadil,Wassl This Then,Wassl Same,0,0,0,0,0,0.0,0.0,0.06,34200.0,0.0,34200.0,4.0,False,False,H W Lai,C H Yip,106,1091.0,1.0,3-1/2,0:58.00,39.0,https://racing.hkjc.com/en-us/local/information/otherhorse?horseid=HK_2003_D125&Option=1,2026-09-04T15:12:04Z,https://racing.hkjc.com/en-us/local/information/archive/localresults?racedate=2006/01/04&racecourse=HV&RaceNo=5
HV_20060104_R05_HK_2005_G022,HV_20060104_R05,2006-01-04,HV,Happy Valley,5,292,KINGSTON HANDICAP,4,1000,60-40,GOOD,TURF,"TURF - ""A"" Course",570000,13,HK_2005_G022,8.0,GALBRAITH,CG022,AUS,Southern,,52,49,Bay,Gelding,Anabaa,Casting For Gold,Hansel Same,0,0,0,0,0,0.0,0.0,0.055,31350.0,0.0,31350.0,5.0,False,False,B Prebble,D J Hall,125,1165.0,8.0,3-1/2,0:58.00,1.9,https://racing.hkjc.com/en-us/local/information/otherhorse?horseid=HK_2005_G022&Option=1,2026-09-04T15:12:07Z,https://racing.hkjc.com/en-us/local/information/archive/localresults?racedate=2006/01/04&racecourse=HV&RaceNo=5
HV_20060104_R05_HK_2003_D132,HV_20060104_R05,2006-01-04,HV,Happy Valley,5,292,KINGSTON HANDICAP,4,1000,60-40,GOOD,TURF,"TURF - ""A"" Course",570000,13,HK_2003_D132,9.0,MILLION CHASE,CD132,NZ,Southern,,52,51,Brown,Gelding,O'Reilly,Tura Lura Lural,Truly Vain Same,0,0,0,0,0,0.0,0.0,0.0,0.0,0.0,0.0,6.0,False,False,G Mosse,K L Man,125,1107.0,9.0,4-1/4,0:58.10,27.0,https://racing.hkjc.com/en-us/local/information/otherhorse?horseid=HK_2003_D132&Option=1,2026-09-04T15:12:10Z,https://racing.hkjc.com/en-us/local/information/archive/localresults?racedate=2006/01/04&racecourse=HV&RaceNo=5
HV_20060104_R05_HK_2003_D050,HV_20060104_R05,2006-01-04,HV,Happy Valley,5,292,KINGSTON HANDICAP,4,1000,60-40,GOOD,TURF,"TURF - ""A"" Course",570000,13,HK_2003_D050,7.0,GRASS HOPPER,CD050,SAF,Southern,,54,53,Bay / Brown,Gelding,Qui Danzig,Little Kiss,Elliodor Same,0,0,0,0,0,0.0,0.0,0.0,0.0,0.0,0.0,7.0,False,False,S Dye,C S Shum,127,1030.0,11.0,5-1/2,0:58.30,18.0,https://racing.hkjc.com/en-us/local/information/otherhorse?horseid=HK_2003_D050&Option=1,2026-09-04T15:12:13Z,https://racing.hkjc.com/en-us/local/information/archive/localresults?racedate=2006/01/04&racecourse=HV&RaceNo=5
HV_20060104_R05_HK_2001_B439,HV_20060104_R05,2006-01-04,HV,Happy Valley,5,292,KINGSTON HANDICAP,4,1000,60-40,GOOD,TURF,"TURF - ""A"" Course",570000,13,HK_2001_B439,5.0,SOUTHERN LIGHT,CB439,AUS,Southern,,58,58,Bay,Gelding,Danehill Dancer,Promalza,Alzao Same,0,0,0,0,0,0.0,0.0,0.0,0.0,0.0,0.0,8.0,False,False,O Doleuze,D Cruz,131,1286.0,7.0,5-1/2,0:58.30,10.0,https://racing.hkjc.com/en-us/local/information/otherhorse?horseid=HK_2001_B439&Option=1,2026-09-04T15:12:16Z,https://racing.hkjc.com/en-us/local/information/archive/localresults?racedate=2006/01/04&racecourse=HV&RaceNo=5
HV_20060104_R05_HK_2004_E243,HV_20060104_R05,2006-01-04,HV,Happy Valley,5,292,KINGSTON HANDICAP,4,1000,60-40,GOOD,TURF,"TURF - ""A"" Course",570000,13,HK_2004_E243,2.0,FUNTRAP,CE243,NZ,Southern,,59,59,Brown,Gelding,Sandtrap,Ar Bid Arva,Victory Dance Same,0,0,0,0,0,0.0,0.0,0.0,0.0,0.0,0.0,9.0,False,False,D Whyte,J Size,132,1058.0,4.0,7-3/4,0:58.60,7.4,https://racing.hkjc.com/en-us/local/information/otherhorse?horseid=HK_2004_E243&Option=1,2026-09-04T13:52:39Z,https://racing.hkjc.com/en-us/local/information/archive/localresults?racedate=2006/01/04&racecourse=HV&RaceNo=5
HV_20060104_R05_HK_2004_E051,HV_20060104_R05,2006-01-04,HV,Happy Valley,5,292,KINGSTON HANDICAP,4,1000,60-40,GOOD,TURF,"TURF - ""A"" Course",570000,13,HK_2004_E051,11.0,SMARTY FACE,CE051,NZ,Southern,,52,50,Brown,Gelding,Green Perfume,Spotlight,Vice Regal Same,0,0,0,0,0,0.0,0.0,0.0,0.0,0.0,0.0,10.0,False,False,H K Yim,B K Ng,123,1085.0,6.0,8,0:58.70,69.0,https://racing.hkjc.com/en-us/local/information/otherhorse?horseid=HK_2004_E051&Option=1,2026-09-04T15:12:19Z,https://racing.hkjc.com/en-us/local/information/archive/localresults?racedate=2006/01/04&racecourse=HV&RaceNo=5
HV_20060104_R05_HK_2001_B458,HV_20060104_R05,2006-01-04,HV,Happy Valley,5,292,KINGSTON HANDICAP,4,1000,60-40,GOOD,TURF,"TURF - ""A"" Course",570000,13,HK_2001_B458,4.0,CHAMPION WINNER,CB458,AUS,Southern,,58,58,Brown,Gelding,Supremo,Centority,Centaine Same,0,0,0,0,0,0.0,0.0,0.0,0.0,0.0,0.0,11.0,False,False,C Munce,A T Millard,131,1086.0,12.0,8-1/4,0:58.70,43.0,https://racing.hkjc.com/en-us/local/information/otherhorse?horseid=HK_2001_B458&Option=1,2026-09-04T15:12:21Z,https://racing.hkjc.com/en-us/local/information/archive/localresults?racedate=2006/01/04&racecourse=HV&RaceNo=5
HV_20060104_R05_HK_2000_A273,HV_20060104_R05,2006-01-04,HV,Happy Valley,5,292,KINGSTON HANDICAP,4,1000,60-40,GOOD,TURF,"TURF - ""A"" Course",570000,13,HK_2000_A273,1.0,COMPANION,CA273,IRE,Northern,,60.0,57.0,Bay,Gelding,Danehill,Sedra,Nebbiolo Same,0,0,0,0,0,0.0,0.0,0.0,0.0,0.0,0.0,12.0,False,False,W M Lai,T K Ng,131,1132.0,10.0,11-3/4,0:59.30,53.0,https://racing.hkjc.com/en-us/local/information/otherhorse?horseid=HK_2000_A273&Option=1,2026-09-04T15:12:24Z,https://racing.hkjc.com/en-us/local/information/archive/localresults?racedate=2006/01/04&racecourse=HV&RaceNo=5
HV_20060104_R05_HK_2004_E041,HV_20060104_R05,2006-01-04,HV,Happy Valley,5,292,KINGSTON HANDICAP,4,1000,60-40,GOOD,TURF,"TURF - ""A"" Course",570000,13,HK_2004_E041,,SKY HIGH,CE041,USA,Northern,,52,52,Bay,Gelding,Gone West,Saffaanh,Shareef Dancer Same,0,0,0,0,0,0.0,0.0,0.0,0.0,0.0,0.0,,False,False,R Fradd,P O'Sullivan,125,,,---,---,,https://racing.hkjc.com/en-us/local/information/otherhorse?horseid=HK_2004_E041&Option=1,2026-09-04T15:12:27Z,https://racing.hkjc.com/en-us/local/information/archive/localresults?racedate=2006/01/04&racecourse=HV&RaceNo=5
HV_20060104_R06_HK_2001_B391,HV_20060104_R06,2006-01-04,HV,Happy Valley,6,293,GREAT GEORGE HANDICAP,3,1650,80-60,GOOD,TURF,"TURF - ""A"" Course",750000,12,HK_2001_B391,2,SUNBELL,CB391,AUS,Southern,,80,85,Brown,Gelding,Clang,Won't Catch Me,Noalcoholic Same,0,0,0,0,0,0.0,0.0,0.56,420000.0,0.0,420000.0,1,True,True,G Schofield,D Cruz,132,1048,5,---,1:40.90,9.2,https://racing.hkjc.com/en-us/local/information/otherhorse?horseid=HK_2001_B391&Option=1,2026-09-04T13:55:08Z,https://racing.hkjc.com/en-us/local/information/archive/localresults?racedate=2006/01/04&racecourse=HV&RaceNo=6
HV_20060104_R06_HK_2004_E040,HV_20060104_R06,2006-01-04,HV,Happy Valley,6,293,GREAT GEORGE HANDICAP,3,1650,80-60,GOOD,TURF,"TURF - ""A"" Course",750000,12,HK_2004_E040,11,DIAMOND ERA,CE040,IRE,Northern,,65,67,Bay,Gelding,King's Theatre,Smaointeach,Green Desert Same,0,0,0,0,0,0.0,0.0,0.21,157500.0,0.0,157500.0,2,False,True,C Brown,K L Man,117,1014,3,N,1:40.90,8.6,https://racing.hkjc.com/en-us/local/information/otherhorse?horseid=HK_2004_E040&Option=1,2026-09-04T15:12:32Z,https://racing.hkjc.com/en-us/local/information/archive/localresults?racedate=2006/01/04&racecourse=HV&RaceNo=6
HV_20060104_R06_HK_2002_C063,HV_20060104_R06,2006-01-04,HV,Happy Valley,6,293,GREAT GEORGE HANDICAP,3,1650,80-60,GOOD,TURF,"TURF - ""A"" Course",750000,12,HK_2002_C063,6,KIDDYLAND,CC063,FR,Northern,,76,77,Grey,Gelding,Linamix,Keraka,Storm Bird Same,0,0,0,0,0,0.0,0.0,0.115,86250.0,0.0,86250.0,3,False,True,B Prebble,D J Hall,128,1133,7,1/2,1:41.00,6.1,https://racing.hkjc.com/en-us/local/information/otherhorse?horseid=HK_2002_C063&Option=1,2026-09-04T15:12:35Z,https://racing.hkjc.com/en-us/local/information/archive/localresults?racedate=2006/01/04&racecourse=HV&RaceNo=6
HV_20060104_R06_HK_2002_C378,HV_20060104_R06,2006-01-04,HV,Happy Valley,6,293,GREAT GEORGE HANDICAP,3,1650,80-60,GOOD,TURF,"TURF - ""A"" Course",750000,12,HK_2002_C378,7,FORTUNE BOY,CC378,AUS,Southern,,75,75,Chestnut,Gelding,Woodman,Burning Embers,Zoffany Same,0,0,0,0,0,0.0,0.0,0.06,45000.0,0.0,45000.0,4,False,False,K H Chan,Y S Tsui,117,1197,11,1-1/4,1:41.10,44.0,https://racing.hkjc.com/en-us/local/information/otherhorse?horseid=HK_2002_C378&Option=1,2026-09-04T13:52:52Z,https://racing.hkjc.com/en-us/local/information/archive/localresults?racedate=2006/01/04&racecourse=HV&RaceNo=6
HV_20060104_R06_HK_2001_B290,HV_20060104_R06,2006-01-04,HV,Happy Valley,6,293,GREAT GEORGE HANDICAP,3,1650,80-60,GOOD,TURF,"TURF - ""A"" Course",750000,12,HK_2001_B290,8,SHABU SHABU,CB290,NZ,Southern,,74.0,74.0,Chestnut,Gelding,Marscay,Funny Features,Archway Same,0,0,0,0,0,0.0,0.0,0.055,41250.0,0.0,41250.0,5,False,False,S Dye,C S Shum,126,1025,9,1-1/4,1:41.10,11.0,https://racing.hkjc.com/en-us/local/information/otherhorse?horseid=HK_2001_B290&Option=1,2026-09-04T15:12:38Z,https://racing.hkjc.com/en-us/local/information/archive/localresults?racedate=2006/01/04&racecourse=HV&RaceNo=6
HV_20060104_R06_HK_2005_G052,HV_20060104_R06,2006-01-04,HV,Happy Valley,6,293,GREAT GEORGE HANDICAP,3,1650,80-60,GOOD,TURF,"TURF - ""A"" Course",750000,12,HK_2005_G052,4,SYDNEY EXPRESS,CG052,AUS,Southern,,77,76,Bay,Gelding,Jade Robbery,Classic Parisian,Persian Bold Same,0,0,0,0,0,0.0,0.0,0.0,0.0,0.0,0.0,6,False,False,A Delpech,D E Ferraris,129,1082,6,1-3/4,1:41.10,22.0,https://racing.hkjc.com/en-us/local/information/otherhorse?horseid=HK_2005_G052&Option=1,2026-09-04T15:12:41Z,https://racing.hkjc.com/en-us/local/information/archive/localresults?racedate=2006/01/04&racecourse=HV&RaceNo=6
HV_20060104_R06_HK_2003_D054,HV_20060104_R06,2006-01-04,HV,Happy Valley,6,293,GREAT GEORGE HANDICAP,3,1650,80-60,GOOD,TURF,"TURF - ""A"" Course",750000,12,HK_2003_D054,12,GOLD SANDFIELD,CD054,NZ,Southern,,61,60,Chestnut,Gelding,Carolingian,Mrs Poole,Zabeel Same,0,0,0,0,0,0.0,0.0,0.0,0.0,0.0,0.0,7,False,False,C W Wong,C H Yip,103,1202,4,2,1:41.20,16.0,https://racing.hkjc.com/en-us/local/information/otherhorse?horseid=HK_2003_D054&Option=1,2026-09-04T15:12:44Z,https://racing.hkjc.com/en-us/local/information/archive/localresults?racedate=2006/01/04&racecourse=HV&RaceNo=6
HV_20060104_R06_HK_2003_D209,HV_20060104_R06,2006-01-04,HV,Happy Valley,6,293,GREAT GEORGE HANDICAP,3,1650,80-60,GOOD,TURF,"TURF - ""A"" Course",750000,12,HK_2003_D209,10,SUNRISE RAINBOW,CD209,AUS,Southern,,68,67,Bay / Brown,Gelding,Woodman,Ariyam,Dancing Brave Same,0,0,0,0,0,0.0,0.0,0.0,0.0,0.0,0.0,8,False,False,H W Lai,B K Ng,113,1084,2,2-1/2,1:41.20,5.3,https://racing.hkjc.com/en-us/local/information/otherhorse?horseid=HK_2003_D209&Option=1,2026-09-04T15:12:47Z,https://racing.hkjc.com/en-us/local/information/archive/localresults?racedate=2006/01/04&racecourse=HV&RaceNo=6
HV_20060104_R06_HK_2002_C024,HV_20060104_R06,2006-01-04,HV,Happy Valley,6,293,GREAT GEORGE HANDICAP,3,1650,80-60,GOOD,TURF,"TURF - ""A"" Course",750000,12,HK_2002_C024,1,KINGSTON WINNER,CC024,NZ,Southern,,80,80,Grey,Gelding,Krasnopolski,Awesome Magic,Shannon Same,0,0,0,0,0,0.0,0.0,0.0,0.0,0.0,0.0,9,False,False,W M Lai,T K Ng,130,1075,1,2-1/2,1:41.30,5.2,https://racing.hkjc.com/en-us/local/information/otherhorse?horseid=HK_2002_C024&Option=1,2026-09-04T13:52:33Z,https://racing.hkjc.com/en-us/local/information/archive/localresults?racedate=2006/01/04&racecourse=HV&RaceNo=6
HV_20060104_R06_HK_2003_D237,HV_20060104_R06,2006-01-04,HV,Happy Valley,6,293,GREAT GEORGE HANDICAP,3,1650,80-60,GOOD,TURF,"TURF - ""A"" Course",750000,12,HK_2003_D237,9,MILITARY OPTION,CD237,USA,Northern,,73,73,Bay,Gelding,Red Ransom,Comfort And Style,Be My Guest Same,0,0,0,0,0,0.0,0.0,0.0,0.0,0.0,0.0,10,False,False,D Whyte,C Fownes,125,1107,12,3-3/4,1:41.40,8.7,https://racing.hkjc.com/en-us/local/information/otherhorse?horseid=HK_2003_D237&Option=1,2026-09-04T15:12:50Z,https://racing.hkjc.com/en-us/local/information/archive/localresults?racedate=2006/01/04&racecourse=HV&RaceNo=6
HV_20060104_R06_HK_2004_E185,HV_20060104_R06,2006-01-04,HV,Happy Valley,6,293,GREAT GEORGE HANDICAP,3,1650,80-60,GOOD,TURF,"TURF - ""A"" Course",750000,12,HK_2004_E185,5,AQUA-TREASURE,CE185,GB,Northern,,76,73,Bay,Gelding,Singspiel,Dashing Water,Dashing Blade Same,0,0,0,0,0,0.0,0.0,0.0,0.0,0.0,0.0,11,False,False,G Mosse,S Woods,128,1130,10,4-3/4,1:41.60,67.0,https://racing.hkjc.com/en-us/local/information/otherhorse?horseid=HK_2004_E185&Option=1,2026-09-04T15:12:53Z,https://racing.hkjc.com/en-us/local/information/archive/localresults?racedate=2006/01/04&racecourse=HV&RaceNo=6
HV_20060104_R06_HK_2003_D364,HV_20060104_R06,2006-01-04,HV,Happy Valley,6,293,GREAT GEORGE HANDICAP,3,1650,80-60,GOOD,TURF,"TURF - ""A"" Course",750000,12,HK_2003_D364,3,LUCKY DANSKE,CD364,NZ,Southern,,77,75,Brown,Gelding,Danske,Penny Royal,Imperial Guard Same,0,0,0,0,0,0.0,0.0,0.0,0.0,0.0,0.0,12,False,False,C Soumillon,A S Cruz,129,1024,8,6-3/4,1:41.90,9.7,https://racing.hkjc.com/en-us/local/information/otherhorse?horseid=HK_2003_D364&Option=1,2026-09-04T15:12:56Z,https://racing.hkjc.com/en-us/local/information/archive/localresults?racedate=2006/01/04&racecourse=HV&RaceNo=6
HV_20060104_R07_HK_2003_D061,HV_20060104_R07,2006-01-04,HV,Happy Valley,7,294,THE JANUARY CUP (HANDICAP),1,1800,110-90,GOOD,TURF,"TURF - ""A"" Course",1600000,12,HK_2003_D061,9,FRUITY FRUITY,CD061,AUS,Southern,,94,101,Bay,Gelding,Encosta de Lago,Minsky Lass,Whiskey Road Same,0,0,0,0,0,0.0,0.0,0.56,896000.0,0.0,896000.0,1,True,True,B Prebble,P O'Sullivan,117,1151,6,---,1:48.60,12.0,https://racing.hkjc.com/en-us/local/information/otherhorse?horseid=HK_2003_D061&Option=1,2026-09-04T15:13:01Z,https://racing.hkjc.com/en-us/local/information/archive/localresults?racedate=2006/01/04&racecourse=HV&RaceNo=7
HV_20060104_R07_HK_2002_C345,HV_20060104_R07,2006-01-04,HV,Happy Valley,7,294,THE JANUARY CUP (HANDICAP),1,1800,110-90,GOOD,TURF,"TURF - ""A"" Course",1600000,12,HK_2002_C345,8,LIBERAL'S CHOICE,CC345,AUS,Southern,,95,98,Bay,Gelding,Danewin,Another Choice,March Legend Same,0,0,0,0,0,0.0,0.0,0.21,336000.0,0.0,336000.0,2,False,True,R Fradd,J Size,117,1023,5,HD,1:48.70,10.0,https://racing.hkjc.com/en-us/local/information/otherhorse?horseid=HK_2002_C345&Option=1,2026-09-04T15:13:04Z,https://racing.hkjc.com/en-us/local/information/archive/localresults?racedate=2006/01/04&racecourse=HV&RaceNo=7
HV_20060104_R07_HK_2000_A266,HV_20060104_R07,2006-01-04,HV,Happy Valley,7,294,THE JANUARY CUP (HANDICAP),1,1800,110-90,GOOD,TURF,"TURF - ""A"" Course",1600000,12,HK_2000_A266,1,CHEEKY,CA266,NZ,Southern,,108.0,108,Bay,Gelding,O'Reilly,Sound Lover,Sound Reason Same,0,0,0,0,0,0.0,0.0,0.115,184000.0,0.0,184000.0,3,False,True,C Brown,C Fownes,130,1022,12,3,1:49.10,30.0,https://racing.hkjc.com/en-us/local/information/otherhorse?horseid=HK_2000_A266&Option=1,2026-09-04T15:13:07Z,https://racing.hkjc.com/en-us/local/information/archive/localresults?racedate=2006/01/04&racecourse=HV&RaceNo=7
HV_20060104_R07_HK_2002_C067,HV_20060104_R07,2006-01-04,HV,Happy Valley,7,294,THE JANUARY CUP (HANDICAP),1,1800,110-90,GOOD,TURF,"TURF - ""A"" Course",1600000,12,HK_2002_C067,7,HEALTHY WEALTHY,CC067,GB,Northern,,97.0,96.0,Bay,Gelding,Desert Prince,Rensaler,Stop The Music Same,0,0,0,0,0,0.0,0.0,0.06,96000.0,0.0,96000.0,4,False,False,G Mosse,S Woods,121,1102,4,3,1:49.10,11.0,https://racing.hkjc.com/en-us/local/information/otherhorse?horseid=HK_2002_C067&Option=1,2026-09-04T15:13:10Z,https://racing.hkjc.com/en-us/local/information/archive/localresults?racedate=2006/01/04&racecourse=HV&RaceNo=7
HV_20060104_R07_HK_2004_E146,HV_20060104_R07,2006-01-04,HV,Happy Valley,7,294,THE JANUARY CUP (HANDICAP),1,1800,110-90,GOOD,TURF,"TURF - ""A"" Course",1600000,12,HK_2004_E146,3,FLAMING LAMBORGINI,CE146,GB,Northern,,100,100,Bay,Gelding,Compton Place,Miss Rimex,Ezzoud Same,0,0,0,0,0,0.0,0.0,0.055,88000.0,0.0,88000.0,5,False,False,H W Lai,C S Shum,115,1007,2,3-1/4,1:49.20,3.1,https://racing.hkjc.com/en-us/local/information/otherhorse?horseid=HK_2004_E146&Option=1,2026-09-04T15:13:12Z,https://racing.hkjc.com/en-us/local/information/archive/localresults?racedate=2006/01/04&racecourse=HV&RaceNo=7
HV_20060104_R07_HK_2002_C158,HV_20060104_R07,2006-01-04,HV,Happy Valley,7,294,THE JANUARY CUP (HANDICAP),1,1800,110-90,GOOD,TURF,"TURF - ""A"" Course",1600000,12,HK_2002_C158,10,SUCCESSIVE GAINS,CC158,USA,Northern,,94,92,Bay,Gelding,Gone West,Honfleur,Sadler's Wells Same,0,0,0,0,0,0.0,0.0,0.0,0.0,0.0,0.0,6,False,False,D Whyte,K L Man,117,1125,9,3-1/2,1:49.20,21.0,https://racing.hkjc.com/en-us/local/information/otherhorse?horseid=HK_2002_C158&Option=1,2026-09-04T15:13:15Z,https://racing.hkjc.com/en-us/local/information/archive/localresults?racedate=2006/01/04&racecourse=HV&RaceNo=7
HV_20060104_R07_HK_2001_B280,HV_20060104_R07,2006-01-04,HV,Happy Valley,7,294,THE JANUARY CUP (HANDICAP),1,1800,110-90,GOOD,TURF,"TURF - ""A"" Course",1600000,12,HK_2001_B280,2,FIVE GRAINS,CB280,IRE,Northern,,104,104,Chestnut,Gelding,Spectrum,Alice En Ballade,Tap On Wood Same,0,0,0,0,0,0.0,0.0,0.0,0.0,0.0,0.0,7,False,False,C Munce,A T Millard,126,1181,10,4-1/4,1:49.30,14.0,https://racing.hkjc.com/en-us/local/information/otherhorse?horseid=HK_2001_B280&Option=1,2026-09-04T15:13:19Z,https://racing.hkjc.com/en-us/local/information/archive/localresults?racedate=2006/01/04&racecourse=HV&RaceNo=7
HV_20060104_R07_HK_2001_B343,HV_20060104_R07,2006-01-04,HV,Happy Valley,7,294,THE JANUARY CUP (HANDICAP),1,1800,110-90,GOOD,TURF,"TURF - ""A"" Course",1600000,12,HK_2001_B343,5,PRETTY TRIO,CB343,AUS,Southern,,99.0,99,Bay,Gelding,Woodman,Crystal Palace,Palace Music Same,0,0,0,0,0,0.0,0.0,0.0,0.0,0.0,0.0,8,False,False,A Delpech,A Lee,121,1120,8,4-3/4,1:49.40,15.0,https://racing.hkjc.com/en-us/local/information/otherhorse?horseid=HK_2001_B343&Option=1,2026-09-04T15:13:22Z,https://racing.hkjc.com/en-us/local/information/archive/localresults?racedate=2006/01/04&racecourse=HV&RaceNo=7
HV_20060104_R07_HK_2003_D353,HV_20060104_R07,2006-01-04,HV,Happy Valley,7,294,THE JANUARY CUP (HANDICAP),1,1800,110-90,GOOD,TURF,"TURF - ""A"" Course",1600000,12,HK_2003_D353,12,FAMOUS DANCER,CD353,AUS,Southern,,91,91,Bay,Gelding,Quest For Fame,Trousseau,Biscay Same,0,0,0,0,0,0.0,0.0,0.0,0.0,0.0,0.0,9,False,False,G Schofield,J Moore,115,1076,3,6-1/4,1:49.60,5.1,https://racing.hkjc.com/en-us/local/information/otherhorse?horseid=HK_2003_D353&Option=1,2026-09-04T15:13:25Z,https://racing.hkjc.com/en-us/local/information/archive/localresults?racedate=2006/01/04&racecourse=HV&RaceNo=7
HV_20060104_R07_HK_2003_D337,HV_20060104_R07,2006-01-04,HV,Happy Valley,7,294,THE JANUARY CUP (HANDICAP),1,1800,110-90,GOOD,TURF,"TURF - ""A"" Course",1600000,12,HK_2003_D337,4,LUCKY GOOD DAY,CD337,ARG,Southern,,100,100,Brown,Horse,Halo Sunshine,Marquilize,Equalize Same,0,0,0,0,0,0.0,0.0,0.0,0.0,0.0,0.0,10,False,False,C Soumillon,A S Cruz,122,1153,1,7-1/2,1:49.80,6.9,https://racing.hkjc.com/en-us/local/information/otherhorse?horseid=HK_2003_D337&Option=1,2026-09-04T15:13:28Z,https://racing.hkjc.com/en-us/local/information/archive/localresults?racedate=2006/01/04&racecourse=HV&RaceNo=7
HV_20060104_R07_HK_2003_D077,HV_20060104_R07,2006-01-04,HV,Happy Valley,7,294,THE JANUARY CUP (HANDICAP),1,1800,110-90,GOOD,TURF,"TURF - ""A"" Course",1600000,12,HK_2003_D077,6,RED POWER,CD077,IRE,Northern,,98,96,Bay,Horse,Intikhab,Sabayik,Unfuwain Same,0,0,0,0,0,0.0,0.0,0.0,0.0,0.0,0.0,11,False,False,S Dye,C S Shum,120,1043,11,10,1:51.20,21.0,https://racing.hkjc.com/en-us/local/information/otherhorse?horseid=HK_2003_D077&Option=1,2026-09-04T13:54:42Z,https://racing.hkjc.com/en-us/local/information/archive/localresults?racedate=2006/01/04&racecourse=HV&RaceNo=7
HV_20060104_R07_HK_2002_C317,HV_20060104_R07,2006-01-04,HV,Happy Valley,7,294,THE JANUARY CUP (HANDICAP),1,1800,110-90,GOOD,TURF,"TURF - ""A"" Course",1600000,12,HK_2002_C317,11,INDUSTRIAL SUCCESS,CC317,IRE,Northern,,93,93,Bay,Gelding,Bering,Fantastic Flame,Generous Same,0,0,0,0,0,0.0,0.0,0.0,0.0,0.0,0.0,12,False,False,Y T Cheng,C H Yip,113,1041,7,18,1:51.50,29.0,https://racing.hkjc.com/en-us/local/information/otherhorse?horseid=HK_2002_C317&Option=1,2026-09-04T15:13:31Z,https://racing.hkjc.com/en-us/local/information/archive/localresults?racedate=2006/01/04&racecourse=HV&RaceNo=7
HV_20060104_R08_HK_2004_E255,HV_20060104_R08,2006-01-04,HV,Happy Valley,8,295,CAUSEWAY HANDICAP,2,1650,95-80,GOOD,TURF,"TURF - ""A"" Course",1000000,12,HK_2004_E255,2,SOUNDS BEST,CE255,IRE,Northern,,89,94,Bay,Gelding,Intikhab,Lidanna,Nicholas Same,0,0,0,0,0,0.0,0.0,0.56,560000.0,0.0,560000.0,1,True,True,C Soumillon,J Moore,125,1038,2,---,1:40.00,3.9,https://racing.hkjc.com/en-us/local/information/otherhorse?horseid=HK_2004_E255&Option=1,2026-09-04T13:54:45Z,https://racing.hkjc.com/en-us/local/information/archive/localresults?racedate=2006/01/04&racecourse=HV&RaceNo=8
HV_20060104_R08_HK_2003_D238,HV_20060104_R08,2006-01-04,HV,Happy Valley,8,295,CAUSEWAY HANDICAP,2,1650,95-80,GOOD,TURF,"TURF - ""A"" Course",1000000,12,HK_2003_D238,8,NOBLE SILENCE,CD238,ZIM,Southern,,83,86,Brown,Gelding,Hallgate,Gold Sheen,Tilden Same,0,0,0,0,0,0.0,0.0,0.21,210000.0,0.0,210000.0,2,False,True,E Saint-Martin,D E Ferraris,119,1051,5,SH,1:40.00,7.4,https://racing.hkjc.com/en-us/local/information/otherhorse?horseid=HK_2003_D238&Option=1,2026-09-04T13:54:14Z,https://racing.hkjc.com/en-us/local/information/archive/localresults?racedate=2006/01/04&racecourse=HV&RaceNo=8
HV_20060104_R08_HK_2002_C250,HV_20060104_R08,2006-01-04,HV,Happy Valley,8,295,CAUSEWAY HANDICAP,2,1650,95-80,GOOD,TURF,"TURF - ""A"" Course",1000000,12,HK_2002_C250,3,COSMO SUCCESS,CC250,AUS,Southern,,88.0,90.0,Brown,Gelding,Nediym,La Brava,Military Plume Same,0,0,0,0,0,0.0,0.0,0.115,115000.0,0.0,115000.0,3,False,True,O Doleuze,C H Yip,124,1073,11,HD,1:40.10,14.0,https://racing.hkjc.com/en-us/local/information/otherhorse?horseid=HK_2002_C250&Option=1,2026-09-04T15:13:36Z,https://racing.hkjc.com/en-us/local/information/archive/localresults?racedate=2006/01/04&racecourse=HV&RaceNo=8
HV_20060104_R08_HK_2004_E229,HV_20060104_R08,2006-01-04,HV,Happy Valley,8,295,CAUSEWAY HANDICAP,2,1650,95-80,GOOD,TURF,"TURF - ""A"" Course",1000000,12,HK_2004_E229,6,REGENCY HORSE,CE229,NZ,Southern,,86,86,Bay,Gelding,Stravinsky,Rivertaine,Centaine Same,0,0,0,0,0,0.0,0.0,0.06,60000.0,0.0,60000.0,4,False,False,W M Lai,A S Cruz,120,1090,8,1,1:40.20,8.9,https://racing.hkjc.com/en-us/local/information/otherhorse?horseid=HK_2004_E229&Option=1,2026-09-04T15:13:39Z,https://racing.hkjc.com/en-us/local/information/archive/localresults?racedate=2006/01/04&racecourse=HV&RaceNo=8
HV_20060104_R08_HK_2004_E153,HV_20060104_R08,2006-01-04,HV,Happy Valley,8,295,CAUSEWAY HANDICAP,2,1650,95-80,GOOD,TURF,"TURF - ""A"" Course",1000000,12,HK_2004_E153,7,GOOD NATURE,CE153,NZ,Southern,,85,85,Bay,Gelding,Danske,Heaps,Fiesta Star Same,0,0,0,0,0,0.0,0.0,0.055,55000.0,0.0,55000.0,5,False,False,C Munce,P O'Sullivan,121,1126,9,1-1/2,1:40.30,3.4,https://racing.hkjc.com/en-us/local/information/otherhorse?horseid=HK_2004_E153&Option=1,2026-09-04T15:13:42Z,https://racing.hkjc.com/en-us/local/information/archive/localresults?racedate=2006/01/04&racecourse=HV&RaceNo=8
HV_20060104_R08_HK_2004_E184,HV_20060104_R08,2006-01-04,HV,Happy Valley,8,295,CAUSEWAY HANDICAP,2,1650,95-80,GOOD,TURF,"TURF - ""A"" Course",1000000,12,HK_2004_E184,5,STABLE MAIL,CE184,IRE,Northern,,87,87,Bay,Gelding,Danehill,Taking Liberties,Royal Academy Same,0,0,0,0,0,0.0,0.0,0.0,0.0,0.0,0.0,6,False,False,B Prebble,C Fownes,123,1264,6,1-1/2,1:40.30,14.0,https://racing.hkjc.com/en-us/local/information/otherhorse?horseid=HK_2004_E184&Option=1,2026-09-04T15:13:45Z,https://racing.hkjc.com/en-us/local/information/archive/localresults?racedate=2006/01/04&racecourse=HV&RaceNo=8
HV_20060104_R08_HK_2001_B299,HV_20060104_R08,2006-01-04,HV,Happy Valley,8,295,CAUSEWAY HANDICAP,2,1650,95-80,GOOD,TURF,"TURF - ""A"" Course",1000000,12,HK_2001_B299,12,SOLAR EMPIRE,CB299,IRE,Northern,,80.0,80.0,Bay,Gelding,Grand Lodge,Sweetest Thing,Prince Rupert Same,0,0,0,0,0,0.0,0.0,0.0,0.0,0.0,0.0,7,False,False,Y T Cheng,D Cruz,114,1133,12,3-3/4,1:40.60,28.0,https://racing.hkjc.com/en-us/local/information/otherhorse?horseid=HK_2001_B299&Option=1,2026-09-04T15:13:48Z,https://racing.hkjc.com/en-us/local/information/archive/localresults?racedate=2006/01/04&racecourse=HV&RaceNo=8
HV_20060104_R08_HK_2001_B432,HV_20060104_R08,2006-01-04,HV,Happy Valley,8,295,CAUSEWAY HANDICAP,2,1650,95-80,GOOD,TURF,"TURF - ""A"" Course",1000000,12,HK_2001_B432,10,FORTUNE SMILES,CB432,IRE,Northern,,81,81,Chestnut,Gelding,Hector Protector,Philgwyn,Milford Same,0,0,0,0,0,0.0,0.0,0.0,0.0,0.0,0.0,8,False,False,C Brown,J Size,117,1129,4,4-1/4,1:40.70,21.0,https://racing.hkjc.com/en-us/local/information/otherhorse?horseid=HK_2001_B432&Option=1,2026-09-04T15:13:51Z,https://racing.hkjc.com/en-us/local/information/archive/localresults?racedate=2006/01/04&racecourse=HV&RaceNo=8
HV_20060104_R08_HK_2001_B223,HV_20060104_R08,2006-01-04,HV,Happy Valley,8,295,CAUSEWAY HANDICAP,2,1650,95-80,GOOD,TURF,"TURF - ""A"" Course",1000000,12,HK_2001_B223,1,PACKING ANGEL,CB223,NZ,Southern,,94,92,Bay,Gelding,Zabeel,Plans Awry,Topsider Same,0,0,0,0,0,0.0,0.0,0.0,0.0,0.0,0.0,9,False,False,D Whyte,L Ho,130,1115,7,6,1:41.00,8.8,https://racing.hkjc.com/en-us/local/information/otherhorse?horseid=HK_2001_B223&Option=1,2026-09-04T15:13:54Z,https://racing.hkjc.com/en-us/local/information/archive/localresults?racedate=2006/01/04&racecourse=HV&RaceNo=8
HV_20060104_R08_HK_2002_C189,HV_20060104_R08,2006-01-04,HV,Happy Valley,8,295,CAUSEWAY HANDICAP,2,1650,95-80,GOOD,TURF,"TURF - ""A"" Course",1000000,12,HK_2002_C189,11,GALLANT KNIGHT,CC189,SAF,Southern,,80,79,Bay,Gelding,Alami,Plastic Lady,Centaine Same,0,0,0,0,0,0.0,0.0,0.0,0.0,0.0,0.0,10,False,False,H W Lai,A T Millard,109,1045,1,6-3/4,1:41.10,46.0,https://racing.hkjc.com/en-us/local/information/otherhorse?horseid=HK_2002_C189&Option=1,2026-09-04T15:13:58Z,https://racing.hkjc.com/en-us/local/information/archive/localresults?racedate=2006/01/04&racecourse=HV&RaceNo=8
HV_20060104_R08_HK_2003_D051,HV_20060104_R08,2006-01-04,HV,Happy Valley,8,295,CAUSEWAY HANDICAP,2,1650,95-80,GOOD,TURF,"TURF - ""A"" Course",1000000,12,HK_2003_D051,4,WINNING KEVIN,CD051,IRE,Northern,,88,88,Bay,Gelding,Desert Prince,Sheer Audacity,Troy Same,0,0,0,0,0,0.0,0.0,0.0,0.0,0.0,0.0,11,False,False,S Dye,C S Shum,124,1076,3,7-3/4,1:41.30,18.0,https://racing.hkjc.com/en-us/local/information/otherhorse?horseid=HK_2003_D051&Option=1,2026-09-04T15:14:00Z,https://racing.hkjc.com/en-us/local/information/archive/localresults?racedate=2006/01/04&racecourse=HV&RaceNo=8
HV_20060104_R08_HK_2001_B378,HV_20060104_R08,2006-01-04,HV,Happy Valley,8,295,CAUSEWAY HANDICAP,2,1650,95-80,GOOD,TURF,"TURF - ""A"" Course",1000000,12,HK_2001_B378,9,CZAR OF PRUSSIA,CB378,AUS,Southern,,82,82,Bay,Gelding,Belong To Me,Prefer An Angel,Mi Preferido Same,0,0,0,0,0,0.0,0.0,0.0,0.0,0.0,0.0,12,False,False,G Schofield,D Oughton,118,1020,10,9-1/4,1:41.50,87.0,https://racing.hkjc.com/en-us/local/information/otherhorse?horseid=HK_2001_B378&Option=1,2026-09-04T15:14:03Z,https://racing.hkjc.com/en-us/local/information/archive/localresults?racedate=2006/01/04&racecourse=HV&RaceNo=8
ST_20060107_R01_HK_2004_E300,ST_20060107_R01,2006-01-07,ST,Sha Tin,1,296,LAM TEI HANDICAP,4,1200,60-40,GOOD TO FIRM,TURF,"TURF - ""C+3"" Course",570000,12,HK_2004_E300,7,LUMINOUS,CE300,NZ,Southern,,48,54,Chestnut,Gelding,Spinning World,Gold Cloud,Truly Vain Same,0,0,0,0,0,0.0,0.0,0.56,319200.0,0.0,319200.0,1,True,True,D Whyte,J Size,119,1247,10,---,1:11.00,5.3,https://racing.hkjc.com/en-us/local/information/otherhorse?horseid=HK_2004_E300&Option=1,2026-09-04T15:24:46Z,https://racing.hkjc.com/en-us/local/information/archive/localresults?racedate=2006/01/07&racecourse=ST&RaceNo=1
ST_20060107_R01_HK_2005_G025,ST_20060107_R01,2006-01-07,ST,Sha Tin,1,296,LAM TEI HANDICAP,4,1200,60-40,GOOD TO FIRM,TURF,"TURF - ""C+3"" Course",570000,12,HK_2005_G025,5,FLYING DAGGER,CG025,NZ,Southern,,52,55,Bay,Gelding,Daggers Drawn,Opals,Pompeii Court Same,0,0,0,0,0,0.0,0.0,0.21,119700.0,0.0,119700.0,2,False,True,C Soumillon,A S Cruz,123,1108,7,N,1:11.10,6.0,https://racing.hkjc.com/en-us/local/information/otherhorse?horseid=HK_2005_G025&Option=1,2026-09-04T15:24:49Z,https://racing.hkjc.com/en-us/local/information/archive/localresults?racedate=2006/01/07&racecourse=ST&RaceNo=1
ST_20060107_R01_HK_2004_E052,ST_20060107_R01,2006-01-07,ST,Sha Tin,1,296,LAM TEI HANDICAP,4,1200,60-40,GOOD TO FIRM,TURF,"TURF - ""C+3"" Course",570000,12,HK_2004_E052,4,GANBARIA,CE052,AUS,Southern,,53.0,54.0,Chestnut,Gelding,Hennessy,Doldrums,Danzero Same,0,0,0,0,0,0.0,0.0,0.115,65550.0,0.0,65550.0,3,False,True,Y T Cheng,D Cruz,122,1104,2,1-1/4,1:11.20,5.6,https://racing.hkjc.com/en-us/local/information/otherhorse?horseid=HK_2004_E052&Option=1,2026-09-04T15:24:52Z,https://racing.hkjc.com/en-us/local/information/archive/localresults?racedate=2006/01/07&racecourse=ST&RaceNo=1
ST_20060107_R01_HK_2004_E170,ST_20060107_R01,2006-01-07,ST,Sha Tin,1,296,LAM TEI HANDICAP,4,1200,60-40,GOOD TO FIRM,TURF,"TURF - ""C+3"" Course",570000,12,HK_2004_E170,3,JADE DANCER,CE170,AUS,Southern,,54,54,Bay,Gelding,Jade Robbery,Show Her The Money,Slew O' Gold Same,0,0,0,0,0,0.0,0.0,0.06,34200.0,0.0,34200.0,4,False,False,R Fradd,D J Hall,125,1126,6,2,1:11.30,7.5,https://racing.hkjc.com/en-us/local/information/otherhorse?horseid=HK_2004_E170&Option=1,2026-09-04T15:24:55Z,https://racing.hkjc.com/en-us/local/information/archive/localresults?racedate=2006/01/07&racecourse=ST&RaceNo=1
ST_20060107_R01_HK_2003_D294,ST_20060107_R01,2006-01-07,ST,Sha Tin,1,296,LAM TEI HANDICAP,4,1200,60-40,GOOD TO FIRM,TURF,"TURF - ""C+3"" Course",570000,12,HK_2003_D294,10,STAR PRODIGY,CD294,IRE,Northern,,43,42,Bay,Gelding,Danehill,Golden Cat,Storm Cat Same,0,0,0,0,0,0.0,0.0,0.055,31350.0,0.0,31350.0,5,False,False,S Dye,C Fownes,115,1126,3,2-1/2,1:11.40,5.8,https://racing.hkjc.com/en-us/local/information/otherhorse?horseid=HK_2003_D294&Option=1,2026-09-04T15:24:58Z,https://racing.hkjc.com/en-us/local/information/archive/localresults?racedate=2006/01/07&racecourse=ST&RaceNo=1
ST_20060107_R01_HK_2003_D355,ST_20060107_R01,2006-01-07,ST,Sha Tin,1,296,LAM TEI HANDICAP,4,1200,60-40,GOOD TO FIRM,TURF,"TURF - ""C+3"" Course",570000,12,HK_2003_D355,1,SPEED FIGHTER,CD355,AUS,Southern,,60,60,Bay / Brown,Gelding,Honour And Glory,Port,Noalcoholic Same,0,0,0,0,0,0.0,0.0,0.0,0.0,0.0,0.0,6,False,False,C W Wong,P F Yiu,121,1080,11,2-3/4,1:11.50,9.8,https://racing.hkjc.com/en-us/local/information/otherhorse?horseid=HK_2003_D355&Option=1,2026-09-04T15:25:01Z,https://racing.hkjc.com/en-us/local/information/archive/localresults?racedate=2006/01/07&racecourse=ST&RaceNo=1
ST_20060107_R01_HK_2004_E105,ST_20060107_R01,2006-01-07,ST,Sha Tin,1,296,LAM TEI HANDICAP,4,1200,60-40,GOOD TO FIRM,TURF,"TURF - ""C+3"" Course",570000,12,HK_2004_E105,2,RACING SPIRIT,CE105,AUS,Southern,,55,53,Brown,Gelding,Commands,Dashed,Success Express Same,0,0,0,0,0,0.0,0.0,0.0,0.0,0.0,0.0,7,False,False,G Mosse,K W Lui,126,1039,5,2-3/4,1:11.50,16.0,https://racing.hkjc.com/en-us/local/information/otherhorse?horseid=HK_2004_E105&Option=1,2026-09-04T15:25:04Z,https://racing.hkjc.com/en-us/local/information/archive/localresults?racedate=2006/01/07&racecourse=ST&RaceNo=1
ST_20060107_R01_HK_2003_D020,ST_20060107_R01,2006-01-07,ST,Sha Tin,1,296,LAM TEI HANDICAP,4,1200,60-40,GOOD TO FIRM,TURF,"TURF - ""C+3"" Course",570000,12,HK_2003_D020,11,BALL OF FIRE,CD020,NZ,Southern,,42,40,Chestnut,Gelding,Mellifont,Jahdu,Sea Anchor Same,0,0,0,0,0,0.0,0.0,0.0,0.0,0.0,0.0,8,False,False,H K Yim,T W Leung,111,1183,1,3-3/4,1:11.60,8.4,https://racing.hkjc.com/en-us/local/information/otherhorse?horseid=HK_2003_D020&Option=1,2026-09-04T15:25:07Z,https://racing.hkjc.com/en-us/local/information/archive/localresults?racedate=2006/01/07&racecourse=ST&RaceNo=1
ST_20060107_R01_HK_2004_E077,ST_20060107_R01,2006-01-07,ST,Sha Tin,1,296,LAM TEI HANDICAP,4,1200,60-40,GOOD TO FIRM,TURF,"TURF - ""C+3"" Course",570000,12,HK_2004_E077,8,AWESOME EAGLE,CE077,USA,Northern,,47,44,Bay / Brown,Horse,Awesome Again,Bye The Bye,Balzac Same,0,0,0,0,0,0.0,0.0,0.0,0.0,0.0,0.0,9,False,False,K S Yu,T K Ng,115,1074,8,4-1/2,1:11.70,54.0,https://racing.hkjc.com/en-us/local/information/otherhorse?horseid=HK_2004_E077&Option=1,2026-09-04T15:25:09Z,https://racing.hkjc.com/en-us/local/information/archive/localresults?racedate=2006/01/07&racecourse=ST&RaceNo=1
ST_20060107_R01_HK_2004_E003,ST_20060107_R01,2006-01-07,ST,Sha Tin,1,296,LAM TEI HANDICAP,4,1200,60-40,GOOD TO FIRM,TURF,"TURF - ""C+3"" Course",570000,12,HK_2004_E003,9,DR HAENSLER,CE003,AUS,Southern,,46,44,Brown,Gelding,Anabaa,Seersha,Kampala Same,0,0,0,0,0,0.0,0.0,0.0,0.0,0.0,0.0,10,False,False,C Brown,A Lee,117,1113,12,4-3/4,1:11.80,26.0,https://racing.hkjc.com/en-us/local/information/otherhorse?horseid=HK_2004_E003&Option=1,2026-09-04T15:25:12Z,https://racing.hkjc.com/en-us/local/information/archive/localresults?racedate=2006/01/07&racecourse=ST&RaceNo=1
ST_20060107_R01_HK_2005_G009,ST_20060107_R01,2006-01-07,ST,Sha Tin,1,296,LAM TEI HANDICAP,4,1200,60-40,GOOD TO FIRM,TURF,"TURF - ""C+3"" Course",570000,12,HK_2005_G009,6,VICTORY CHARIOT,CG009,NZ,Southern,,52,52,Brown,Gelding,Danske,Coco Star,Centro Same,0,0,0,0,0,0.0,0.0,0.0,0.0,0.0,0.0,11,False,False,H W Lai,L Ho,116,1042,4,6,1:12.00,47.0,https://racing.hkjc.com/en-us/local/information/otherhorse?horseid=HK_2005_G009&Option=1,2026-09-04T15:25:15Z,https://racing.hkjc.com/en-us/local/information/archive/localresults?racedate=2006/01/07&racecourse=ST&RaceNo=1
ST_20060107_R01_HK_2001_B199,ST_20060107_R01,2006-01-07,ST,Sha Tin,1,296,LAM TEI HANDICAP,4,1200,60-40,GOOD TO FIRM,TURF,"TURF - ""C+3"" Course",570000,12,HK_2001_B199,12,LUCKY TRIO,CB199,AUS,Southern,,42,40,Bay,Gelding,Honour And Glory,Port,Noalcoholic Same,0,0,0,0,0,0.0,0.0,0.0,0.0,0.0,0.0,12,False,False,M W Leung,B K Ng,108,1154,9,18-1/2,1:13.90,58.0,https://racing.hkjc.com/en-us/local/information/otherhorse?horseid=HK_2001_B199&Option=1,2026-09-04T15:25:18Z,https://racing.hkjc.com/en-us/local/information/archive/localresults?racedate=2006/01/07&racecourse=ST&RaceNo=1
ST_20060107_R02_HK_2003_D167,ST_20060107_R02,2006-01-07,ST,Sha Tin,2,297,WANG CHAU HANDICAP,5,1650,40-15,GOOD,ALL WEATHER TRACK,ALL WEATHER TRACK,450000,14,HK_2003_D167,8,FUN CRUISER,CD167,NZ,Southern,,27,33,Chestnut,Gelding,Turbulent Dancer,Firenza,Val d'Arno Same,0,0,0,0,0,0.0,0.0,0.56,252000.0,0.0,252000.0,1,True,True,D Whyte,C H Yip,121,1135,1,---,1:40.90,6.5,https://racing.hkjc.com/en-us/local/information/otherhorse?horseid=HK_2003_D167&Option=1,2026-09-04T15:25:23Z,https://racing.hkjc.com/en-us/local/information/archive/localresults?racedate=2006/01/07&racecourse=ST&RaceNo=2
ST_20060107_R02_HK_2002_C298,ST_20060107_R02,2006-01-07,ST,Sha Tin,2,297,WANG CHAU HANDICAP,5,1650,40-15,GOOD,ALL WEATHER TRACK,ALL WEATHER TRACK,450000,14,HK_2002_C298,2,NOBLE ZOOM,CC298,AUS,Southern,,39.0,42.0,Bay,Gelding,Fraar,Larger Than Life,Without Fear Same,0,0,0,0,0,0.0,0.0,0.21,94500.0,0.0,94500.0,2,False,True,S Dye,C Fownes,133,1068,3,N,1:40.90,12.0,https://racing.hkjc.com/en-us/local/information/otherhorse?horseid=HK_2002_C298&Option=1,2026-09-04T15:25:26Z,https://racing.hkjc.com/en-us/local/information/archive/localresults?racedate=2006/01/07&racecourse=ST&RaceNo=2
ST_20060107_R02_HK_2000_A025,ST_20060107_R02,2006-01-07,ST,Sha Tin,2,297,WANG CHAU HANDICAP,5,1650,40-15,GOOD,ALL WEATHER TRACK,ALL WEATHER TRACK,450000,14,HK_2000_A025,5,MAXIMUM JOY,CA025,USA,Northern,,35.0,35.0,Bay,Gelding,Absent Russian,Only Dance,Premiership Same,0,0,0,0,0,0.0,0.0,0.115,51750.0,0.0,51750.0,3,False,True,A Delpech,T W Leung,129,1090,4,2-1/4,1:41.20,18.0,https://racing.hkjc.com/en-us/local/information/otherhorse?horseid=HK_2000_A025&Option=1,2026-09-04T15:25:29Z,https://racing.hkjc.com/en-us/local/information/archive/localresults?racedate=2006/01/07&racecourse=ST&RaceNo=2
ST_20060107_R02_HK_2003_D118,ST_20060107_R02,2006-01-07,ST,Sha Tin,2,297,WANG CHAU HANDICAP,5,1650,40-15,GOOD,ALL WEATHER TRACK,ALL WEATHER TRACK,450000,14,HK_2003_D118,3,BAUHINIA,CD118,IRE,Northern,,36.0,36.0,Bay,Gelding,Daggers Drawn,Ravensdale Rose,Henbit Same,0,0,0,0,0,0.0,0.0,0.06,27000.0,0.0,27000.0,4,False,False,G Mosse,S Woods,130,1027,9,2-1/2,1:41.30,4.2,https://racing.hkjc.com/en-us/local/information/otherhorse?horseid=HK_2003_D118&Option=1,2026-09-04T15:25:32Z,https://racing.hkjc.com/en-us/local/information/archive/localresults?racedate=2006/01/07&racecourse=ST&RaceNo=2
ST_20060107_R02_HK_2001_B382,ST_20060107_R02,2006-01-07,ST,Sha Tin,2,297,WANG CHAU HANDICAP,5,1650,40-15,GOOD,ALL WEATHER TRACK,ALL WEATHER TRACK,450000,14,HK_2001_B382,4,DONGGUAN VICTORY,CB382,AUS,Southern,,36,35,Bay,Gelding,Octagonal,Macrosa,Mr McGinty Same,0,0,0,0,0,0.0,0.0,0.055,24750.0,0.0,24750.0,5,False,False,O Doleuze,Y S Tsui,130,1050,7,2-3/4,1:41.30,21.0,https://racing.hkjc.com/en-us/local/information/otherhorse?horseid=HK_2001_B382&Option=1,2026-09-04T15:25:35Z,https://racing.hkjc.com/en-us/local/information/archive/localresults?racedate=2006/01/07&racecourse=ST&RaceNo=2
ST_20060107_R02_HK_2003_D191,ST_20060107_R02,2006-01-07,ST,Sha Tin,2,297,WANG CHAU HANDICAP,5,1650,40-15,GOOD,ALL WEATHER TRACK,ALL WEATHER TRACK,450000,14,HK_2003_D191,6,NATURAL MODEL,CD191,SAF,Southern,,32,30,Bay / Brown,Gelding,Model Man,Seraphic Song,Harry Hotspur Same,0,0,0,0,0,0.0,0.0,0.0,0.0,0.0,0.0,6,False,False,G Schofield,D E Ferraris,126,1029,2,4-1/4,1:41.50,6.3,https://racing.hkjc.com/en-us/local/information/otherhorse?horseid=HK_2003_D191&Option=1,2026-09-04T15:25:37Z,https://racing.hkjc.com/en-us/local/information/archive/localresults?racedate=2006/01/07&racecourse=ST&RaceNo=2
ST_20060107_R02_HK_1999_V215,ST_20060107_R02,2006-01-07,ST,Sha Tin,2,297,WANG CHAU HANDICAP,5,1650,40-15,GOOD,ALL WEATHER TRACK,ALL WEATHER TRACK,450000,14,HK_1999_V215,1,JUST IN TIME,BV215,USA,Northern,,39.0,39.0,Brown,Gelding,Chief's Crown,Amyride,Salt Dome Same,0,0,0,0,0,0.0,0.0,0.0,0.0,0.0,0.0,7,False,False,E Saint-Martin,K W Lui,133,1139,6,4-1/2,1:41.60,5.4,https://racing.hkjc.com/en-us/local/information/otherhorse?horseid=HK_1999_V215&Option=1,2026-09-04T15:25:40Z,https://racing.hkjc.com/en-us/local/information/archive/localresults?racedate=2006/01/07&racecourse=ST&RaceNo=2
ST_20060107_R02_HK_2003_D063,ST_20060107_R02,2006-01-07,ST,Sha Tin,2,297,WANG CHAU HANDICAP,5,1650,40-15,GOOD,ALL WEATHER TRACK,ALL WEATHER TRACK,450000,14,HK_2003_D063,14,CITY GLORY,CD063,NZ,Southern,,19,16,Bay,Gelding,Kashani,Pirouette,Dance Floor Same,0,0,0,0,0,0.0,0.0,0.0,0.0,0.0,0.0,8,False,False,M W Leung,A T Millard,108,1169,8,6-3/4,1:41.90,34.0,https://racing.hkjc.com/en-us/local/information/otherhorse?horseid=HK_2003_D063&Option=1,2026-09-04T15:25:43Z,https://racing.hkjc.com/en-us/local/information/archive/localresults?racedate=2006/01/07&racecourse=ST&RaceNo=2
ST_20060107_R02_HK_2003_D304,ST_20060107_R02,2006-01-07,ST,Sha Tin,2,297,WANG CHAU HANDICAP,5,1650,40-15,GOOD,ALL WEATHER TRACK,ALL WEATHER TRACK,450000,14,HK_2003_D304,13,HENNESSY DAYS,CD304,AUS,Southern,,22.0,19,Brown,Gelding,Hennessy,Waratah Queen,Gleam Machine Same,0,0,0,0,0,0.0,0.0,0.0,0.0,0.0,0.0,9,False,False,Y T Cheng,B K Ng,114,1046,10,7-3/4,1:42.10,60.0,https://racing.hkjc.com/en-us/local/information/otherhorse?horseid=HK_2003_D304&Option=1,2026-09-04T15:25:46Z,https://racing.hkjc.com/en-us/local/information/archive/localresults?racedate=2006/01/07&racecourse=ST&RaceNo=2
ST_20060107_R02_HK_2004_E075,ST_20060107_R02,2006-01-07,ST,Sha Tin,2,297,WANG CHAU HANDICAP,5,1650,40-15,GOOD,ALL WEATHER TRACK,ALL WEATHER TRACK,450000,14,HK_2004_E075,9,EL PRADO STAR,CE075,USA,Northern,,25,22,Grey,Horse,El Prado,Mistress,Mr Long Same,0,0,0,0,0,0.0,0.0,0.0,0.0,0.0,0.0,10,False,False,C W Wong,T K Ng,109,1127,11,9-1/4,1:42.30,44.0,https://racing.hkjc.com/en-us/local/information/otherhorse?horseid=HK_2004_E075&Option=1,2026-09-04T15:25:49Z,https://racing.hkjc.com/en-us/local/information/archive/localresults?racedate=2006/01/07&racecourse=ST&RaceNo=2
ST_20060107_R02_HK_1999_V168,ST_20060107_R02,2006-01-07,ST,Sha Tin,2,297,WANG CHAU HANDICAP,5,1650,40-15,GOOD,ALL WEATHER TRACK,ALL WEATHER TRACK,450000,14,HK_1999_V168,11,MILLENNIUM DAWN,BV168,NZ,Southern,,23,23,Brown,Gelding,Fiesta Star,Cam's Belle,Long Row Same,1,0,1,0,1,0.0,1.0,0.0,0.0,94500.0,94500.0,11,False,False,H W Lai,L Ho,110,1051,5,9-1/4,1:42.30,10.0,https://racing.hkjc.com/en-us/local/information/otherhorse?horseid=HK_1999_V168&Option=1,2026-09-04T13:16:04Z,https://racing.hkjc.com/en-us/local/information/archive/localresults?racedate=2006/01/07&racecourse=ST&RaceNo=2
ST_20060107_R02_HK_2000_A260,ST_20060107_R02,2006-01-07,ST,Sha Tin,2,297,WANG CHAU HANDICAP,5,1650,40-15,GOOD,ALL WEATHER TRACK,ALL WEATHER TRACK,450000,14,HK_2000_A260,7,COSMO STAR,CA260,NZ,Southern,,30,28,Chestnut,Gelding,Gold Brose,Edina,Alzao Same,0,0,0,0,0,0.0,0.0,0.0,0.0,0.0,0.0,12,False,False,C Soumillon,K L Man,124,1059,12,9-1/2,1:42.40,33.0,https://racing.hkjc.com/en-us/local/information/otherhorse?horseid=HK_2000_A260&Option=1,2026-09-04T15:25:52Z,https://racing.hkjc.com/en-us/local/information/archive/localresults?racedate=2006/01/07&racecourse=ST&RaceNo=2
ST_20060107_R02_HK_2003_D233,ST_20060107_R02,2006-01-07,ST,Sha Tin,2,297,WANG CHAU HANDICAP,5,1650,40-15,GOOD,ALL WEATHER TRACK,ALL WEATHER TRACK,450000,14,HK_2003_D233,12,SUPER CATCHER,CD233,GB,Northern,,23,20,Chestnut,Gelding,Dr Fong,City Of Angels,Woodman Same,0,0,0,0,0,0.0,0.0,0.0,0.0,0.0,0.0,13,False,False,S K Sit,C W Chang,114,1091,14,9-1/2,1:42.40,61.0,https://racing.hkjc.com/en-us/local/information/otherhorse?horseid=HK_2003_D233&Option=1,2026-09-04T15:25:54Z,https://racing.hkjc.com/en-us/local/information/archive/localresults?racedate=2006/01/07&racecourse=ST&RaceNo=2
ST_20060107_R02_HK_2000_A306,ST_20060107_R02,2006-01-07,ST,Sha Tin,2,297,WANG CHAU HANDICAP,5,1650,40-15,GOOD,ALL WEATHER TRACK,ALL WEATHER TRACK,450000,14,HK_2000_A306,10,NEW CENTURY,CA306,NZ,Southern,,25,25,Bay,Gelding,Stark South,Gangway,Beechcraft Same,0,0,0,0,0,0.0,0.0,0.0,0.0,0.0,0.0,14,False,False,C Munce,D Oughton,119,1084,13,15-1/4,1:43.30,10.0,https://racing.hkjc.com/en-us/local/information/otherhorse?horseid=HK_2000_A306&Option=1,2026-09-04T15:25:57Z,https://racing.hkjc.com/en-us/local/information/archive/localresults?racedate=2006/01/07&racecourse=ST&RaceNo=2
ST_20060107_R03_HK_2004_E222,ST_20060107_R03,2006-01-07,ST,Sha Tin,3,298,HUNG SHUI KIU HANDICAP,3,1200,80-60,GOOD,ALL WEATHER TRACK,ALL WEATHER TRACK,750000,12,HK_2004_E222,7,LUCKY UNICORN,CE222,AUS,Southern,,65.0,76.0,Bay,Colt,Redoute's Choice,La Bamba,Last Tycoon Same,0,0,0,0,0,0.0,0.0,0.56,420000.0,0.0,420000.0,1,True,True,C Soumillon,A S Cruz,119,1198,3,---,1:09.00,3.5,https://racing.hkjc.com/en-us/local/information/otherhorse?horseid=HK_2004_E222&Option=1,2026-09-04T15:26:02Z,https://racing.hkjc.com/en-us/local/information/archive/localresults?racedate=2006/01/07&racecourse=ST&RaceNo=3
ST_20060107_R03_HK_2001_B004,ST_20060107_R03,2006-01-07,ST,Sha Tin,3,298,HUNG SHUI KIU HANDICAP,3,1200,80-60,GOOD,ALL WEATHER TRACK,ALL WEATHER TRACK,750000,12,HK_2001_B004,4,HELENE ELEGANCE,CB004,AUS,Southern,,74,74,Bay,Gelding,Palace Music,Cuddled,Pine Circle Same,0,0,0,0,0,0.0,0.0,0.21,157500.0,0.0,157500.0,2,False,True,G Mosse,S Woods,126,1050,6,2-3/4,1:09.50,5.3,https://racing.hkjc.com/en-us/local/information/otherhorse?horseid=HK_2001_B004&Option=1,2026-09-04T15:26:05Z,https://racing.hkjc.com/en-us/local/information/archive/localresults?racedate=2006/01/07&racecourse=ST&RaceNo=3
ST_20060107_R03_HK_2003_D126,ST_20060107_R03,2006-01-07,ST,Sha Tin,3,298,HUNG SHUI KIU HANDICAP,3,1200,80-60,GOOD,ALL WEATHER TRACK,ALL WEATHER TRACK,750000,12,HK_2003_D126,9,SUPER PRINCE,CD126,AUS,Southern,,65,65,Bay,Gelding,Beautiful Crown,Lucky Kristine,Jugah Same,0,0,0,0,0,0.0,0.0,0.115,86250.0,0.0,86250.0,3,False,True,E Saint-Martin,J Moore,119,1118,9,4,1:09.70,30.0,https://racing.hkjc.com/en-us/local/information/otherhorse?horseid=HK_2003_D126&Option=1,2026-09-04T15:26:08Z,https://racing.hkjc.com/en-us/local/information/archive/localresults?racedate=2006/01/07&racecourse=ST&RaceNo=3
ST_20060107_R03_HK_2003_D022,ST_20060107_R03,2006-01-07,ST,Sha Tin,3,298,HUNG SHUI KIU HANDICAP,3,1200,80-60,GOOD,ALL WEATHER TRACK,ALL WEATHER TRACK,750000,12,HK_2003_D022,8,SAND DANCE,CD022,NZ,Southern,,65,65,Bay,Gelding,Sandtrap,Dance Hall Blues,Victory Dance Same,0,0,0,0,0,0.0,0.0,0.06,45000.0,0.0,45000.0,4,False,False,D Whyte,J Size,117,1154,12,4,1:09.70,7.8,https://racing.hkjc.com/en-us/local/information/otherhorse?horseid=HK_2003_D022&Option=1,2026-09-04T15:26:11Z,https://racing.hkjc.com/en-us/local/information/archive/localresults?racedate=2006/01/07&racecourse=ST&RaceNo=3
ST_20060107_R03_HK_2004_E050,ST_20060107_R03,2006-01-07,ST,Sha Tin,3,298,HUNG SHUI KIU HANDICAP,3,1200,80-60,GOOD,ALL WEATHER TRACK,ALL WEATHER TRACK,750000,12,HK_2004_E050,12,HAPPY MASTER,CE050,NZ,Southern,,61,60,Chestnut,Gelding,Green Perfume,Snuff,Deputy Governor Same,0,0,0,0,0,0.0,0.0,0.055,41250.0,0.0,41250.0,5,False,False,H K Yim,K L Man,111,1040,10,5-1/4,1:09.90,38.0,https://racing.hkjc.com/en-us/local/information/otherhorse?horseid=HK_2004_E050&Option=1,2026-09-04T15:26:14Z,https://racing.hkjc.com/en-us/local/information/archive/localresults?racedate=2006/01/07&racecourse=ST&RaceNo=3
ST_20060107_R03_HK_2002_C131,ST_20060107_R03,2006-01-07,ST,Sha Tin,3,298,HUNG SHUI KIU HANDICAP,3,1200,80-60,GOOD,ALL WEATHER TRACK,ALL WEATHER TRACK,750000,12,HK_2002_C131,6,BRAVE KNIGHT,CC131,NZ,Southern,,71,69,Bay,Gelding,Turbulent Dancer,Ricel Bid,Spectacular Love Same,0,0,0,0,0,0.0,0.0,0.0,0.0,0.0,0.0,6,False,False,C Munce,C H Yip,123,1152,7,5-1/4,1:09.90,14.0,https://racing.hkjc.com/en-us/local/information/otherhorse?horseid=HK_2002_C131&Option=1,2026-09-04T15:26:17Z,https://racing.hkjc.com/en-us/local/information/archive/localresults?racedate=2006/01/07&racecourse=ST&RaceNo=3
ST_20060107_R03_HK_2004_E043,ST_20060107_R03,2006-01-07,ST,Sha Tin,3,298,HUNG SHUI KIU HANDICAP,3,1200,80-60,GOOD,ALL WEATHER TRACK,ALL WEATHER TRACK,750000,12,HK_2004_E043,2,SUCCESSOR,CE043,NZ,Southern,,77,77,Bay,Gelding,Bahhare,Betty Doolin,The Jogger Same,0,0,0,0,0,0.0,0.0,0.0,0.0,0.0,0.0,7,False,False,O Doleuze,A Lee,129,1125,1,7,1:10.20,4.1,https://racing.hkjc.com/en-us/local/information/otherhorse?horseid=HK_2004_E043&Option=1,2026-09-04T15:26:20Z,https://racing.hkjc.com/en-us/local/information/archive/localresults?racedate=2006/01/07&racecourse=ST&RaceNo=3
ST_20060107_R03_HK_2004_E033,ST_20060107_R03,2006-01-07,ST,Sha Tin,3,298,HUNG SHUI KIU HANDICAP,3,1200,80-60,GOOD,ALL WEATHER TRACK,ALL WEATHER TRACK,750000,12,HK_2004_E033,1,GAUCHO,CE033,ARG,Southern,,78,77,Brown,Gelding,Roar,Rosaura Toss,Egg Toss Same,0,0,0,0,0,0.0,0.0,0.0,0.0,0.0,0.0,8,False,False,K L Chui,D E Ferraris,120,1180,4,7,1:10.20,8.2,https://racing.hkjc.com/en-us/local/information/otherhorse?horseid=HK_2004_E033&Option=1,2026-09-04T15:26:23Z,https://racing.hkjc.com/en-us/local/information/archive/localresults?racedate=2006/01/07&racecourse=ST&RaceNo=3
ST_20060107_R03_HK_2003_D300,ST_20060107_R03,2006-01-07,ST,Sha Tin,3,298,HUNG SHUI KIU HANDICAP,3,1200,80-60,GOOD,ALL WEATHER TRACK,ALL WEATHER TRACK,750000,12,HK_2003_D300,5,GRAND COMMANDS,CD300,AUS,Southern,,73.0,71,Brown,Gelding,Commands,Kristofle,Kris Same,0,0,0,0,0,0.0,0.0,0.0,0.0,0.0,0.0,9,False,False,Y T Cheng,B K Ng,123,1209,2,7-1/2,1:10.20,57.0,https://racing.hkjc.com/en-us/local/information/otherhorse?horseid=HK_2003_D300&Option=1,2026-09-04T13:54:34Z,https://racing.hkjc.com/en-us/local/information/archive/localresults?racedate=2006/01/07&racecourse=ST&RaceNo=3
ST_20060107_R03_HK_2004_E150,ST_20060107_R03,2006-01-07,ST,Sha Tin,3,298,HUNG SHUI KIU HANDICAP,3,1200,80-60,GOOD,ALL WEATHER TRACK,ALL WEATHER TRACK,750000,12,HK_2004_E150,3,SWIFT GERMANIA,CE150,GER,Northern,,75,73,Chestnut,Gelding,Dashing Blade,Directa Germania,Priolo Same,0,0,0,0,0,0.0,0.0,0.0,0.0,0.0,0.0,10,False,False,B Prebble,D J Hall,127,1118,8,8-3/4,1:10.40,13.0,https://racing.hkjc.com/en-us/local/information/otherhorse?horseid=HK_2004_E150&Option=1,2026-09-04T15:26:26Z,https://racing.hkjc.com/en-us/local/information/archive/localresults?racedate=2006/01/07&racecourse=ST&RaceNo=3
ST_20060107_R03_HK_2001_B427,ST_20060107_R03,2006-01-07,ST,Sha Tin,3,298,HUNG SHUI KIU HANDICAP,3,1200,80-60,GOOD,ALL WEATHER TRACK,ALL WEATHER TRACK,750000,12,HK_2001_B427,11,SIR OCTAVIUS,CB427,AUS,Southern,,63,61,Bay,Gelding,Octagonal,Show Of Force,Luskin Star Same,0,0,0,0,0,0.0,0.0,0.0,0.0,0.0,0.0,11,False,False,S K Sit,P F Yiu,112,1102,5,11-3/4,1:10.90,99.0,https://racing.hkjc.com/en-us/local/information/otherhorse?horseid=HK_2001_B427&Option=1,2026-09-04T15:26:28Z,https://racing.hkjc.com/en-us/local/information/archive/localresults?racedate=2006/01/07&racecourse=ST&RaceNo=3
ST_20060107_R03_HK_2002_C245,ST_20060107_R03,2006-01-07,ST,Sha Tin,3,298,HUNG SHUI KIU HANDICAP,3,1200,80-60,GOOD,ALL WEATHER TRACK,ALL WEATHER TRACK,750000,12,HK_2002_C245,10,SUPERSONIC,CC245,AUS,Southern,,64.0,62.0,Bay,Gelding,Flying Spur,Bird Royale,Bluebird Same,0,0,0,0,0,0.0,0.0,0.0,0.0,0.0,0.0,12,False,False,C Brown,C Fownes,116,1194,11,16,1:11.60,63.0,https://racing.hkjc.com/en-us/local/information/otherhorse?horseid=HK_2002_C245&Option=1,2026-09-04T15:26:31Z,https://racing.hkjc.com/en-us/local/information/archive/localresults?racedate=2006/01/07&racecourse=ST&RaceNo=3
ST_20060107_R04_HK_2003_D343,ST_20060107_R04,2006-01-07,ST,Sha Tin,4,299,TIN SHUI WAI HANDICAP,4,2200,60-40,GOOD TO FIRM,TURF,"TURF - ""C+3"" Course",570000,14,HK_2003_D343,12,FORTUNE GOLD,CD343,AUS,Southern,,42,47,Brown,Gelding,Gold Fever,How Special,Persian Heights Same,1,0,0,0,0,0.0,0.0,0.56,319200.0,34200.0,353400.0,1,True,True,A Delpech,J Size,114,1193,7,---,2:18.60,9.2,https://racing.hkjc.com/en-us/local/information/otherhorse?horseid=HK_2003_D343&Option=1,2026-09-04T13:17:30Z,https://racing.hkjc.com/en-us/local/information/archive/localresults?racedate=2006/01/07&racecourse=ST&RaceNo=4
ST_20060107_R04_HK_2002_C152,ST_20060107_R04,2006-01-07,ST,Sha Tin,4,299,TIN SHUI WAI HANDICAP,4,2200,60-40,GOOD TO FIRM,TURF,"TURF - ""C+3"" Course",570000,14,HK_2002_C152,3,HAPPY CONTENDER,CC152,FR,Northern,,54,57,Brown,Gelding,Anabaa,Silvermine,Bellypha Same,0,0,0,0,0,0.0,0.0,0.21,119700.0,0.0,119700.0,2,False,True,D Whyte,Y O Wong,126,974,8,SH,2:18.70,9.8,https://racing.hkjc.com/en-us/local/information/otherhorse?horseid=HK_2002_C152&Option=1,2026-09-04T15:26:37Z,https://racing.hkjc.com/en-us/local/information/archive/localresults?racedate=2006/01/07&racecourse=ST&RaceNo=4
ST_20060107_R04_HK_2002_C029,ST_20060107_R04,2006-01-07,ST,Sha Tin,4,299,TIN SHUI WAI HANDICAP,4,2200,60-40,GOOD TO FIRM,TURF,"TURF - ""C+3"" Course",570000,14,HK_2002_C029,5,BROWN BEAUTY,CC029,NZ,Southern,,53,52,Bay,Gelding,Shinko King,Jeanne D'Arc,Wolverton Same,0,0,0,0,0,0.0,0.0,0.115,65550.0,0.0,65550.0,3,False,True,C Soumillon,D Cruz,125,1039,11,3-1/2,2:19.10,8.3,https://racing.hkjc.com/en-us/local/information/otherhorse?horseid=HK_2002_C029&Option=1,2026-09-04T15:26:40Z,https://racing.hkjc.com/en-us/local/information/archive/localresults?racedate=2006/01/07&racecourse=ST&RaceNo=4
ST_20060107_R04_HK_2002_C333,ST_20060107_R04,2006-01-07,ST,Sha Tin,4,299,TIN SHUI WAI HANDICAP,4,2200,60-40,GOOD TO FIRM,TURF,"TURF - ""C+3"" Course",570000,14,HK_2002_C333,14,SPEED OF LIGHT,CC333,AUS,Southern,,41,41,Bay,Gelding,Thunder Gulch,Stage Hit,Century Same,0,0,0,0,0,0.0,0.0,0.06,34200.0,0.0,34200.0,4,False,False,Y T Cheng,B K Ng,112,1103,6,4-3/4,2:19.30,18.0,https://racing.hkjc.com/en-us/local/information/otherhorse?horseid=HK_2002_C333&Option=1,2026-09-04T13:51:38Z,https://racing.hkjc.com/en-us/local/information/archive/localresults?racedate=2006/01/07&racecourse=ST&RaceNo=4
ST_20060107_R04_HK_2004_E157,ST_20060107_R04,2006-01-07,ST,Sha Tin,4,299,TIN SHUI WAI HANDICAP,4,2200,60-40,GOOD TO FIRM,TURF,"TURF - ""C+3"" Course",570000,14,HK_2004_E157,6,DANSOLDE,CE157,NZ,Southern,,48,48,Bay,Gelding,Danasinga,Tisolde,Tights Same,0,0,0,0,0,0.0,0.0,0.055,31350.0,0.0,31350.0,5,False,False,C Munce,P O'Sullivan,120,1097,2,5-1/2,2:19.40,2.6,https://racing.hkjc.com/en-us/local/information/otherhorse?horseid=HK_2004_E157&Option=1,2026-09-04T15:26:42Z,https://racing.hkjc.com/en-us/local/information/archive/localresults?racedate=2006/01/07&racecourse=ST&RaceNo=4
ST_20060107_R04_HK_2002_C230,ST_20060107_R04,2006-01-07,ST,Sha Tin,4,299,TIN SHUI WAI HANDICAP,4,2200,60-40,GOOD TO FIRM,TURF,"TURF - ""C+3"" Course",570000,14,HK_2002_C230,4,PACIFIC ALLIANCE,CC230,GB,Northern,,54,52,Bay,Gelding,Royal Applause,Jugendliebe,Persian Bold Same,0,0,0,0,0,0.0,0.0,0.0,0.0,0.0,0.0,6,False,False,G Mosse,S Woods,126,1084,9,6,2:19.50,29.0,https://racing.hkjc.com/en-us/local/information/otherhorse?horseid=HK_2002_C230&Option=1,2026-09-04T15:26:45Z,https://racing.hkjc.com/en-us/local/information/archive/localresults?racedate=2006/01/07&racecourse=ST&RaceNo=4
ST_20060107_R04_HK_2004_E138,ST_20060107_R04,2006-01-07,ST,Sha Tin,4,299,TIN SHUI WAI HANDICAP,4,2200,60-40,GOOD TO FIRM,TURF,"TURF - ""C+3"" Course",570000,14,HK_2004_E138,1,CHALLENGER,CE138,IRE,Northern,,59,59,Grey,Gelding,Linamix,Vadsa Honor,Highest Honor Same,0,0,0,0,0,0.0,0.0,0.0,0.0,0.0,0.0,7,False,False,R Fradd,D Oughton,131,1010,13,6-1/4,2:19.60,10.0,https://racing.hkjc.com/en-us/local/information/otherhorse?horseid=HK_2004_E138&Option=1,2026-09-04T15:26:48Z,https://racing.hkjc.com/en-us/local/information/archive/localresults?racedate=2006/01/07&racecourse=ST&RaceNo=4
ST_20060107_R04_HK_2001_B388,ST_20060107_R04,2006-01-07,ST,Sha Tin,4,299,TIN SHUI WAI HANDICAP,4,2200,60-40,GOOD TO FIRM,TURF,"TURF - ""C+3"" Course",570000,14,HK_2001_B388,11,SHOW BRAVELY,CB388,AUS,Southern,,45,43,Bay,Gelding,Barathea,La Musique,Bellotto Same,0,0,0,0,0,0.0,0.0,0.0,0.0,0.0,0.0,8,False,False,K S Yu,P F Yiu,114,1123,1,7-1/2,2:19.70,99.0,https://racing.hkjc.com/en-us/local/information/otherhorse?horseid=HK_2001_B388&Option=1,2026-09-04T15:26:52Z,https://racing.hkjc.com/en-us/local/information/archive/localresults?racedate=2006/01/07&racecourse=ST&RaceNo=4
ST_20060107_R04_HK_2002_C194,ST_20060107_R04,2006-01-07,ST,Sha Tin,4,299,TIN SHUI WAI HANDICAP,4,2200,60-40,GOOD TO FIRM,TURF,"TURF - ""C+3"" Course",570000,14,HK_2002_C194,13,SPECTACULAR HIT,CC194,IRE,Northern,,42.0,40.0,Bay,Gelding,Marju,Debbie's Next,Arctic Tern Same,0,0,0,0,0,0.0,0.0,0.0,0.0,0.0,0.0,9,False,False,H W Lai,L Ho,107,1079,12,9,2:20.00,35.0,https://racing.hkjc.com/en-us/local/information/otherhorse?horseid=HK_2002_C194&Option=1,2026-09-04T15:26:54Z,https://racing.hkjc.com/en-us/local/information/archive/localresults?racedate=2006/01/07&racecourse=ST&RaceNo=4
ST_20060107_R04_HK_2000_A321,ST_20060107_R04,2006-01-07,ST,Sha Tin,4,299,TIN SHUI WAI HANDICAP,4,2200,60-40,GOOD TO FIRM,TURF,"TURF - ""C+3"" Course",570000,14,HK_2000_A321,7,SPECIFIC SORCEROR,CA321,IRE,Northern,,48,46,Chestnut,Gelding,Definite Article,Mystic Dispute,Magical Strike Same,0,0,0,0,0,0.0,0.0,0.0,0.0,0.0,0.0,10,False,False,E Saint-Martin,K W Lui,120,1071,3,10-3/4,2:20.30,33.0,https://racing.hkjc.com/en-us/local/information/otherhorse?horseid=HK_2000_A321&Option=1,2026-09-04T15:26:57Z,https://racing.hkjc.com/en-us/local/information/archive/localresults?racedate=2006/01/07&racecourse=ST&RaceNo=4
ST_20060107_R04_HK_2000_A391,ST_20060107_R04,2006-01-07,ST,Sha Tin,4,299,TIN SHUI WAI HANDICAP,4,2200,60-40,GOOD TO FIRM,TURF,"TURF - ""C+3"" Course",570000,14,HK_2000_A391,2,ELEPHANT DANCE,CA391,NZ,Southern,,58,56,Chestnut,Gelding,Senor Pete,Zephyr Comet,Zephyr Bay Same,0,0,0,0,0,0.0,0.0,0.0,0.0,0.0,0.0,11,False,False,C W Wong,T K Ng,120,1143,10,14-1/2,2:20.80,14.0,https://racing.hkjc.com/en-us/local/information/otherhorse?horseid=HK_2000_A391&Option=1,2026-09-04T15:27:00Z,https://racing.hkjc.com/en-us/local/information/archive/localresults?racedate=2006/01/07&racecourse=ST&RaceNo=4
ST_20060107_R04_HK_2004_E038,ST_20060107_R04,2006-01-07,ST,Sha Tin,4,299,TIN SHUI WAI HANDICAP,4,2200,60-40,GOOD TO FIRM,TURF,"TURF - ""C+3"" Course",570000,14,HK_2004_E038,9,BEST CHOICE,CE038,IRE,Northern,,46,46,Bay,Gelding,Spectrum,Desert Venus,Green Desert Same,0,0,0,0,0,0.0,0.0,0.0,0.0,0.0,0.0,12,False,False,S Dye,C S Shum,118,1070,4,14-3/4,2:20.90,7.8,https://racing.hkjc.com/en-us/local/information/otherhorse?horseid=HK_2004_E038&Option=1,2026-09-04T15:27:03Z,https://racing.hkjc.com/en-us/local/information/archive/localresults?racedate=2006/01/07&racecourse=ST&RaceNo=4
ST_20060107_R04_HK_2002_C360,ST_20060107_R04,2006-01-07,ST,Sha Tin,4,299,TIN SHUI WAI HANDICAP,4,2200,60-40,GOOD TO FIRM,TURF,"TURF - ""C+3"" Course",570000,14,HK_2002_C360,10,SOARING ANGEL,CC360,AUS,Southern,,46,45,Chestnut,Gelding,Gilded Time,Pretext,Pre Catelan Same,0,0,0,0,0,0.0,0.0,0.0,0.0,0.0,0.0,13,False,False,K L Chui,D E Ferraris,108,1183,5,14-3/4,2:20.90,94.0,https://racing.hkjc.com/en-us/local/information/otherhorse?horseid=HK_2002_C360&Option=1,2026-09-04T15:27:06Z,https://racing.hkjc.com/en-us/local/information/archive/localresults?racedate=2006/01/07&racecourse=ST&RaceNo=4
ST_20060107_R04_HK_2002_C293,ST_20060107_R04,2006-01-07,ST,Sha Tin,4,299,TIN SHUI WAI HANDICAP,4,2200,60-40,GOOD TO FIRM,TURF,"TURF - ""C+3"" Course",570000,14,HK_2002_C293,8,SUPER DANA,CC293,NZ,Southern,,47,46,Bay,Gelding,Danasinga,Aer Lingus,Vice Regal Same,0,0,0,0,0,0.0,0.0,0.0,0.0,0.0,0.0,14,False,False,C Brown,A Lee,119,1129,14,15,2:20.90,25.0,https://racing.hkjc.com/en-us/local/information/otherhorse?horseid=HK_2002_C293&Option=1,2026-09-04T13:52:11Z,https://racing.hkjc.com/en-us/local/information/archive/localresults?racedate=2006/01/07&racecourse=ST&RaceNo=4
ST_20060107_R05_HK_2003_D101,ST_20060107_R05,2006-01-07,ST,Sha Tin,5,300,PING SHAN HANDICAP,4,1650,60-40,GOOD,ALL WEATHER TRACK,ALL WEATHER TRACK,570000,14,HK_2003_D101,10,GOLD DIGGER,CD101,AUS,Southern,,46,52,Chestnut,Gelding,Geiger Counter,Scarlet Princess,Honor Grades Same,0,0,0,0,0,0.0,0.0,0.56,319200.0,0.0,319200.0,1,True,True,K H Chan,B K Ng,108,1069,1,---,1:40.50,38.0,https://racing.hkjc.com/en-us/local/information/otherhorse?horseid=HK_2003_D101&Option=1,2026-09-04T15:27:11Z,https://racing.hkjc.com/en-us/local/information/archive/localresults?racedate=2006/01/07&racecourse=ST&RaceNo=5
ST_20060107_R05_HK_2003_D139,ST_20060107_R05,2006-01-07,ST,Sha Tin,5,300,PING SHAN HANDICAP,4,1650,60-40,GOOD,ALL WEATHER TRACK,ALL WEATHER TRACK,570000,14,HK_2003_D139,11,MADE IN HONGKONG,CD139,AUS,Southern,,46,48,Bay,Gelding,Eagle Eyed,Shigeru Fuji,Grosvenor Same,0,0,0,0,0,0.0,0.0,0.21,119700.0,0.0,119700.0,2,False,True,C Brown,P O'Sullivan,118,1117,2,1,1:40.60,11.0,https://racing.hkjc.com/en-us/local/information/otherhorse?horseid=HK_2003_D139&Option=1,2026-09-04T15:27:20Z,https://racing.hkjc.com/en-us/local/information/archive/localresults?racedate=2006/01/07&racecourse=ST&RaceNo=5
ST_20060107_R05_HK_2002_C177,ST_20060107_R05,2006-01-07,ST,Sha Tin,5,300,PING SHAN HANDICAP,4,1650,60-40,GOOD,ALL WEATHER TRACK,ALL WEATHER TRACK,570000,14,HK_2002_C177,5,WINNING SMILE,CC177,AUS,Southern,,51.0,52.0,Bay,Gelding,Anabaa,Am Wild,Wild Again Same,0,0,0,0,0,0.0,0.0,0.115,65550.0,0.0,65550.0,3,False,True,D Whyte,K L Man,123,1130,9,1-1/2,1:40.70,2.4,https://racing.hkjc.com/en-us/local/information/otherhorse?horseid=HK_2002_C177&Option=1,2026-09-04T15:27:22Z,https://racing.hkjc.com/en-us/local/information/archive/localresults?racedate=2006/01/07&racecourse=ST&RaceNo=5
ST_20060107_R05_HK_2002_C341,ST_20060107_R05,2006-01-07,ST,Sha Tin,5,300,PING SHAN HANDICAP,4,1650,60-40,GOOD,ALL WEATHER TRACK,ALL WEATHER TRACK,570000,14,HK_2002_C341,14,X-SPEED,CC341,CAN,Northern,,44,44,Chestnut,Gelding,Vying Victor,Screaming Redhead,Screaming Fife Same,0,0,0,0,0,0.0,0.0,0.06,34200.0,0.0,34200.0,4,False,False,C Munce,C H Yip,116,1188,11,1-1/2,1:40.70,6.3,https://racing.hkjc.com/en-us/local/information/otherhorse?horseid=HK_2002_C341&Option=1,2026-09-04T15:27:25Z,https://racing.hkjc.com/en-us/local/information/archive/localresults?racedate=2006/01/07&racecourse=ST&RaceNo=5
ST_20060107_R05_HK_2001_B406,ST_20060107_R05,2006-01-07,ST,Sha Tin,5,300,PING SHAN HANDICAP,4,1650,60-40,GOOD,ALL WEATHER TRACK,ALL WEATHER TRACK,570000,14,HK_2001_B406,9,SPARKLE,CB406,USA,Northern,,48,48,Bay,Gelding,Rahy,Tajfah,Shadeed Same,0,0,0,0,0,0.0,0.0,0.055,31350.0,0.0,31350.0,5,False,False,H W Lai,L Ho,113,1166,12,2-1/2,1:40.90,80.0,https://racing.hkjc.com/en-us/local/information/otherhorse?horseid=HK_2001_B406&Option=1,2026-09-04T15:27:28Z,https://racing.hkjc.com/en-us/local/information/archive/localresults?racedate=2006/01/07&racecourse=ST&RaceNo=5
ST_20060107_R05_HK_2003_D210,ST_20060107_R05,2006-01-07,ST,Sha Tin,5,300,PING SHAN HANDICAP,4,1650,60-40,GOOD,ALL WEATHER TRACK,ALL WEATHER TRACK,570000,14,HK_2003_D210,4,ONLY YOU,CD210,IRE,Northern,,53,52,Bay,Gelding,Among Men,Esh Sham,Damascus Same,0,0,0,0,0,0.0,0.0,0.0,0.0,0.0,0.0,6,False,False,C Soumillon,A T Millard,125,1036,14,2-3/4,1:40.90,30.0,https://racing.hkjc.com/en-us/local/information/otherhorse?horseid=HK_2003_D210&Option=1,2026-09-04T15:27:31Z,https://racing.hkjc.com/en-us/local/information/archive/localresults?racedate=2006/01/07&racecourse=ST&RaceNo=5
ST_20060107_R05_HK_2002_C368,ST_20060107_R05,2006-01-07,ST,Sha Tin,5,300,PING SHAN HANDICAP,4,1650,60-40,GOOD,ALL WEATHER TRACK,ALL WEATHER TRACK,570000,14,HK_2002_C368,1,MAGIC TEMPLE,CC368,NZ,Southern,,60,58,Chestnut,Gelding,Slavic,Olga Palosky,Crested Wave Same,0,0,0,0,0,0.0,0.0,0.0,0.0,0.0,0.0,7,False,False,G Mosse,S Woods,132,1163,13,4-3/4,1:41.20,5.3,https://racing.hkjc.com/en-us/local/information/otherhorse?horseid=HK_2002_C368&Option=1,2026-09-04T15:27:35Z,https://racing.hkjc.com/en-us/local/information/archive/localresults?racedate=2006/01/07&racecourse=ST&RaceNo=5
ST_20060107_R05_HK_1999_V108,ST_20060107_R05,2006-01-07,ST,Sha Tin,5,300,PING SHAN HANDICAP,4,1650,60-40,GOOD,ALL WEATHER TRACK,ALL WEATHER TRACK,570000,14,HK_1999_V108,3,TEMMOKU,BV108,IRE,Northern,,54,52,Bay,Gelding,Chief's Crown,Alice En Ballade,Tap On Wood Same,0,0,0,0,0,0.0,0.0,0.0,0.0,0.0,0.0,8,False,False,E Saint-Martin,T W Leung,126,1006,6,5-3/4,1:41.40,10.0,https://racing.hkjc.com/en-us/local/information/otherhorse?horseid=HK_1999_V108&Option=1,2026-09-04T15:27:37Z,https://racing.hkjc.com/en-us/local/information/archive/localresults?racedate=2006/01/07&racecourse=ST&RaceNo=5
ST_20060107_R05_HK_2004_E287,ST_20060107_R05,2006-01-07,ST,Sha Tin,5,300,PING SHAN HANDICAP,4,1650,60-40,GOOD,ALL WEATHER TRACK,ALL WEATHER TRACK,570000,14,HK_2004_E287,6,RED WINE HONEY,CE287,AUS,Southern,,50,48,Brown,Gelding,Bite The Bullet,Noddy's Pal,Distinctly North Same,0,0,0,0,0,0.0,0.0,0.0,0.0,0.0,0.0,9,False,False,S Dye,C S Shum,122,1216,8,6,1:41.40,26.0,https://racing.hkjc.com/en-us/local/information/otherhorse?horseid=HK_2004_E287&Option=1,2026-09-04T15:27:40Z,https://racing.hkjc.com/en-us/local/information/archive/localresults?racedate=2006/01/07&racecourse=ST&RaceNo=5
ST_20060107_R05_HK_2003_D295,ST_20060107_R05,2006-01-07,ST,Sha Tin,5,300,PING SHAN HANDICAP,4,1650,60-40,GOOD,ALL WEATHER TRACK,ALL WEATHER TRACK,570000,14,HK_2003_D295,13,ESPRIT D'OR,CD295,USA,Northern,,44,42,Chestnut,Gelding,Editor's Note,Flying Blind,Silver Kite Same,0,0,0,0,0,0.0,0.0,0.0,0.0,0.0,0.0,10,False,False,A Delpech,D E Ferraris,116,911,3,8,1:41.70,14.0,https://racing.hkjc.com/en-us/local/information/otherhorse?horseid=HK_2003_D295&Option=1,2026-09-04T15:27:43Z,https://racing.hkjc.com/en-us/local/information/archive/localresults?racedate=2006/01/07&racecourse=ST&RaceNo=5
ST_20060107_R05_HK_2003_D387,ST_20060107_R05,2006-01-07,ST,Sha Tin,5,300,PING SHAN HANDICAP,4,1650,60-40,GOOD,ALL WEATHER TRACK,ALL WEATHER TRACK,570000,14,HK_2003_D387,12,FLUVIUS CAMILLUS,CD387,IRE,Northern,,45,42,Bay,Gelding,Danehill Dancer,Phoenix Forli,Forli Same,0,0,0,0,0,0.0,0.0,0.0,0.0,0.0,0.0,11,False,False,K S Yu,T K Ng,114,1142,5,8,1:41.70,99.0,https://racing.hkjc.com/en-us/local/information/otherhorse?horseid=HK_2003_D387&Option=1,2026-09-04T15:27:46Z,https://racing.hkjc.com/en-us/local/information/archive/localresults?racedate=2006/01/07&racecourse=ST&RaceNo=5
ST_20060107_R05_HK_2003_D335,ST_20060107_R05,2006-01-07,ST,Sha Tin,5,300,PING SHAN HANDICAP,4,1650,60-40,GOOD,ALL WEATHER TRACK,ALL WEATHER TRACK,570000,14,HK_2003_D335,8,SEA TREASURE,CD335,NZ,Southern,,49,48,Chestnut,Gelding,Stravinsky,Stormy Alley,Summer Squall Same,0,0,0,0,0,0.0,0.0,0.0,0.0,0.0,0.0,12,False,False,C W Wong,A S Cruz,111,1088,10,8-3/4,1:41.80,20.0,https://racing.hkjc.com/en-us/local/information/otherhorse?horseid=HK_2003_D335&Option=1,2026-09-04T13:51:35Z,https://racing.hkjc.com/en-us/local/information/archive/localresults?racedate=2006/01/07&racecourse=ST&RaceNo=5
ST_20060107_R05_HK_2004_E083,ST_20060107_R05,2006-01-07,ST,Sha Tin,5,300,PING SHAN HANDICAP,4,1650,60-40,GOOD,ALL WEATHER TRACK,ALL WEATHER TRACK,570000,14,HK_2004_E083,2,MA WAN MIRACLE,CE083,IRE,Northern,,57,55,Bay,Gelding,Cape Cross,Gentle Papoose,Commanche Run Same,0,0,0,0,0,0.0,0.0,0.0,0.0,0.0,0.0,13,False,False,B Prebble,D J Hall,129,1200,7,9-1/4,1:41.90,99.0,https://racing.hkjc.com/en-us/local/information/otherhorse?horseid=HK_2004_E083&Option=1,2026-09-04T15:27:49Z,https://racing.hkjc.com/en-us/local/information/archive/localresults?racedate=2006/01/07&racecourse=ST&RaceNo=5
ST_20060107_R05_HK_2001_B201,ST_20060107_R05,2006-01-07,ST,Sha Tin,5,300,PING SHAN HANDICAP,4,1650,60-40,GOOD,ALL WEATHER TRACK,ALL WEATHER TRACK,570000,14,HK_2001_B201,7,BUDDIES POWER,CB201,AUS,Southern,,49.0,47,Grey,Gelding,Snippets,Sweet Pair A Dice,Wolf Power Same,0,0,0,0,0,0.0,0.0,0.0,0.0,0.0,0.0,14,False,False,Y T Cheng,D Cruz,119,1087,4,11-3/4,1:42.30,25.0,https://racing.hkjc.com/en-us/local/information/otherhorse?horseid=HK_2001_B201&Option=1,2026-09-04T15:27:51Z,https://racing.hkjc.com/en-us/local/information/archive/localresults?racedate=2006/01/07&racecourse=ST&RaceNo=5
ST_20060107_R06_HK_2004_E301,ST_20060107_R06,2006-01-07,ST,Sha Tin,6,301,LAU FAU SHAN HANDICAP,4,1400,60-40,GOOD TO FIRM,TURF,"TURF - ""C+3"" Course",570000,14,HK_2004_E301,1,REAL SURPRISE,CE301,AUS,Southern,,60,67,Bay,Gelding,Flying Spur,Joy,Bluebird Same,0,0,0,0,0,0.0,0.0,0.56,319200.0,0.0,319200.0,1,True,True,C Soumillon,Y O Wong,132,1145,3,---,1:22.80,4.2,https://racing.hkjc.com/en-us/local/information/otherhorse?horseid=HK_2004_E301&Option=1,2026-09-04T15:27:56Z,https://racing.hkjc.com/en-us/local/information/archive/localresults?racedate=2006/01/07&racecourse=ST&RaceNo=6
ST_20060107_R06_HK_2004_E240,ST_20060107_R06,2006-01-07,ST,Sha Tin,6,301,LAU FAU SHAN HANDICAP,4,1400,60-40,GOOD TO FIRM,TURF,"TURF - ""C+3"" Course",570000,14,HK_2004_E240,12,RED WINE SUPREME,CE240,AUS,Southern,,49,51,Bay,Gelding,Hurricane Sky,Glint Of Gold,Danehill Same,0,0,0,0,0,0.0,0.0,0.21,119700.0,0.0,119700.0,2,False,True,S Dye,C S Shum,121,1084,14,1-1/4,1:22.90,15.0,https://racing.hkjc.com/en-us/local/information/otherhorse?horseid=HK_2004_E240&Option=1,2026-09-04T15:27:59Z,https://racing.hkjc.com/en-us/local/information/archive/localresults?racedate=2006/01/07&racecourse=ST&RaceNo=6
ST_20060107_R06_HK_2004_E086,ST_20060107_R06,2006-01-07,ST,Sha Tin,6,301,LAU FAU SHAN HANDICAP,4,1400,60-40,GOOD TO FIRM,TURF,"TURF - ""C+3"" Course",570000,14,HK_2004_E086,10,BOREAS,CE086,IRE,Northern,,50.0,50.0,Bay,Gelding,Fasliyev,My Ballerina,Sir Ivor Same,0,0,0,0,0,0.0,0.0,0.115,65550.0,0.0,65550.0,3,False,True,G Mosse,S Woods,122,1103,1,2-3/4,1:23.20,8.5,https://racing.hkjc.com/en-us/local/information/otherhorse?horseid=HK_2004_E086&Option=1,2026-09-04T15:28:02Z,https://racing.hkjc.com/en-us/local/information/archive/localresults?racedate=2006/01/07&racecourse=ST&RaceNo=6
ST_20060107_R06_HK_2004_E127,ST_20060107_R06,2006-01-07,ST,Sha Tin,6,301,LAU FAU SHAN HANDICAP,4,1400,60-40,GOOD TO FIRM,TURF,"TURF - ""C+3"" Course",570000,14,HK_2004_E127,8,LORD CAIRNS,CE127,AUS,Southern,,52,51,Bay,Gelding,Lion Cavern,Lady Cairns,Last Tycoon Same,0,0,0,0,0,0.0,0.0,0.06,34200.0,0.0,34200.0,4,False,False,R Fradd,A Lee,124,1094,4,4-1/4,1:23.40,7.4,https://racing.hkjc.com/en-us/local/information/otherhorse?horseid=HK_2004_E127&Option=1,2026-09-04T15:28:05Z,https://racing.hkjc.com/en-us/local/information/archive/localresults?racedate=2006/01/07&racecourse=ST&RaceNo=6
ST_20060107_R06_HK_2003_D243,ST_20060107_R06,2006-01-07,ST,Sha Tin,6,301,LAU FAU SHAN HANDICAP,4,1400,60-40,GOOD TO FIRM,TURF,"TURF - ""C+3"" Course",570000,14,HK_2003_D243,5,PERSEVERANCE,CD243,AUS,Southern,,55,55,Bay,Gelding,Langfuhr,Lady Marita,Lord Dudley Same,0,0,0,0,0,0.0,0.0,0.055,31350.0,0.0,31350.0,5,False,False,D Whyte,L Ho,127,1065,2,4-1/2,1:23.50,3.8,https://racing.hkjc.com/en-us/local/information/otherhorse?horseid=HK_2003_D243&Option=1,2026-09-04T15:28:08Z,https://racing.hkjc.com/en-us/local/information/archive/localresults?racedate=2006/01/07&racecourse=ST&RaceNo=6
ST_20060107_R06_HK_2004_E047,ST_20060107_R06,2006-01-07,ST,Sha Tin,6,301,LAU FAU SHAN HANDICAP,4,1400,60-40,GOOD TO FIRM,TURF,"TURF - ""C+3"" Course",570000,14,HK_2004_E047,3,SOLAR POWER,CE047,NZ,Southern,,56,54,Bay,Gelding,Bahhare,Kate Shepherd,Dahar Same,0,0,0,0,0,0.0,0.0,0.0,0.0,0.0,0.0,6,False,False,C W Wong,P F Yiu,118,980,10,4-1/2,1:23.50,34.0,https://racing.hkjc.com/en-us/local/information/otherhorse?horseid=HK_2004_E047&Option=1,2026-09-04T15:28:11Z,https://racing.hkjc.com/en-us/local/information/archive/localresults?racedate=2006/01/07&racecourse=ST&RaceNo=6
ST_20060107_R06_HK_2003_D254,ST_20060107_R06,2006-01-07,ST,Sha Tin,6,301,LAU FAU SHAN HANDICAP,4,1400,60-40,GOOD TO FIRM,TURF,"TURF - ""C+3"" Course",570000,14,HK_2003_D254,14,MIRACLE DRAGON,CD254,AUS,Southern,,43,42,Bay,Gelding,Danehill,Spell On You,Irish River Same,0,0,0,0,0,0.0,0.0,0.0,0.0,0.0,0.0,7,False,False,C Brown,K W Lui,116,967,8,4-3/4,1:23.50,47.0,https://racing.hkjc.com/en-us/local/information/otherhorse?horseid=HK_2003_D254&Option=1,2026-09-04T13:51:10Z,https://racing.hkjc.com/en-us/local/information/archive/localresults?racedate=2006/01/07&racecourse=ST&RaceNo=6
ST_20060107_R06_HK_2005_G023,ST_20060107_R06,2006-01-07,ST,Sha Tin,6,301,LAU FAU SHAN HANDICAP,4,1400,60-40,GOOD TO FIRM,TURF,"TURF - ""C+3"" Course",570000,14,HK_2005_G023,11,RICH FOR ALL,CG023,AUS,Southern,,50,48,Chestnut,Gelding,Archway,Dew Drop Lassie,Snow Chief Same,0,0,0,0,0,0.0,0.0,0.0,0.0,0.0,0.0,8,False,False,B Prebble,D J Hall,122,1262,7,5-1/2,1:23.60,7.4,https://racing.hkjc.com/en-us/local/information/otherhorse?horseid=HK_2005_G023&Option=1,2026-09-04T15:28:13Z,https://racing.hkjc.com/en-us/local/information/archive/localresults?racedate=2006/01/07&racecourse=ST&RaceNo=6
ST_20060107_R06_HK_2003_D103,ST_20060107_R06,2006-01-07,ST,Sha Tin,6,301,LAU FAU SHAN HANDICAP,4,1400,60-40,GOOD TO FIRM,TURF,"TURF - ""C+3"" Course",570000,14,HK_2003_D103,13,MAGNIFICENT HORSE,CD103,NZ,Southern,,43,43,Bay,Gelding,King's Theatre,Ramiya,Dancing Brave Same,1,1,0,0,1,1.0,1.0,0.0,0.0,252000.0,252000.0,9,False,False,H W Lai,T W Leung,108,1025,13,6,1:23.70,20.0,https://racing.hkjc.com/en-us/local/information/otherhorse?horseid=HK_2003_D103&Option=1,2026-09-04T13:14:53Z,https://racing.hkjc.com/en-us/local/information/archive/localresults?racedate=2006/01/07&racecourse=ST&RaceNo=6
ST_20060107_R06_HK_2003_D064,ST_20060107_R06,2006-01-07,ST,Sha Tin,6,301,LAU FAU SHAN HANDICAP,4,1400,60-40,GOOD TO FIRM,TURF,"TURF - ""C+3"" Course",570000,14,HK_2003_D064,2,SUPER BALL,CD064,NZ,Southern,,59,59,Chestnut,Gelding,Kashani,So Soon,So Vain Same,0,0,0,0,0,0.0,0.0,0.0,0.0,0.0,0.0,10,False,False,E Saint-Martin,C W Chang,131,1180,5,6-3/4,1:23.80,14.0,https://racing.hkjc.com/en-us/local/information/otherhorse?horseid=HK_2003_D064&Option=1,2026-09-04T13:53:20Z,https://racing.hkjc.com/en-us/local/information/archive/localresults?racedate=2006/01/07&racecourse=ST&RaceNo=6
ST_20060107_R06_HK_2005_G056,ST_20060107_R06,2006-01-07,ST,Sha Tin,6,301,LAU FAU SHAN HANDICAP,4,1400,60-40,GOOD TO FIRM,TURF,"TURF - ""C+3"" Course",570000,14,HK_2005_G056,7,FEEL-SO-GOOD,CG056,AUS,Southern,,52,52,Bay / Brown,Gelding,Anabaa,Faithful Love,Deputy Governor Same,0,0,0,0,0,0.0,0.0,0.0,0.0,0.0,0.0,11,False,False,A Delpech,D E Ferraris,124,1145,12,7,1:23.90,99.0,https://racing.hkjc.com/en-us/local/information/otherhorse?horseid=HK_2005_G056&Option=1,2026-09-04T15:28:16Z,https://racing.hkjc.com/en-us/local/information/archive/localresults?racedate=2006/01/07&racecourse=ST&RaceNo=6
ST_20060107_R06_HK_2004_E013,ST_20060107_R06,2006-01-07,ST,Sha Tin,6,301,LAU FAU SHAN HANDICAP,4,1400,60-40,GOOD TO FIRM,TURF,"TURF - ""C+3"" Course",570000,14,HK_2004_E013,6,ZEONIC FRONTIER,CE013,NZ,Southern,,55,53,Brown,Gelding,O'Reilly,Dart,Straight Strike Same,0,0,0,0,0,0.0,0.0,0.0,0.0,0.0,0.0,12,False,False,O Doleuze,P O'Sullivan,127,1050,6,7-3/4,1:24.00,21.0,https://racing.hkjc.com/en-us/local/information/otherhorse?horseid=HK_2004_E013&Option=1,2026-09-04T15:28:19Z,https://racing.hkjc.com/en-us/local/information/archive/localresults?racedate=2006/01/07&racecourse=ST&RaceNo=6
ST_20060107_R06_HK_2001_B178,ST_20060107_R06,2006-01-07,ST,Sha Tin,6,301,LAU FAU SHAN HANDICAP,4,1400,60-40,GOOD TO FIRM,TURF,"TURF - ""C+3"" Course",570000,14,HK_2001_B178,9,QUICK NEWS,CB178,GB,Northern,,52,50,Chestnut,Gelding,Double Bed,In And Out,In Fijar Same,0,0,0,0,0,0.0,0.0,0.0,0.0,0.0,0.0,13,False,False,Y T Cheng,K L Man,122,1087,9,9-1/2,1:24.30,50.0,https://racing.hkjc.com/en-us/local/information/otherhorse?horseid=HK_2001_B178&Option=1,2026-09-04T15:28:22Z,https://racing.hkjc.com/en-us/local/information/archive/localresults?racedate=2006/01/07&racecourse=ST&RaceNo=6
ST_20060107_R06_HK_2001_B404,ST_20060107_R06,2006-01-07,ST,Sha Tin,6,301,LAU FAU SHAN HANDICAP,4,1400,60-40,GOOD TO FIRM,TURF,"TURF - ""C+3"" Course",570000,14,HK_2001_B404,4,OPERA MAGIC,CB404,AUS,Southern,,55,52,Chestnut,Gelding,Langfuhr,Pale Mist,Tate Gallery Same,0,0,0,0,0,0.0,0.0,0.0,0.0,0.0,0.0,14,False,False,C Munce,C H Yip,127,1125,11,12-1/4,1:24.70,40.0,https://racing.hkjc.com/en-us/local/information/otherhorse?horseid=HK_2001_B404&Option=1,2026-09-04T15:28:25Z,https://racing.hkjc.com/en-us/local/information/archive/localresults?racedate=2006/01/07&racecourse=ST&RaceNo=6
ST_20060107_R07_HK_2003_D111,ST_20060107_R07,2006-01-07,ST,Sha Tin,7,302,HUNG SHUI KIU HANDICAP,3,1200,80-60,GOOD,ALL WEATHER TRACK,ALL WEATHER TRACK,750000,12,HK_2003_D111,8,FAT CHOY FOREVER,CD111,GB,Northern,,65,73,Bay,Gelding,Desert Style,Brilliance,Cadeaux Genereux Same,0,0,0,0,0,0.0,0.0,0.56,420000.0,0.0,420000.0,1,True,True,C Munce,C H Yip,118,1199,8,---,1:09.10,6.3,https://racing.hkjc.com/en-us/local/information/otherhorse?horseid=HK_2003_D111&Option=1,2026-09-04T15:28:31Z,https://racing.hkjc.com/en-us/local/information/archive/localresults?racedate=2006/01/07&racecourse=ST&RaceNo=7
ST_20060107_R07_HK_2003_D274,ST_20060107_R07,2006-01-07,ST,Sha Tin,7,302,HUNG SHUI KIU HANDICAP,3,1200,80-60,GOOD,ALL WEATHER TRACK,ALL WEATHER TRACK,750000,12,HK_2003_D274,2,JOLLY GOOD FORTUNE,CD274,AUS,Southern,,76,77,Brown,Gelding,Danzig Connection,Aptitude,Salieri Same,0,0,0,0,0,0.0,0.0,0.21,157500.0,0.0,157500.0,2,False,True,S Dye,C S Shum,129,1183,12,2-1/4,1:09.40,21.0,https://racing.hkjc.com/en-us/local/information/otherhorse?horseid=HK_2003_D274&Option=1,2026-09-04T15:28:34Z,https://racing.hkjc.com/en-us/local/information/archive/localresults?racedate=2006/01/07&racecourse=ST&RaceNo=7
ST_20060107_R07_HK_2003_D306,ST_20060107_R07,2006-01-07,ST,Sha Tin,7,302,HUNG SHUI KIU HANDICAP,3,1200,80-60,GOOD,ALL WEATHER TRACK,ALL WEATHER TRACK,750000,12,HK_2003_D306,10,HAPPY ELITE,CD306,NZ,Southern,,63,64,Bay,Rig,O'Reilly,Eastbourne,Honor Grades Same,0,0,0,0,0,0.0,0.0,0.115,86250.0,0.0,86250.0,3,False,True,B Prebble,A T Millard,117,1211,7,2-1/4,1:09.50,2.6,https://racing.hkjc.com/en-us/local/information/otherhorse?horseid=HK_2003_D306&Option=1,2026-09-04T15:28:37Z,https://racing.hkjc.com/en-us/local/information/archive/localresults?racedate=2006/01/07&racecourse=ST&RaceNo=7
ST_20060107_R07_HK_2000_A018,ST_20060107_R07,2006-01-07,ST,Sha Tin,7,302,HUNG SHUI KIU HANDICAP,3,1200,80-60,GOOD,ALL WEATHER TRACK,ALL WEATHER TRACK,750000,12,HK_2000_A018,4,DASHING WINNER,CA018,NZ,Southern,,72,72,Chestnut,Gelding,Deputy Governor,Double Liz,Nodouble Same,0,0,0,0,0,0.0,0.0,0.06,45000.0,0.0,45000.0,4,False,False,G Schofield,B K Ng,125,1143,11,3-3/4,1:09.70,14.0,https://racing.hkjc.com/en-us/local/information/otherhorse?horseid=HK_2000_A018&Option=1,2026-09-04T15:28:40Z,https://racing.hkjc.com/en-us/local/information/archive/localresults?racedate=2006/01/07&racecourse=ST&RaceNo=7
ST_20060107_R07_HK_2004_E256,ST_20060107_R07,2006-01-07,ST,Sha Tin,7,302,HUNG SHUI KIU HANDICAP,3,1200,80-60,GOOD,ALL WEATHER TRACK,ALL WEATHER TRACK,750000,12,HK_2004_E256,7,MY LUCK,CE256,IRE,Northern,,67,65,Bay,Gelding,Monashee Mountain,Dai E Dai,Seattle Dancer Same,0,0,0,0,0,0.0,0.0,0.055,41250.0,0.0,41250.0,5,False,False,R Fradd,D J Hall,120,1117,1,4,1:09.70,7.0,https://racing.hkjc.com/en-us/local/information/otherhorse?horseid=HK_2004_E256&Option=1,2026-09-04T15:28:43Z,https://racing.hkjc.com/en-us/local/information/archive/localresults?racedate=2006/01/07&racecourse=ST&RaceNo=7
ST_20060107_R07_HK_2003_D315,ST_20060107_R07,2006-01-07,ST,Sha Tin,7,302,HUNG SHUI KIU HANDICAP,3,1200,80-60,GOOD,ALL WEATHER TRACK,ALL WEATHER TRACK,750000,12,HK_2003_D315,12,SUPREMACY,CD315,SAF,Southern,,62,62,Chestnut,Gelding,National Assembly,Title Page,Welsh Harmony Same,0,0,0,0,0,0.0,0.0,0.0,0.0,0.0,0.0,6,False,False,K L Chui,D E Ferraris,105,1082,3,4,1:09.70,5.8,https://racing.hkjc.com/en-us/local/information/otherhorse?horseid=HK_2003_D315&Option=1,2026-09-04T15:28:46Z,https://racing.hkjc.com/en-us/local/information/archive/localresults?racedate=2006/01/07&racecourse=ST&RaceNo=7
ST_20060107_R07_HK_2002_C259,ST_20060107_R07,2006-01-07,ST,Sha Tin,7,302,HUNG SHUI KIU HANDICAP,3,1200,80-60,GOOD,ALL WEATHER TRACK,ALL WEATHER TRACK,750000,12,HK_2002_C259,9,CHECK MATE,CC259,IRE,Northern,,63,62,Bay,Gelding,Sesaro,Katie Elder,Thatching Same,0,0,0,0,0,0.0,0.0,0.0,0.0,0.0,0.0,7,False,False,C Brown,C Fownes,116,1062,6,6,1:10.00,25.0,https://racing.hkjc.com/en-us/local/information/otherhorse?horseid=HK_2002_C259&Option=1,2026-09-04T15:28:49Z,https://racing.hkjc.com/en-us/local/information/archive/localresults?racedate=2006/01/07&racecourse=ST&RaceNo=7
ST_20060107_R07_HK_2002_C379,ST_20060107_R07,2006-01-07,ST,Sha Tin,7,302,HUNG SHUI KIU HANDICAP,3,1200,80-60,GOOD,ALL WEATHER TRACK,ALL WEATHER TRACK,750000,12,HK_2002_C379,5,KIMBO KID,CC379,AUS,Southern,,68,68,Chestnut,Gelding,End Sweep,Gatherneaux,Twig Moss Same,0,0,0,0,0,0.0,0.0,0.0,0.0,0.0,0.0,8,False,False,M W Leung,D Oughton,116,1025,10,7-3/4,1:10.30,23.0,https://racing.hkjc.com/en-us/local/information/otherhorse?horseid=HK_2002_C379&Option=1,2026-09-04T15:28:52Z,https://racing.hkjc.com/en-us/local/information/archive/localresults?racedate=2006/01/07&racecourse=ST&RaceNo=7
ST_20060107_R07_HK_2001_B452,ST_20060107_R07,2006-01-07,ST,Sha Tin,7,302,HUNG SHUI KIU HANDICAP,3,1200,80-60,GOOD,ALL WEATHER TRACK,ALL WEATHER TRACK,750000,12,HK_2001_B452,6,DANEHILL WARRIOR,CB452,AUS,Southern,,67,65,Bay,Gelding,Danehill,La Favorita,Seattle Dancer Same,0,0,0,0,0,0.0,0.0,0.0,0.0,0.0,0.0,9,False,False,O Doleuze,K W Lui,120,1035,9,8-1/2,1:10.40,66.0,https://racing.hkjc.com/en-us/local/information/otherhorse?horseid=HK_2001_B452&Option=1,2026-09-04T13:54:06Z,https://racing.hkjc.com/en-us/local/information/archive/localresults?racedate=2006/01/07&racecourse=ST&RaceNo=7
ST_20060107_R07_HK_2002_C257,ST_20060107_R07,2006-01-07,ST,Sha Tin,7,302,HUNG SHUI KIU HANDICAP,3,1200,80-60,GOOD,ALL WEATHER TRACK,ALL WEATHER TRACK,750000,12,HK_2002_C257,1,SHERIFF BAMBOO,CC257,GB,Northern,,80,80,Bay,Gelding,Night Shift,Woodwin,Woodman Same,0,0,0,0,0,0.0,0.0,0.0,0.0,0.0,0.0,10,False,False,Y T Cheng,D Cruz,131,1108,4,9,1:10.50,16.0,https://racing.hkjc.com/en-us/local/information/otherhorse?horseid=HK_2002_C257&Option=1,2026-09-04T15:28:54Z,https://racing.hkjc.com/en-us/local/information/archive/localresults?racedate=2006/01/07&racecourse=ST&RaceNo=7
ST_20060107_R07_HK_2001_B446,ST_20060107_R07,2006-01-07,ST,Sha Tin,7,302,HUNG SHUI KIU HANDICAP,3,1200,80-60,GOOD,ALL WEATHER TRACK,ALL WEATHER TRACK,750000,12,HK_2001_B446,3,SHOGUN,CB446,AUS,Southern,,76,74,Bay,Gelding,Langfuhr,Seersha,Kampala Same,0,0,0,0,0,0.0,0.0,0.0,0.0,0.0,0.0,11,False,False,D Whyte,J Size,129,1148,2,9-1/4,1:10.60,11.0,https://racing.hkjc.com/en-us/local/information/otherhorse?horseid=HK_2001_B446&Option=1,2026-09-04T15:28:57Z,https://racing.hkjc.com/en-us/local/information/archive/localresults?racedate=2006/01/07&racecourse=ST&RaceNo=7
ST_20060107_R07_HK_2001_B351,ST_20060107_R07,2006-01-07,ST,Sha Tin,7,302,HUNG SHUI KIU HANDICAP,3,1200,80-60,GOOD,ALL WEATHER TRACK,ALL WEATHER TRACK,750000,12,HK_2001_B351,11,FORTE,CB351,AUS,Southern,,62.0,60,Chestnut,Gelding,Snippets,Salamore,Vain Same,0,0,0,0,0,0.0,0.0,0.0,0.0,0.0,0.0,12,False,False,A Delpech,T K Ng,115,1080,5,9-3/4,1:10.60,93.0,https://racing.hkjc.com/en-us/local/information/otherhorse?horseid=HK_2001_B351&Option=1,2026-09-04T15:29:00Z,https://racing.hkjc.com/en-us/local/information/archive/localresults?racedate=2006/01/07&racecourse=ST&RaceNo=7
ST_20060107_R08_HK_2001_B126,ST_20060107_R08,2006-01-07,ST,Sha Tin,8,303,THE POK OI CUP (HANDICAP),2,1000,100-80,GOOD TO FIRM,TURF,"TURF - ""C+3"" Course",1000000,14,HK_2001_B126,11,ABLE CHOICE,CB126,AUS,Southern,,89.0,95.0,Bay,Gelding,Dehere,Lady Jakeo,Last Tycoon Same,0,0,0,0,0,0.0,0.0,0.56,560000.0,0.0,560000.0,1,True,True,C Soumillon,J Moore,121,1136,14,---,0:56.60,7.1,https://racing.hkjc.com/en-us/local/information/otherhorse?horseid=HK_2001_B126&Option=1,2026-09-04T15:29:06Z,https://racing.hkjc.com/en-us/local/information/archive/localresults?racedate=2006/01/07&racecourse=ST&RaceNo=8
ST_20060107_R08_HK_2005_G020,ST_20060107_R08,2006-01-07,ST,Sha Tin,8,303,THE POK OI CUP (HANDICAP),2,1000,100-80,GOOD TO FIRM,TURF,"TURF - ""C+3"" Course",1000000,14,HK_2005_G020,14,KINGIFLY,CG020,AUS,Southern,,83,86,Bay,Gelding,King Of Kings,Regencia,New Regent Same,0,0,0,0,0,0.0,0.0,0.21,210000.0,0.0,210000.0,2,False,True,M W Leung,D Oughton,110,1112,12,N,0:56.70,20.0,https://racing.hkjc.com/en-us/local/information/otherhorse?horseid=HK_2005_G020&Option=1,2026-09-04T15:29:08Z,https://racing.hkjc.com/en-us/local/information/archive/localresults?racedate=2006/01/07&racecourse=ST&RaceNo=8
ST_20060107_R08_HK_2004_E008,ST_20060107_R08,2006-01-07,ST,Sha Tin,8,303,THE POK OI CUP (HANDICAP),2,1000,100-80,GOOD TO FIRM,TURF,"TURF - ""C+3"" Course",1000000,14,HK_2004_E008,9,FIRM OFFER,CE008,NZ,Southern,,91,93,Brown,Gelding,Fasliyev,Initial Offering,Red Ransom Same,0,0,0,0,0,0.0,0.0,0.115,115000.0,0.0,115000.0,3,False,True,B Prebble,D E Ferraris,123,1010,10,1,0:56.80,6.4,https://racing.hkjc.com/en-us/local/information/otherhorse?horseid=HK_2004_E008&Option=1,2026-09-04T15:29:11Z,https://racing.hkjc.com/en-us/local/information/archive/localresults?racedate=2006/01/07&racecourse=ST&RaceNo=8
ST_20060107_R08_HK_2004_E046,ST_20060107_R08,2006-01-07,ST,Sha Tin,8,303,THE POK OI CUP (HANDICAP),2,1000,100-80,GOOD TO FIRM,TURF,"TURF - ""C+3"" Course",1000000,14,HK_2004_E046,3,ALINSKY,CE046,NZ,Southern,,96,97,Chestnut,Gelding,Stravinsky,Alynda,Nassau Same,0,0,0,0,0,0.0,0.0,0.06,60000.0,0.0,60000.0,4,False,False,D Whyte,J Size,128,1086,9,1-1/2,0:56.80,3.8,https://racing.hkjc.com/en-us/local/information/otherhorse?horseid=HK_2004_E046&Option=1,2026-09-04T15:29:14Z,https://racing.hkjc.com/en-us/local/information/archive/localresults?racedate=2006/01/07&racecourse=ST&RaceNo=8
ST_20060107_R08_HK_2003_D166,ST_20060107_R08,2006-01-07,ST,Sha Tin,8,303,THE POK OI CUP (HANDICAP),2,1000,100-80,GOOD TO FIRM,TURF,"TURF - ""C+3"" Course",1000000,14,HK_2003_D166,2,TRIUMPHANT UNICORN,CD166,AUS,Southern,,99,99,Brown,Gelding,Danzero,Have Love,Canny Lad Same,1,0,1,0,1,0.0,1.0,0.055,55000.0,210000.0,265000.0,5,False,False,S Dye,C S Shum,131,1187,11,3-1/4,0:57.10,8.3,https://racing.hkjc.com/en-us/local/information/otherhorse?horseid=HK_2003_D166&Option=1,2026-09-04T13:19:59Z,https://racing.hkjc.com/en-us/local/information/archive/localresults?racedate=2006/01/07&racecourse=ST&RaceNo=8
ST_20060107_R08_HK_2003_D128,ST_20060107_R08,2006-01-07,ST,Sha Tin,8,303,THE POK OI CUP (HANDICAP),2,1000,100-80,GOOD TO FIRM,TURF,"TURF - ""C+3"" Course",1000000,14,HK_2003_D128,1,OUR JET,CD128,NZ,Southern,,100,99,Chestnut,Gelding,Jetball,Miss Kryptonite,Western Symphony Same,0,0,0,0,0,0.0,0.0,0.0,0.0,0.0,0.0,6,False,False,G Mosse,A Lee,132,1229,3,3-1/2,0:57.20,15.0,https://racing.hkjc.com/en-us/local/information/otherhorse?horseid=HK_2003_D128&Option=1,2026-09-04T15:29:17Z,https://racing.hkjc.com/en-us/local/information/archive/localresults?racedate=2006/01/07&racecourse=ST&RaceNo=8
ST_20060107_R08_HK_2001_B232,ST_20060107_R08,2006-01-07,ST,Sha Tin,8,303,THE POK OI CUP (HANDICAP),2,1000,100-80,GOOD TO FIRM,TURF,"TURF - ""C+3"" Course",1000000,14,HK_2001_B232,5,JOLLY GAINS,CB232,AUS,Southern,,94.0,92,Bay,Gelding,Danehill,Wheatland Lady,Strawberry Road Same,0,0,0,0,0,0.0,0.0,0.0,0.0,0.0,0.0,7,False,False,A Delpech,K L Man,126,1214,5,4,0:57.20,69.0,https://racing.hkjc.com/en-us/local/information/otherhorse?horseid=HK_2001_B232&Option=1,2026-09-04T15:29:20Z,https://racing.hkjc.com/en-us/local/information/archive/localresults?racedate=2006/01/07&racecourse=ST&RaceNo=8
ST_20060107_R08_HK_2003_D330,ST_20060107_R08,2006-01-07,ST,Sha Tin,8,303,THE POK OI CUP (HANDICAP),2,1000,100-80,GOOD TO FIRM,TURF,"TURF - ""C+3"" Course",1000000,14,HK_2003_D330,8,CLASSIC NAVIGATOR,CD330,IRE,Northern,,91,89,Bay,Horse,Indian Ridge,Wild Bluebell,Bluebird Same,0,0,0,0,0,0.0,0.0,0.0,0.0,0.0,0.0,8,False,False,C K Tong,A S Cruz,113,1115,2,5-1/4,0:57.40,34.0,https://racing.hkjc.com/en-us/local/information/otherhorse?horseid=HK_2003_D330&Option=1,2026-09-04T15:29:23Z,https://racing.hkjc.com/en-us/local/information/archive/localresults?racedate=2006/01/07&racecourse=ST&RaceNo=8
ST_20060107_R08_HK_2001_B256,ST_20060107_R08,2006-01-07,ST,Sha Tin,8,303,THE POK OI CUP (HANDICAP),2,1000,100-80,GOOD TO FIRM,TURF,"TURF - ""C+3"" Course",1000000,14,HK_2001_B256,10,FIREBOLT,CB256,IRE,Northern,,90,90,Bay,Gelding,Flying Spur,Musianica,Music Boy Same,0,0,0,0,0,0.0,0.0,0.0,0.0,0.0,0.0,9,False,False,E Saint-Martin,Y S Tsui,122,1219,7,5-1/2,0:57.50,48.0,https://racing.hkjc.com/en-us/local/information/otherhorse?horseid=HK_2001_B256&Option=1,2026-09-04T15:29:26Z,https://racing.hkjc.com/en-us/local/information/archive/localresults?racedate=2006/01/07&racecourse=ST&RaceNo=8
ST_20060107_R08_HK_2001_B039,ST_20060107_R08,2006-01-07,ST,Sha Tin,8,303,THE POK OI CUP (HANDICAP),2,1000,100-80,GOOD TO FIRM,TURF,"TURF - ""C+3"" Course",1000000,14,HK_2001_B039,7,GENERAL KINGY,CB039,NZ,Southern,,93,92,Bay,Gelding,Kingdom Bay,Conchelle,Sound Reason Same,0,0,0,0,0,0.0,0.0,0.0,0.0,0.0,0.0,10,False,False,O Doleuze,K W Lui,125,1212,13,7-1/4,0:57.70,9.1,https://racing.hkjc.com/en-us/local/information/otherhorse?horseid=HK_2001_B039&Option=1,2026-09-04T15:29:29Z,https://racing.hkjc.com/en-us/local/information/archive/localresults?racedate=2006/01/07&racecourse=ST&RaceNo=8
ST_20060107_R08_HK_2004_E180,ST_20060107_R08,2006-01-07,ST,Sha Tin,8,303,THE POK OI CUP (HANDICAP),2,1000,100-80,GOOD TO FIRM,TURF,"TURF - ""C+3"" Course",1000000,14,HK_2004_E180,6,CHATEAU KING PRAWN,CE180,GB,Northern,,93,93,Chestnut,Colt,Grand Lodge,Miss Queen,Miswaki Same,0,0,0,0,0,0.0,0.0,0.0,0.0,0.0,0.0,11,False,False,R Fradd,C S Shum,125,1092,4,7-3/4,0:57.80,7.7,https://racing.hkjc.com/en-us/local/information/otherhorse?horseid=HK_2004_E180&Option=1,2026-09-04T15:29:32Z,https://racing.hkjc.com/en-us/local/information/archive/localresults?racedate=2006/01/07&racecourse=ST&RaceNo=8
ST_20060107_R08_HK_2002_C017,ST_20060107_R08,2006-01-07,ST,Sha Tin,8,303,THE POK OI CUP (HANDICAP),2,1000,100-80,GOOD TO FIRM,TURF,"TURF - ""C+3"" Course",1000000,14,HK_2002_C017,12,SUPER BROSE,CC017,NZ,Southern,,87,86,Chestnut,Gelding,Gold Brose,Queen Guinevere,Sir Tristram Same,0,0,0,0,0,0.0,0.0,0.0,0.0,0.0,0.0,12,False,False,C W Wong,A S Cruz,109,1135,8,8-1/2,0:57.90,30.0,https://racing.hkjc.com/en-us/local/information/otherhorse?horseid=HK_2002_C017&Option=1,2026-09-04T15:29:34Z,https://racing.hkjc.com/en-us/local/information/archive/localresults?racedate=2006/01/07&racecourse=ST&RaceNo=8
ST_20060107_R08_HK_2003_D084,ST_20060107_R08,2006-01-07,ST,Sha Tin,8,303,THE POK OI CUP (HANDICAP),2,1000,100-80,GOOD TO FIRM,TURF,"TURF - ""C+3"" Course",1000000,14,HK_2003_D084,13,TIGER RIDGE,CD084,IRE,Northern,,87.0,85.0,Bay,Gelding,Indian Ridge,Lishaway,Polish Precedent Same,0,0,0,0,0,0.0,0.0,0.0,0.0,0.0,0.0,13,False,False,C Munce,A T Millard,119,1265,1,9,0:58.00,62.0,https://racing.hkjc.com/en-us/local/information/otherhorse?horseid=HK_2003_D084&Option=1,2026-09-04T15:29:37Z,https://racing.hkjc.com/en-us/local/information/archive/localresults?racedate=2006/01/07&racecourse=ST&RaceNo=8
ST_20060107_R08_HK_2002_C018,ST_20060107_R08,2006-01-07,ST,Sha Tin,8,303,THE POK OI CUP (HANDICAP),2,1000,100-80,GOOD TO FIRM,TURF,"TURF - ""C+3"" Course",1000000,14,HK_2002_C018,4,FLASHING STAR,CC018,NZ,Southern,,96,94,Bay,Gelding,Green Perfume,Art Lover,Gleam Machine Same,0,0,0,0,0,0.0,0.0,0.0,0.0,0.0,0.0,14,False,False,G Schofield,P F Yiu,128,1234,6,9-1/2,0:58.10,14.0,https://racing.hkjc.com/en-us/local/information/otherhorse?horseid=HK_2002_C018&Option=1,2026-09-04T15:29:40Z,https://racing.hkjc.com/en-us/local/information/archive/localresults?racedate=2006/01/07&racecourse=ST&RaceNo=8
ST_20060107_R09_HK_2004_E201,ST_20060107_R09,2006-01-07,ST,Sha Tin,9,304,KAM TIN HANDICAP,3,1600,80-60,GOOD TO FIRM,TURF,"TURF - ""C+3"" Course",750000,15,HK_2004_E201,3.0,GOOD BA BA,CE201,USA,Northern,,77.0,89.0,Bay,Gelding,Lear Fan,Elle Meme,Zilzal Same,0,0,0,0,0,0.0,0.0,0.56,420000.0,0.0,420000.0,1.0,True,True,C Soumillon,Y O Wong,129,1081.0,10.0,---,1:35.20,3.9,https://racing.hkjc.com/en-us/local/information/otherhorse?horseid=HK_2004_E201&Option=1,2026-09-04T15:29:46Z,https://racing.hkjc.com/en-us/local/information/archive/localresults?racedate=2006/01/07&racecourse=ST&RaceNo=9
ST_20060107_R09_HK_2004_E193,ST_20060107_R09,2006-01-07,ST,Sha Tin,9,304,KAM TIN HANDICAP,3,1600,80-60,GOOD TO FIRM,TURF,"TURF - ""C+3"" Course",750000,15,HK_2004_E193,12.0,PRIME DELIGHT,CE193,NZ,Southern,,62.0,62,Bay,Gelding,Montjeu,Madonna,Rigoletto Same,0,0,0,0,0,0.0,0.0,0.21,157500.0,0.0,157500.0,2.0,False,True,S Dye,C S Shum,114,1046.0,1.0,3-3/4,1:35.80,3.5,https://racing.hkjc.com/en-us/local/information/otherhorse?horseid=HK_2004_E193&Option=1,2026-09-04T15:29:48Z,https://racing.hkjc.com/en-us/local/information/archive/localresults?racedate=2006/01/07&racecourse=ST&RaceNo=9
ST_20060107_R09_HK_2004_E254,ST_20060107_R09,2006-01-07,ST,Sha Tin,9,304,KAM TIN HANDICAP,3,1600,80-60,GOOD TO FIRM,TURF,"TURF - ""C+3"" Course",750000,15,HK_2004_E254,10.0,WINNING REWARD,CE254,IRE,Northern,,67,67,Chestnut,Gelding,Cadeaux Genereux,Fernanda,Be My Chief Same,0,0,0,0,0,0.0,0.0,0.115,86250.0,0.0,86250.0,3.0,False,True,C Brown,K W Lui,119,1053.0,6.0,4-1/4,1:35.80,7.7,https://racing.hkjc.com/en-us/local/information/otherhorse?horseid=HK_2004_E254&Option=1,2026-09-04T15:29:51Z,https://racing.hkjc.com/en-us/local/information/archive/localresults?racedate=2006/01/07&racecourse=ST&RaceNo=9
ST_20060107_R09_HK_2003_D365,ST_20060107_R09,2006-01-07,ST,Sha Tin,9,304,KAM TIN HANDICAP,3,1600,80-60,GOOD TO FIRM,TURF,"TURF - ""C+3"" Course",750000,15,HK_2003_D365,1.0,GOLD STRIKER,CD365,NZ,Southern,,80,80,Brown,Gelding,Faltaat,Lady Centaine,Centaine Same,0,0,0,0,0,0.0,0.0,0.06,45000.0,0.0,45000.0,4.0,False,False,D Whyte,J Size,132,1265.0,13.0,4-3/4,1:35.90,13.0,https://racing.hkjc.com/en-us/local/information/otherhorse?horseid=HK_2003_D365&Option=1,2026-09-04T15:29:54Z,https://racing.hkjc.com/en-us/local/information/archive/localresults?racedate=2006/01/07&racecourse=ST&RaceNo=9
ST_20060107_R09_HK_2004_E206,ST_20060107_R09,2006-01-07,ST,Sha Tin,9,304,KAM TIN HANDICAP,3,1600,80-60,GOOD TO FIRM,TURF,"TURF - ""C+3"" Course",750000,15,HK_2004_E206,2.0,RUM SHOT,CE206,GB,Northern,,79,78,Bay,Gelding,Efisio,Glass,Bering Same,0,0,0,0,0,0.0,0.0,0.055,41250.0,0.0,41250.0,5.0,False,False,Y T Cheng,C H Yip,129,1056.0,3.0,5-1/2,1:36.00,15.0,https://racing.hkjc.com/en-us/local/information/otherhorse?horseid=HK_2004_E206&Option=1,2026-09-04T15:29:57Z,https://racing.hkjc.com/en-us/local/information/archive/localresults?racedate=2006/01/07&racecourse=ST&RaceNo=9
ST_20060107_R09_HK_2004_E183,ST_20060107_R09,2006-01-07,ST,Sha Tin,9,304,KAM TIN HANDICAP,3,1600,80-60,GOOD TO FIRM,TURF,"TURF - ""C+3"" Course",750000,15,HK_2004_E183,8.0,TOP HONOR,CE183,GER,Northern,,69,67,Bay,Gelding,Highest Honor,Salonrolle,Tirol Same,0,0,0,0,0,0.0,0.0,0.0,0.0,0.0,0.0,6.0,False,False,G Mosse,S Woods,121,993.0,12.0,5-3/4,1:36.00,66.0,https://racing.hkjc.com/en-us/local/information/otherhorse?horseid=HK_2004_E183&Option=1,2026-09-04T15:30:00Z,https://racing.hkjc.com/en-us/local/information/archive/localresults?racedate=2006/01/07&racecourse=ST&RaceNo=9
ST_20060107_R09_HK_2003_D194,ST_20060107_R09,2006-01-07,ST,Sha Tin,9,304,KAM TIN HANDICAP,3,1600,80-60,GOOD TO FIRM,TURF,"TURF - ""C+3"" Course",750000,15,HK_2003_D194,6.0,GALLANT FALCON,CD194,GB,Northern,,71.0,70.0,Chestnut,Gelding,Polar Falcon,Just Speculation,Ahonoora Same,0,0,0,0,0,0.0,0.0,0.0,0.0,0.0,0.0,7.0,False,False,B Prebble,A T Millard,123,1132.0,7.0,5-3/4,1:36.00,12.0,https://racing.hkjc.com/en-us/local/information/otherhorse?horseid=HK_2003_D194&Option=1,2026-09-04T15:30:03Z,https://racing.hkjc.com/en-us/local/information/archive/localresults?racedate=2006/01/07&racecourse=ST&RaceNo=9
ST_20060107_R09_HK_2002_C346,ST_20060107_R09,2006-01-07,ST,Sha Tin,9,304,KAM TIN HANDICAP,3,1600,80-60,GOOD TO FIRM,TURF,"TURF - ""C+3"" Course",750000,15,HK_2002_C346,5.0,EASY GAME,CC346,NZ,Southern,,75,75,Bay,Gelding,Straight Strike,Lady Newbury,Lord Ballina Same,0,0,0,0,0,0.0,0.0,0.0,0.0,0.0,0.0,8.0,False,False,C Munce,P O'Sullivan,127,1074.0,5.0,6,1:36.10,15.0,https://racing.hkjc.com/en-us/local/information/otherhorse?horseid=HK_2002_C346&Option=1,2026-09-04T15:30:06Z,https://racing.hkjc.com/en-us/local/information/archive/localresults?racedate=2006/01/07&racecourse=ST&RaceNo=9
ST_20060107_R09_HK_2001_B029,ST_20060107_R09,2006-01-07,ST,Sha Tin,9,304,KAM TIN HANDICAP,3,1600,80-60,GOOD TO FIRM,TURF,"TURF - ""C+3"" Course",750000,15,HK_2001_B029,9.0,CELEBRATION,CB029,GB,Northern,,73,73,Bay,Gelding,Pursuit Of Love,Horseshoe Reef,Mill Reef Same,0,0,0,0,0,0.0,0.0,0.0,0.0,0.0,0.0,9.0,False,False,H W Lai,D Cruz,118,1123.0,4.0,7-1/4,1:36.30,12.0,https://racing.hkjc.com/en-us/local/information/otherhorse?horseid=HK_2001_B029&Option=1,2026-09-04T15:30:09Z,https://racing.hkjc.com/en-us/local/information/archive/localresults?racedate=2006/01/07&racecourse=ST&RaceNo=9
ST_20060107_R09_HK_2002_C159,ST_20060107_R09,2006-01-07,ST,Sha Tin,9,304,KAM TIN HANDICAP,3,1600,80-60,GOOD TO FIRM,TURF,"TURF - ""C+3"" Course",750000,15,HK_2002_C159,7.0,SURVEYOR,CC159,IRE,Northern,,69,69,Bay,Gelding,Muhtarram,Asmara,Lear Fan Same,0,0,0,0,0,0.0,0.0,0.0,0.0,0.0,0.0,10.0,False,False,E Saint-Martin,J Moore,121,974.0,2.0,8-3/4,1:36.50,35.0,https://racing.hkjc.com/en-us/local/information/otherhorse?horseid=HK_2002_C159&Option=1,2026-09-04T15:30:12Z,https://racing.hkjc.com/en-us/local/information/archive/localresults?racedate=2006/01/07&racecourse=ST&RaceNo=9
ST_20060107_R09_HK_2003_D402,ST_20060107_R09,2006-01-07,ST,Sha Tin,9,304,KAM TIN HANDICAP,3,1600,80-60,GOOD TO FIRM,TURF,"TURF - ""C+3"" Course",750000,15,HK_2003_D402,11.0,PIONERO,CD402,AUS,Southern,,63,63,Bay,Gelding,Danehill,Techniques,Palace Music Same,0,0,0,0,0,0.0,0.0,0.0,0.0,0.0,0.0,11.0,False,False,C K Tong,C Fownes,105,1100.0,14.0,9-1/4,1:36.60,36.0,https://racing.hkjc.com/en-us/local/information/otherhorse?horseid=HK_2003_D402&Option=1,2026-09-04T15:30:15Z,https://racing.hkjc.com/en-us/local/information/archive/localresults?racedate=2006/01/07&racecourse=ST&RaceNo=9
ST_20060107_R09_HK_2004_E221,ST_20060107_R09,2006-01-07,ST,Sha Tin,9,304,KAM TIN HANDICAP,3,1600,80-60,GOOD TO FIRM,TURF,"TURF - ""C+3"" Course",750000,15,HK_2004_E221,14.0,GOOD PARTNER,CE221,AUS,Southern,,61.0,61.0,Bay,Gelding,Quest For Fame,Beam,Scenic Same,0,0,0,0,0,0.0,0.0,0.0,0.0,0.0,0.0,12.0,False,False,A Delpech,K L Man,114,1179.0,11.0,12,1:37.00,13.0,https://racing.hkjc.com/en-us/local/information/otherhorse?horseid=HK_2004_E221&Option=1,2026-09-04T15:30:18Z,https://racing.hkjc.com/en-us/local/information/archive/localresults?racedate=2006/01/07&racecourse=ST&RaceNo=9
ST_20060107_R09_HK_2005_G081,ST_20060107_R09,2006-01-07,ST,Sha Tin,9,304,KAM TIN HANDICAP,3,1600,80-60,GOOD TO FIRM,TURF,"TURF - ""C+3"" Course",750000,15,HK_2005_G081,4.0,TACTIC KING,CG081,NZ,Southern,,76,74,Bay,Gelding,Zabeel,Afleet Floozie,Afleet Same,0,0,0,0,0,0.0,0.0,0.0,0.0,0.0,0.0,13.0,False,False,G Schofield,D E Ferraris,128,1139.0,9.0,14-3/4,1:37.50,28.0,https://racing.hkjc.com/en-us/local/information/otherhorse?horseid=HK_2005_G081&Option=1,2026-09-04T15:30:21Z,https://racing.hkjc.com/en-us/local/information/archive/localresults?racedate=2006/01/07&racecourse=ST&RaceNo=9
ST_20060107_R09_HK_2002_C340,ST_20060107_R09,2006-01-07,ST,Sha Tin,9,304,KAM TIN HANDICAP,3,1600,80-60,GOOD TO FIRM,TURF,"TURF - ""C+3"" Course",750000,15,HK_2002_C340,13.0,WADADELIGHT,CC340,USA,Northern,,62,62,Bay,Gelding,Awad,Zeeling,Unreal Zeal Same,0,0,0,0,0,0.0,0.0,0.0,0.0,0.0,0.0,14.0,False,False,S K Sit,T K Ng,111,1033.0,8.0,17-1/2,1:37.90,99.0,https://racing.hkjc.com/en-us/local/information/otherhorse?horseid=HK_2002_C340&Option=1,2026-09-04T15:30:24Z,https://racing.hkjc.com/en-us/local/information/archive/localresults?racedate=2006/01/07&racecourse=ST&RaceNo=9
ST_20060107_R09_HK_2004_E251,ST_20060107_R09,2006-01-07,ST,Sha Tin,9,304,KAM TIN HANDICAP,3,1600,80-60,GOOD TO FIRM,TURF,"TURF - ""C+3"" Course",750000,15,HK_2004_E251,,SUDDEN SPLENDOR,CE251,IRE,Northern,,68,68,Bay,Gelding,Inchinor,Suddenly,Puissance Same,0,0,0,0,0,0.0,0.0,0.0,0.0,0.0,0.0,,False,False,O Doleuze,D Oughton,120,,,---,---,,https://racing.hkjc.com/en-us/local/information/otherhorse?horseid=HK_2004_E251&Option=1,2026-09-04T13:51:43Z,https://racing.hkjc.com/en-us/local/information/archive/localresults?racedate=2006/01/07&racecourse=ST&RaceNo=9
ST_20060107_R10_HK_2004_E071,ST_20060107_R10,2006-01-07,ST,Sha Tin,10,305,YUEN LONG HANDICAP,2,1800,95-75,GOOD TO FIRM,TURF,"TURF - ""C+3"" Course",1000000,14,HK_2004_E071,6,VERY FIT,CE071,AUS,Southern,,89,95,Bay / Brown,Gelding,Woodman,Jade Tiara,Bureaucracy Same,0,0,0,0,0,0.0,0.0,0.56,560000.0,0.0,560000.0,1,True,True,C Soumillon,A S Cruz,127,1231,14,---,1:49.00,22.0,https://racing.hkjc.com/en-us/local/information/otherhorse?horseid=HK_2004_E071&Option=1,2026-09-04T15:30:29Z,https://racing.hkjc.com/en-us/local/information/archive/localresults?racedate=2006/01/07&racecourse=ST&RaceNo=10
ST_20060107_R10_HK_2003_D177,ST_20060107_R10,2006-01-07,ST,Sha Tin,10,305,YUEN LONG HANDICAP,2,1800,95-75,GOOD TO FIRM,TURF,"TURF - ""C+3"" Course",1000000,14,HK_2003_D177,10,FASHION JEWELLERY,CD177,NZ,Southern,,82,85,Bay,Gelding,Entrepreneur,All Night Party,Just A Dancer Same,1,0,0,0,0,0.0,0.0,0.21,210000.0,0.0,210000.0,2,False,True,C Munce,J Size,120,1078,2,HD,1:49.00,6.8,https://racing.hkjc.com/en-us/local/information/otherhorse?horseid=HK_2003_D177&Option=1,2026-09-04T13:20:13Z,https://racing.hkjc.com/en-us/local/information/archive/localresults?racedate=2006/01/07&racecourse=ST&RaceNo=10
ST_20060107_R10_HK_2003_D323,ST_20060107_R10,2006-01-07,ST,Sha Tin,10,305,YUEN LONG HANDICAP,2,1800,95-75,GOOD TO FIRM,TURF,"TURF - ""C+3"" Course",1000000,14,HK_2003_D323,9,CLEAN SWEEP,CD323,AUS,Southern,,83.0,85.0,Bay,Gelding,End Sweep,Reigning Belle,Military Plume Same,0,0,0,0,0,0.0,0.0,0.115,115000.0,0.0,115000.0,3,False,True,D Whyte,J Size,121,1048,8,1/2,1:49.10,13.0,https://racing.hkjc.com/en-us/local/information/otherhorse?horseid=HK_2003_D323&Option=1,2026-09-04T15:30:32Z,https://racing.hkjc.com/en-us/local/information/archive/localresults?racedate=2006/01/07&racecourse=ST&RaceNo=10
ST_20060107_R10_HK_2003_D293,ST_20060107_R10,2006-01-07,ST,Sha Tin,10,305,YUEN LONG HANDICAP,2,1800,95-75,GOOD TO FIRM,TURF,"TURF - ""C+3"" Course",1000000,14,HK_2003_D293,3,NORTHERNER,CD293,FR,Northern,,91,91,Grey,Gelding,Loup Solitaire,Northern Mixa,Linamix Same,0,0,0,0,0,0.0,0.0,0.06,60000.0,0.0,60000.0,4,False,False,G Mosse,S Woods,129,962,7,2-1/2,1:49.40,10.0,https://racing.hkjc.com/en-us/local/information/otherhorse?horseid=HK_2003_D293&Option=1,2026-09-04T15:30:40Z,https://racing.hkjc.com/en-us/local/information/archive/localresults?racedate=2006/01/07&racecourse=ST&RaceNo=10
ST_20060107_R10_HK_2004_E134,ST_20060107_R10,2006-01-07,ST,Sha Tin,10,305,YUEN LONG HANDICAP,2,1800,95-75,GOOD TO FIRM,TURF,"TURF - ""C+3"" Course",1000000,14,HK_2004_E134,5,RICE FIELD,CE134,IRE,Northern,,89,89,Bay,Gelding,Imperial Ballet,Lypharden,Lyphard's Special Same,0,0,0,0,0,0.0,0.0,0.055,55000.0,0.0,55000.0,5,False,False,E Saint-Martin,J Moore,127,1093,10,3,1:49.40,3.2,https://racing.hkjc.com/en-us/local/information/otherhorse?horseid=HK_2004_E134&Option=1,2026-09-04T15:30:43Z,https://racing.hkjc.com/en-us/local/information/archive/localresults?racedate=2006/01/07&racecourse=ST&RaceNo=10
ST_20060107_R10_HK_2004_E089,ST_20060107_R10,2006-01-07,ST,Sha Tin,10,305,YUEN LONG HANDICAP,2,1800,95-75,GOOD TO FIRM,TURF,"TURF - ""C+3"" Course",1000000,14,HK_2004_E089,1,LEILATI,CE089,GB,Northern,,92,91,Bay,Gelding,Inchinor,Sumoto,Mtoto Same,0,0,0,0,0,0.0,0.0,0.0,0.0,0.0,0.0,6,False,False,R Fradd,D Oughton,130,1076,1,3-1/2,1:49.50,16.0,https://racing.hkjc.com/en-us/local/information/otherhorse?horseid=HK_2004_E089&Option=1,2026-09-04T15:30:46Z,https://racing.hkjc.com/en-us/local/information/archive/localresults?racedate=2006/01/07&racecourse=ST&RaceNo=10
ST_20060107_R10_HK_2003_D397,ST_20060107_R10,2006-01-07,ST,Sha Tin,10,305,YUEN LONG HANDICAP,2,1800,95-75,GOOD TO FIRM,TURF,"TURF - ""C+3"" Course",1000000,14,HK_2003_D397,2,LOTZATOW,CD397,NZ,Southern,,91,91,Bay,Gelding,Towkay,Maretto,Marceau Same,0,0,0,0,0,0.0,0.0,0.0,0.0,0.0,0.0,7,False,False,O Doleuze,K L Man,129,1061,9,3-3/4,1:49.60,6.0,https://racing.hkjc.com/en-us/local/information/otherhorse?horseid=HK_2003_D397&Option=1,2026-09-04T15:30:49Z,https://racing.hkjc.com/en-us/local/information/archive/localresults?racedate=2006/01/07&racecourse=ST&RaceNo=10
ST_20060107_R10_HK_2003_D372,ST_20060107_R10,2006-01-07,ST,Sha Tin,10,305,YUEN LONG HANDICAP,2,1800,95-75,GOOD TO FIRM,TURF,"TURF - ""C+3"" Course",1000000,14,HK_2003_D372,13,CLASSIC DELIGHT,CD372,AUS,Southern,,80,78,Bay,Gelding,Taos,Toora Loora,Indian Raj Same,0,0,0,0,0,0.0,0.0,0.0,0.0,0.0,0.0,8,False,False,S Dye,C S Shum,118,1134,11,4-1/4,1:49.60,19.0,https://racing.hkjc.com/en-us/local/information/otherhorse?horseid=HK_2003_D372&Option=1,2026-09-04T15:30:52Z,https://racing.hkjc.com/en-us/local/information/archive/localresults?racedate=2006/01/07&racecourse=ST&RaceNo=10
ST_20060107_R10_HK_2004_E177,ST_20060107_R10,2006-01-07,ST,Sha Tin,10,305,YUEN LONG HANDICAP,2,1800,95-75,GOOD TO FIRM,TURF,"TURF - ""C+3"" Course",1000000,14,HK_2004_E177,11,SOPRANO,CE177,IRE,Northern,,82,80,Bay,Gelding,Ali-Royal,Airport,Warpath Same,0,0,0,0,0,0.0,0.0,0.0,0.0,0.0,0.0,9,False,False,Y T Cheng,S Woods,118,982,6,4-3/4,1:49.70,55.0,https://racing.hkjc.com/en-us/local/information/otherhorse?horseid=HK_2004_E177&Option=1,2026-09-04T15:30:55Z,https://racing.hkjc.com/en-us/local/information/archive/localresults?racedate=2006/01/07&racecourse=ST&RaceNo=10
ST_20060107_R10_HK_2000_A196,ST_20060107_R10,2006-01-07,ST,Sha Tin,10,305,YUEN LONG HANDICAP,2,1800,95-75,GOOD TO FIRM,TURF,"TURF - ""C+3"" Course",1000000,14,HK_2000_A196,8,RED PEPPER,CA196,GB,Northern,,84,82,Bay,Gelding,Cadeaux Genereux,Final Shot,Dalsaan Same,0,0,0,0,0,0.0,0.0,0.0,0.0,0.0,0.0,10,False,False,A Delpech,D E Ferraris,122,1057,13,5,1:49.70,90.0,https://racing.hkjc.com/en-us/local/information/otherhorse?horseid=HK_2000_A196&Option=1,2026-09-04T15:30:58Z,https://racing.hkjc.com/en-us/local/information/archive/localresults?racedate=2006/01/07&racecourse=ST&RaceNo=10
ST_20060107_R10_HK_2001_B157,ST_20060107_R10,2006-01-07,ST,Sha Tin,10,305,YUEN LONG HANDICAP,2,1800,95-75,GOOD TO FIRM,TURF,"TURF - ""C+3"" Course",1000000,14,HK_2001_B157,14,AMBITIOUS TYCOON,CB157,GB,Northern,,78,77,Bay,Horse,Piccolo,Thorner Lane,Tina's Pet Same,0,0,0,0,0,0.0,0.0,0.0,0.0,0.0,0.0,11,False,False,C Brown,P O'Sullivan,117,1042,4,5,1:49.80,22.0,https://racing.hkjc.com/en-us/local/information/otherhorse?horseid=HK_2001_B157&Option=1,2026-09-04T15:31:01Z,https://racing.hkjc.com/en-us/local/information/archive/localresults?racedate=2006/01/07&racecourse=ST&RaceNo=10
ST_20060107_R10_HK_2003_D202,ST_20060107_R10,2006-01-07,ST,Sha Tin,10,305,YUEN LONG HANDICAP,2,1800,95-75,GOOD TO FIRM,TURF,"TURF - ""C+3"" Course",1000000,14,HK_2003_D202,12,COURAGEOUSHEART,CD202,AUS,Southern,,81.0,81.0,Chestnut,Gelding,Bianconi,Claiborne,Sir Tristram Same,0,0,0,0,0,0.0,0.0,0.0,0.0,0.0,0.0,12,False,False,B Prebble,J Moore,119,1111,12,5-1/2,1:49.80,13.0,https://racing.hkjc.com/en-us/local/information/otherhorse?horseid=HK_2003_D202&Option=1,2026-09-04T15:31:03Z,https://racing.hkjc.com/en-us/local/information/archive/localresults?racedate=2006/01/07&racecourse=ST&RaceNo=10
ST_20060107_R10_HK_2002_C134,ST_20060107_R10,2006-01-07,ST,Sha Tin,10,305,YUEN LONG HANDICAP,2,1800,95-75,GOOD TO FIRM,TURF,"TURF - ""C+3"" Course",1000000,14,HK_2002_C134,4,EQUATOR KID,CC134,AUS,Southern,,89,89,Bay,Gelding,Kenvain,Kadidja,Lord Seymour Same,0,0,0,0,0,0.0,0.0,0.0,0.0,0.0,0.0,13,False,False,H W Lai,Y S Tsui,120,1136,5,6,1:49.90,14.0,https://racing.hkjc.com/en-us/local/information/otherhorse?horseid=HK_2002_C134&Option=1,2026-09-04T15:31:07Z,https://racing.hkjc.com/en-us/local/information/archive/localresults?racedate=2006/01/07&racecourse=ST&RaceNo=10
ST_20060107_R10_HK_2002_C103,ST_20060107_R10,2006-01-07,ST,Sha Tin,10,305,YUEN LONG HANDICAP,2,1800,95-75,GOOD TO FIRM,TURF,"TURF - ""C+3"" Course",1000000,14,HK_2002_C103,7,LUCKY SIXER,CC103,IRE,Northern,,88.0,86.0,Bay,Gelding,Marju,Aste Nagusia,Storm Bird Same,0,0,0,0,0,0.0,0.0,0.0,0.0,0.0,0.0,14,False,False,C W Wong,C H Yip,116,1151,3,16,1:51.50,20.0,https://racing.hkjc.com/en-us/local/information/otherhorse?horseid=HK_2002_C103&Option=1,2026-09-04T15:31:09Z,https://racing.hkjc.com/en-us/local/information/archive/localresults?racedate=2006/01/07&racecourse=ST&RaceNo=10
HV_20060111_R01_HK_2003_D195,HV_20060111_R01,2006-01-11,HV,Happy Valley,1,306,HARCOURT HANDICAP,5,1650,40-15,GOOD TO FIRM,TURF,"TURF - ""B"" Course",450000,12,HK_2003_D195,10,CAPABEL,CD195,IRE,Northern,,28,33,Bay,Gelding,Cape Cross,Belsay,Belmez Same,1,0,0,0,0,0.0,0.0,0.56,252000.0,24750.0,276750.0,1.0,True,True,C Munce,P O'Sullivan,118,1069,12,---,1:42.20,12.0,https://racing.hkjc.com/en-us/local/information/otherhorse?horseid=HK_2003_D195&Option=1,2026-09-04T13:16:12Z,https://racing.hkjc.com/en-us/local/information/archive/localresults?racedate=2006/01/11&racecourse=HV&RaceNo=1
HV_20060111_R01_HK_2002_C143,HV_20060111_R01,2006-01-11,HV,Happy Valley,1,306,HARCOURT HANDICAP,5,1650,40-15,GOOD TO FIRM,TURF,"TURF - ""B"" Course",450000,12,HK_2002_C143,7,LUCKY ENCOUNTER,CC143,AUS,Southern,,31,33,Bay,Gelding,Encounter,Old Colony,Pleasant Colony Same,0,0,0,0,0,0.0,0.0,0.21,94500.0,0.0,94500.0,2.0,False,True,C Soumillon,J Moore,121,1001,4,1/2,1:42.30,3.5,https://racing.hkjc.com/en-us/local/information/otherhorse?horseid=HK_2002_C143&Option=1,2026-09-04T15:45:39Z,https://racing.hkjc.com/en-us/local/information/archive/localresults?racedate=2006/01/11&racecourse=HV&RaceNo=1
HV_20060111_R01_HK_2002_C148,HV_20060111_R01,2006-01-11,HV,Happy Valley,1,306,HARCOURT HANDICAP,5,1650,40-15,GOOD TO FIRM,TURF,"TURF - ""B"" Course",450000,12,HK_2002_C148,5,BAYVIEW LAD,CC148,AUS,Southern,,35,37,Chestnut,Gelding,Nediym,Sandakan,Squill Same,0,0,0,0,0,0.0,0.0,0.115,51750.0,0.0,51750.0,3.0,False,True,S Dye,C S Shum,125,1078,11,1/2,1:42.30,15.0,https://racing.hkjc.com/en-us/local/information/otherhorse?horseid=HK_2002_C148&Option=1,2026-09-04T13:51:01Z,https://racing.hkjc.com/en-us/local/information/archive/localresults?racedate=2006/01/11&racecourse=HV&RaceNo=1
HV_20060111_R01_HK_1999_V228,HV_20060111_R01,2006-01-11,HV,Happy Valley,1,306,HARCOURT HANDICAP,5,1650,40-15,GOOD TO FIRM,TURF,"TURF - ""B"" Course",450000,12,HK_1999_V228,8,MILLENNIUM SUPREME,BV228,IRE,Northern,,30.0,31.0,Bay,Gelding,Marju,Naiadoora,Ahonoora Same,0,0,0,0,0,0.0,0.0,0.06,27000.0,0.0,27000.0,4.0,False,False,Y T Cheng,B K Ng,118,1171,2,1-1/4,1:42.40,14.0,https://racing.hkjc.com/en-us/local/information/otherhorse?horseid=HK_1999_V228&Option=1,2026-09-04T13:50:50Z,https://racing.hkjc.com/en-us/local/information/archive/localresults?racedate=2006/01/11&racecourse=HV&RaceNo=1
HV_20060111_R01_HK_2003_D083,HV_20060111_R01,2006-01-11,HV,Happy Valley,1,306,HARCOURT HANDICAP,5,1650,40-15,GOOD TO FIRM,TURF,"TURF - ""B"" Course",450000,12,HK_2003_D083,12,WAVY PEAK,CD083,IRE,Northern,,28,28,Chestnut,Gelding,Desert Prince,Just An Illusion,Shernazar Same,0,0,0,0,0,0.0,0.0,0.055,24750.0,0.0,24750.0,5.0,False,False,H K Yim,T W Leung,116,1115,3,1-1/2,1:42.40,46.0,https://racing.hkjc.com/en-us/local/information/otherhorse?horseid=HK_2003_D083&Option=1,2026-09-04T15:45:42Z,https://racing.hkjc.com/en-us/local/information/archive/localresults?racedate=2006/01/11&racecourse=HV&RaceNo=1
HV_20060111_R01_HK_2002_C022,HV_20060111_R01,2006-01-11,HV,Happy Valley,1,306,HARCOURT HANDICAP,5,1650,40-15,GOOD TO FIRM,TURF,"TURF - ""B"" Course",450000,12,HK_2002_C022,6,NOBLE VICTORY,CC022,NZ,Southern,,35,34,Grey,Gelding,Kashani,Attempting,Try My Best Same,0,0,0,0,0,0.0,0.0,0.0,0.0,0.0,0.0,6.0,False,False,F Coetzee,C Fownes,125,998,9,2-1/2,1:42.60,19.0,https://racing.hkjc.com/en-us/local/information/otherhorse?horseid=HK_2002_C022&Option=1,2026-09-04T15:45:45Z,https://racing.hkjc.com/en-us/local/information/archive/localresults?racedate=2006/01/11&racecourse=HV&RaceNo=1
HV_20060111_R01_HK_2001_B324,HV_20060111_R01,2006-01-11,HV,Happy Valley,1,306,HARCOURT HANDICAP,5,1650,40-15,GOOD TO FIRM,TURF,"TURF - ""B"" Course",450000,12,HK_2001_B324,4,JUSTINIAN,CB324,AUS,Southern,,39,37,Bay,Gelding,Danehill,Farrara,Fast Topaze Same,0,0,0,0,0,0.0,0.0,0.0,0.0,0.0,0.0,7.0,False,False,G Schofield,D E Ferraris,129,1070,1,3-3/4,1:42.80,7.1,https://racing.hkjc.com/en-us/local/information/otherhorse?horseid=HK_2001_B324&Option=1,2026-09-04T13:50:56Z,https://racing.hkjc.com/en-us/local/information/archive/localresults?racedate=2006/01/11&racecourse=HV&RaceNo=1
HV_20060111_R01_HK_2002_C329,HV_20060111_R01,2006-01-11,HV,Happy Valley,1,306,HARCOURT HANDICAP,5,1650,40-15,GOOD TO FIRM,TURF,"TURF - ""B"" Course",450000,12,HK_2002_C329,2,A BETTER DRAGON,CC329,NZ,Southern,,39,36,Bay,Gelding,Truly Vain,Jean Gene,Kingsbridge Same,0,0,0,0,0,0.0,0.0,0.0,0.0,0.0,0.0,8.0,False,False,D Whyte,K L Man,129,1124,8,4-1/2,1:42.90,7.4,https://racing.hkjc.com/en-us/local/information/otherhorse?horseid=HK_2002_C329&Option=1,2026-09-04T13:50:59Z,https://racing.hkjc.com/en-us/local/information/archive/localresults?racedate=2006/01/11&racecourse=HV&RaceNo=1
HV_20060111_R01_HK_2001_B414,HV_20060111_R01,2006-01-11,HV,Happy Valley,1,306,HARCOURT HANDICAP,5,1650,40-15,GOOD TO FIRM,TURF,"TURF - ""B"" Course",450000,12,HK_2001_B414,11,THE FACULTY,CB414,NZ,Southern,,28,26,Chestnut,Gelding,Felix The Cat,Playing Fun,St Hilarion Same,0,0,0,0,0,0.0,0.0,0.0,0.0,0.0,0.0,9.0,False,False,R Fradd,C W Chang,118,1064,7,6,1:43.20,13.0,https://racing.hkjc.com/en-us/local/information/otherhorse?horseid=HK_2001_B414&Option=1,2026-09-04T15:45:47Z,https://racing.hkjc.com/en-us/local/information/archive/localresults?racedate=2006/01/11&racecourse=HV&RaceNo=1
HV_20060111_R01_HK_2002_C241,HV_20060111_R01,2006-01-11,HV,Happy Valley,1,306,HARCOURT HANDICAP,5,1650,40-15,GOOD TO FIRM,TURF,"TURF - ""B"" Course",450000,12,HK_2002_C241,1,ATHLETIC GOLD,CC241,NZ,Southern,,40,37,Chestnut,Gelding,Gold Brose,Sportsgirl Miss,Jugah Same,0,0,0,0,0,0.0,0.0,0.0,0.0,0.0,0.0,10.0,False,False,G Mosse,S Woods,130,971,10,7-1/4,1:43.40,19.0,https://racing.hkjc.com/en-us/local/information/otherhorse?horseid=HK_2002_C241&Option=1,2026-09-04T15:45:50Z,https://racing.hkjc.com/en-us/local/information/archive/localresults?racedate=2006/01/11&racecourse=HV&RaceNo=1
HV_20060111_R01_HK_2001_B455,HV_20060111_R01,2006-01-11,HV,Happy Valley,1,306,HARCOURT HANDICAP,5,1650,40-15,GOOD TO FIRM,TURF,"TURF - ""B"" Course",450000,12,HK_2001_B455,9,KID GALAXY,CB455,NZ,Southern,,29,27,Bay,Gelding,Dehere,Kiwi Magic,Vice Regal Same,0,0,0,0,0,0.0,0.0,0.0,0.0,0.0,0.0,11.0,False,False,A Delpech,A T Millard,119,1106,5,7-1/2,1:43.40,4.7,https://racing.hkjc.com/en-us/local/information/otherhorse?horseid=HK_2001_B455&Option=1,2026-09-04T15:45:53Z,https://racing.hkjc.com/en-us/local/information/archive/localresults?racedate=2006/01/11&racecourse=HV&RaceNo=1
HV_20060111_R01_HK_2004_E166,HV_20060111_R01,2006-01-11,HV,Happy Valley,1,306,HARCOURT HANDICAP,5,1650,40-15,GOOD TO FIRM,TURF,"TURF - ""B"" Course",450000,12,HK_2004_E166,3,EXCELLENT DAY,CE166,AUS,Southern,,39.0,39.0,Brown,Gelding,Encosta de Lago,Lady Of Perfection,Top Of The Pack Same,0,0,0,0,0,0.0,0.0,0.0,0.0,0.0,0.0,,False,False,K S Yu,A Lee,126,1089,6,---,---,40.0,https://racing.hkjc.com/en-us/local/information/otherhorse?horseid=HK_2004_E166&Option=1,2026-09-04T15:45:56Z,https://racing.hkjc.com/en-us/local/information/archive/localresults?racedate=2006/01/11&racecourse=HV&RaceNo=1
HV_20060111_R02_HK_2001_B043,HV_20060111_R02,2006-01-11,HV,Happy Valley,2,307,EDINBURGH HANDICAP,5,1000,40-15,GOOD TO FIRM,TURF,"TURF - ""B"" Course",450000,12,HK_2001_B043,11,HORACE'S HORSE,CB043,NZ,Southern,,31,36,Chestnut,Gelding,Green Perfume,Deputise,Deputy Governor Same,0,0,0,0,0,0.0,0.0,0.56,252000.0,0.0,252000.0,1,True,True,S Dye,C Fownes,120,1166,3,---,0:58.00,4.7,https://racing.hkjc.com/en-us/local/information/otherhorse?horseid=HK_2001_B043&Option=1,2026-09-04T15:46:01Z,https://racing.hkjc.com/en-us/local/information/archive/localresults?racedate=2006/01/11&racecourse=HV&RaceNo=2
HV_20060111_R02_HK_2000_A226,HV_20060111_R02,2006-01-11,HV,Happy Valley,2,307,EDINBURGH HANDICAP,5,1000,40-15,GOOD TO FIRM,TURF,"TURF - ""B"" Course",450000,12,HK_2000_A226,2,THUNDER STORM,CA226,AUS,Southern,,40,43,Brown,Gelding,Jade Hunter,Birubi Princess,Wronsky Same,0,0,0,0,0,0.0,0.0,0.21,94500.0,0.0,94500.0,2,False,True,Y T Cheng,B K Ng,127,1127,6,SH,0:58.00,20.0,https://racing.hkjc.com/en-us/local/information/otherhorse?horseid=HK_2000_A226&Option=1,2026-09-04T15:46:04Z,https://racing.hkjc.com/en-us/local/information/archive/localresults?racedate=2006/01/11&racecourse=HV&RaceNo=2
HV_20060111_R02_HK_2000_A385,HV_20060111_R02,2006-01-11,HV,Happy Valley,2,307,EDINBURGH HANDICAP,5,1000,40-15,GOOD TO FIRM,TURF,"TURF - ""B"" Course",450000,12,HK_2000_A385,9,FORTUNE MAPLE,CA385,AUS,Southern,,34,36,Bay,Gelding,Danzig Connection,Shining Icon,Godswalk Same,0,0,0,0,0,0.0,0.0,0.115,51750.0,0.0,51750.0,3,False,True,E Saint-Martin,D E Ferraris,123,1148,1,N,0:58.00,12.0,https://racing.hkjc.com/en-us/local/information/otherhorse?horseid=HK_2000_A385&Option=1,2026-09-04T15:46:07Z,https://racing.hkjc.com/en-us/local/information/archive/localresults?racedate=2006/01/11&racecourse=HV&RaceNo=2
HV_20060111_R02_HK_2004_E025,HV_20060111_R02,2006-01-11,HV,Happy Valley,2,307,EDINBURGH HANDICAP,5,1000,40-15,GOOD TO FIRM,TURF,"TURF - ""B"" Course",450000,12,HK_2004_E025,8,CONSTELLATION,CE025,AUS,Southern,,34,35,Chestnut,Gelding,General Nediym,Petagina,Perugino Same,0,0,0,0,0,0.0,0.0,0.06,27000.0,0.0,27000.0,4,False,False,C Soumillon,J Moore,123,1186,4,1,0:58.10,2.7,https://racing.hkjc.com/en-us/local/information/otherhorse?horseid=HK_2004_E025&Option=1,2026-09-04T15:46:10Z,https://racing.hkjc.com/en-us/local/information/archive/localresults?racedate=2006/01/11&racecourse=HV&RaceNo=2
HV_20060111_R02_HK_2003_D356,HV_20060111_R02,2006-01-11,HV,Happy Valley,2,307,EDINBURGH HANDICAP,5,1000,40-15,GOOD TO FIRM,TURF,"TURF - ""B"" Course",450000,12,HK_2003_D356,7,WYNDAM PLENTY,CD356,AUS,Southern,,38.0,39,Bay / Brown,Gelding,Secret Savings,Jodetta,New Regent Same,0,0,0,0,0,0.0,0.0,0.055,24750.0,0.0,24750.0,5,False,False,A Delpech,C W Chang,127,1098,12,1,0:58.20,7.8,https://racing.hkjc.com/en-us/local/information/otherhorse?horseid=HK_2003_D356&Option=1,2026-09-04T15:46:13Z,https://racing.hkjc.com/en-us/local/information/archive/localresults?racedate=2006/01/11&racecourse=HV&RaceNo=2
HV_20060111_R02_HK_2001_B377,HV_20060111_R02,2006-01-11,HV,Happy Valley,2,307,EDINBURGH HANDICAP,5,1000,40-15,GOOD TO FIRM,TURF,"TURF - ""B"" Course",450000,12,HK_2001_B377,6,WISDOM EXPRESS,CB377,NZ,Southern,,38.0,38,Chestnut,Gelding,Woodbury Lad,Summer Time Blue,Blue Razor Same,1,0,0,0,0,0.0,0.0,0.0,0.0,27000.0,27000.0,6,False,False,B Prebble,A T Millard,127,1094,9,1-3/4,0:58.30,16.0,https://racing.hkjc.com/en-us/local/information/otherhorse?horseid=HK_2001_B377&Option=1,2026-09-04T13:15:01Z,https://racing.hkjc.com/en-us/local/information/archive/localresults?racedate=2006/01/11&racecourse=HV&RaceNo=2
HV_20060111_R02_HK_2002_C279,HV_20060111_R02,2006-01-11,HV,Happy Valley,2,307,EDINBURGH HANDICAP,5,1000,40-15,GOOD TO FIRM,TURF,"TURF - ""B"" Course",450000,12,HK_2002_C279,12,FREE WAY,CC279,NZ,Southern,,30,29,Chestnut,Gelding,Volksraad,Mimosa,Star Way Same,0,0,0,0,0,0.0,0.0,0.0,0.0,0.0,0.0,7,False,False,O Doleuze,C H Yip,119,1082,7,2,0:58.30,34.0,https://racing.hkjc.com/en-us/local/information/otherhorse?horseid=HK_2002_C279&Option=1,2026-09-04T15:46:16Z,https://racing.hkjc.com/en-us/local/information/archive/localresults?racedate=2006/01/11&racecourse=HV&RaceNo=2
HV_20060111_R02_HK_2002_C094,HV_20060111_R02,2006-01-11,HV,Happy Valley,2,307,EDINBURGH HANDICAP,5,1000,40-15,GOOD TO FIRM,TURF,"TURF - ""B"" Course",450000,12,HK_2002_C094,4,SILLY BOY,CC094,AUS,Southern,,39,37,Chestnut,Gelding,Secret Savings,Jodetta,New Regent Same,0,0,0,0,0,0.0,0.0,0.0,0.0,0.0,0.0,8,False,False,G Schofield,C S Shum,128,1218,5,2-1/4,0:58.30,7.7,https://racing.hkjc.com/en-us/local/information/otherhorse?horseid=HK_2002_C094&Option=1,2026-09-04T15:46:19Z,https://racing.hkjc.com/en-us/local/information/archive/localresults?racedate=2006/01/11&racecourse=HV&RaceNo=2
HV_20060111_R02_HK_2003_D342,HV_20060111_R02,2006-01-11,HV,Happy Valley,2,307,EDINBURGH HANDICAP,5,1000,40-15,GOOD TO FIRM,TURF,"TURF - ""B"" Course",450000,12,HK_2003_D342,3,TURF GOLD,CD342,AUS,Southern,,40,38,Bay,Gelding,Danzero,Elegant Beauty,Sir Tristram Same,0,0,0,0,0,0.0,0.0,0.0,0.0,0.0,0.0,9,False,False,H W Lai,L Ho,122,1059,2,2-1/4,0:58.30,25.0,https://racing.hkjc.com/en-us/local/information/otherhorse?horseid=HK_2003_D342&Option=1,2026-09-04T13:50:53Z,https://racing.hkjc.com/en-us/local/information/archive/localresults?racedate=2006/01/11&racecourse=HV&RaceNo=2
HV_20060111_R02_HK_2002_C193,HV_20060111_R02,2006-01-11,HV,Happy Valley,2,307,EDINBURGH HANDICAP,5,1000,40-15,GOOD TO FIRM,TURF,"TURF - ""B"" Course",450000,12,HK_2002_C193,1,HEALTHY FRUITS,CC193,IRE,Northern,,40,38,Bay,Gelding,Danehill,Trust In Luck,Nashwan Same,0,0,0,0,0,0.0,0.0,0.0,0.0,0.0,0.0,10,False,False,D Whyte,K L Man,129,1026,11,4,0:58.60,12.0,https://racing.hkjc.com/en-us/local/information/otherhorse?horseid=HK_2002_C193&Option=1,2026-09-04T13:52:42Z,https://racing.hkjc.com/en-us/local/information/archive/localresults?racedate=2006/01/11&racecourse=HV&RaceNo=2
HV_20060111_R02_HK_2001_B220,HV_20060111_R02,2006-01-11,HV,Happy Valley,2,307,EDINBURGH HANDICAP,5,1000,40-15,GOOD TO FIRM,TURF,"TURF - ""B"" Course",450000,12,HK_2001_B220,10,FLASH MAC,CB220,NZ,Southern,,33.0,32,Bay,Gelding,Pompeii Court,Tender Moments,Famous Star Same,0,0,0,0,0,0.0,0.0,0.0,0.0,0.0,0.0,11,False,False,C Munce,D Oughton,122,1110,10,6-3/4,0:59.10,38.0,https://racing.hkjc.com/en-us/local/information/otherhorse?horseid=HK_2001_B220&Option=1,2026-09-04T15:46:21Z,https://racing.hkjc.com/en-us/local/information/archive/localresults?racedate=2006/01/11&racecourse=HV&RaceNo=2
HV_20060111_R02_HK_1999_V102,HV_20060111_R02,2006-01-11,HV,Happy Valley,2,307,EDINBURGH HANDICAP,5,1000,40-15,GOOD TO FIRM,TURF,"TURF - ""B"" Course",450000,12,HK_1999_V102,5,RARE COLLECTION,BV102,USA,Northern,,38.0,36.0,Chestnut,Gelding,Gilded Time,Neforrest,Green Forest Same,0,0,0,0,0,0.0,0.0,0.0,0.0,0.0,0.0,12,False,False,K S Yu,Y O Wong,124,1151,8,10-1/4,0:59.60,99.0,https://racing.hkjc.com/en-us/local/information/otherhorse?horseid=HK_1999_V102&Option=1,2026-09-04T15:46:24Z,https://racing.hkjc.com/en-us/local/information/archive/localresults?racedate=2006/01/11&racecourse=HV&RaceNo=2
HV_20060111_R03_HK_2004_E288,HV_20060111_R03,2006-01-11,HV,Happy Valley,3,308,CONNAUGHT HANDICAP,4,1200,60-40,GOOD TO FIRM,TURF,"TURF - ""B"" Course",570000,12,HK_2004_E288,2,DR POSSI,CE288,AUS,Southern,,57,64,Bay,Gelding,Flying Spur,Skip Along Jolie,Skip Trial Same,0,0,0,0,0,0.0,0.0,0.56,319200.0,0.0,319200.0,1,True,True,D Whyte,C H Yip,130,1141,7,---,1:10.70,1.9,https://racing.hkjc.com/en-us/local/information/otherhorse?horseid=HK_2004_E288&Option=1,2026-09-04T15:46:29Z,https://racing.hkjc.com/en-us/local/information/archive/localresults?racedate=2006/01/11&racecourse=HV&RaceNo=3
HV_20060111_R03_HK_2004_E169,HV_20060111_R03,2006-01-11,HV,Happy Valley,3,308,CONNAUGHT HANDICAP,4,1200,60-40,GOOD TO FIRM,TURF,"TURF - ""B"" Course",570000,12,HK_2004_E169,10,HAPPY SUNDAY,CE169,AUS,Southern,,45.0,50,Bay,Gelding,Danehill,Tregurrian,Rory's Jester Same,0,0,0,0,0,0.0,0.0,0.21,119700.0,0.0,119700.0,2,False,True,G Mosse,A Lee,120,1071,5,N,1:10.80,12.0,https://racing.hkjc.com/en-us/local/information/otherhorse?horseid=HK_2004_E169&Option=1,2026-09-04T15:46:32Z,https://racing.hkjc.com/en-us/local/information/archive/localresults?racedate=2006/01/11&racecourse=HV&RaceNo=3
HV_20060111_R03_HK_2001_B165,HV_20060111_R03,2006-01-11,HV,Happy Valley,3,308,CONNAUGHT HANDICAP,4,1200,60-40,GOOD TO FIRM,TURF,"TURF - ""B"" Course",570000,12,HK_2001_B165,4,EUPHORIC KID,CB165,NZ,Southern,,54.0,54.0,Bay,Gelding,Flying Spur,Vaguely Famous,Famous Star Same,0,0,0,0,0,0.0,0.0,0.115,65550.0,0.0,65550.0,3,False,True,B Prebble,D J Hall,127,1065,4,2,1:11.00,14.0,https://racing.hkjc.com/en-us/local/information/otherhorse?horseid=HK_2001_B165&Option=1,2026-09-04T15:46:35Z,https://racing.hkjc.com/en-us/local/information/archive/localresults?racedate=2006/01/11&racecourse=HV&RaceNo=3
HV_20060111_R03_HK_2004_E007,HV_20060111_R03,2006-01-11,HV,Happy Valley,3,308,CONNAUGHT HANDICAP,4,1200,60-40,GOOD TO FIRM,TURF,"TURF - ""B"" Course",570000,12,HK_2004_E007,6,RED STORM RISING,CE007,NZ,Southern,,54,54,Bay,Gelding,Faltaat,Enrichment,Straight Strike Same,0,0,0,0,0,0.0,0.0,0.06,34200.0,0.0,34200.0,4,False,False,C Munce,P O'Sullivan,127,1093,11,2-1/2,1:11.10,20.0,https://racing.hkjc.com/en-us/local/information/otherhorse?horseid=HK_2004_E007&Option=1,2026-09-04T15:46:38Z,https://racing.hkjc.com/en-us/local/information/archive/localresults?racedate=2006/01/11&racecourse=HV&RaceNo=3
HV_20060111_R03_HK_2005_G017,HV_20060111_R03,2006-01-11,HV,Happy Valley,3,308,CONNAUGHT HANDICAP,4,1200,60-40,GOOD TO FIRM,TURF,"TURF - ""B"" Course",570000,12,HK_2005_G017,9,MY PRIDE,CG017,AUS,Southern,,50,49,Brown,Gelding,Perugino,Constant Kariette,Pine Circle Same,0,0,0,0,0,0.0,0.0,0.055,31350.0,0.0,31350.0,5,False,False,O Doleuze,K L Man,123,1098,8,2-1/2,1:11.10,99.0,https://racing.hkjc.com/en-us/local/information/otherhorse?horseid=HK_2005_G017&Option=1,2026-09-04T15:46:41Z,https://racing.hkjc.com/en-us/local/information/archive/localresults?racedate=2006/01/11&racecourse=HV&RaceNo=3
HV_20060111_R03_HK_2002_C033,HV_20060111_R03,2006-01-11,HV,Happy Valley,3,308,CONNAUGHT HANDICAP,4,1200,60-40,GOOD TO FIRM,TURF,"TURF - ""B"" Course",570000,12,HK_2002_C033,12,SURE FORTUNE,CC033,USA,Northern,,41,41,Chestnut,Gelding,Thunder Gulch,Her She Shawklit,Air Forbes Won Same,0,0,0,0,0,0.0,0.0,0.0,0.0,0.0,0.0,6,False,False,H W Lai,A T Millard,107,1093,6,3,1:11.20,32.0,https://racing.hkjc.com/en-us/local/information/otherhorse?horseid=HK_2002_C033&Option=1,2026-09-04T15:46:44Z,https://racing.hkjc.com/en-us/local/information/archive/localresults?racedate=2006/01/11&racecourse=HV&RaceNo=3
HV_20060111_R03_HK_2005_G072,HV_20060111_R03,2006-01-11,HV,Happy Valley,3,308,CONNAUGHT HANDICAP,4,1200,60-40,GOOD TO FIRM,TURF,"TURF - ""B"" Course",570000,12,HK_2005_G072,8,WHIPLASH,CG072,NZ,Southern,,51,50,Bay,Gelding,O'Reilly,Soleil Vite,Desert Sun Same,0,0,0,0,0,0.0,0.0,0.0,0.0,0.0,0.0,7,False,False,G Schofield,C Fownes,124,1127,2,3-1/4,1:11.20,10.0,https://racing.hkjc.com/en-us/local/information/otherhorse?horseid=HK_2005_G072&Option=1,2026-09-04T15:46:47Z,https://racing.hkjc.com/en-us/local/information/archive/localresults?racedate=2006/01/11&racecourse=HV&RaceNo=3
HV_20060111_R03_HK_2005_G045,HV_20060111_R03,2006-01-11,HV,Happy Valley,3,308,CONNAUGHT HANDICAP,4,1200,60-40,GOOD TO FIRM,TURF,"TURF - ""B"" Course",570000,12,HK_2005_G045,7,ACTIVE VALOUR,CG045,AUS,Southern,,52,52,Bay,Gelding,Dangerous,Precious Few,Will Dancer Same,0,0,0,0,0,0.0,0.0,0.0,0.0,0.0,0.0,8,False,False,R Fradd,B K Ng,125,1038,12,3-1/4,1:11.20,81.0,https://racing.hkjc.com/en-us/local/information/otherhorse?horseid=HK_2005_G045&Option=1,2026-09-04T15:46:50Z,https://racing.hkjc.com/en-us/local/information/archive/localresults?racedate=2006/01/11&racecourse=HV&RaceNo=3
HV_20060111_R03_HK_2002_C118,HV_20060111_R03,2006-01-11,HV,Happy Valley,3,308,CONNAUGHT HANDICAP,4,1200,60-40,GOOD TO FIRM,TURF,"TURF - ""B"" Course",570000,12,HK_2002_C118,5,KING PALM,CC118,AUS,Southern,,54,53,Bay,Gelding,Barathea,Follow The Fashion,Sir Tristram Same,0,0,0,0,0,0.0,0.0,0.0,0.0,0.0,0.0,9,False,False,C Soumillon,Y O Wong,127,1195,10,5,1:11.50,21.0,https://racing.hkjc.com/en-us/local/information/otherhorse?horseid=HK_2002_C118&Option=1,2026-09-04T15:46:53Z,https://racing.hkjc.com/en-us/local/information/archive/localresults?racedate=2006/01/11&racecourse=HV&RaceNo=3
HV_20060111_R03_HK_2003_D347,HV_20060111_R03,2006-01-11,HV,Happy Valley,3,308,CONNAUGHT HANDICAP,4,1200,60-40,GOOD TO FIRM,TURF,"TURF - ""B"" Course",570000,12,HK_2003_D347,1,CHOSEN ONE,CD347,NZ,Southern,,57,56,Bay,Gelding,Orpen,Al Katcha,Al Hareb Same,0,0,0,0,0,0.0,0.0,0.0,0.0,0.0,0.0,10,False,False,A Delpech,D E Ferraris,130,1098,1,5-1/4,1:11.50,6.5,https://racing.hkjc.com/en-us/local/information/otherhorse?horseid=HK_2003_D347&Option=1,2026-09-04T15:46:56Z,https://racing.hkjc.com/en-us/local/information/archive/localresults?racedate=2006/01/11&racecourse=HV&RaceNo=3
HV_20060111_R03_HK_2004_E006,HV_20060111_R03,2006-01-11,HV,Happy Valley,3,308,CONNAUGHT HANDICAP,4,1200,60-40,GOOD TO FIRM,TURF,"TURF - ""B"" Course",570000,12,HK_2004_E006,11,FUJIAN PRINCE,CE006,AUS,Southern,,42,41,Bay,Gelding,Desert King,Perfect Portrait,Zoffany Same,0,0,0,0,0,0.0,0.0,0.0,0.0,0.0,0.0,11,False,False,Y T Cheng,D Cruz,113,1109,3,5-3/4,1:11.60,8.1,https://racing.hkjc.com/en-us/local/information/otherhorse?horseid=HK_2004_E006&Option=1,2026-09-04T15:46:58Z,https://racing.hkjc.com/en-us/local/information/archive/localresults?racedate=2006/01/11&racecourse=HV&RaceNo=3
HV_20060111_R03_HK_2000_A343,HV_20060111_R03,2006-01-11,HV,Happy Valley,3,308,CONNAUGHT HANDICAP,4,1200,60-40,GOOD TO FIRM,TURF,"TURF - ""B"" Course",570000,12,HK_2000_A343,3,GOLDEN STRIDE,CA343,IRE,Northern,,56.0,54.0,Bay,Gelding,Perugino,Trilby's Dream,Mansooj Same,0,0,0,0,0,0.0,0.0,0.0,0.0,0.0,0.0,12,False,False,S K Sit,P F Yiu,126,1173,9,8-3/4,1:12.10,89.0,https://racing.hkjc.com/en-us/local/information/otherhorse?horseid=HK_2000_A343&Option=1,2026-09-04T13:52:25Z,https://racing.hkjc.com/en-us/local/information/archive/localresults?racedate=2006/01/11&racecourse=HV&RaceNo=3
HV_20060111_R04_HK_2001_B275,HV_20060111_R04,2006-01-11,HV,Happy Valley,4,309,THE RED ROOM HANDICAP,3,1650,75-60,GOOD TO FIRM,TURF,"TURF - ""B"" Course",750000,13,HK_2001_B275,3.0,TAKING THE LEAD,CB275,NZ,Southern,,71.0,77,Bay,Gelding,Danehill,Gimmick,Sir Tristram Same,0,0,0,0,0,0.0,0.0,0.56,420000.0,0.0,420000.0,1.0,True,True,O Doleuze,K L Man,125,977.0,1.0,---,1:40.50,14.0,https://racing.hkjc.com/en-us/local/information/otherhorse?horseid=HK_2001_B275&Option=1,2026-09-04T15:47:04Z,https://racing.hkjc.com/en-us/local/information/archive/localresults?racedate=2006/01/11&racecourse=HV&RaceNo=4
HV_20060111_R04_HK_2004_E158,HV_20060111_R04,2006-01-11,HV,Happy Valley,4,309,THE RED ROOM HANDICAP,3,1650,75-60,GOOD TO FIRM,TURF,"TURF - ""B"" Course",750000,13,HK_2004_E158,6.0,MILLION SUCCESS,CE158,NZ,Southern,,68,71,Bay / Brown,Horse,Kilimanjaro,Assuage,Straight Strike Same,0,0,0,0,0,0.0,0.0,0.21,157500.0,0.0,157500.0,2.0,False,True,B Prebble,D J Hall,122,1049.0,9.0,N,1:40.50,11.0,https://racing.hkjc.com/en-us/local/information/otherhorse?horseid=HK_2004_E158&Option=1,2026-09-04T15:47:07Z,https://racing.hkjc.com/en-us/local/information/archive/localresults?racedate=2006/01/11&racecourse=HV&RaceNo=4
HV_20060111_R04_HK_2003_D237,HV_20060111_R04,2006-01-11,HV,Happy Valley,4,309,THE RED ROOM HANDICAP,3,1650,75-60,GOOD TO FIRM,TURF,"TURF - ""B"" Course",750000,13,HK_2003_D237,7.0,MILITARY OPTION,CD237,USA,Northern,,73,75,Bay,Gelding,Red Ransom,Comfort And Style,Be My Guest Same,1,0,0,0,0,0.0,0.0,0.115,86250.0,0.0,86250.0,3.0,False,True,G Mosse,C Fownes,127,1109.0,4.0,1/2,1:40.60,7.2,https://racing.hkjc.com/en-us/local/information/otherhorse?horseid=HK_2003_D237&Option=1,2026-09-04T15:12:50Z,https://racing.hkjc.com/en-us/local/information/archive/localresults?racedate=2006/01/11&racecourse=HV&RaceNo=4
HV_20060111_R04_HK_2002_C267,HV_20060111_R04,2006-01-11,HV,Happy Valley,4,309,THE RED ROOM HANDICAP,3,1650,75-60,GOOD TO FIRM,TURF,"TURF - ""B"" Course",750000,13,HK_2002_C267,9.0,EASTKOWLOON SPIRIT,CC267,AUS,Southern,,64,63,Bay,Gelding,Danzig Connection,Amabile,Without Fear Same,0,0,0,0,0,0.0,0.0,0.06,45000.0,0.0,45000.0,4.0,False,False,G Schofield,B K Ng,118,1228.0,12.0,2-1/4,1:40.80,99.0,https://racing.hkjc.com/en-us/local/information/otherhorse?horseid=HK_2002_C267&Option=1,2026-09-04T15:47:09Z,https://racing.hkjc.com/en-us/local/information/archive/localresults?racedate=2006/01/11&racecourse=HV&RaceNo=4
HV_20060111_R04_HK_2001_B387,HV_20060111_R04,2006-01-11,HV,Happy Valley,4,309,THE RED ROOM HANDICAP,3,1650,75-60,GOOD TO FIRM,TURF,"TURF - ""B"" Course",750000,13,HK_2001_B387,5.0,ARMONDO,CB387,NZ,Southern,,68,67,Bay,Gelding,Desert Sun,Sivain,Truly Vain Same,0,0,0,0,0,0.0,0.0,0.055,41250.0,0.0,41250.0,5.0,False,False,C Soumillon,J Moore,122,1265.0,5.0,2-3/4,1:40.90,5.6,https://racing.hkjc.com/en-us/local/information/otherhorse?horseid=HK_2001_B387&Option=1,2026-09-04T15:47:12Z,https://racing.hkjc.com/en-us/local/information/archive/localresults?racedate=2006/01/11&racecourse=HV&RaceNo=4
HV_20060111_R04_HK_2004_E152,HV_20060111_R04,2006-01-11,HV,Happy Valley,4,309,THE RED ROOM HANDICAP,3,1650,75-60,GOOD TO FIRM,TURF,"TURF - ""B"" Course",750000,13,HK_2004_E152,8.0,CAPITALAND,CE152,IRE,Northern,,64,62,Bay,Gelding,Vettori,Fullfilling,Red Ransom Same,0,0,0,0,0,0.0,0.0,0.0,0.0,0.0,0.0,6.0,False,False,H K Yim,S Woods,116,1015.0,6.0,3,1:40.90,32.0,https://racing.hkjc.com/en-us/local/information/otherhorse?horseid=HK_2004_E152&Option=1,2026-09-04T13:53:12Z,https://racing.hkjc.com/en-us/local/information/archive/localresults?racedate=2006/01/11&racecourse=HV&RaceNo=4
HV_20060111_R04_HK_2003_D162,HV_20060111_R04,2006-01-11,HV,Happy Valley,4,309,THE RED ROOM HANDICAP,3,1650,75-60,GOOD TO FIRM,TURF,"TURF - ""B"" Course",750000,13,HK_2003_D162,12.0,SUPER FANTASY,CD162,AUS,Southern,,62,61,Chestnut,Gelding,Marscay,Chase The Chick,Kenmare Same,0,0,0,0,0,0.0,0.0,0.0,0.0,0.0,0.0,7.0,False,False,D Whyte,K W Lui,117,1065.0,2.0,3-3/4,1:41.10,2.8,https://racing.hkjc.com/en-us/local/information/otherhorse?horseid=HK_2003_D162&Option=1,2026-09-04T13:53:35Z,https://racing.hkjc.com/en-us/local/information/archive/localresults?racedate=2006/01/11&racecourse=HV&RaceNo=4
HV_20060111_R04_HK_2002_C326,HV_20060111_R04,2006-01-11,HV,Happy Valley,4,309,THE RED ROOM HANDICAP,3,1650,75-60,GOOD TO FIRM,TURF,"TURF - ""B"" Course",750000,13,HK_2002_C326,11.0,HAPPY KID,CC326,NZ,Southern,,62,60,Chestnut,Gelding,Soviet Star,La Rousset,Westminster Same,0,0,0,0,0,0.0,0.0,0.0,0.0,0.0,0.0,8.0,False,False,S K Sit,P F Yiu,113,1127.0,11.0,3-3/4,1:41.10,66.0,https://racing.hkjc.com/en-us/local/information/otherhorse?horseid=HK_2002_C326&Option=1,2026-09-04T13:53:38Z,https://racing.hkjc.com/en-us/local/information/archive/localresults?racedate=2006/01/11&racecourse=HV&RaceNo=4
HV_20060111_R04_HK_2004_E262,HV_20060111_R04,2006-01-11,HV,Happy Valley,4,309,THE RED ROOM HANDICAP,3,1650,75-60,GOOD TO FIRM,TURF,"TURF - ""B"" Course",750000,13,HK_2004_E262,4.0,DON RICARDO,CE262,IRE,Northern,,69,69,Chestnut,Gelding,Grand Lodge,Royal Fizz,Royal Academy Same,0,0,0,0,0,0.0,0.0,0.0,0.0,0.0,0.0,9.0,False,False,C Munce,J Size,123,1155.0,3.0,4-1/2,1:41.20,6.5,https://racing.hkjc.com/en-us/local/information/otherhorse?horseid=HK_2004_E262&Option=1,2026-09-04T15:47:15Z,https://racing.hkjc.com/en-us/local/information/archive/localresults?racedate=2006/01/11&racecourse=HV&RaceNo=4
HV_20060111_R04_HK_2005_G006,HV_20060111_R04,2006-01-11,HV,Happy Valley,4,309,THE RED ROOM HANDICAP,3,1650,75-60,GOOD TO FIRM,TURF,"TURF - ""B"" Course",750000,13,HK_2005_G006,1.0,BEST POWER,CG006,NZ,Southern,,75,74,Bay,Gelding,Kashani,Wisdom,Dahar Same,0,0,0,0,0,0.0,0.0,0.0,0.0,0.0,0.0,10.0,False,False,S Dye,C S Shum,129,1052.0,10.0,4-1/2,1:41.20,11.0,https://racing.hkjc.com/en-us/local/information/otherhorse?horseid=HK_2005_G006&Option=1,2026-09-04T15:47:18Z,https://racing.hkjc.com/en-us/local/information/archive/localresults?racedate=2006/01/11&racecourse=HV&RaceNo=4
HV_20060111_R04_HK_2002_C378,HV_20060111_R04,2006-01-11,HV,Happy Valley,4,309,THE RED ROOM HANDICAP,3,1650,75-60,GOOD TO FIRM,TURF,"TURF - ""B"" Course",750000,13,HK_2002_C378,2.0,FORTUNE BOY,CC378,AUS,Southern,,75,75,Chestnut,Gelding,Woodman,Burning Embers,Zoffany Same,1,0,0,0,0,0.0,0.0,0.0,0.0,45000.0,45000.0,11.0,False,False,C K Tong,Y S Tsui,119,1203.0,7.0,10,1:42.10,13.0,https://racing.hkjc.com/en-us/local/information/otherhorse?horseid=HK_2002_C378&Option=1,2026-09-04T13:52:52Z,https://racing.hkjc.com/en-us/local/information/archive/localresults?racedate=2006/01/11&racecourse=HV&RaceNo=4
HV_20060111_R04_HK_2001_B088,HV_20060111_R04,2006-01-11,HV,Happy Valley,4,309,THE RED ROOM HANDICAP,3,1650,75-60,GOOD TO FIRM,TURF,"TURF - ""B"" Course",750000,13,HK_2001_B088,10.0,TABBRIS,CB088,AUS,Southern,,64,61,Bay,Gelding,Snippets,Tinker's Flight,Centaine Same,0,0,0,0,0,0.0,0.0,0.0,0.0,0.0,0.0,12.0,False,False,K S Yu,A Lee,115,1179.0,8.0,10,1:42.10,77.0,https://racing.hkjc.com/en-us/local/information/otherhorse?horseid=HK_2001_B088&Option=1,2026-09-04T15:47:21Z,https://racing.hkjc.com/en-us/local/information/archive/localresults?racedate=2006/01/11&racecourse=HV&RaceNo=4
HV_20060111_R04_HK_2003_D137,HV_20060111_R04,2006-01-11,HV,Happy Valley,4,309,THE RED ROOM HANDICAP,3,1650,75-60,GOOD TO FIRM,TURF,"TURF - ""B"" Course",750000,13,HK_2003_D137,,HANDBAG PREMIER,CD137,NZ,Southern,,67,67,Bay,Gelding,Zabeel,Love de Tor,Spectacular Love Same,0,0,0,0,0,0.0,0.0,0.0,0.0,0.0,0.0,,False,False,F Coetzee,P O'Sullivan,121,,,---,---,,https://racing.hkjc.com/en-us/local/information/otherhorse?horseid=HK_2003_D137&Option=1,2026-09-04T15:47:24Z,https://racing.hkjc.com/en-us/local/information/archive/localresults?racedate=2006/01/11&racecourse=HV&RaceNo=4
HV_20060111_R05_HK_2001_B327,HV_20060111_R05,2006-01-11,HV,Happy Valley,5,310,CLUB STREET HANDICAP,4,1650,60-40,GOOD TO FIRM,TURF,"TURF - ""B"" Course",570000,12,HK_2001_B327,12,WATCHMAN,CB327,NZ,Southern,,44,50,Chestnut,Gelding,Entrepreneur,Happiness,Bluebird Same,1,0,0,0,0,0.0,0.0,0.56,319200.0,0.0,319200.0,1,True,True,H K Yim,B K Ng,113,1104,9,---,1:42.70,31.0,https://racing.hkjc.com/en-us/local/information/otherhorse?horseid=HK_2001_B327&Option=1,2026-09-04T13:17:36Z,https://racing.hkjc.com/en-us/local/information/archive/localresults?racedate=2006/01/11&racecourse=HV&RaceNo=5
HV_20060111_R05_HK_2003_D321,HV_20060111_R05,2006-01-11,HV,Happy Valley,5,310,CLUB STREET HANDICAP,4,1650,60-40,GOOD TO FIRM,TURF,"TURF - ""B"" Course",570000,12,HK_2003_D321,2,QI'S PET,CD321,AUS,Southern,,59,61,Bay,Gelding,Danzero,Sister Mammy,Jackson Square Same,0,0,0,0,0,0.0,0.0,0.21,119700.0,0.0,119700.0,2,False,True,S Dye,C S Shum,130,1187,7,3/4,1:42.80,10.0,https://racing.hkjc.com/en-us/local/information/otherhorse?horseid=HK_2003_D321&Option=1,2026-09-04T15:47:29Z,https://racing.hkjc.com/en-us/local/information/archive/localresults?racedate=2006/01/11&racecourse=HV&RaceNo=5
HV_20060111_R05_HK_2004_E042,HV_20060111_R05,2006-01-11,HV,Happy Valley,5,310,CLUB STREET HANDICAP,4,1650,60-40,GOOD TO FIRM,TURF,"TURF - ""B"" Course",570000,12,HK_2004_E042,1,BRILLIANT FLASH,CE042,NZ,Southern,,60,60,Bay,Gelding,Anabaa,French Flute,Jugah Same,0,0,0,0,0,0.0,0.0,0.115,65550.0,0.0,65550.0,3,False,True,G Mosse,C Fownes,131,1143,10,1,1:42.80,7.9,https://racing.hkjc.com/en-us/local/information/otherhorse?horseid=HK_2004_E042&Option=1,2026-09-04T15:47:32Z,https://racing.hkjc.com/en-us/local/information/archive/localresults?racedate=2006/01/11&racecourse=HV&RaceNo=5
HV_20060111_R05_HK_2003_D349,HV_20060111_R05,2006-01-11,HV,Happy Valley,5,310,CLUB STREET HANDICAP,4,1650,60-40,GOOD TO FIRM,TURF,"TURF - ""B"" Course",570000,12,HK_2003_D349,7,MASTER ABLE,CD349,NZ,Southern,,49,49,Chestnut,Gelding,Woodman,Newsmaker,Marscay Same,0,0,0,0,0,0.0,0.0,0.06,34200.0,0.0,34200.0,4,False,False,C Soumillon,T K Ng,120,1194,5,2,1:43.00,3.7,https://racing.hkjc.com/en-us/local/information/otherhorse?horseid=HK_2003_D349&Option=1,2026-09-04T15:47:35Z,https://racing.hkjc.com/en-us/local/information/archive/localresults?racedate=2006/01/11&racecourse=HV&RaceNo=5
HV_20060111_R05_HK_2002_C163,HV_20060111_R05,2006-01-11,HV,Happy Valley,5,310,CLUB STREET HANDICAP,4,1650,60-40,GOOD TO FIRM,TURF,"TURF - ""B"" Course",570000,12,HK_2002_C163,4,GLORIOUS RHYTHM,CC163,NZ,Southern,,54,54,Brown,Gelding,Rhythm,Danjiki,Markella Same,1,1,0,0,1,1.0,1.0,0.055,31350.0,319200.0,350550.0,5,False,False,D Whyte,J Moore,125,1052,1,2,1:43.00,7.4,https://racing.hkjc.com/en-us/local/information/otherhorse?horseid=HK_2002_C163&Option=1,2026-09-04T15:10:21Z,https://racing.hkjc.com/en-us/local/information/archive/localresults?racedate=2006/01/11&racecourse=HV&RaceNo=5
HV_20060111_R05_HK_2002_C258,HV_20060111_R05,2006-01-11,HV,Happy Valley,5,310,CLUB STREET HANDICAP,4,1650,60-40,GOOD TO FIRM,TURF,"TURF - ""B"" Course",570000,12,HK_2002_C258,6,FAIRPLAY,CC258,USA,Northern,,51,50,Bay,Gelding,Conquistador Cielo,Land Hawk,Silver Hawk Same,0,0,0,0,0,0.0,0.0,0.0,0.0,0.0,0.0,6,False,False,O Doleuze,C H Yip,122,1142,2,2-1/4,1:43.00,6.1,https://racing.hkjc.com/en-us/local/information/otherhorse?horseid=HK_2002_C258&Option=1,2026-09-04T15:47:38Z,https://racing.hkjc.com/en-us/local/information/archive/localresults?racedate=2006/01/11&racecourse=HV&RaceNo=5
HV_20060111_R05_HK_2001_B277,HV_20060111_R05,2006-01-11,HV,Happy Valley,5,310,CLUB STREET HANDICAP,4,1650,60-40,GOOD TO FIRM,TURF,"TURF - ""B"" Course",570000,12,HK_2001_B277,10,WINWIN COMBO,CB277,IRE,Northern,,45.0,44.0,Bay,Gelding,Danehill,Dance Date,Sadler's Wells Same,0,0,0,0,0,0.0,0.0,0.0,0.0,0.0,0.0,7,False,False,A Delpech,K L Man,116,1113,3,2-3/4,1:43.10,19.0,https://racing.hkjc.com/en-us/local/information/otherhorse?horseid=HK_2001_B277&Option=1,2026-09-04T15:47:41Z,https://racing.hkjc.com/en-us/local/information/archive/localresults?racedate=2006/01/11&racecourse=HV&RaceNo=5
HV_20060111_R05_HK_2001_B160,HV_20060111_R05,2006-01-11,HV,Happy Valley,5,310,CLUB STREET HANDICAP,4,1650,60-40,GOOD TO FIRM,TURF,"TURF - ""B"" Course",570000,12,HK_2001_B160,5,CHERISHED,CB160,GB,Northern,,53.0,53.0,Bay,Horse,Mukaddamah,Magic Milly,Simply Great Same,0,0,0,0,0,0.0,0.0,0.0,0.0,0.0,0.0,8,False,False,F Coetzee,A S Cruz,124,1112,8,3,1:43.10,4.5,https://racing.hkjc.com/en-us/local/information/otherhorse?horseid=HK_2001_B160&Option=1,2026-09-04T15:47:44Z,https://racing.hkjc.com/en-us/local/information/archive/localresults?racedate=2006/01/11&racecourse=HV&RaceNo=5
HV_20060111_R05_HK_2002_C025,HV_20060111_R05,2006-01-11,HV,Happy Valley,5,310,CLUB STREET HANDICAP,4,1650,60-40,GOOD TO FIRM,TURF,"TURF - ""B"" Course",570000,12,HK_2002_C025,3,AURELIAN,CC025,NZ,Southern,,54,53,Grey,Gelding,O'Reilly,Give It A Whirl,Nassipour Same,0,0,0,0,0,0.0,0.0,0.0,0.0,0.0,0.0,9,False,False,H W Lai,L Ho,118,1133,6,4,1:43.30,11.0,https://racing.hkjc.com/en-us/local/information/otherhorse?horseid=HK_2002_C025&Option=1,2026-09-04T15:47:47Z,https://racing.hkjc.com/en-us/local/information/archive/localresults?racedate=2006/01/11&racecourse=HV&RaceNo=5
HV_20060111_R05_HK_2004_E160,HV_20060111_R05,2006-01-11,HV,Happy Valley,5,310,CLUB STREET HANDICAP,4,1650,60-40,GOOD TO FIRM,TURF,"TURF - ""B"" Course",570000,12,HK_2004_E160,9,AMBITIOUS MARJU,CE160,NZ,Southern,,47,45,Bay,Gelding,Marju,Miss Moonshine,Star Way Same,0,0,0,0,0,0.0,0.0,0.0,0.0,0.0,0.0,10,False,False,C Munce,P O'Sullivan,118,1082,12,5-1/4,1:43.50,71.0,https://racing.hkjc.com/en-us/local/information/otherhorse?horseid=HK_2004_E160&Option=1,2026-09-04T15:47:50Z,https://racing.hkjc.com/en-us/local/information/archive/localresults?racedate=2006/01/11&racecourse=HV&RaceNo=5
HV_20060111_R05_HK_2003_D168,HV_20060111_R05,2006-01-11,HV,Happy Valley,5,310,CLUB STREET HANDICAP,4,1650,60-40,GOOD TO FIRM,TURF,"TURF - ""B"" Course",570000,12,HK_2003_D168,11,FLYING PROFILE,CD168,CAN,Northern,,44,41,Bay / Brown,Gelding,Sea Wall,Broadway Ruckus,Bold Ruckus Same,0,0,0,0,0,0.0,0.0,0.0,0.0,0.0,0.0,11,False,False,M W Leung,D Cruz,110,1069,4,5-1/4,1:43.50,99.0,https://racing.hkjc.com/en-us/local/information/otherhorse?horseid=HK_2003_D168&Option=1,2026-09-04T15:47:53Z,https://racing.hkjc.com/en-us/local/information/archive/localresults?racedate=2006/01/11&racecourse=HV&RaceNo=5
HV_20060111_R05_HK_2003_D121,HV_20060111_R05,2006-01-11,HV,Happy Valley,5,310,CLUB STREET HANDICAP,4,1650,60-40,GOOD TO FIRM,TURF,"TURF - ""B"" Course",570000,12,HK_2003_D121,8,ACCOLADE,CD121,GB,Northern,,47,44,Bay / Brown,Gelding,Mind Games,Giddy,Polar Falcon Same,0,0,0,0,0,0.0,0.0,0.0,0.0,0.0,0.0,12,False,False,Y T Cheng,A Lee,116,1012,11,8-1/4,1:44.00,99.0,https://racing.hkjc.com/en-us/local/information/otherhorse?horseid=HK_2003_D121&Option=1,2026-09-04T15:47:56Z,https://racing.hkjc.com/en-us/local/information/archive/localresults?racedate=2006/01/11&racecourse=HV&RaceNo=5
HV_20060111_R06_HK_2004_E181,HV_20060111_R06,2006-01-11,HV,Happy Valley,6,311,BOWLING ALLEY HANDICAP,3,1000,80-60,GOOD TO FIRM,TURF,"TURF - ""B"" Course",750000,12,HK_2004_E181,4,ADAIKALI,CE181,IRE,Northern,,76,88,Bay,Gelding,Green Desert,Adaiyka,Doyoun Same,0,0,0,0,0,0.0,0.0,0.56,420000.0,0.0,420000.0,1,True,True,G Mosse,S Woods,128,1099,12,---,0:56.50,4.7,https://racing.hkjc.com/en-us/local/information/otherhorse?horseid=HK_2004_E181&Option=1,2026-09-04T15:48:01Z,https://racing.hkjc.com/en-us/local/information/archive/localresults?racedate=2006/01/11&racecourse=HV&RaceNo=6
HV_20060111_R06_HK_2001_B125,HV_20060111_R06,2006-01-11,HV,Happy Valley,6,311,BOWLING ALLEY HANDICAP,3,1000,80-60,GOOD TO FIRM,TURF,"TURF - ""B"" Course",750000,12,HK_2001_B125,6,AMO,CB125,AUS,Southern,,73,73,Brown,Gelding,Danehill Dancer,Rhythm And Romance,Celestial Dancer Same,0,0,0,0,0,0.0,0.0,0.21,157500.0,0.0,157500.0,2,False,True,C Soumillon,Y S Tsui,125,1185,7,3-3/4,0:57.10,9.3,https://racing.hkjc.com/en-us/local/information/otherhorse?horseid=HK_2001_B125&Option=1,2026-09-04T15:48:04Z,https://racing.hkjc.com/en-us/local/information/archive/localresults?racedate=2006/01/11&racecourse=HV&RaceNo=6
HV_20060111_R06_HK_2002_C183,HV_20060111_R06,2006-01-11,HV,Happy Valley,6,311,BOWLING ALLEY HANDICAP,3,1000,80-60,GOOD TO FIRM,TURF,"TURF - ""B"" Course",750000,12,HK_2002_C183,5,ALWAYS WELCOME,CC183,AUS,Southern,,76.0,76.0,Chestnut,Gelding,Hennessy,Regencia,New Regent Same,0,0,0,0,0,0.0,0.0,0.115,86250.0,0.0,86250.0,3,False,True,C Munce,D Oughton,128,1050,8,4-1/4,0:57.20,22.0,https://racing.hkjc.com/en-us/local/information/otherhorse?horseid=HK_2002_C183&Option=1,2026-09-04T15:48:07Z,https://racing.hkjc.com/en-us/local/information/archive/localresults?racedate=2006/01/11&racecourse=HV&RaceNo=6
HV_20060111_R06_HK_2005_G055,HV_20060111_R06,2006-01-11,HV,Happy Valley,6,311,BOWLING ALLEY HANDICAP,3,1000,80-60,GOOD TO FIRM,TURF,"TURF - ""B"" Course",750000,12,HK_2005_G055,3,BLUE GENES,CG055,AUS,Southern,,78,77,Bay,Gelding,Testa Rossa,China Jester,Rory's Jester Same,0,0,0,0,0,0.0,0.0,0.06,45000.0,0.0,45000.0,4,False,False,F Coetzee,A S Cruz,130,1094,10,5-1/2,0:57.40,9.0,https://racing.hkjc.com/en-us/local/information/otherhorse?horseid=HK_2005_G055&Option=1,2026-09-04T15:48:10Z,https://racing.hkjc.com/en-us/local/information/archive/localresults?racedate=2006/01/11&racecourse=HV&RaceNo=6
HV_20060111_R06_HK_2004_E129,HV_20060111_R06,2006-01-11,HV,Happy Valley,6,311,BOWLING ALLEY HANDICAP,3,1000,80-60,GOOD TO FIRM,TURF,"TURF - ""B"" Course",750000,12,HK_2004_E129,8,LASER POWER,CE129,AUS,Southern,,67,67,Chestnut,Gelding,Saratoga Springs,Rare Moon,Zabaleta Same,0,0,0,0,0,0.0,0.0,0.055,41250.0,0.0,41250.0,5,False,False,B Prebble,D J Hall,119,1134,6,5-3/4,0:57.40,3.4,https://racing.hkjc.com/en-us/local/information/otherhorse?horseid=HK_2004_E129&Option=1,2026-09-04T15:48:13Z,https://racing.hkjc.com/en-us/local/information/archive/localresults?racedate=2006/01/11&racecourse=HV&RaceNo=6
HV_20060111_R06_HK_2004_E167,HV_20060111_R06,2006-01-11,HV,Happy Valley,6,311,BOWLING ALLEY HANDICAP,3,1000,80-60,GOOD TO FIRM,TURF,"TURF - ""B"" Course",750000,12,HK_2004_E167,10,SUPER FIGHTER,CE167,NZ,Southern,,65,65,Bay,Gelding,Gold Brose,Amaroo,Zabeel Same,0,0,0,0,0,0.0,0.0,0.0,0.0,0.0,0.0,6,False,False,Y T Cheng,T W Leung,115,1059,1,6-1/4,0:57.50,6.8,https://racing.hkjc.com/en-us/local/information/otherhorse?horseid=HK_2004_E167&Option=1,2026-09-04T15:48:16Z,https://racing.hkjc.com/en-us/local/information/archive/localresults?racedate=2006/01/11&racecourse=HV&RaceNo=6
HV_20060111_R06_HK_2001_B130,HV_20060111_R06,2006-01-11,HV,Happy Valley,6,311,BOWLING ALLEY HANDICAP,3,1000,80-60,GOOD TO FIRM,TURF,"TURF - ""B"" Course",750000,12,HK_2001_B130,9,EVER MORE,CB130,AUS,Southern,,65.0,63.0,Bay,Gelding,Geiger Counter,Charming Charge,Rory's Jester Same,0,0,0,0,0,0.0,0.0,0.0,0.0,0.0,0.0,7,False,False,O Doleuze,J Moore,119,1228,5,7-3/4,0:57.80,11.0,https://racing.hkjc.com/en-us/local/information/otherhorse?horseid=HK_2001_B130&Option=1,2026-09-04T15:48:19Z,https://racing.hkjc.com/en-us/local/information/archive/localresults?racedate=2006/01/11&racecourse=HV&RaceNo=6
HV_20060111_R06_HK_2001_B249,HV_20060111_R06,2006-01-11,HV,Happy Valley,6,311,BOWLING ALLEY HANDICAP,3,1000,80-60,GOOD TO FIRM,TURF,"TURF - ""B"" Course",750000,12,HK_2001_B249,11,MASTER YING,CB249,NZ,Southern,,63,61,Chestnut,Gelding,Gilded Time,Tsar's Treasure,Silver Hawk Same,0,0,0,0,0,0.0,0.0,0.0,0.0,0.0,0.0,8,False,False,K S Yu,T K Ng,113,1196,3,8-1/4,0:57.80,40.0,https://racing.hkjc.com/en-us/local/information/otherhorse?horseid=HK_2001_B249&Option=1,2026-09-04T15:48:22Z,https://racing.hkjc.com/en-us/local/information/archive/localresults?racedate=2006/01/11&racecourse=HV&RaceNo=6
HV_20060111_R06_HK_2003_D204,HV_20060111_R06,2006-01-11,HV,Happy Valley,6,311,BOWLING ALLEY HANDICAP,3,1000,80-60,GOOD TO FIRM,TURF,"TURF - ""B"" Course",750000,12,HK_2003_D204,7,LIFELINE RAPIDE,CD204,AUS,Southern,,72.0,70.0,Bay,Gelding,Flying Spur,Matins,Seattle Slew Same,0,0,0,0,0,0.0,0.0,0.0,0.0,0.0,0.0,9,False,False,M W Leung,A T Millard,119,1128,9,9,0:58.00,99.0,https://racing.hkjc.com/en-us/local/information/otherhorse?horseid=HK_2003_D204&Option=1,2026-09-04T15:48:25Z,https://racing.hkjc.com/en-us/local/information/archive/localresults?racedate=2006/01/11&racecourse=HV&RaceNo=6
HV_20060111_R06_HK_2005_G077,HV_20060111_R06,2006-01-11,HV,Happy Valley,6,311,BOWLING ALLEY HANDICAP,3,1000,80-60,GOOD TO FIRM,TURF,"TURF - ""B"" Course",750000,12,HK_2005_G077,12,SPLENDID SAILS,CG077,AUS,Southern,,62,60,Bay,Gelding,Last Tycoon,Follow The Sails,Scrupules Same,0,0,0,0,0,0.0,0.0,0.0,0.0,0.0,0.0,10,False,False,C K Tong,C Fownes,104,1101,11,9-1/2,0:58.00,49.0,https://racing.hkjc.com/en-us/local/information/otherhorse?horseid=HK_2005_G077&Option=1,2026-09-04T15:48:28Z,https://racing.hkjc.com/en-us/local/information/archive/localresults?racedate=2006/01/11&racecourse=HV&RaceNo=6
HV_20060111_R06_HK_2000_A175,HV_20060111_R06,2006-01-11,HV,Happy Valley,6,311,BOWLING ALLEY HANDICAP,3,1000,80-60,GOOD TO FIRM,TURF,"TURF - ""B"" Course",750000,12,HK_2000_A175,1,SENSIBLE WAY,CA175,GB,Northern,,80.0,78.0,Chestnut,Gelding,Inchinor,Tudorealm,Palace Music Same,0,0,0,0,0,0.0,0.0,0.0,0.0,0.0,0.0,11,False,False,A Delpech,D E Ferraris,132,1160,4,9-3/4,0:58.10,28.0,https://racing.hkjc.com/en-us/local/information/otherhorse?horseid=HK_2000_A175&Option=1,2026-09-04T15:48:31Z,https://racing.hkjc.com/en-us/local/information/archive/localresults?racedate=2006/01/11&racecourse=HV&RaceNo=6
HV_20060111_R06_HK_2000_A338,HV_20060111_R06,2006-01-11,HV,Happy Valley,6,311,BOWLING ALLEY HANDICAP,3,1000,80-60,GOOD TO FIRM,TURF,"TURF - ""B"" Course",750000,12,HK_2000_A338,2,VICTORY WARRIOR,CA338,AUS,Southern,,79.0,79,Grey,Gelding,Ignatius,La Spy,Spectacular Spy Same,0,0,0,0,0,0.0,0.0,0.0,0.0,0.0,0.0,12,False,False,H W Lai,B K Ng,124,1140,2,14-3/4,0:58.90,7.8,https://racing.hkjc.com/en-us/local/information/otherhorse?horseid=HK_2000_A338&Option=1,2026-09-04T15:48:34Z,https://racing.hkjc.com/en-us/local/information/archive/localresults?racedate=2006/01/11&racecourse=HV&RaceNo=6
HV_20060111_R07_HK_2004_E247,HV_20060111_R07,2006-01-11,HV,Happy Valley,7,312,THE HONG KONG CLUB CHALLENGE CUP (HANDICAP),3,2200,80-60,GOOD TO FIRM,TURF,"TURF - ""B"" Course",750000,12,HK_2004_E247,11,KOWLOON FIT,CE247,NZ,Southern,,65,71,Brown,Gelding,Towkay,Replica,Creag-An-Sgor Same,0,0,0,0,0,0.0,0.0,0.56,420000.0,0.0,420000.0,1,True,True,D Whyte,J Size,119,1016,10,---,2:17.40,2.9,https://racing.hkjc.com/en-us/local/information/otherhorse?horseid=HK_2004_E247&Option=1,2026-09-04T15:48:39Z,https://racing.hkjc.com/en-us/local/information/archive/localresults?racedate=2006/01/11&racecourse=HV&RaceNo=7
HV_20060111_R07_HK_2003_D006,HV_20060111_R07,2006-01-11,HV,Happy Valley,7,312,THE HONG KONG CLUB CHALLENGE CUP (HANDICAP),3,2200,80-60,GOOD TO FIRM,TURF,"TURF - ""B"" Course",750000,12,HK_2003_D006,9,KA KA WIN,CD006,IRE,Northern,,66,69,Bay,Horse,Woodman,Erinys,Kendor Same,0,0,0,0,0,0.0,0.0,0.21,157500.0,0.0,157500.0,2,False,True,S Dye,C S Shum,120,1071,4,SH,2:17.40,5.1,https://racing.hkjc.com/en-us/local/information/otherhorse?horseid=HK_2003_D006&Option=1,2026-09-04T15:48:42Z,https://racing.hkjc.com/en-us/local/information/archive/localresults?racedate=2006/01/11&racecourse=HV&RaceNo=7
HV_20060111_R07_HK_2003_D199,HV_20060111_R07,2006-01-11,HV,Happy Valley,7,312,THE HONG KONG CLUB CHALLENGE CUP (HANDICAP),3,2200,80-60,GOOD TO FIRM,TURF,"TURF - ""B"" Course",750000,12,HK_2003_D199,8,DASH AHEAD,CD199,IRE,Northern,,67,69,Chestnut,Gelding,Bahhare,Madam Baileys,Doulab Same,0,0,0,0,0,0.0,0.0,0.115,86250.0,0.0,86250.0,3,False,True,H W Lai,L Ho,114,1038,11,3/4,2:17.50,34.0,https://racing.hkjc.com/en-us/local/information/otherhorse?horseid=HK_2003_D199&Option=1,2026-09-04T15:48:45Z,https://racing.hkjc.com/en-us/local/information/archive/localresults?racedate=2006/01/11&racecourse=HV&RaceNo=7
HV_20060111_R07_HK_2002_C068,HV_20060111_R07,2006-01-11,HV,Happy Valley,7,312,THE HONG KONG CLUB CHALLENGE CUP (HANDICAP),3,2200,80-60,GOOD TO FIRM,TURF,"TURF - ""B"" Course",750000,12,HK_2002_C068,4,NASA PEARL,CC068,NZ,Southern,,71,72,Bay,Gelding,Centaine,Nasajuanita,Nassipour Same,0,0,0,0,0,0.0,0.0,0.06,45000.0,0.0,45000.0,4,False,False,C Munce,P O'Sullivan,125,1129,9,1,2:17.50,23.0,https://racing.hkjc.com/en-us/local/information/otherhorse?horseid=HK_2002_C068&Option=1,2026-09-04T15:48:48Z,https://racing.hkjc.com/en-us/local/information/archive/localresults?racedate=2006/01/11&racecourse=HV&RaceNo=7
HV_20060111_R07_HK_2003_D235,HV_20060111_R07,2006-01-11,HV,Happy Valley,7,312,THE HONG KONG CLUB CHALLENGE CUP (HANDICAP),3,2200,80-60,GOOD TO FIRM,TURF,"TURF - ""B"" Course",750000,12,HK_2003_D235,2,BEAR DOMINANCE,CD235,GB,Northern,,73,73,Chestnut,Gelding,Zilzal,Satin Bell,Midyan Same,0,0,0,0,0,0.0,0.0,0.055,41250.0,0.0,41250.0,5,False,False,C Soumillon,J Moore,127,1066,12,1-3/4,2:17.70,12.0,https://racing.hkjc.com/en-us/local/information/otherhorse?horseid=HK_2003_D235&Option=1,2026-09-04T15:48:51Z,https://racing.hkjc.com/en-us/local/information/archive/localresults?racedate=2006/01/11&racecourse=HV&RaceNo=7
HV_20060111_R07_HK_2002_C159,HV_20060111_R07,2006-01-11,HV,Happy Valley,7,312,THE HONG KONG CLUB CHALLENGE CUP (HANDICAP),3,2200,80-60,GOOD TO FIRM,TURF,"TURF - ""B"" Course",750000,12,HK_2002_C159,6,SURVEYOR,CC159,IRE,Northern,,69,67,Bay,Gelding,Muhtarram,Asmara,Lear Fan Same,1,0,0,0,0,0.0,0.0,0.0,0.0,0.0,0.0,6,False,False,E Saint-Martin,J Moore,123,962,6,3,2:17.90,19.0,https://racing.hkjc.com/en-us/local/information/otherhorse?horseid=HK_2002_C159&Option=1,2026-09-04T15:30:12Z,https://racing.hkjc.com/en-us/local/information/archive/localresults?racedate=2006/01/11&racecourse=HV&RaceNo=7
HV_20060111_R07_HK_2002_C242,HV_20060111_R07,2006-01-11,HV,Happy Valley,7,312,THE HONG KONG CLUB CHALLENGE CUP (HANDICAP),3,2200,80-60,GOOD TO FIRM,TURF,"TURF - ""B"" Course",750000,12,HK_2002_C242,1,SEASONS KNACK,CC242,AUS,Southern,,76,76,Bay,Gelding,Umatilla,Generous Call,Lucky Ring Same,0,0,0,0,0,0.0,0.0,0.0,0.0,0.0,0.0,7,False,False,R Fradd,K W Lui,130,1234,1,4-1/4,2:18.10,6.1,https://racing.hkjc.com/en-us/local/information/otherhorse?horseid=HK_2002_C242&Option=1,2026-09-04T15:48:54Z,https://racing.hkjc.com/en-us/local/information/archive/localresults?racedate=2006/01/11&racecourse=HV&RaceNo=7
HV_20060111_R07_HK_2003_D117,HV_20060111_R07,2006-01-11,HV,Happy Valley,7,312,THE HONG KONG CLUB CHALLENGE CUP (HANDICAP),3,2200,80-60,GOOD TO FIRM,TURF,"TURF - ""B"" Course",750000,12,HK_2003_D117,7,GREEN IN BLUE,CD117,IRE,Northern,,68,66,Bay,Gelding,Kahyasi,Sea Mistress,Habitat Same,0,0,0,0,0,0.0,0.0,0.0,0.0,0.0,0.0,8,False,False,G Mosse,S Woods,122,1001,3,4-3/4,2:18.10,10.0,https://racing.hkjc.com/en-us/local/information/otherhorse?horseid=HK_2003_D117&Option=1,2026-09-04T15:48:56Z,https://racing.hkjc.com/en-us/local/information/archive/localresults?racedate=2006/01/11&racecourse=HV&RaceNo=7
HV_20060111_R07_HK_2003_D370,HV_20060111_R07,2006-01-11,HV,Happy Valley,7,312,THE HONG KONG CLUB CHALLENGE CUP (HANDICAP),3,2200,80-60,GOOD TO FIRM,TURF,"TURF - ""B"" Course",750000,12,HK_2003_D370,10,TRAVIANO,CD370,GER,Northern,,66,63,Bay,Gelding,Big Shuffle,Tokara,Turfkonig Same,0,0,0,0,0,0.0,0.0,0.0,0.0,0.0,0.0,9,False,False,Y T Cheng,K L Man,118,1078,7,5-1/2,2:18.30,67.0,https://racing.hkjc.com/en-us/local/information/otherhorse?horseid=HK_2003_D370&Option=1,2026-09-04T15:48:59Z,https://racing.hkjc.com/en-us/local/information/archive/localresults?racedate=2006/01/11&racecourse=HV&RaceNo=7
HV_20060111_R07_HK_2002_C206,HV_20060111_R07,2006-01-11,HV,Happy Valley,7,312,THE HONG KONG CLUB CHALLENGE CUP (HANDICAP),3,2200,80-60,GOOD TO FIRM,TURF,"TURF - ""B"" Course",750000,12,HK_2002_C206,5,CHEERFUL HEART,CC206,AUS,Southern,,70.0,70.0,Bay,Gelding,Danehill,Slumber,Majestic Light Same,1,0,1,0,1,0.0,1.0,0.0,0.0,157500.0,157500.0,10,False,False,A Delpech,D E Ferraris,124,1105,2,6-1/2,2:18.40,9.2,https://racing.hkjc.com/en-us/local/information/otherhorse?horseid=HK_2002_C206&Option=1,2026-09-04T13:19:14Z,https://racing.hkjc.com/en-us/local/information/archive/localresults?racedate=2006/01/11&racecourse=HV&RaceNo=7
HV_20060111_R07_HK_2001_B291,HV_20060111_R07,2006-01-11,HV,Happy Valley,7,312,THE HONG KONG CLUB CHALLENGE CUP (HANDICAP),3,2200,80-60,GOOD TO FIRM,TURF,"TURF - ""B"" Course",750000,12,HK_2001_B291,3,WINNING SUNSHINE,CB291,AUS,Southern,,72.0,70,Bay,Gelding,Danehill,Sea Almond,Nureyev Same,0,0,0,0,0,0.0,0.0,0.0,0.0,0.0,0.0,11,False,False,O Doleuze,C H Yip,126,1142,8,10-1/2,2:19.10,16.0,https://racing.hkjc.com/en-us/local/information/otherhorse?horseid=HK_2001_B291&Option=1,2026-09-04T13:53:09Z,https://racing.hkjc.com/en-us/local/information/archive/localresults?racedate=2006/01/11&racecourse=HV&RaceNo=7
HV_20060111_R07_HK_2004_E257,HV_20060111_R07,2006-01-11,HV,Happy Valley,7,312,THE HONG KONG CLUB CHALLENGE CUP (HANDICAP),3,2200,80-60,GOOD TO FIRM,TURF,"TURF - ""B"" Course",750000,12,HK_2004_E257,12,KING HOGAN,CE257,NZ,Southern,,61,59,Bay,Gelding,Zabeel,Danzalota,Danzatore Same,0,0,0,0,0,0.0,0.0,0.0,0.0,0.0,0.0,12,False,False,G Schofield,A Lee,116,1212,5,11-3/4,2:19.30,35.0,https://racing.hkjc.com/en-us/local/information/otherhorse?horseid=HK_2004_E257&Option=1,2026-09-04T15:49:02Z,https://racing.hkjc.com/en-us/local/information/archive/localresults?racedate=2006/01/11&racecourse=HV&RaceNo=7
HV_20060111_R08_HK_2003_D207,HV_20060111_R08,2006-01-11,HV,Happy Valley,8,313,THE RED ROOM HANDICAP,3,1650,75-60,GOOD TO FIRM,TURF,"TURF - ""B"" Course",750000,12,HK_2003_D207,2,MULTI MILLIONS,CD207,AUS,Southern,,72.0,78.0,Bay,Gelding,Snippets,Zabori,Zabeel Same,0,0,0,0,0,0.0,0.0,0.56,420000.0,0.0,420000.0,1,True,True,B Prebble,K L Man,128,1090,5,---,1:40.60,3.8,https://racing.hkjc.com/en-us/local/information/otherhorse?horseid=HK_2003_D207&Option=1,2026-09-04T15:49:07Z,https://racing.hkjc.com/en-us/local/information/archive/localresults?racedate=2006/01/11&racecourse=HV&RaceNo=8
HV_20060111_R08_HK_2003_D096,HV_20060111_R08,2006-01-11,HV,Happy Valley,8,313,THE RED ROOM HANDICAP,3,1650,75-60,GOOD TO FIRM,TURF,"TURF - ""B"" Course",750000,12,HK_2003_D096,7,FORTUNE WARRIOR,CD096,NZ,Southern,,66,68,Bay,Gelding,Bahhare,Shivers,Half Iced Same,0,0,0,0,0,0.0,0.0,0.21,157500.0,0.0,157500.0,2,False,True,Y T Cheng,T W Leung,120,1041,11,1/2,1:40.70,31.0,https://racing.hkjc.com/en-us/local/information/otherhorse?horseid=HK_2003_D096&Option=1,2026-09-04T13:54:29Z,https://racing.hkjc.com/en-us/local/information/archive/localresults?racedate=2006/01/11&racecourse=HV&RaceNo=8
HV_20060111_R08_HK_2004_E122,HV_20060111_R08,2006-01-11,HV,Happy Valley,8,313,THE RED ROOM HANDICAP,3,1650,75-60,GOOD TO FIRM,TURF,"TURF - ""B"" Course",750000,12,HK_2004_E122,1,FORTUNE PRINCESS,CE122,AUS,Southern,,73,74,Bay,Mare,Danehill,Loving Cup,Bluebird Same,0,0,0,0,0,0.0,0.0,0.115,86250.0,0.0,86250.0,3,False,True,D Whyte,J Size,129,1061,4,1,1:40.70,7.7,https://racing.hkjc.com/en-us/local/information/otherhorse?horseid=HK_2004_E122&Option=1,2026-09-04T15:49:10Z,https://racing.hkjc.com/en-us/local/information/archive/localresults?racedate=2006/01/11&racecourse=HV&RaceNo=8
HV_20060111_R08_HK_2002_C319,HV_20060111_R08,2006-01-11,HV,Happy Valley,8,313,THE RED ROOM HANDICAP,3,1650,75-60,GOOD TO FIRM,TURF,"TURF - ""B"" Course",750000,12,HK_2002_C319,10,FREEBIRD,CC319,IRE,Northern,,62,64,Chestnut,Gelding,Titus Livius,Serious Delight,Lomond Same,0,0,0,0,0,0.0,0.0,0.06,45000.0,0.0,45000.0,4,False,False,C Soumillon,D Cruz,120,1095,3,1,1:40.70,5.9,https://racing.hkjc.com/en-us/local/information/otherhorse?horseid=HK_2002_C319&Option=1,2026-09-04T13:54:03Z,https://racing.hkjc.com/en-us/local/information/archive/localresults?racedate=2006/01/11&racecourse=HV&RaceNo=8
HV_20060111_R08_HK_2002_C188,HV_20060111_R08,2006-01-11,HV,Happy Valley,8,313,THE RED ROOM HANDICAP,3,1650,75-60,GOOD TO FIRM,TURF,"TURF - ""B"" Course",750000,12,HK_2002_C188,8,SHANGHAI KING,CC188,GB,Northern,,66,65,Bay,Gelding,Royal Applause,Without Warning,Warning Same,0,0,0,0,0,0.0,0.0,0.055,41250.0,0.0,41250.0,5,False,False,F Coetzee,A S Cruz,122,999,7,2,1:40.90,11.0,https://racing.hkjc.com/en-us/local/information/otherhorse?horseid=HK_2002_C188&Option=1,2026-09-04T13:52:55Z,https://racing.hkjc.com/en-us/local/information/archive/localresults?racedate=2006/01/11&racecourse=HV&RaceNo=8
HV_20060111_R08_HK_2002_C003,HV_20060111_R08,2006-01-11,HV,Happy Valley,8,313,THE RED ROOM HANDICAP,3,1650,75-60,GOOD TO FIRM,TURF,"TURF - ""B"" Course",750000,12,HK_2002_C003,4,SERIOUS PLAY,CC003,IRE,Northern,,69,67,Bay,Gelding,Brief Truce,Zing Ping,Thatching Same,0,0,0,0,0,0.0,0.0,0.0,0.0,0.0,0.0,6,False,False,H W Lai,L Ho,118,1103,10,3-1/2,1:41.10,51.0,https://racing.hkjc.com/en-us/local/information/otherhorse?horseid=HK_2002_C003&Option=1,2026-09-04T13:53:49Z,https://racing.hkjc.com/en-us/local/information/archive/localresults?racedate=2006/01/11&racecourse=HV&RaceNo=8
HV_20060111_R08_HK_2003_D209,HV_20060111_R08,2006-01-11,HV,Happy Valley,8,313,THE RED ROOM HANDICAP,3,1650,75-60,GOOD TO FIRM,TURF,"TURF - ""B"" Course",750000,12,HK_2003_D209,6,SUNRISE RAINBOW,CD209,AUS,Southern,,67,66,Bay / Brown,Gelding,Woodman,Ariyam,Dancing Brave Same,1,0,0,0,0,0.0,0.0,0.0,0.0,0.0,0.0,7,False,False,O Doleuze,B K Ng,123,1085,1,4-1/4,1:41.20,5.7,https://racing.hkjc.com/en-us/local/information/otherhorse?horseid=HK_2003_D209&Option=1,2026-09-04T15:12:47Z,https://racing.hkjc.com/en-us/local/information/archive/localresults?racedate=2006/01/11&racecourse=HV&RaceNo=8
HV_20060111_R08_HK_2003_D054,HV_20060111_R08,2006-01-11,HV,Happy Valley,8,313,THE RED ROOM HANDICAP,3,1650,75-60,GOOD TO FIRM,TURF,"TURF - ""B"" Course",750000,12,HK_2003_D054,12,GOLD SANDFIELD,CD054,NZ,Southern,,60,60,Chestnut,Gelding,Carolingian,Mrs Poole,Zabeel Same,1,0,0,0,0,0.0,0.0,0.0,0.0,0.0,0.0,8,False,False,G Schofield,C H Yip,117,1195,8,4-1/4,1:41.30,17.0,https://racing.hkjc.com/en-us/local/information/otherhorse?horseid=HK_2003_D054&Option=1,2026-09-04T15:12:44Z,https://racing.hkjc.com/en-us/local/information/archive/localresults?racedate=2006/01/11&racecourse=HV&RaceNo=8
HV_20060111_R08_HK_2004_E124,HV_20060111_R08,2006-01-11,HV,Happy Valley,8,313,THE RED ROOM HANDICAP,3,1650,75-60,GOOD TO FIRM,TURF,"TURF - ""B"" Course",750000,12,HK_2004_E124,11,LUCKY WINNER,CE124,AUS,Southern,,62,61,Bay,Gelding,Favorite Trick,French Treasure,Miswaki Same,1,0,0,0,0,0.0,0.0,0.0,0.0,0.0,0.0,9,False,False,C K Tong,C Fownes,108,1142,9,4-1/2,1:41.30,13.0,https://racing.hkjc.com/en-us/local/information/otherhorse?horseid=HK_2004_E124&Option=1,2026-09-04T13:20:55Z,https://racing.hkjc.com/en-us/local/information/archive/localresults?racedate=2006/01/11&racecourse=HV&RaceNo=8
HV_20060111_R08_HK_2000_A111,HV_20060111_R08,2006-01-11,HV,Happy Valley,8,313,THE RED ROOM HANDICAP,3,1650,75-60,GOOD TO FIRM,TURF,"TURF - ""B"" Course",750000,12,HK_2000_A111,5,GOLCONDA,CA111,IRE,Northern,,68.0,64.0,Bay,Gelding,Ezzoud,Gerante,Private Account Same,0,0,0,0,0,0.0,0.0,0.0,0.0,0.0,0.0,10,False,False,A Delpech,D E Ferraris,124,1086,12,8-1/4,1:41.90,30.0,https://racing.hkjc.com/en-us/local/information/otherhorse?horseid=HK_2000_A111&Option=1,2026-09-04T15:49:13Z,https://racing.hkjc.com/en-us/local/information/archive/localresults?racedate=2006/01/11&racecourse=HV&RaceNo=8
HV_20060111_R08_HK_2004_E056,HV_20060111_R08,2006-01-11,HV,Happy Valley,8,313,THE RED ROOM HANDICAP,3,1650,75-60,GOOD TO FIRM,TURF,"TURF - ""B"" Course",750000,12,HK_2004_E056,3,CROWNED GEM,CE056,AUS,Southern,,71,69,Bay,Gelding,Beautiful Crown,Narrung Gem,Mustin Lake Same,1,0,0,0,0,0.0,0.0,0.0,0.0,0.0,0.0,11,False,False,G Mosse,S Woods,127,1246,6,9-1/4,1:42.10,19.0,https://racing.hkjc.com/en-us/local/information/otherhorse?horseid=HK_2004_E056&Option=1,2026-09-04T13:18:29Z,https://racing.hkjc.com/en-us/local/information/archive/localresults?racedate=2006/01/11&racecourse=HV&RaceNo=8
HV_20060111_R08_HK_2002_C342,HV_20060111_R08,2006-01-11,HV,Happy Valley,8,313,THE RED ROOM HANDICAP,3,1650,75-60,GOOD TO FIRM,TURF,"TURF - ""B"" Course",750000,12,HK_2002_C342,9,ELFHELM,CC342,IRE,Northern,,63,63,Bay,Gelding,Perugino,Symphony,Cyrano de Bergerac Same,0,0,0,0,0,0.0,0.0,0.0,0.0,0.0,0.0,12,False,False,C Munce,P F Yiu,119,1113,2,11-1/2,1:42.40,8.2,https://racing.hkjc.com/en-us/local/information/otherhorse?horseid=HK_2002_C342&Option=1,2026-09-04T15:49:16Z,https://racing.hkjc.com/en-us/local/information/archive/localresults?racedate=2006/01/11&racecourse=HV&RaceNo=8
ST_20060115_R01_HK_2004_E273,ST_20060115_R01,2006-01-15,ST,Sha Tin,1,314,UNIVERSITY ROAD HANDICAP,4,1000,60-40,GOOD TO FIRM,TURF,"TURF - ""A+3"" Course",570000,15,HK_2004_E273,12.0,TOP STITCH,CE273,SAF,Southern,,47,53,Chestnut,Gelding,National Assembly,Imperial Conquest,Royal Chalice Same,0,0,0,0,0,0.0,0.0,0.56,319200.0,0.0,319200.0,1.0,True,True,C Munce,A T Millard,120,1094.0,4.0,---,0:57.40,8.8,https://racing.hkjc.com/en-us/local/information/otherhorse?horseid=HK_2004_E273&Option=1,2026-09-04T15:58:33Z,https://racing.hkjc.com/en-us/local/information/archive/localresults?racedate=2006/01/15&racecourse=ST&RaceNo=1
ST_20060115_R01_HK_2004_E300,ST_20060115_R01,2006-01-15,ST,Sha Tin,1,314,UNIVERSITY ROAD HANDICAP,4,1000,60-40,GOOD TO FIRM,TURF,"TURF - ""A+3"" Course",570000,15,HK_2004_E300,3.0,LUMINOUS,CE300,NZ,Southern,,54,57,Chestnut,Gelding,Spinning World,Gold Cloud,Truly Vain Same,1,1,0,0,1,1.0,1.0,0.21,119700.0,319200.0,438900.0,2.0,False,True,D Whyte,J Size,127,1247.0,2.0,N,0:57.50,4.7,https://racing.hkjc.com/en-us/local/information/otherhorse?horseid=HK_2004_E300&Option=1,2026-09-04T15:24:46Z,https://racing.hkjc.com/en-us/local/information/archive/localresults?racedate=2006/01/15&racecourse=ST&RaceNo=1
ST_20060115_R01_HK_2005_G116,ST_20060115_R01,2006-01-15,ST,Sha Tin,1,314,UNIVERSITY ROAD HANDICAP,4,1000,60-40,GOOD TO FIRM,TURF,"TURF - ""A+3"" Course",570000,15,HK_2005_G116,7.0,PLEZAYRE,CG116,AUS,Southern,,52,52,Bay,Gelding,Snippets,Lezayre,Keltrice Same,0,0,0,0,0,0.0,0.0,0.115,65550.0,0.0,65550.0,3.0,False,True,C Soumillon,J Moore,125,1075.0,11.0,1-3/4,0:57.70,8.2,https://racing.hkjc.com/en-us/local/information/otherhorse?horseid=HK_2005_G116&Option=1,2026-09-04T15:58:35Z,https://racing.hkjc.com/en-us/local/information/archive/localresults?racedate=2006/01/15&racecourse=ST&RaceNo=1
ST_20060115_R01_HK_2003_D174,ST_20060115_R01,2006-01-15,ST,Sha Tin,1,314,UNIVERSITY ROAD HANDICAP,4,1000,60-40,GOOD TO FIRM,TURF,"TURF - ""A+3"" Course",570000,15,HK_2003_D174,2.0,AFRICAN FOREST,CD174,NZ,Southern,,55,54,Bay,Gelding,Sandtrap,Straight Lady,Straight Strike Same,0,0,0,0,0,0.0,0.0,0.06,34200.0,0.0,34200.0,4.0,False,False,R Fradd,D J Hall,128,1143.0,3.0,2-1/4,0:57.80,4.8,https://racing.hkjc.com/en-us/local/information/otherhorse?horseid=HK_2003_D174&Option=1,2026-09-04T15:58:38Z,https://racing.hkjc.com/en-us/local/information/archive/localresults?racedate=2006/01/15&racecourse=ST&RaceNo=1
ST_20060115_R01_HK_2004_E331,ST_20060115_R01,2006-01-15,ST,Sha Tin,1,314,UNIVERSITY ROAD HANDICAP,4,1000,60-40,GOOD TO FIRM,TURF,"TURF - ""A+3"" Course",570000,15,HK_2004_E331,5.0,JADE DRAGONFLY,CE331,NZ,Southern,,52,52,Brown,Gelding,Danasinga,Rampage Queen,Wild Rampage Same,0,0,0,0,0,0.0,0.0,0.055,31350.0,0.0,31350.0,5.0,False,False,G Schofield,P O'Sullivan,125,1134.0,9.0,2-1/2,0:57.80,99.0,https://racing.hkjc.com/en-us/local/information/otherhorse?horseid=HK_2004_E331&Option=1,2026-09-04T15:58:41Z,https://racing.hkjc.com/en-us/local/information/archive/localresults?racedate=2006/01/15&racecourse=ST&RaceNo=1
ST_20060115_R01_HK_2003_D278,ST_20060115_R01,2006-01-15,ST,Sha Tin,1,314,UNIVERSITY ROAD HANDICAP,4,1000,60-40,GOOD TO FIRM,TURF,"TURF - ""A+3"" Course",570000,15,HK_2003_D278,10.0,GOOD TO GREAT,CD278,AUS,Southern,,48.0,48.0,Bay,Gelding,Fasliyev,Aroma,Turf Ruler Same,1,0,0,0,0,0.0,0.0,0.0,0.0,0.0,0.0,6.0,False,False,F Coetzee,Y S Tsui,121,1096.0,5.0,2-3/4,0:57.90,20.0,https://racing.hkjc.com/en-us/local/information/otherhorse?horseid=HK_2003_D278&Option=1,2026-09-04T13:16:58Z,https://racing.hkjc.com/en-us/local/information/archive/localresults?racedate=2006/01/15&racecourse=ST&RaceNo=1
ST_20060115_R01_HK_2004_E268,ST_20060115_R01,2006-01-15,ST,Sha Tin,1,314,UNIVERSITY ROAD HANDICAP,4,1000,60-40,GOOD TO FIRM,TURF,"TURF - ""A+3"" Course",570000,15,HK_2004_E268,13.0,WITHALLMYHEART,CE268,NZ,Southern,,44.0,44.0,Bay,Gelding,Howbaddouwantit,Trapeze,Crested Wave Same,1,0,0,0,0,0.0,0.0,0.0,0.0,0.0,0.0,7.0,False,False,H W Lai,T K Ng,110,1059.0,13.0,4-3/4,0:58.20,52.0,https://racing.hkjc.com/en-us/local/information/otherhorse?horseid=HK_2004_E268&Option=1,2026-09-04T15:11:39Z,https://racing.hkjc.com/en-us/local/information/archive/localresults?racedate=2006/01/15&racecourse=ST&RaceNo=1
ST_20060115_R01_HK_2005_G018,ST_20060115_R01,2006-01-15,ST,Sha Tin,1,314,UNIVERSITY ROAD HANDICAP,4,1000,60-40,GOOD TO FIRM,TURF,"TURF - ""A+3"" Course",570000,15,HK_2005_G018,8.0,WINE WIN,CG018,NZ,Southern,,52,52,Brown,Gelding,Stravinsky,Tycoon's Gold,Last Tycoon Same,0,0,0,0,0,0.0,0.0,0.0,0.0,0.0,0.0,8.0,False,False,B Prebble,A Lee,125,1074.0,8.0,6-1/4,0:58.40,2.8,https://racing.hkjc.com/en-us/local/information/otherhorse?horseid=HK_2005_G018&Option=1,2026-09-04T15:58:44Z,https://racing.hkjc.com/en-us/local/information/archive/localresults?racedate=2006/01/15&racecourse=ST&RaceNo=1
ST_20060115_R01_HK_2004_E271,ST_20060115_R01,2006-01-15,ST,Sha Tin,1,314,UNIVERSITY ROAD HANDICAP,4,1000,60-40,GOOD TO FIRM,TURF,"TURF - ""A+3"" Course",570000,15,HK_2004_E271,4.0,NAPA,CE271,GB,Northern,,53,51,Bay,Gelding,Marju,Silent Love,Hansel Same,0,0,0,0,0,0.0,0.0,0.0,0.0,0.0,0.0,9.0,False,False,S Dye,C S Shum,126,1100.0,10.0,6-1/4,0:58.40,99.0,https://racing.hkjc.com/en-us/local/information/otherhorse?horseid=HK_2004_E271&Option=1,2026-09-04T15:58:47Z,https://racing.hkjc.com/en-us/local/information/archive/localresults?racedate=2006/01/15&racecourse=ST&RaceNo=1
ST_20060115_R01_HK_2004_E224,ST_20060115_R01,2006-01-15,ST,Sha Tin,1,314,UNIVERSITY ROAD HANDICAP,4,1000,60-40,GOOD TO FIRM,TURF,"TURF - ""A+3"" Course",570000,15,HK_2004_E224,11.0,FLAG FINDER,CE224,AUS,Southern,,47.0,45.0,Chestnut,Gelding,Snippets,Platonic,Nassipour Same,0,0,0,0,0,0.0,0.0,0.0,0.0,0.0,0.0,10.0,False,False,A Delpech,D E Ferraris,120,1026.0,14.0,6-3/4,0:58.50,38.0,https://racing.hkjc.com/en-us/local/information/otherhorse?horseid=HK_2004_E224&Option=1,2026-09-04T15:58:50Z,https://racing.hkjc.com/en-us/local/information/archive/localresults?racedate=2006/01/15&racecourse=ST&RaceNo=1
ST_20060115_R01_HK_2005_G073,ST_20060115_R01,2006-01-15,ST,Sha Tin,1,314,UNIVERSITY ROAD HANDICAP,4,1000,60-40,GOOD TO FIRM,TURF,"TURF - ""A+3"" Course",570000,15,HK_2005_G073,6.0,PALIO KING,CG073,NZ,Southern,,52,50,Chestnut,Gelding,Our Maizcay,Perky Lass,Kyoei Dapper Same,0,0,0,0,0,0.0,0.0,0.0,0.0,0.0,0.0,11.0,False,False,G Mosse,S Woods,125,1132.0,7.0,8-1/4,0:58.70,83.0,https://racing.hkjc.com/en-us/local/information/otherhorse?horseid=HK_2005_G073&Option=1,2026-09-04T15:58:53Z,https://racing.hkjc.com/en-us/local/information/archive/localresults?racedate=2006/01/15&racecourse=ST&RaceNo=1
ST_20060115_R01_HK_2004_E029,ST_20060115_R01,2006-01-15,ST,Sha Tin,1,314,UNIVERSITY ROAD HANDICAP,4,1000,60-40,GOOD TO FIRM,TURF,"TURF - ""A+3"" Course",570000,15,HK_2004_E029,9.0,MODERN INTEREST,CE029,AUS,Southern,,49,47,Brown,Gelding,Sequalo,Happy To Be,Black Zephyr Same,0,0,0,0,0,0.0,0.0,0.0,0.0,0.0,0.0,12.0,False,False,O Doleuze,K L Man,122,929.0,6.0,10,0:59.00,26.0,https://racing.hkjc.com/en-us/local/information/otherhorse?horseid=HK_2004_E029&Option=1,2026-09-04T15:58:56Z,https://racing.hkjc.com/en-us/local/information/archive/localresults?racedate=2006/01/15&racecourse=ST&RaceNo=1
ST_20060115_R01_HK_2002_C366,ST_20060115_R01,2006-01-15,ST,Sha Tin,1,314,UNIVERSITY ROAD HANDICAP,4,1000,60-40,GOOD TO FIRM,TURF,"TURF - ""A+3"" Course",570000,15,HK_2002_C366,14.0,DARTER,CC366,NZ,Southern,,42,42,Bay,Gelding,Mellifont,Magic,Noble Bijou Same,0,0,0,0,0,0.0,0.0,0.0,0.0,0.0,0.0,13.0,False,False,Y T Cheng,B K Ng,113,1283.0,12.0,12-1/4,0:59.30,99.0,https://racing.hkjc.com/en-us/local/information/otherhorse?horseid=HK_2002_C366&Option=1,2026-09-04T15:58:58Z,https://racing.hkjc.com/en-us/local/information/archive/localresults?racedate=2006/01/15&racecourse=ST&RaceNo=1
ST_20060115_R01_HK_2003_D375,ST_20060115_R01,2006-01-15,ST,Sha Tin,1,314,UNIVERSITY ROAD HANDICAP,4,1000,60-40,GOOD TO FIRM,TURF,"TURF - ""A+3"" Course",570000,15,HK_2003_D375,1.0,AMERICAN VICTORY,CD375,AUS,Southern,,57,55,Bay,Gelding,Danzero,Fleet Marguerite,Gulch Same,0,0,0,0,0,0.0,0.0,0.0,0.0,0.0,0.0,14.0,False,False,S Sanders,D Oughton,130,1154.0,1.0,14-3/4,0:59.80,27.0,https://racing.hkjc.com/en-us/local/information/otherhorse?horseid=HK_2003_D375&Option=1,2026-09-04T15:59:01Z,https://racing.hkjc.com/en-us/local/information/archive/localresults?racedate=2006/01/15&racecourse=ST&RaceNo=1
ST_20060115_R01_HK_2004_E197,ST_20060115_R01,2006-01-15,ST,Sha Tin,1,314,UNIVERSITY ROAD HANDICAP,4,1000,60-40,GOOD TO FIRM,TURF,"TURF - ""A+3"" Course",570000,15,HK_2004_E197,,FLORAL ARTS,CE197,USA,Northern,,46.0,46.0,Chestnut,Gelding,Gone West,Performing Arts,The Minstrel Same,0,0,0,0,0,0.0,0.0,0.0,0.0,0.0,0.0,,False,False,H W Lai,L Ho,112,,,---,---,,https://racing.hkjc.com/en-us/local/information/otherhorse?horseid=HK_2004_E197&Option=1,2026-09-04T15:59:04Z,https://racing.hkjc.com/en-us/local/information/archive/localresults?racedate=2006/01/15&racecourse=ST&RaceNo=1
ST_20060115_R02_HK_2004_E240,ST_20060115_R02,2006-01-15,ST,Sha Tin,2,315,POND CRESCENT HANDICAP,4,1400,60-40,GOOD TO FIRM,TURF,"TURF - ""A+3"" Course",570000,14,HK_2004_E240,9,RED WINE SUPREME,CE240,AUS,Southern,,51,56,Bay,Gelding,Hurricane Sky,Glint Of Gold,Danehill Same,1,0,1,0,1,0.0,1.0,0.56,319200.0,119700.0,438900.0,1,True,True,S Dye,C S Shum,123,1071,10,---,1:22.60,2.7,https://racing.hkjc.com/en-us/local/information/otherhorse?horseid=HK_2004_E240&Option=1,2026-09-04T15:27:59Z,https://racing.hkjc.com/en-us/local/information/archive/localresults?racedate=2006/01/15&racecourse=ST&RaceNo=2
ST_20060115_R02_HK_2004_E014,ST_20060115_R02,2006-01-15,ST,Sha Tin,2,315,POND CRESCENT HANDICAP,4,1400,60-40,GOOD TO FIRM,TURF,"TURF - ""A+3"" Course",570000,14,HK_2004_E014,14,SIMPLY THE BEST,CE014,NZ,Southern,,41,43,Bay,Gelding,Pins,Reasonable,Sound Reason Same,0,0,0,0,0,0.0,0.0,0.21,119700.0,0.0,119700.0,2,False,True,Y T Cheng,D Cruz,113,1089,1,N,1:22.70,24.0,https://racing.hkjc.com/en-us/local/information/otherhorse?horseid=HK_2004_E014&Option=1,2026-09-04T15:59:09Z,https://racing.hkjc.com/en-us/local/information/archive/localresults?racedate=2006/01/15&racecourse=ST&RaceNo=2
ST_20060115_R02_HK_2001_B293,ST_20060115_R02,2006-01-15,ST,Sha Tin,2,315,POND CRESCENT HANDICAP,4,1400,60-40,GOOD TO FIRM,TURF,"TURF - ""A+3"" Course",570000,14,HK_2001_B293,7,UNIVERSAL PIONEER,CB293,USA,Northern,,53.0,54,Bay,Gelding,Quiet American,To Be A Lover,The Minstrel Same,0,0,0,0,0,0.0,0.0,0.115,65550.0,0.0,65550.0,3,False,True,C W Wong,J Moore,115,1148,6,3/4,1:22.70,15.0,https://racing.hkjc.com/en-us/local/information/otherhorse?horseid=HK_2001_B293&Option=1,2026-09-04T15:59:12Z,https://racing.hkjc.com/en-us/local/information/archive/localresults?racedate=2006/01/15&racecourse=ST&RaceNo=2
ST_20060115_R02_HK_2004_E237,ST_20060115_R02,2006-01-15,ST,Sha Tin,2,315,POND CRESCENT HANDICAP,4,1400,60-40,GOOD TO FIRM,TURF,"TURF - ""A+3"" Course",570000,14,HK_2004_E237,10,GOOD VIEW SUCCESS,CE237,NZ,Southern,,49,50,Bay,Gelding,Danske,Eartha,Clay Hero Same,0,0,0,0,0,0.0,0.0,0.06,34200.0,0.0,34200.0,4,False,False,O Doleuze,C H Yip,121,1059,5,1,1:22.80,6.4,https://racing.hkjc.com/en-us/local/information/otherhorse?horseid=HK_2004_E237&Option=1,2026-09-04T15:59:15Z,https://racing.hkjc.com/en-us/local/information/archive/localresults?racedate=2006/01/15&racecourse=ST&RaceNo=2
ST_20060115_R02_HK_2004_E203,ST_20060115_R02,2006-01-15,ST,Sha Tin,2,315,POND CRESCENT HANDICAP,4,1400,60-40,GOOD TO FIRM,TURF,"TURF - ""A+3"" Course",570000,14,HK_2004_E203,11,FEBURO,CE203,GER,Northern,,45.0,45.0,Brown,Gelding,Monsun,Moon Affair,Quadratic Same,0,0,0,0,0,0.0,0.0,0.055,31350.0,0.0,31350.0,5,False,False,C Munce,Y S Tsui,117,940,2,1,1:22.80,54.0,https://racing.hkjc.com/en-us/local/information/otherhorse?horseid=HK_2004_E203&Option=1,2026-09-04T15:59:18Z,https://racing.hkjc.com/en-us/local/information/archive/localresults?racedate=2006/01/15&racecourse=ST&RaceNo=2
ST_20060115_R02_HK_2004_E263,ST_20060115_R02,2006-01-15,ST,Sha Tin,2,315,POND CRESCENT HANDICAP,4,1400,60-40,GOOD TO FIRM,TURF,"TURF - ""A+3"" Course",570000,14,HK_2004_E263,6,PROPELLOR,CE263,IRE,Northern,,54,54,Chestnut,Horse,Pivotal,Clunie,Inchinor Same,1,0,0,0,0,0.0,0.0,0.0,0.0,34200.0,34200.0,6,False,False,E Saint-Martin,T W Leung,126,1068,7,3-1/2,1:23.20,10.0,https://racing.hkjc.com/en-us/local/information/otherhorse?horseid=HK_2004_E263&Option=1,2026-09-04T13:53:52Z,https://racing.hkjc.com/en-us/local/information/archive/localresults?racedate=2006/01/15&racecourse=ST&RaceNo=2
ST_20060115_R02_HK_2002_C181,ST_20060115_R02,2006-01-15,ST,Sha Tin,2,315,POND CRESCENT HANDICAP,4,1400,60-40,GOOD TO FIRM,TURF,"TURF - ""A+3"" Course",570000,14,HK_2002_C181,2,SHINING DRAGON,CC181,AUS,Southern,,59.0,57.0,Bay,Gelding,End Sweep,Zebizan,Zabeel Same,0,0,0,0,0,0.0,0.0,0.0,0.0,0.0,0.0,7,False,False,D Whyte,C W Chang,131,990,8,4,1:23.20,21.0,https://racing.hkjc.com/en-us/local/information/otherhorse?horseid=HK_2002_C181&Option=1,2026-09-04T15:59:21Z,https://racing.hkjc.com/en-us/local/information/archive/localresults?racedate=2006/01/15&racecourse=ST&RaceNo=2
ST_20060115_R02_HK_2003_D029,ST_20060115_R02,2006-01-15,ST,Sha Tin,2,315,POND CRESCENT HANDICAP,4,1400,60-40,GOOD TO FIRM,TURF,"TURF - ""A+3"" Course",570000,14,HK_2003_D029,12,GOOD TRIO,CD029,AUS,Southern,,44,41,Brown,Gelding,Anabaa,Arising,Marauding Same,0,0,0,0,0,0.0,0.0,0.0,0.0,0.0,0.0,8,False,False,C K Tong,A Lee,106,1126,12,4-1/2,1:23.30,87.0,https://racing.hkjc.com/en-us/local/information/otherhorse?horseid=HK_2003_D029&Option=1,2026-09-04T15:59:24Z,https://racing.hkjc.com/en-us/local/information/archive/localresults?racedate=2006/01/15&racecourse=ST&RaceNo=2
ST_20060115_R02_HK_2004_E170,ST_20060115_R02,2006-01-15,ST,Sha Tin,2,315,POND CRESCENT HANDICAP,4,1400,60-40,GOOD TO FIRM,TURF,"TURF - ""A+3"" Course",570000,14,HK_2004_E170,5,JADE DANCER,CE170,AUS,Southern,,54,53,Bay,Gelding,Jade Robbery,Show Her The Money,Slew O' Gold Same,1,0,0,0,0,0.0,0.0,0.0,0.0,34200.0,34200.0,9,False,False,R Fradd,D J Hall,126,1126,9,7-1/2,1:23.80,5.4,https://racing.hkjc.com/en-us/local/information/otherhorse?horseid=HK_2004_E170&Option=1,2026-09-04T15:24:55Z,https://racing.hkjc.com/en-us/local/information/archive/localresults?racedate=2006/01/15&racecourse=ST&RaceNo=2
ST_20060115_R02_HK_2004_E225,ST_20060115_R02,2006-01-15,ST,Sha Tin,2,315,POND CRESCENT HANDICAP,4,1400,60-40,GOOD TO FIRM,TURF,"TURF - ""A+3"" Course",570000,14,HK_2004_E225,13,SUPER SPECIAL,CE225,AUS,Southern,,42.0,40.0,Bay,Gelding,Stravinsky,Grosvenor Gardens,Grosvenor Same,0,0,0,0,0,0.0,0.0,0.0,0.0,0.0,0.0,10,False,False,A Delpech,D E Ferraris,114,1074,3,7-1/2,1:23.80,17.0,https://racing.hkjc.com/en-us/local/information/otherhorse?horseid=HK_2004_E225&Option=1,2026-09-04T15:59:27Z,https://racing.hkjc.com/en-us/local/information/archive/localresults?racedate=2006/01/15&racecourse=ST&RaceNo=2
ST_20060115_R02_HK_2001_B194,ST_20060115_R02,2006-01-15,ST,Sha Tin,2,315,POND CRESCENT HANDICAP,4,1400,60-40,GOOD TO FIRM,TURF,"TURF - ""A+3"" Course",570000,14,HK_2001_B194,4,EAST OCEAN DRAGON,CB194,AUS,Southern,,54.0,51,Bay,Gelding,Danehill,Mashenka,Nashwan Same,0,0,0,0,0,0.0,0.0,0.0,0.0,0.0,0.0,11,False,False,C Soumillon,A S Cruz,126,1111,11,8,1:23.90,13.0,https://racing.hkjc.com/en-us/local/information/otherhorse?horseid=HK_2001_B194&Option=1,2026-09-04T15:59:29Z,https://racing.hkjc.com/en-us/local/information/archive/localresults?racedate=2006/01/15&racecourse=ST&RaceNo=2
ST_20060115_R02_HK_2003_D088,ST_20060115_R02,2006-01-15,ST,Sha Tin,2,315,POND CRESCENT HANDICAP,4,1400,60-40,GOOD TO FIRM,TURF,"TURF - ""A+3"" Course",570000,14,HK_2003_D088,1,LUCKY CORDELIA,CD088,FR,Northern,,59.0,57.0,Chestnut,Horse,Sabrehill,Cordelia II,Tropular Same,1,0,0,0,0,0.0,0.0,0.0,0.0,0.0,0.0,12,False,False,H W Lai,L Ho,124,1045,14,8-1/2,1:23.90,18.0,https://racing.hkjc.com/en-us/local/information/otherhorse?horseid=HK_2003_D088&Option=1,2026-09-04T15:10:33Z,https://racing.hkjc.com/en-us/local/information/archive/localresults?racedate=2006/01/15&racecourse=ST&RaceNo=2
ST_20060115_R02_HK_2004_E162,ST_20060115_R02,2006-01-15,ST,Sha Tin,2,315,POND CRESCENT HANDICAP,4,1400,60-40,GOOD TO FIRM,TURF,"TURF - ""A+3"" Course",570000,14,HK_2004_E162,8,MEDIC LEGION,CE162,NZ,Southern,,52,50,Bay,Gelding,Sandtrap,Lady Daintree,Sir Tristram Same,0,0,0,0,0,0.0,0.0,0.0,0.0,0.0,0.0,13,False,False,C Brown,P O'Sullivan,124,1184,4,9-1/4,1:24.10,58.0,https://racing.hkjc.com/en-us/local/information/otherhorse?horseid=HK_2004_E162&Option=1,2026-09-04T15:59:32Z,https://racing.hkjc.com/en-us/local/information/archive/localresults?racedate=2006/01/15&racecourse=ST&RaceNo=2
ST_20060115_R02_HK_2004_E016,ST_20060115_R02,2006-01-15,ST,Sha Tin,2,315,POND CRESCENT HANDICAP,4,1400,60-40,GOOD TO FIRM,TURF,"TURF - ""A+3"" Course",570000,14,HK_2004_E016,3,LUCKY GUYS,CE016,NZ,Southern,,56,54,Chestnut,Gelding,Soviet Star,Amalfi Drive,Pompeii Court Same,0,0,0,0,0,0.0,0.0,0.0,0.0,0.0,0.0,14,False,False,S Sanders,B K Ng,128,1207,13,12-1/2,1:24.60,48.0,https://racing.hkjc.com/en-us/local/information/otherhorse?horseid=HK_2004_E016&Option=1,2026-09-04T15:59:35Z,https://racing.hkjc.com/en-us/local/information/archive/localresults?racedate=2006/01/15&racecourse=ST&RaceNo=2
ST_20060115_R03_HK_2004_E048,ST_20060115_R03,2006-01-15,ST,Sha Tin,3,316,CAMPUS CIRCUIT HANDICAP,4,1600,60-40,GOOD TO FIRM,TURF,"TURF - ""A+3"" Course",570000,15,HK_2004_E048,12.0,BRIGHT AND GAY,CE048,AUS,Southern,,41.0,49.0,Bay,Horse,Catbird,Julies Own,Jade Hunter Same,0,0,0,0,0,0.0,0.0,0.56,319200.0,0.0,319200.0,1.0,True,True,C Munce,D Cruz,115,1069.0,13.0,---,1:35.50,52.0,https://racing.hkjc.com/en-us/local/information/otherhorse?horseid=HK_2004_E048&Option=1,2026-09-04T15:59:40Z,https://racing.hkjc.com/en-us/local/information/archive/localresults?racedate=2006/01/15&racecourse=ST&RaceNo=3
ST_20060115_R03_HK_2004_E095,ST_20060115_R03,2006-01-15,ST,Sha Tin,3,316,CAMPUS CIRCUIT HANDICAP,4,1600,60-40,GOOD TO FIRM,TURF,"TURF - ""A+3"" Course",570000,15,HK_2004_E095,4.0,WISE LOVER,CE095,AUS,Southern,,56,58,Brown,Gelding,Charnwood Forest,Race In Space,Star Way Same,0,0,0,0,0,0.0,0.0,0.21,119700.0,0.0,119700.0,2.0,False,True,Y T Cheng,Y O Wong,127,1115.0,14.0,1-1/4,1:35.70,4.8,https://racing.hkjc.com/en-us/local/information/otherhorse?horseid=HK_2004_E095&Option=1,2026-09-04T15:59:43Z,https://racing.hkjc.com/en-us/local/information/archive/localresults?racedate=2006/01/15&racecourse=ST&RaceNo=3
ST_20060115_R03_HK_2004_E293,ST_20060115_R03,2006-01-15,ST,Sha Tin,3,316,CAMPUS CIRCUIT HANDICAP,4,1600,60-40,GOOD TO FIRM,TURF,"TURF - ""A+3"" Course",570000,15,HK_2004_E293,11.0,MASTER DREAMER,CE293,NZ,Southern,,42,43,Bay,Gelding,Dream Well,Tough Call,Val Dansant Same,0,0,0,0,0,0.0,0.0,0.115,65550.0,0.0,65550.0,3.0,False,True,K S Yu,T K Ng,113,1014.0,12.0,1-3/4,1:35.80,99.0,https://racing.hkjc.com/en-us/local/information/otherhorse?horseid=HK_2004_E293&Option=1,2026-09-04T15:59:47Z,https://racing.hkjc.com/en-us/local/information/archive/localresults?racedate=2006/01/15&racecourse=ST&RaceNo=3
ST_20060115_R03_HK_2002_C223,ST_20060115_R03,2006-01-15,ST,Sha Tin,3,316,CAMPUS CIRCUIT HANDICAP,4,1600,60-40,GOOD TO FIRM,TURF,"TURF - ""A+3"" Course",570000,15,HK_2002_C223,3.0,SUPER IDEAL,CC223,IRE,Northern,,56.0,56.0,Bay,Gelding,Marju,Medway,Shernazar Same,1,0,0,0,0,0.0,0.0,0.06,34200.0,31350.0,65550.0,4.0,False,False,D Whyte,K L Man,129,1106.0,7.0,2,1:35.80,12.0,https://racing.hkjc.com/en-us/local/information/otherhorse?horseid=HK_2002_C223&Option=1,2026-09-04T13:17:33Z,https://racing.hkjc.com/en-us/local/information/archive/localresults?racedate=2006/01/15&racecourse=ST&RaceNo=3
ST_20060115_R03_HK_2003_D026,ST_20060115_R03,2006-01-15,ST,Sha Tin,3,316,CAMPUS CIRCUIT HANDICAP,4,1600,60-40,GOOD TO FIRM,TURF,"TURF - ""A+3"" Course",570000,15,HK_2003_D026,6.0,JOIN VICTORY,CD026,NZ,Southern,,53,52,Bay,Gelding,Tale Of The Cat,Tisolde,Tights Same,0,0,0,0,0,0.0,0.0,0.055,31350.0,0.0,31350.0,5.0,False,False,O Doleuze,S Woods,126,1069.0,4.0,4,1:36.20,15.0,https://racing.hkjc.com/en-us/local/information/otherhorse?horseid=HK_2003_D026&Option=1,2026-09-04T15:59:49Z,https://racing.hkjc.com/en-us/local/information/archive/localresults?racedate=2006/01/15&racecourse=ST&RaceNo=3
ST_20060115_R03_HK_2001_B054,ST_20060115_R03,2006-01-15,ST,Sha Tin,3,316,CAMPUS CIRCUIT HANDICAP,4,1600,60-40,GOOD TO FIRM,TURF,"TURF - ""A+3"" Course",570000,15,HK_2001_B054,5.0,DESERT STRIKE,CB054,NZ,Southern,,55,55,Bay,Gelding,Volksraad,Lady Cimarosa,Dom Cimarosa Same,1,0,0,0,0,0.0,0.0,0.0,0.0,0.0,0.0,6.0,False,False,C Brown,P O'Sullivan,128,1109.0,11.0,5-1/4,1:36.30,63.0,https://racing.hkjc.com/en-us/local/information/otherhorse?horseid=HK_2001_B054&Option=1,2026-09-04T13:17:46Z,https://racing.hkjc.com/en-us/local/information/archive/localresults?racedate=2006/01/15&racecourse=ST&RaceNo=3
ST_20060115_R03_HK_2003_D054,ST_20060115_R03,2006-01-15,ST,Sha Tin,3,316,CAMPUS CIRCUIT HANDICAP,4,1600,60-40,GOOD TO FIRM,TURF,"TURF - ""A+3"" Course",570000,15,HK_2003_D054,14.0,GOLD SANDFIELD,CD054,NZ,Southern,,60,58,Chestnut,Gelding,Carolingian,Mrs Poole,Zabeel Same,2,0,0,0,0,0.0,0.0,0.0,0.0,0.0,0.0,7.0,False,False,C W Wong,C H Yip,123,1199.0,2.0,5-1/4,1:36.40,18.0,https://racing.hkjc.com/en-us/local/information/otherhorse?horseid=HK_2003_D054&Option=1,2026-09-04T15:12:44Z,https://racing.hkjc.com/en-us/local/information/archive/localresults?racedate=2006/01/15&racecourse=ST&RaceNo=3
ST_20060115_R03_HK_2004_E159,ST_20060115_R03,2006-01-15,ST,Sha Tin,3,316,CAMPUS CIRCUIT HANDICAP,4,1600,60-40,GOOD TO FIRM,TURF,"TURF - ""A+3"" Course",570000,15,HK_2004_E159,2.0,LUCKY MONEY,CE159,NZ,Southern,,57,57,Bay,Gelding,Marju,Kappadios,Great Charmer Same,0,0,0,0,0,0.0,0.0,0.0,0.0,0.0,0.0,8.0,False,False,G Mosse,K W Lui,130,1103.0,5.0,6,1:36.50,1.9,https://racing.hkjc.com/en-us/local/information/otherhorse?horseid=HK_2004_E159&Option=1,2026-09-04T15:59:52Z,https://racing.hkjc.com/en-us/local/information/archive/localresults?racedate=2006/01/15&racecourse=ST&RaceNo=3
ST_20060115_R03_HK_2004_E042,ST_20060115_R03,2006-01-15,ST,Sha Tin,3,316,CAMPUS CIRCUIT HANDICAP,4,1600,60-40,GOOD TO FIRM,TURF,"TURF - ""A+3"" Course",570000,15,HK_2004_E042,1.0,BRILLIANT FLASH,CE042,NZ,Southern,,60,61,Bay,Gelding,Anabaa,French Flute,Jugah Same,1,0,0,1,1,0.0,1.0,0.0,0.0,65550.0,65550.0,9.0,False,False,C Soumillon,C Fownes,133,1125.0,8.0,9-3/4,1:37.10,12.0,https://racing.hkjc.com/en-us/local/information/otherhorse?horseid=HK_2004_E042&Option=1,2026-09-04T15:47:32Z,https://racing.hkjc.com/en-us/local/information/archive/localresults?racedate=2006/01/15&racecourse=ST&RaceNo=3
ST_20060115_R03_HK_2001_B218,ST_20060115_R03,2006-01-15,ST,Sha Tin,3,316,CAMPUS CIRCUIT HANDICAP,4,1600,60-40,GOOD TO FIRM,TURF,"TURF - ""A+3"" Course",570000,15,HK_2001_B218,10.0,MAIN ATTRACTION,CB218,AUS,Southern,,45.0,44.0,Bay,Gelding,Last Tycoon,Hayizah,Woodman Same,1,0,0,0,0,0.0,0.0,0.0,0.0,0.0,0.0,10.0,False,False,H W Lai,C H Yip,111,1148.0,10.0,10,1:37.10,56.0,https://racing.hkjc.com/en-us/local/information/otherhorse?horseid=HK_2001_B218&Option=1,2026-09-04T13:17:49Z,https://racing.hkjc.com/en-us/local/information/archive/localresults?racedate=2006/01/15&racecourse=ST&RaceNo=3
ST_20060115_R03_HK_2004_E069,ST_20060115_R03,2006-01-15,ST,Sha Tin,3,316,CAMPUS CIRCUIT HANDICAP,4,1600,60-40,GOOD TO FIRM,TURF,"TURF - ""A+3"" Course",570000,15,HK_2004_E069,8.0,CARRY THE MAGIC,CE069,AUS,Southern,,51,48,Bay,Gelding,Flying Spur,Fancy Miss,Sir Tristram Same,0,0,0,0,0,0.0,0.0,0.0,0.0,0.0,0.0,11.0,False,False,B Prebble,D J Hall,124,1029.0,9.0,11-1/4,1:37.30,8.4,https://racing.hkjc.com/en-us/local/information/otherhorse?horseid=HK_2004_E069&Option=1,2026-09-04T15:59:55Z,https://racing.hkjc.com/en-us/local/information/archive/localresults?racedate=2006/01/15&racecourse=ST&RaceNo=3
ST_20060115_R03_HK_2004_E287,ST_20060115_R03,2006-01-15,ST,Sha Tin,3,316,CAMPUS CIRCUIT HANDICAP,4,1600,60-40,GOOD TO FIRM,TURF,"TURF - ""A+3"" Course",570000,15,HK_2004_E287,9.0,RED WINE HONEY,CE287,AUS,Southern,,48,46,Brown,Gelding,Bite The Bullet,Noddy's Pal,Distinctly North Same,1,0,0,0,0,0.0,0.0,0.0,0.0,0.0,0.0,12.0,False,False,S Dye,C S Shum,121,1218.0,6.0,12-1/2,1:37.50,46.0,https://racing.hkjc.com/en-us/local/information/otherhorse?horseid=HK_2004_E287&Option=1,2026-09-04T15:27:40Z,https://racing.hkjc.com/en-us/local/information/archive/localresults?racedate=2006/01/15&racecourse=ST&RaceNo=3
ST_20060115_R03_HK_2004_E295,ST_20060115_R03,2006-01-15,ST,Sha Tin,3,316,CAMPUS CIRCUIT HANDICAP,4,1600,60-40,GOOD TO FIRM,TURF,"TURF - ""A+3"" Course",570000,15,HK_2004_E295,13.0,SEVEN STARS,CE295,NZ,Southern,,41,39,Chestnut,Gelding,Seven Figures,Whetukura Star,Star Way Same,0,0,0,0,0,0.0,0.0,0.0,0.0,0.0,0.0,13.0,False,False,M W Leung,D Oughton,109,971.0,1.0,13-3/4,1:37.70,99.0,https://racing.hkjc.com/en-us/local/information/otherhorse?horseid=HK_2004_E295&Option=1,2026-09-04T15:59:58Z,https://racing.hkjc.com/en-us/local/information/archive/localresults?racedate=2006/01/15&racecourse=ST&RaceNo=3
ST_20060115_R03_HK_2004_E218,ST_20060115_R03,2006-01-15,ST,Sha Tin,3,316,CAMPUS CIRCUIT HANDICAP,4,1600,60-40,GOOD TO FIRM,TURF,"TURF - ""A+3"" Course",570000,15,HK_2004_E218,7.0,ESPOIR D'OR,CE218,AUS,Southern,,52,50,Bay,Gelding,Flying Spur,Alicia,Darshaan Same,0,0,0,0,0,0.0,0.0,0.0,0.0,0.0,0.0,14.0,False,False,S Sanders,D E Ferraris,125,1117.0,3.0,ML,,99.0,https://racing.hkjc.com/en-us/local/information/otherhorse?horseid=HK_2004_E218&Option=1,2026-09-04T16:00:01Z,https://racing.hkjc.com/en-us/local/information/archive/localresults?racedate=2006/01/15&racecourse=ST&RaceNo=3
ST_20060115_R03_HK_2003_D020,ST_20060115_R03,2006-01-15,ST,Sha Tin,3,316,CAMPUS CIRCUIT HANDICAP,4,1600,60-40,GOOD TO FIRM,TURF,"TURF - ""A+3"" Course",570000,15,HK_2003_D020,,BALL OF FIRE,CD020,NZ,Southern,,40,40,Chestnut,Gelding,Mellifont,Jahdu,Sea Anchor Same,1,0,0,0,0,0.0,0.0,0.0,0.0,0.0,0.0,,False,False,H K Yim,T W Leung,111,,,---,---,,https://racing.hkjc.com/en-us/local/information/otherhorse?horseid=HK_2003_D020&Option=1,2026-09-04T15:25:07Z,https://racing.hkjc.com/en-us/local/information/archive/localresults?racedate=2006/01/15&racecourse=ST&RaceNo=3
ST_20060115_R04_HK_2003_D240,ST_20060115_R04,2006-01-15,ST,Sha Tin,4,317,ALUMNI TRAIL HANDICAP,5,1400,40-15,GOOD TO FIRM,TURF,"TURF - ""A+3"" Course",450000,14,HK_2003_D240,7,DEVON FLAIR,CD240,SAF,Southern,,36,43,Bay,Gelding,Al Mufti,Jaamanique,Green Dancer Same,1,0,0,0,0,0.0,0.0,0.56,252000.0,27000.0,279000.0,1,True,True,C Soumillon,D Oughton,129,1055,3,---,1:23.50,11.0,https://racing.hkjc.com/en-us/local/information/otherhorse?horseid=HK_2003_D240&Option=1,2026-09-04T13:16:10Z,https://racing.hkjc.com/en-us/local/information/archive/localresults?racedate=2006/01/15&racecourse=ST&RaceNo=4
ST_20060115_R04_HK_2004_E024,ST_20060115_R04,2006-01-15,ST,Sha Tin,4,317,ALUMNI TRAIL HANDICAP,5,1400,40-15,GOOD TO FIRM,TURF,"TURF - ""A+3"" Course",450000,14,HK_2004_E024,11,RIGHT FRAAR,CE024,AUS,Southern,,29,30,Bay,Gelding,Fraar,My Prima Donna,Paris Opera Same,1,0,0,0,0,0.0,0.0,0.21,94500.0,0.0,94500.0,2,False,True,D Whyte,J Size,122,1027,12,1-3/4,1:23.80,2.9,https://racing.hkjc.com/en-us/local/information/otherhorse?horseid=HK_2004_E024&Option=1,2026-09-04T13:15:09Z,https://racing.hkjc.com/en-us/local/information/archive/localresults?racedate=2006/01/15&racecourse=ST&RaceNo=4
ST_20060115_R04_HK_2004_E156,ST_20060115_R04,2006-01-15,ST,Sha Tin,4,317,ALUMNI TRAIL HANDICAP,5,1400,40-15,GOOD TO FIRM,TURF,"TURF - ""A+3"" Course",450000,14,HK_2004_E156,9,NEW TAMAR,CE156,NZ,Southern,,33,33,Grey,Gelding,Daggers Drawn,Three Vibes,Three Legs Same,0,0,0,0,0,0.0,0.0,0.115,51750.0,0.0,51750.0,3,False,True,E Saint-Martin,C S Shum,126,1106,2,2-1/2,1:23.90,23.0,https://racing.hkjc.com/en-us/local/information/otherhorse?horseid=HK_2004_E156&Option=1,2026-09-04T16:00:14Z,https://racing.hkjc.com/en-us/local/information/archive/localresults?racedate=2006/01/15&racecourse=ST&RaceNo=4
ST_20060115_R04_HK_2002_C273,ST_20060115_R04,2006-01-15,ST,Sha Tin,4,317,ALUMNI TRAIL HANDICAP,5,1400,40-15,GOOD TO FIRM,TURF,"TURF - ""A+3"" Course",450000,14,HK_2002_C273,1,ABLE MARS,CC273,NZ,Southern,,40,39,Chestnut,Gelding,Kingdom Bay,Enhancer,Red Tempo Same,0,0,0,0,0,0.0,0.0,0.06,27000.0,0.0,27000.0,4,False,False,G Schofield,T K Ng,133,1195,10,3,1:24.00,10.0,https://racing.hkjc.com/en-us/local/information/otherhorse?horseid=HK_2002_C273&Option=1,2026-09-04T16:00:17Z,https://racing.hkjc.com/en-us/local/information/archive/localresults?racedate=2006/01/15&racecourse=ST&RaceNo=4
ST_20060115_R04_HK_2003_D208,ST_20060115_R04,2006-01-15,ST,Sha Tin,4,317,ALUMNI TRAIL HANDICAP,5,1400,40-15,GOOD TO FIRM,TURF,"TURF - ""A+3"" Course",450000,14,HK_2003_D208,4,MYTHIC STEED,CD208,AUS,Southern,,39,38,Chestnut,Gelding,Spinning World,Matchmaking,Ahonoora Same,0,0,0,0,0,0.0,0.0,0.055,24750.0,0.0,24750.0,5,False,False,F Coetzee,C W Chang,132,972,14,3-1/4,1:24.00,14.0,https://racing.hkjc.com/en-us/local/information/otherhorse?horseid=HK_2003_D208&Option=1,2026-09-04T16:00:20Z,https://racing.hkjc.com/en-us/local/information/archive/localresults?racedate=2006/01/15&racecourse=ST&RaceNo=4
ST_20060115_R04_HK_2004_E036,ST_20060115_R04,2006-01-15,ST,Sha Tin,4,317,ALUMNI TRAIL HANDICAP,5,1400,40-15,GOOD TO FIRM,TURF,"TURF - ""A+3"" Course",450000,14,HK_2004_E036,8,SMARTY,CE036,IRE,Northern,,34,32,Bay,Gelding,Marju,Unfuwaanah,Unfuwain Same,1,0,0,0,0,0.0,0.0,0.0,0.0,0.0,0.0,6,False,False,H W Lai,L Ho,120,1001,9,4-1/2,1:24.20,40.0,https://racing.hkjc.com/en-us/local/information/otherhorse?horseid=HK_2004_E036&Option=1,2026-09-04T13:15:15Z,https://racing.hkjc.com/en-us/local/information/archive/localresults?racedate=2006/01/15&racecourse=ST&RaceNo=4
ST_20060115_R04_HK_2004_E005,ST_20060115_R04,2006-01-15,ST,Sha Tin,4,317,ALUMNI TRAIL HANDICAP,5,1400,40-15,GOOD TO FIRM,TURF,"TURF - ""A+3"" Course",450000,14,HK_2004_E005,12,METRO LEADER,CE005,NZ,Southern,,28,27,Bay,Gelding,Danasinga,Marseta,Marscay Same,1,0,0,1,1,0.0,1.0,0.0,0.0,51750.0,51750.0,7,False,False,R Fradd,B K Ng,121,993,6,4-1/2,1:24.30,10.0,https://racing.hkjc.com/en-us/local/information/otherhorse?horseid=HK_2004_E005&Option=1,2026-09-04T13:16:07Z,https://racing.hkjc.com/en-us/local/information/archive/localresults?racedate=2006/01/15&racecourse=ST&RaceNo=4
ST_20060115_R04_HK_2002_C266,ST_20060115_R04,2006-01-15,ST,Sha Tin,4,317,ALUMNI TRAIL HANDICAP,5,1400,40-15,GOOD TO FIRM,TURF,"TURF - ""A+3"" Course",450000,14,HK_2002_C266,14,PLEASANT JOURNEY,CC266,AUS,Southern,,18,16,Bay,Gelding,Danehill,La Veine,Diesis Same,0,0,0,0,0,0.0,0.0,0.0,0.0,0.0,0.0,8,False,False,A Delpech,K L Man,114,1127,13,4-1/2,1:24.30,17.0,https://racing.hkjc.com/en-us/local/information/otherhorse?horseid=HK_2002_C266&Option=1,2026-09-04T16:00:23Z,https://racing.hkjc.com/en-us/local/information/archive/localresults?racedate=2006/01/15&racecourse=ST&RaceNo=4
ST_20060115_R04_HK_2002_C031,ST_20060115_R04,2006-01-15,ST,Sha Tin,4,317,ALUMNI TRAIL HANDICAP,5,1400,40-15,GOOD TO FIRM,TURF,"TURF - ""A+3"" Course",450000,14,HK_2002_C031,6,TIMBER CITY,CC031,AUS,Southern,,38,37,Chestnut,Gelding,Timber Country,Lady Danna,Danehill Same,0,0,0,0,0,0.0,0.0,0.0,0.0,0.0,0.0,9,False,False,C Munce,A T Millard,131,1091,1,5,1:24.30,11.0,https://racing.hkjc.com/en-us/local/information/otherhorse?horseid=HK_2002_C031&Option=1,2026-09-04T16:00:26Z,https://racing.hkjc.com/en-us/local/information/archive/localresults?racedate=2006/01/15&racecourse=ST&RaceNo=4
ST_20060115_R04_HK_2004_E004,ST_20060115_R04,2006-01-15,ST,Sha Tin,4,317,ALUMNI TRAIL HANDICAP,5,1400,40-15,GOOD TO FIRM,TURF,"TURF - ""A+3"" Course",450000,14,HK_2004_E004,2,MURCIELAGO,CE004,AUS,Southern,,40,40,Bay,Gelding,Beautiful Crown,Sin Duda,Trading Range Same,0,0,0,0,0,0.0,0.0,0.0,0.0,0.0,0.0,10,False,False,S Sanders,C Fownes,133,1120,5,5-1/4,1:24.40,13.0,https://racing.hkjc.com/en-us/local/information/otherhorse?horseid=HK_2004_E004&Option=1,2026-09-04T16:00:29Z,https://racing.hkjc.com/en-us/local/information/archive/localresults?racedate=2006/01/15&racecourse=ST&RaceNo=4
ST_20060115_R04_HK_2001_B362,ST_20060115_R04,2006-01-15,ST,Sha Tin,4,317,ALUMNI TRAIL HANDICAP,5,1400,40-15,GOOD TO FIRM,TURF,"TURF - ""A+3"" Course",450000,14,HK_2001_B362,10,ON SHAN EXPRESS,CB362,AUS,Southern,,32.0,30,Bay,Gelding,Euclase,My Prima Donna,Paris Opera Same,0,0,0,0,0,0.0,0.0,0.0,0.0,0.0,0.0,11,False,False,O Doleuze,Y S Tsui,125,1119,4,5-3/4,1:24.40,51.0,https://racing.hkjc.com/en-us/local/information/otherhorse?horseid=HK_2001_B362&Option=1,2026-09-04T13:50:47Z,https://racing.hkjc.com/en-us/local/information/archive/localresults?racedate=2006/01/15&racecourse=ST&RaceNo=4
ST_20060115_R04_HK_2002_C121,ST_20060115_R04,2006-01-15,ST,Sha Tin,4,317,ALUMNI TRAIL HANDICAP,5,1400,40-15,GOOD TO FIRM,TURF,"TURF - ""A+3"" Course",450000,14,HK_2002_C121,3,SUPER MARKSMAN,CC121,NZ,Southern,,40,40,Brown,Gelding,Centaine,Kosha,Coober Prince Same,1,0,0,1,1,0.0,1.0,0.0,0.0,51750.0,51750.0,12,False,False,Y T Cheng,Y O Wong,131,1183,7,9-3/4,1:25.10,17.0,https://racing.hkjc.com/en-us/local/information/otherhorse?horseid=HK_2002_C121&Option=1,2026-09-04T13:14:58Z,https://racing.hkjc.com/en-us/local/information/archive/localresults?racedate=2006/01/15&racecourse=ST&RaceNo=4
ST_20060115_R04_HK_2003_D271,ST_20060115_R04,2006-01-15,ST,Sha Tin,4,317,ALUMNI TRAIL HANDICAP,5,1400,40-15,GOOD TO FIRM,TURF,"TURF - ""A+3"" Course",450000,14,HK_2003_D271,13,PLEASURE PLEASURE,CD271,AUS,Southern,,27,27,Bay,Gelding,Snippets,Veronique,Lyphard's Wish Same,0,0,0,0,0,0.0,0.0,0.0,0.0,0.0,0.0,13,False,False,G Mosse,A Lee,120,974,11,11-1/2,1:25.30,8.5,https://racing.hkjc.com/en-us/local/information/otherhorse?horseid=HK_2003_D271&Option=1,2026-09-04T13:51:07Z,https://racing.hkjc.com/en-us/local/information/archive/localresults?racedate=2006/01/15&racecourse=ST&RaceNo=4
ST_20060115_R04_HK_2003_D125,ST_20060115_R04,2006-01-15,ST,Sha Tin,4,317,ALUMNI TRAIL HANDICAP,5,1400,40-15,GOOD TO FIRM,TURF,"TURF - ""A+3"" Course",450000,14,HK_2003_D125,5,HARVEST,CD125,GB,Northern,,38,36,Bay,Gelding,Mujadil,Wassl This Then,Wassl Same,1,0,0,0,0,0.0,0.0,0.0,0.0,34200.0,34200.0,14,False,False,H K Yim,C H Yip,129,1086,8,ML,,17.0,https://racing.hkjc.com/en-us/local/information/otherhorse?horseid=HK_2003_D125&Option=1,2026-09-04T15:12:04Z,https://racing.hkjc.com/en-us/local/information/archive/localresults?racedate=2006/01/15&racecourse=ST&RaceNo=4
ST_20060115_R05_HK_2004_E135,ST_20060115_R05,2006-01-15,ST,Sha Tin,5,318,CHUNG CHI ROAD HANDICAP,2,1400,95-75,GOOD TO FIRM,TURF,"TURF - ""A+3"" Course",1000000,14,HK_2004_E135,4,SUNNY SING,CE135,IRE,Northern,,91,97,Bay,Gelding,Sri Pekan,Sagrada,Primo Dominie Same,0,0,0,0,0,0.0,0.0,0.56,560000.0,0.0,560000.0,1,True,True,C Soumillon,J Moore,126,1096,8,---,1:22.00,3.9,https://racing.hkjc.com/en-us/local/information/otherhorse?horseid=HK_2004_E135&Option=1,2026-09-04T16:00:34Z,https://racing.hkjc.com/en-us/local/information/archive/localresults?racedate=2006/01/15&racecourse=ST&RaceNo=5
ST_20060115_R05_HK_2002_C238,ST_20060115_R05,2006-01-15,ST,Sha Tin,5,318,CHUNG CHI ROAD HANDICAP,2,1400,95-75,GOOD TO FIRM,TURF,"TURF - ""A+3"" Course",1000000,14,HK_2002_C238,3,BOBO WIN,CC238,AUS,Southern,,93,95,Bay,Gelding,Danehill,Oh So Canny,Sir Tristram Same,0,0,0,0,0,0.0,0.0,0.21,210000.0,0.0,210000.0,2,False,True,C W Wong,J Moore,118,1142,13,3/4,1:22.10,37.0,https://racing.hkjc.com/en-us/local/information/otherhorse?horseid=HK_2002_C238&Option=1,2026-09-04T16:00:37Z,https://racing.hkjc.com/en-us/local/information/archive/localresults?racedate=2006/01/15&racecourse=ST&RaceNo=5
ST_20060115_R05_HK_2004_E234,ST_20060115_R05,2006-01-15,ST,Sha Tin,5,318,CHUNG CHI ROAD HANDICAP,2,1400,95-75,GOOD TO FIRM,TURF,"TURF - ""A+3"" Course",1000000,14,HK_2004_E234,14,ALL'S WELL,CE234,NZ,Southern,,80.0,81.0,Bay,Gelding,City On A Hill,Alot Of Music,Success Express Same,0,0,0,0,0,0.0,0.0,0.115,115000.0,0.0,115000.0,3,False,True,S Dye,C S Shum,115,1141,4,1-1/4,1:22.20,2.5,https://racing.hkjc.com/en-us/local/information/otherhorse?horseid=HK_2004_E234&Option=1,2026-09-04T16:00:40Z,https://racing.hkjc.com/en-us/local/information/archive/localresults?racedate=2006/01/15&racecourse=ST&RaceNo=5
ST_20060115_R05_HK_2004_E272,ST_20060115_R05,2006-01-15,ST,Sha Tin,5,318,CHUNG CHI ROAD HANDICAP,2,1400,95-75,GOOD TO FIRM,TURF,"TURF - ""A+3"" Course",1000000,14,HK_2004_E272,8,LIBERAL'S KNIGHT,CE272,IRE,Northern,,87,87,Bay,Gelding,Desert Prince,Return Journey,Pennine Walk Same,1,0,0,0,0,0.0,0.0,0.06,60000.0,0.0,60000.0,4,False,False,D Whyte,J Size,122,1095,12,2,1:22.30,4.7,https://racing.hkjc.com/en-us/local/information/otherhorse?horseid=HK_2004_E272&Option=1,2026-09-04T13:20:21Z,https://racing.hkjc.com/en-us/local/information/archive/localresults?racedate=2006/01/15&racecourse=ST&RaceNo=5
ST_20060115_R05_HK_2003_D267,ST_20060115_R05,2006-01-15,ST,Sha Tin,5,318,CHUNG CHI ROAD HANDICAP,2,1400,95-75,GOOD TO FIRM,TURF,"TURF - ""A+3"" Course",1000000,14,HK_2003_D267,6,SHARKI,CD267,NZ,Southern,,89.0,89.0,Brown,Gelding,Cape Cross,Ricamo,Kaapstad Same,1,0,0,0,0,0.0,0.0,0.055,55000.0,60000.0,115000.0,5,False,False,B Prebble,A T Millard,124,1140,5,3-3/4,1:22.60,8.5,https://racing.hkjc.com/en-us/local/information/otherhorse?horseid=HK_2003_D267&Option=1,2026-09-04T13:20:04Z,https://racing.hkjc.com/en-us/local/information/archive/localresults?racedate=2006/01/15&racecourse=ST&RaceNo=5
ST_20060115_R05_HK_2005_G019,ST_20060115_R05,2006-01-15,ST,Sha Tin,5,318,CHUNG CHI ROAD HANDICAP,2,1400,95-75,GOOD TO FIRM,TURF,"TURF - ""A+3"" Course",1000000,14,HK_2005_G019,9,PHANTOM THIEF,CG019,AUS,Southern,,86,85,Bay,Gelding,Jade Robbery,Not On Friday,At Talaq Same,0,0,0,0,0,0.0,0.0,0.0,0.0,0.0,0.0,6,False,False,F Coetzee,A S Cruz,121,1291,14,4-1/4,1:22.70,29.0,https://racing.hkjc.com/en-us/local/information/otherhorse?horseid=HK_2005_G019&Option=1,2026-09-04T16:00:43Z,https://racing.hkjc.com/en-us/local/information/archive/localresults?racedate=2006/01/15&racecourse=ST&RaceNo=5
ST_20060115_R05_HK_2002_C256,ST_20060115_R05,2006-01-15,ST,Sha Tin,5,318,CHUNG CHI ROAD HANDICAP,2,1400,95-75,GOOD TO FIRM,TURF,"TURF - ""A+3"" Course",1000000,14,HK_2002_C256,5,SANBENITO,CC256,IRE,Northern,,89,89,Bay,Gelding,Elbio,Inter Madera,Toca Madera Same,0,0,0,0,0,0.0,0.0,0.0,0.0,0.0,0.0,7,False,False,S Sanders,D Oughton,124,1207,6,5,1:22.80,27.0,https://racing.hkjc.com/en-us/local/information/otherhorse?horseid=HK_2002_C256&Option=1,2026-09-04T13:53:17Z,https://racing.hkjc.com/en-us/local/information/archive/localresults?racedate=2006/01/15&racecourse=ST&RaceNo=5
ST_20060115_R05_HK_2002_C270,ST_20060115_R05,2006-01-15,ST,Sha Tin,5,318,CHUNG CHI ROAD HANDICAP,2,1400,95-75,GOOD TO FIRM,TURF,"TURF - ""A+3"" Course",1000000,14,HK_2002_C270,1,WEALTHY TREASURE,CC270,NZ,Southern,,95,95,Bay,Gelding,Felix The Cat,A Little Fun,Racing Is Fun Same,0,0,0,0,0,0.0,0.0,0.0,0.0,0.0,0.0,8,False,False,C Brown,J Size,130,1044,7,5-3/4,1:22.90,21.0,https://racing.hkjc.com/en-us/local/information/otherhorse?horseid=HK_2002_C270&Option=1,2026-09-04T13:55:11Z,https://racing.hkjc.com/en-us/local/information/archive/localresults?racedate=2006/01/15&racecourse=ST&RaceNo=5
ST_20060115_R05_HK_2002_C062,ST_20060115_R05,2006-01-15,ST,Sha Tin,5,318,CHUNG CHI ROAD HANDICAP,2,1400,95-75,GOOD TO FIRM,TURF,"TURF - ""A+3"" Course",1000000,14,HK_2002_C062,12,BEST LUCK,CC062,IRE,Northern,,81,79,Bay,Gelding,Danehill,Al Theraab,Roberto Same,1,0,0,0,0,0.0,0.0,0.0,0.0,0.0,0.0,9,False,False,H K Yim,S Woods,114,1137,1,6-3/4,1:23.10,44.0,https://racing.hkjc.com/en-us/local/information/otherhorse?horseid=HK_2002_C062&Option=1,2026-09-04T13:20:23Z,https://racing.hkjc.com/en-us/local/information/archive/localresults?racedate=2006/01/15&racecourse=ST&RaceNo=5
ST_20060115_R05_HK_2003_D085,ST_20060115_R05,2006-01-15,ST,Sha Tin,5,318,CHUNG CHI ROAD HANDICAP,2,1400,95-75,GOOD TO FIRM,TURF,"TURF - ""A+3"" Course",1000000,14,HK_2003_D085,11,CLASSA FOR EVER,CD085,IRE,Northern,,82.0,80.0,Bay,Gelding,Marju,Bank On Her,Rahy Same,0,0,0,0,0,0.0,0.0,0.0,0.0,0.0,0.0,10,False,False,H W Lai,L Ho,110,1094,9,10-1/4,1:23.60,99.0,https://racing.hkjc.com/en-us/local/information/otherhorse?horseid=HK_2003_D085&Option=1,2026-09-04T16:00:46Z,https://racing.hkjc.com/en-us/local/information/archive/localresults?racedate=2006/01/15&racecourse=ST&RaceNo=5
ST_20060115_R05_HK_2003_D216,ST_20060115_R05,2006-01-15,ST,Sha Tin,5,318,CHUNG CHI ROAD HANDICAP,2,1400,95-75,GOOD TO FIRM,TURF,"TURF - ""A+3"" Course",1000000,14,HK_2003_D216,13,GIANFANTI,CD216,IRE,Northern,,81,80,Bay,Horse,Danehill,That'll Be The Day,Thatching Same,0,0,0,0,0,0.0,0.0,0.0,0.0,0.0,0.0,11,False,False,Y T Cheng,K W Lui,114,1120,10,10-1/2,1:23.60,57.0,https://racing.hkjc.com/en-us/local/information/otherhorse?horseid=HK_2003_D216&Option=1,2026-09-04T16:00:49Z,https://racing.hkjc.com/en-us/local/information/archive/localresults?racedate=2006/01/15&racecourse=ST&RaceNo=5
ST_20060115_R05_HK_2005_G080,ST_20060115_R05,2006-01-15,ST,Sha Tin,5,318,CHUNG CHI ROAD HANDICAP,2,1400,95-75,GOOD TO FIRM,TURF,"TURF - ""A+3"" Course",1000000,14,HK_2005_G080,7,SIKANDER,CG080,AUS,Southern,,88,88,Bay,Gelding,Quest For Fame,Spirit,Danehill Same,0,0,0,0,0,0.0,0.0,0.0,0.0,0.0,0.0,12,False,False,O Doleuze,C Fownes,123,1134,3,12-3/4,1:24.00,34.0,https://racing.hkjc.com/en-us/local/information/otherhorse?horseid=HK_2005_G080&Option=1,2026-09-04T16:00:52Z,https://racing.hkjc.com/en-us/local/information/archive/localresults?racedate=2006/01/15&racecourse=ST&RaceNo=5
ST_20060115_R05_HK_2005_G053,ST_20060115_R05,2006-01-15,ST,Sha Tin,5,318,CHUNG CHI ROAD HANDICAP,2,1400,95-75,GOOD TO FIRM,TURF,"TURF - ""A+3"" Course",1000000,14,HK_2005_G053,10,LOYAL KNIGHT,CG053,AUS,Southern,,85,85,Bay,Gelding,Octagonal,Bumpy,Lure Same,0,0,0,0,0,0.0,0.0,0.0,0.0,0.0,0.0,13,False,False,E Saint-Martin,J Moore,120,1158,11,13-3/4,1:24.10,99.0,https://racing.hkjc.com/en-us/local/information/otherhorse?horseid=HK_2005_G053&Option=1,2026-09-04T16:00:54Z,https://racing.hkjc.com/en-us/local/information/archive/localresults?racedate=2006/01/15&racecourse=ST&RaceNo=5
ST_20060115_R05_HK_2002_C291,ST_20060115_R05,2006-01-15,ST,Sha Tin,5,318,CHUNG CHI ROAD HANDICAP,2,1400,95-75,GOOD TO FIRM,TURF,"TURF - ""A+3"" Course",1000000,14,HK_2002_C291,2,GREAT DELIGHT,CC291,AUS,Southern,,94,94,Bay,Gelding,Regal Classic,Great Manners,Rubiton Same,0,0,0,0,0,0.0,0.0,0.0,0.0,0.0,0.0,14,False,False,K H Chan,C S Shum,119,1171,2,ML,,77.0,https://racing.hkjc.com/en-us/local/information/otherhorse?horseid=HK_2002_C291&Option=1,2026-09-04T16:00:57Z,https://racing.hkjc.com/en-us/local/information/archive/localresults?racedate=2006/01/15&racecourse=ST&RaceNo=5
ST_20060115_R06_HK_2003_D068,ST_20060115_R06,2006-01-15,ST,Sha Tin,6,319,RESIDENCE ROAD HANDICAP,4,1400,60-40,GOOD TO FIRM,TURF,"TURF - ""A+3"" Course",570000,14,HK_2003_D068,14,LUCKY PACKET,CD068,AUS,Southern,,42,50,Bay,Gelding,Snippets,Hanover Township,Kenmare Same,0,0,0,0,0,0.0,0.0,0.56,319200.0,0.0,319200.0,1,True,True,G Schofield,D Cruz,116,1064,5,---,1:22.70,8.3,https://racing.hkjc.com/en-us/local/information/otherhorse?horseid=HK_2003_D068&Option=1,2026-09-04T16:01:02Z,https://racing.hkjc.com/en-us/local/information/archive/localresults?racedate=2006/01/15&racecourse=ST&RaceNo=6
ST_20060115_R06_HK_2005_G049,ST_20060115_R06,2006-01-15,ST,Sha Tin,6,319,RESIDENCE ROAD HANDICAP,4,1400,60-40,GOOD TO FIRM,TURF,"TURF - ""A+3"" Course",570000,14,HK_2005_G049,2,CIRCULAR MACHINE,CG049,NZ,Southern,,54,56,Bay,Gelding,O'Reilly,Vital,Festal Same,0,0,0,0,0,0.0,0.0,0.21,119700.0,0.0,119700.0,2,False,True,S Dye,C S Shum,127,1088,6,1-1/4,1:22.90,2.7,https://racing.hkjc.com/en-us/local/information/otherhorse?horseid=HK_2005_G049&Option=1,2026-09-04T16:01:05Z,https://racing.hkjc.com/en-us/local/information/archive/localresults?racedate=2006/01/15&racecourse=ST&RaceNo=6
ST_20060115_R06_HK_2005_G087,ST_20060115_R06,2006-01-15,ST,Sha Tin,6,319,RESIDENCE ROAD HANDICAP,4,1400,60-40,GOOD TO FIRM,TURF,"TURF - ""A+3"" Course",570000,14,HK_2005_G087,7,NATURAL NINE,CG087,AUS,Southern,,52,53,Bay,Gelding,Mark Of Esteem,Mythical Play,Defensive Play Same,1,0,0,1,1,0.0,1.0,0.115,65550.0,49875.0,115425.0,3,False,True,S Sanders,C Fownes,125,1152,3,1-3/4,1:23.00,6.0,https://racing.hkjc.com/en-us/local/information/otherhorse?horseid=HK_2005_G087&Option=1,2026-09-04T13:16:49Z,https://racing.hkjc.com/en-us/local/information/archive/localresults?racedate=2006/01/15&racecourse=ST&RaceNo=6
ST_20060115_R06_HK_2003_D184,ST_20060115_R06,2006-01-15,ST,Sha Tin,6,319,RESIDENCE ROAD HANDICAP,4,1400,60-40,GOOD TO FIRM,TURF,"TURF - ""A+3"" Course",570000,14,HK_2003_D184,3,MR GENKI,CD184,NZ,Southern,,54,54,Bay,Gelding,Pompeii Court,Brauner Miss,Brauner Same,0,0,0,0,0,0.0,0.0,0.06,34200.0,0.0,34200.0,4,False,False,F Coetzee,A S Cruz,127,1070,7,2,1:23.00,11.0,https://racing.hkjc.com/en-us/local/information/otherhorse?horseid=HK_2003_D184&Option=1,2026-09-04T16:01:08Z,https://racing.hkjc.com/en-us/local/information/archive/localresults?racedate=2006/01/15&racecourse=ST&RaceNo=6
ST_20060115_R06_HK_2001_B357,ST_20060115_R06,2006-01-15,ST,Sha Tin,6,319,RESIDENCE ROAD HANDICAP,4,1400,60-40,GOOD TO FIRM,TURF,"TURF - ""A+3"" Course",570000,14,HK_2001_B357,13,FIRST KNIGHT,CB357,AUS,Southern,,42.0,42.0,Bay,Gelding,Ascot Knight,Rose Of St Jude,St Jude Same,0,0,0,0,0,0.0,0.0,0.055,31350.0,0.0,31350.0,5,False,False,C Munce,S Woods,115,1179,13,4-1/4,1:23.30,53.0,https://racing.hkjc.com/en-us/local/information/otherhorse?horseid=HK_2001_B357&Option=1,2026-09-04T16:01:11Z,https://racing.hkjc.com/en-us/local/information/archive/localresults?racedate=2006/01/15&racecourse=ST&RaceNo=6
ST_20060115_R06_HK_2004_E226,ST_20060115_R06,2006-01-15,ST,Sha Tin,6,319,RESIDENCE ROAD HANDICAP,4,1400,60-40,GOOD TO FIRM,TURF,"TURF - ""A+3"" Course",570000,14,HK_2004_E226,5,SILVER MARK,CE226,AUS,Southern,,53,53,Bay / Brown,Gelding,Way Of Light,Cate's Mill,Water Mill Same,0,0,0,0,0,0.0,0.0,0.0,0.0,0.0,0.0,6,False,False,B Prebble,D J Hall,126,1162,8,4-1/4,1:23.40,11.0,https://racing.hkjc.com/en-us/local/information/otherhorse?horseid=HK_2004_E226&Option=1,2026-09-04T13:51:21Z,https://racing.hkjc.com/en-us/local/information/archive/localresults?racedate=2006/01/15&racecourse=ST&RaceNo=6
ST_20060115_R06_HK_2003_D333,ST_20060115_R06,2006-01-15,ST,Sha Tin,6,319,RESIDENCE ROAD HANDICAP,4,1400,60-40,GOOD TO FIRM,TURF,"TURF - ""A+3"" Course",570000,14,HK_2003_D333,1,CARE FREE PRINCE,CD333,AUS,Southern,,58,58,Chestnut,Gelding,Flying Spur,Lihir,Grosvenor Same,0,0,0,0,0,0.0,0.0,0.0,0.0,0.0,0.0,7,False,False,D Whyte,K W Lui,131,1032,1,4-3/4,1:23.40,7.0,https://racing.hkjc.com/en-us/local/information/otherhorse?horseid=HK_2003_D333&Option=1,2026-09-04T16:01:14Z,https://racing.hkjc.com/en-us/local/information/archive/localresults?racedate=2006/01/15&racecourse=ST&RaceNo=6
ST_20060115_R06_HK_2002_C324,ST_20060115_R06,2006-01-15,ST,Sha Tin,6,319,RESIDENCE ROAD HANDICAP,4,1400,60-40,GOOD TO FIRM,TURF,"TURF - ""A+3"" Course",570000,14,HK_2002_C324,10,SMART CHAMPION,CC324,NZ,Southern,,49,48,Grey,Gelding,O'Reilly,Habania,Habat Same,1,0,0,0,0,0.0,0.0,0.0,0.0,0.0,0.0,8,False,False,C Soumillon,T K Ng,122,1203,4,6,1:23.60,11.0,https://racing.hkjc.com/en-us/local/information/otherhorse?horseid=HK_2002_C324&Option=1,2026-09-04T13:17:06Z,https://racing.hkjc.com/en-us/local/information/archive/localresults?racedate=2006/01/15&racecourse=ST&RaceNo=6
ST_20060115_R06_HK_2003_D173,ST_20060115_R06,2006-01-15,ST,Sha Tin,6,319,RESIDENCE ROAD HANDICAP,4,1400,60-40,GOOD TO FIRM,TURF,"TURF - ""A+3"" Course",570000,14,HK_2003_D173,12,STAR OF NORTHERN,CD173,USA,Northern,,43,43,Bay,Gelding,Walter Willy,Meadow Moon,Meadowlake Same,1,0,0,1,1,0.0,1.0,0.0,0.0,65550.0,65550.0,9,False,False,K H Chan,K L Man,106,1168,11,8-3/4,1:24.10,23.0,https://racing.hkjc.com/en-us/local/information/otherhorse?horseid=HK_2003_D173&Option=1,2026-09-04T15:11:18Z,https://racing.hkjc.com/en-us/local/information/archive/localresults?racedate=2006/01/15&racecourse=ST&RaceNo=6
ST_20060115_R06_HK_2004_E023,ST_20060115_R06,2006-01-15,ST,Sha Tin,6,319,RESIDENCE ROAD HANDICAP,4,1400,60-40,GOOD TO FIRM,TURF,"TURF - ""A+3"" Course",570000,14,HK_2004_E023,4,GLORY YEARS,CE023,AUS,Southern,,53,53,Chestnut,Gelding,Flying Spur,Do You,Vain Same,1,0,1,0,1,0.0,1.0,0.0,0.0,119700.0,119700.0,10,False,False,G Mosse,A Lee,126,1363,9,9,1:24.10,16.0,https://racing.hkjc.com/en-us/local/information/otherhorse?horseid=HK_2004_E023&Option=1,2026-09-04T15:11:56Z,https://racing.hkjc.com/en-us/local/information/archive/localresults?racedate=2006/01/15&racecourse=ST&RaceNo=6
ST_20060115_R06_HK_2001_B303,ST_20060115_R06,2006-01-15,ST,Sha Tin,6,319,RESIDENCE ROAD HANDICAP,4,1400,60-40,GOOD TO FIRM,TURF,"TURF - ""A+3"" Course",570000,14,HK_2001_B303,11,GIDDY KIPPER,CB303,GB,Northern,,43.0,42.0,Chestnut,Gelding,Polar Falcon,Emaline,Empery Same,0,0,0,0,0,0.0,0.0,0.0,0.0,0.0,0.0,11,False,False,S K Sit,P O'Sullivan,113,1011,12,11-1/4,1:24.50,99.0,https://racing.hkjc.com/en-us/local/information/otherhorse?horseid=HK_2001_B303&Option=1,2026-09-04T16:01:17Z,https://racing.hkjc.com/en-us/local/information/archive/localresults?racedate=2006/01/15&racecourse=ST&RaceNo=6
ST_20060115_R06_HK_2001_B404,ST_20060115_R06,2006-01-15,ST,Sha Tin,6,319,RESIDENCE ROAD HANDICAP,4,1400,60-40,GOOD TO FIRM,TURF,"TURF - ""A+3"" Course",570000,14,HK_2001_B404,8,OPERA MAGIC,CB404,AUS,Southern,,52,49,Chestnut,Gelding,Langfuhr,Pale Mist,Tate Gallery Same,1,0,0,0,0,0.0,0.0,0.0,0.0,0.0,0.0,12,False,False,Y T Cheng,C H Yip,123,1125,10,12,1:24.60,79.0,https://racing.hkjc.com/en-us/local/information/otherhorse?horseid=HK_2001_B404&Option=1,2026-09-04T15:28:25Z,https://racing.hkjc.com/en-us/local/information/archive/localresults?racedate=2006/01/15&racecourse=ST&RaceNo=6
ST_20060115_R06_HK_2005_G013,ST_20060115_R06,2006-01-15,ST,Sha Tin,6,319,RESIDENCE ROAD HANDICAP,4,1400,60-40,GOOD TO FIRM,TURF,"TURF - ""A+3"" Course",570000,14,HK_2005_G013,6,GREEN IDEAL,CG013,AUS,Southern,,52,50,Bay,Gelding,Iglesia,Street Of Dreams,Yeats Same,0,0,0,0,0,0.0,0.0,0.0,0.0,0.0,0.0,13,False,False,H K Yim,T W Leung,123,1164,2,13-1/2,1:24.80,99.0,https://racing.hkjc.com/en-us/local/information/otherhorse?horseid=HK_2005_G013&Option=1,2026-09-04T16:01:20Z,https://racing.hkjc.com/en-us/local/information/archive/localresults?racedate=2006/01/15&racecourse=ST&RaceNo=6
ST_20060115_R06_HK_2004_E028,ST_20060115_R06,2006-01-15,ST,Sha Tin,6,319,RESIDENCE ROAD HANDICAP,4,1400,60-40,GOOD TO FIRM,TURF,"TURF - ""A+3"" Course",570000,14,HK_2004_E028,9,BULLET TRAIN,CE028,AUS,Southern,,50,48,Chestnut,Gelding,Knowledge,Be My Shadow,Call Report Same,0,0,0,0,0,0.0,0.0,0.0,0.0,0.0,0.0,14,False,False,H W Lai,B K Ng,116,1181,14,14-3/4,1:25.00,99.0,https://racing.hkjc.com/en-us/local/information/otherhorse?horseid=HK_2004_E028&Option=1,2026-09-04T16:01:22Z,https://racing.hkjc.com/en-us/local/information/archive/localresults?racedate=2006/01/15&racecourse=ST&RaceNo=6
ST_20060115_R07_HK_2005_G011,ST_20060115_R07,2006-01-15,ST,Sha Tin,7,320,UNITED ROAD HANDICAP,3,1400,80-60,GOOD TO FIRM,TURF,"TURF - ""A+3"" Course",750000,14,HK_2005_G011,4,FLORAL PEGASUS,CG011,AUS,Southern,,75,86,Chestnut,Horse,Fusaichi Pegasus,Crown Crest,Mill Reef Same,0,0,0,0,0,0.0,0.0,0.56,420000.0,0.0,420000.0,1.0,True,True,F Coetzee,A S Cruz,127,1194.0,7.0,---,1:21.80,1.9,https://racing.hkjc.com/en-us/local/information/otherhorse?horseid=HK_2005_G011&Option=1,2026-09-04T16:01:28Z,https://racing.hkjc.com/en-us/local/information/archive/localresults?racedate=2006/01/15&racecourse=ST&RaceNo=7
ST_20060115_R07_HK_2005_G051,ST_20060115_R07,2006-01-15,ST,Sha Tin,7,320,UNITED ROAD HANDICAP,3,1400,80-60,GOOD TO FIRM,TURF,"TURF - ""A+3"" Course",750000,14,HK_2005_G051,3,SIR ERNESTO,CG051,AUS,Southern,,76,79,Bay,Gelding,Danehill,Brise de Mer,Bering Same,0,0,0,0,0,0.0,0.0,0.21,157500.0,0.0,157500.0,2.0,False,True,C Brown,D Cruz,128,1156.0,5.0,1-1/4,1:22.00,18.0,https://racing.hkjc.com/en-us/local/information/otherhorse?horseid=HK_2005_G051&Option=1,2026-09-04T16:01:31Z,https://racing.hkjc.com/en-us/local/information/archive/localresults?racedate=2006/01/15&racecourse=ST&RaceNo=7
ST_20060115_R07_HK_2004_E140,ST_20060115_R07,2006-01-15,ST,Sha Tin,7,320,UNITED ROAD HANDICAP,3,1400,80-60,GOOD TO FIRM,TURF,"TURF - ""A+3"" Course",750000,14,HK_2004_E140,6,AMSTERDAM,CE140,IRE,Northern,,69,69,Bay,Gelding,Danehill,Dathiyna,Kris Same,1,0,0,0,0,0.0,0.0,0.115,86250.0,45000.0,131250.0,3.0,False,True,C Soumillon,J Moore,121,1035.0,3.0,3,1:22.20,13.0,https://racing.hkjc.com/en-us/local/information/otherhorse?horseid=HK_2004_E140&Option=1,2026-09-04T13:18:10Z,https://racing.hkjc.com/en-us/local/information/archive/localresults?racedate=2006/01/15&racecourse=ST&RaceNo=7
ST_20060115_R07_HK_2004_E281,ST_20060115_R07,2006-01-15,ST,Sha Tin,7,320,UNITED ROAD HANDICAP,3,1400,80-60,GOOD TO FIRM,TURF,"TURF - ""A+3"" Course",750000,14,HK_2004_E281,10,JIANG JUN,CE281,NZ,Southern,,66,66,Bay,Gelding,Danske,Carol Singer,Geiger Counter Same,1,0,0,1,1,0.0,1.0,0.06,45000.0,86250.0,131250.0,4.0,False,False,R Fradd,C H Yip,118,1053.0,8.0,3-1/4,1:22.30,4.2,https://racing.hkjc.com/en-us/local/information/otherhorse?horseid=HK_2004_E281&Option=1,2026-09-04T13:20:47Z,https://racing.hkjc.com/en-us/local/information/archive/localresults?racedate=2006/01/15&racecourse=ST&RaceNo=7
ST_20060115_R07_HK_2004_E068,ST_20060115_R07,2006-01-15,ST,Sha Tin,7,320,UNITED ROAD HANDICAP,3,1400,80-60,GOOD TO FIRM,TURF,"TURF - ""A+3"" Course",750000,14,HK_2004_E068,5,RELY ON ME,CE068,AUS,Southern,,73,73,Bay / Brown,Gelding,Encosta de Lago,Rhum Dancer,Command Module Same,1,1,0,0,1,1.0,1.0,0.055,41250.0,420000.0,461250.0,5.0,False,False,D Whyte,J Size,125,1200.0,14.0,5-1/4,1:22.60,4.2,https://racing.hkjc.com/en-us/local/information/otherhorse?horseid=HK_2004_E068&Option=1,2026-09-04T13:18:02Z,https://racing.hkjc.com/en-us/local/information/archive/localresults?racedate=2006/01/15&racecourse=ST&RaceNo=7
ST_20060115_R07_HK_2002_C227,ST_20060115_R07,2006-01-15,ST,Sha Tin,7,320,UNITED ROAD HANDICAP,3,1400,80-60,GOOD TO FIRM,TURF,"TURF - ""A+3"" Course",750000,14,HK_2002_C227,7,SPEEDING MOLLY,CC227,IRE,Northern,,68.0,66.0,Bay,Gelding,Indian Ridge,Shauna's Honey,Danehill Same,0,0,0,0,0,0.0,0.0,0.0,0.0,0.0,0.0,6.0,False,False,O Doleuze,A T Millard,120,991.0,1.0,9,1:23.20,96.0,https://racing.hkjc.com/en-us/local/information/otherhorse?horseid=HK_2002_C227&Option=1,2026-09-04T13:54:23Z,https://racing.hkjc.com/en-us/local/information/archive/localresults?racedate=2006/01/15&racecourse=ST&RaceNo=7
ST_20060115_R07_HK_2003_D350,ST_20060115_R07,2006-01-15,ST,Sha Tin,7,320,UNITED ROAD HANDICAP,3,1400,80-60,GOOD TO FIRM,TURF,"TURF - ""A+3"" Course",750000,14,HK_2003_D350,12,KAISER'S PRIZE,CD350,AUS,Southern,,64,62,Bay,Gelding,Canny Lad,Infatuated,Quest For Fame Same,1,0,0,0,0,0.0,0.0,0.0,0.0,0.0,0.0,7.0,False,False,G Schofield,C Fownes,116,1182.0,6.0,12-1/2,1:23.80,46.0,https://racing.hkjc.com/en-us/local/information/otherhorse?horseid=HK_2003_D350&Option=1,2026-09-04T13:18:18Z,https://racing.hkjc.com/en-us/local/information/archive/localresults?racedate=2006/01/15&racecourse=ST&RaceNo=7
ST_20060115_R07_HK_2002_C299,ST_20060115_R07,2006-01-15,ST,Sha Tin,7,320,UNITED ROAD HANDICAP,3,1400,80-60,GOOD TO FIRM,TURF,"TURF - ""A+3"" Course",750000,14,HK_2002_C299,14,SUPER CHARGE,CC299,AUS,Southern,,62.0,60,Bay,Gelding,Fraar,Tale Of Silence,Luskin Star Same,1,0,0,0,0,0.0,0.0,0.0,0.0,41250.0,41250.0,8.0,False,False,Y T Cheng,A Lee,112,1167.0,10.0,12-1/2,1:23.80,69.0,https://racing.hkjc.com/en-us/local/information/otherhorse?horseid=HK_2002_C299&Option=1,2026-09-04T13:18:13Z,https://racing.hkjc.com/en-us/local/information/archive/localresults?racedate=2006/01/15&racecourse=ST&RaceNo=7
ST_20060115_R07_HK_2004_E059,ST_20060115_R07,2006-01-15,ST,Sha Tin,7,320,UNITED ROAD HANDICAP,3,1400,80-60,GOOD TO FIRM,TURF,"TURF - ""A+3"" Course",750000,14,HK_2004_E059,2,ROYAL DECREE,CE059,AUS,Southern,,76,74,Bay,Gelding,Lion Hunter,Semi Choice,Semipalatinsk Same,0,0,0,0,0,0.0,0.0,0.0,0.0,0.0,0.0,9.0,False,False,E Saint-Martin,C W Chang,128,1035.0,9.0,13-1/4,1:23.90,55.0,https://racing.hkjc.com/en-us/local/information/otherhorse?horseid=HK_2004_E059&Option=1,2026-09-04T16:01:33Z,https://racing.hkjc.com/en-us/local/information/archive/localresults?racedate=2006/01/15&racecourse=ST&RaceNo=7
ST_20060115_R07_HK_2004_E264,ST_20060115_R07,2006-01-15,ST,Sha Tin,7,320,UNITED ROAD HANDICAP,3,1400,80-60,GOOD TO FIRM,TURF,"TURF - ""A+3"" Course",750000,14,HK_2004_E264,8,SUGAR AND SON,CE264,IRE,Northern,,68,66,Bay,Gelding,Danehill Dancer,Miss Kinabalu,Shirley Heights Same,0,0,0,0,0,0.0,0.0,0.0,0.0,0.0,0.0,10.0,False,False,C Munce,P O'Sullivan,120,1120.0,11.0,14-3/4,1:24.10,99.0,https://racing.hkjc.com/en-us/local/information/otherhorse?horseid=HK_2004_E264&Option=1,2026-09-04T16:01:36Z,https://racing.hkjc.com/en-us/local/information/archive/localresults?racedate=2006/01/15&racecourse=ST&RaceNo=7
ST_20060115_R07_HK_2004_E321,ST_20060115_R07,2006-01-15,ST,Sha Tin,7,320,UNITED ROAD HANDICAP,3,1400,80-60,GOOD TO FIRM,TURF,"TURF - ""A+3"" Course",750000,14,HK_2004_E321,1,SPACE SHUTTLE,CE321,GB,Northern,,79,77,Bay,Gelding,Makbul,Sky Music,Absalom Same,0,0,0,0,0,0.0,0.0,0.0,0.0,0.0,0.0,11.0,False,False,H W Lai,L Ho,124,1112.0,4.0,15-1/2,1:24.20,35.0,https://racing.hkjc.com/en-us/local/information/otherhorse?horseid=HK_2004_E321&Option=1,2026-09-04T16:01:39Z,https://racing.hkjc.com/en-us/local/information/archive/localresults?racedate=2006/01/15&racecourse=ST&RaceNo=7
ST_20060115_R07_HK_2005_G050,ST_20060115_R07,2006-01-15,ST,Sha Tin,7,320,UNITED ROAD HANDICAP,3,1400,80-60,GOOD TO FIRM,TURF,"TURF - ""A+3"" Course",750000,14,HK_2005_G050,9,CHATER SILK,CG050,AUS,Southern,,67,65,Brown,Gelding,Catbird,Brocade And Lace,Roberto Same,0,0,0,0,0,0.0,0.0,0.0,0.0,0.0,0.0,12.0,False,False,A Delpech,D E Ferraris,119,1122.0,12.0,15-3/4,1:24.30,99.0,https://racing.hkjc.com/en-us/local/information/otherhorse?horseid=HK_2005_G050&Option=1,2026-09-04T16:01:42Z,https://racing.hkjc.com/en-us/local/information/archive/localresults?racedate=2006/01/15&racecourse=ST&RaceNo=7
ST_20060115_R07_HK_2005_G042,ST_20060115_R07,2006-01-15,ST,Sha Tin,7,320,UNITED ROAD HANDICAP,3,1400,80-60,GOOD TO FIRM,TURF,"TURF - ""A+3"" Course",750000,14,HK_2005_G042,13,KA KA SMART,CG042,NZ,Southern,,63,61,Grey,Gelding,City On A Hill,Three Vibes,Three Legs Same,0,0,0,0,0,0.0,0.0,0.0,0.0,0.0,0.0,13.0,False,False,S Dye,C S Shum,115,1137.0,13.0,22-1/2,1:25.30,99.0,https://racing.hkjc.com/en-us/local/information/otherhorse?horseid=HK_2005_G042&Option=1,2026-09-04T16:01:45Z,https://racing.hkjc.com/en-us/local/information/archive/localresults?racedate=2006/01/15&racecourse=ST&RaceNo=7
ST_20060115_R07_HK_2005_G094,ST_20060115_R07,2006-01-15,ST,Sha Tin,7,320,UNITED ROAD HANDICAP,3,1400,80-60,GOOD TO FIRM,TURF,"TURF - ""A+3"" Course",750000,14,HK_2005_G094,11,VINTAGE GOLD,CG094,IRE,Northern,,69,69,Chestnut,Gelding,Ashkalani,Lycia,Targowice Same,0,0,0,0,0,0.0,0.0,0.0,0.0,0.0,0.0,,False,False,H K Yim,S Woods,114,,,---,---,,https://racing.hkjc.com/en-us/local/information/otherhorse?horseid=HK_2005_G094&Option=1,2026-09-04T16:01:48Z,https://racing.hkjc.com/en-us/local/information/archive/localresults?racedate=2006/01/15&racecourse=ST&RaceNo=7
ST_20060115_R08_HK_2003_D273,ST_20060115_R08,2006-01-15,ST,Sha Tin,8,321,THE CUHK ALUMNI CUP (HANDICAP),3,1400,80-60,GOOD TO FIRM,TURF,"TURF - ""A+3"" Course",750000,14,HK_2003_D273,10,DON FELIPE,CD273,GB,Northern,,67,75,Bay / Brown,Horse,Danzero,Pearly River,Elegant Air Same,1,0,0,0,0,0.0,0.0,0.56,420000.0,45000.0,465000.0,1,True,True,D Whyte,J Size,119,1101,12,---,1:23.10,8.2,https://racing.hkjc.com/en-us/local/information/otherhorse?horseid=HK_2003_D273&Option=1,2026-09-04T13:20:50Z,https://racing.hkjc.com/en-us/local/information/archive/localresults?racedate=2006/01/15&racecourse=ST&RaceNo=8
ST_20060115_R08_HK_2004_E253,ST_20060115_R08,2006-01-15,ST,Sha Tin,8,321,THE CUHK ALUMNI CUP (HANDICAP),3,1400,80-60,GOOD TO FIRM,TURF,"TURF - ""A+3"" Course",750000,14,HK_2004_E253,9,POCKET MONEY,CE253,IRE,Northern,,68.0,70.0,Bay / Brown,Gelding,Namid,Duck Over,Warning Same,0,0,0,0,0,0.0,0.0,0.21,157500.0,0.0,157500.0,2,False,True,G Mosse,S Woods,120,1013,6,1-1/4,1:23.30,2.4,https://racing.hkjc.com/en-us/local/information/otherhorse?horseid=HK_2004_E253&Option=1,2026-09-04T16:01:53Z,https://racing.hkjc.com/en-us/local/information/archive/localresults?racedate=2006/01/15&racecourse=ST&RaceNo=8
ST_20060115_R08_HK_2001_B046,ST_20060115_R08,2006-01-15,ST,Sha Tin,8,321,THE CUHK ALUMNI CUP (HANDICAP),3,1400,80-60,GOOD TO FIRM,TURF,"TURF - ""A+3"" Course",750000,14,HK_2001_B046,2,CIRCUIT KINGDOM,CB046,NZ,Southern,,77,78,Bay,Gelding,O'Reilly,Hikutaia Special,Sir Sian Same,0,0,0,0,0,0.0,0.0,0.115,86250.0,0.0,86250.0,3,False,True,O Doleuze,A Lee,129,1155,3,1-1/4,1:23.30,24.0,https://racing.hkjc.com/en-us/local/information/otherhorse?horseid=HK_2001_B046&Option=1,2026-09-04T16:01:56Z,https://racing.hkjc.com/en-us/local/information/archive/localresults?racedate=2006/01/15&racecourse=ST&RaceNo=8
ST_20060115_R08_HK_2002_C285,ST_20060115_R08,2006-01-15,ST,Sha Tin,8,321,THE CUHK ALUMNI CUP (HANDICAP),3,1400,80-60,GOOD TO FIRM,TURF,"TURF - ""A+3"" Course",750000,14,HK_2002_C285,3,DILIGENT,CC285,GB,Northern,,75,74,Chestnut,Gelding,Ashkalani,Subtle Blush,Nashwan Same,1,0,0,0,0,0.0,0.0,0.06,45000.0,0.0,45000.0,4,False,False,R Fradd,K W Lui,127,1070,2,2-1/4,1:23.50,25.0,https://racing.hkjc.com/en-us/local/information/otherhorse?horseid=HK_2002_C285&Option=1,2026-09-04T13:18:15Z,https://racing.hkjc.com/en-us/local/information/archive/localresults?racedate=2006/01/15&racecourse=ST&RaceNo=8
ST_20060115_R08_HK_2004_E078,ST_20060115_R08,2006-01-15,ST,Sha Tin,8,321,THE CUHK ALUMNI CUP (HANDICAP),3,1400,80-60,GOOD TO FIRM,TURF,"TURF - ""A+3"" Course",750000,14,HK_2004_E078,1,CALIFORNIA HEART,CE078,USA,Northern,,78,77,Bay,Gelding,Elusive Quality,Honey Sipper,Drone Same,0,0,0,0,0,0.0,0.0,0.055,41250.0,0.0,41250.0,5,False,False,E Saint-Martin,A S Cruz,130,1115,4,2-1/4,1:23.50,43.0,https://racing.hkjc.com/en-us/local/information/otherhorse?horseid=HK_2004_E078&Option=1,2026-09-04T16:01:59Z,https://racing.hkjc.com/en-us/local/information/archive/localresults?racedate=2006/01/15&racecourse=ST&RaceNo=8
ST_20060115_R08_HK_2004_E112,ST_20060115_R08,2006-01-15,ST,Sha Tin,8,321,THE CUHK ALUMNI CUP (HANDICAP),3,1400,80-60,GOOD TO FIRM,TURF,"TURF - ""A+3"" Course",750000,14,HK_2004_E112,4,ROMANTIC WINNER,CE112,NZ,Southern,,75,74,Chestnut,Gelding,Bijou D'Inde,Neutron Dancer,Palace Music Same,0,0,0,0,0,0.0,0.0,0.0,0.0,0.0,0.0,6,False,False,B Prebble,D J Hall,127,1167,14,3,1:23.60,4.1,https://racing.hkjc.com/en-us/local/information/otherhorse?horseid=HK_2004_E112&Option=1,2026-09-04T16:02:02Z,https://racing.hkjc.com/en-us/local/information/archive/localresults?racedate=2006/01/15&racecourse=ST&RaceNo=8
ST_20060115_R08_HK_2004_E020,ST_20060115_R08,2006-01-15,ST,Sha Tin,8,321,THE CUHK ALUMNI CUP (HANDICAP),3,1400,80-60,GOOD TO FIRM,TURF,"TURF - ""A+3"" Course",750000,14,HK_2004_E020,5,GUNG HO,CE020,AUS,Southern,,73,73,Chestnut,Gelding,Catbird,Cotton Bay,Zabaleta Same,0,0,0,0,0,0.0,0.0,0.0,0.0,0.0,0.0,7,False,False,C Soumillon,J Moore,125,1087,11,3-3/4,1:23.70,6.3,https://racing.hkjc.com/en-us/local/information/otherhorse?horseid=HK_2004_E020&Option=1,2026-09-04T16:02:05Z,https://racing.hkjc.com/en-us/local/information/archive/localresults?racedate=2006/01/15&racecourse=ST&RaceNo=8
ST_20060115_R08_HK_2003_D344,ST_20060115_R08,2006-01-15,ST,Sha Tin,8,321,THE CUHK ALUMNI CUP (HANDICAP),3,1400,80-60,GOOD TO FIRM,TURF,"TURF - ""A+3"" Course",750000,14,HK_2003_D344,8,FIREWHEEL,CD344,NZ,Southern,,68,64,Bay,Gelding,Entrepreneur,Imposera,Imposing Same,0,0,0,0,0,0.0,0.0,0.0,0.0,0.0,0.0,8,False,False,C Brown,P O'Sullivan,120,1106,1,4-1/4,1:23.80,38.0,https://racing.hkjc.com/en-us/local/information/otherhorse?horseid=HK_2003_D344&Option=1,2026-09-04T13:51:32Z,https://racing.hkjc.com/en-us/local/information/archive/localresults?racedate=2006/01/15&racecourse=ST&RaceNo=8
ST_20060115_R08_HK_2000_A296,ST_20060115_R08,2006-01-15,ST,Sha Tin,8,321,THE CUHK ALUMNI CUP (HANDICAP),3,1400,80-60,GOOD TO FIRM,TURF,"TURF - ""A+3"" Course",750000,14,HK_2000_A296,7,FLYING BISHOP,CA296,NZ,Southern,,69,66,Bay,Gelding,Deputy Governor,Healy Ridge,Alwasmi Same,1,0,0,0,0,0.0,0.0,0.0,0.0,0.0,0.0,9,False,False,S Sanders,P F Yiu,121,1047,5,5-3/4,1:24.00,99.0,https://racing.hkjc.com/en-us/local/information/otherhorse?horseid=HK_2000_A296&Option=1,2026-09-04T13:18:32Z,https://racing.hkjc.com/en-us/local/information/archive/localresults?racedate=2006/01/15&racecourse=ST&RaceNo=8
ST_20060115_R08_HK_2003_D055,ST_20060115_R08,2006-01-15,ST,Sha Tin,8,321,THE CUHK ALUMNI CUP (HANDICAP),3,1400,80-60,GOOD TO FIRM,TURF,"TURF - ""A+3"" Course",750000,14,HK_2003_D055,13,SPARKLING STAR,CD055,AUS,Southern,,63,61,Chestnut,Gelding,Defecting Dancer,Surprise Box,Daumier Same,0,0,0,0,0,0.0,0.0,0.0,0.0,0.0,0.0,10,False,False,G Schofield,Y S Tsui,116,1126,9,6-1/4,1:24.10,22.0,https://racing.hkjc.com/en-us/local/information/otherhorse?horseid=HK_2003_D055&Option=1,2026-09-04T13:54:11Z,https://racing.hkjc.com/en-us/local/information/archive/localresults?racedate=2006/01/15&racecourse=ST&RaceNo=8
ST_20060115_R08_HK_2004_E018,ST_20060115_R08,2006-01-15,ST,Sha Tin,8,321,THE CUHK ALUMNI CUP (HANDICAP),3,1400,80-60,GOOD TO FIRM,TURF,"TURF - ""A+3"" Course",750000,14,HK_2004_E018,14,LIAOBUQI,CE018,AUS,Southern,,61,60,Bay,Gelding,Commands,Infatuated,Quest For Fame Same,0,0,0,0,0,0.0,0.0,0.0,0.0,0.0,0.0,11,False,False,C K Tong,C Fownes,103,1125,10,7,1:24.20,99.0,https://racing.hkjc.com/en-us/local/information/otherhorse?horseid=HK_2004_E018&Option=1,2026-09-04T16:02:07Z,https://racing.hkjc.com/en-us/local/information/archive/localresults?racedate=2006/01/15&racecourse=ST&RaceNo=8
ST_20060115_R08_HK_2001_B394,ST_20060115_R08,2006-01-15,ST,Sha Tin,8,321,THE CUHK ALUMNI CUP (HANDICAP),3,1400,80-60,GOOD TO FIRM,TURF,"TURF - ""A+3"" Course",750000,14,HK_2001_B394,12,MAGIC TOUCH,CB394,NZ,Southern,,64,62,Bay,Gelding,Housebuster,Lilly Of Th' Field,Olympiad King Same,0,0,0,0,0,0.0,0.0,0.0,0.0,0.0,0.0,12,False,False,H W Lai,L Ho,109,1164,7,7-1/2,1:24.30,99.0,https://racing.hkjc.com/en-us/local/information/otherhorse?horseid=HK_2001_B394&Option=1,2026-09-04T16:02:10Z,https://racing.hkjc.com/en-us/local/information/archive/localresults?racedate=2006/01/15&racecourse=ST&RaceNo=8
ST_20060115_R08_HK_2004_E178,ST_20060115_R08,2006-01-15,ST,Sha Tin,8,321,THE CUHK ALUMNI CUP (HANDICAP),3,1400,80-60,GOOD TO FIRM,TURF,"TURF - ""A+3"" Course",750000,14,HK_2004_E178,11,SILVER WRAITH,CE178,IRE,Northern,,65,62,Bay,Gelding,Danehill Dancer,Alpine Lady,Tirol Same,0,0,0,0,0,0.0,0.0,0.0,0.0,0.0,0.0,13,False,False,Y T Cheng,C H Yip,115,969,13,11-1/2,1:24.90,99.0,https://racing.hkjc.com/en-us/local/information/otherhorse?horseid=HK_2004_E178&Option=1,2026-09-04T16:02:13Z,https://racing.hkjc.com/en-us/local/information/archive/localresults?racedate=2006/01/15&racecourse=ST&RaceNo=8
ST_20060115_R08_HK_2004_E328,ST_20060115_R08,2006-01-15,ST,Sha Tin,8,321,THE CUHK ALUMNI CUP (HANDICAP),3,1400,80-60,GOOD TO FIRM,TURF,"TURF - ""A+3"" Course",750000,14,HK_2004_E328,6,STRAIGHT VICTORY,CE328,NZ,Southern,,70,70,Brown,Gelding,Straight Strike,No Contact,Alvaro Same,0,0,0,0,0,0.0,0.0,0.0,0.0,0.0,0.0,14,False,False,S Dye,C S Shum,122,1063,8,13-1/2,1:25.20,13.0,https://racing.hkjc.com/en-us/local/information/otherhorse?horseid=HK_2004_E328&Option=1,2026-09-04T16:02:16Z,https://racing.hkjc.com/en-us/local/information/archive/localresults?racedate=2006/01/15&racecourse=ST&RaceNo=8
ST_20060115_R09_HK_2004_E230,ST_20060115_R09,2006-01-15,ST,Sha Tin,9,322,CENTRAL AVENUE HANDICAP,1,1600,110-90,GOOD TO FIRM,TURF,"TURF - ""A+3"" Course",1600000,13,HK_2004_E230,11,HAPPEE OWNER,CE230,NZ,Southern,,96,101,Bay,Gelding,Towkay,Make Up,Take Your Partner Same,0,0,0,0,0,0.0,0.0,0.56,896000.0,0.0,896000.0,1,True,True,F Coetzee,A S Cruz,118,1071,4,---,1:35.50,2.9,https://racing.hkjc.com/en-us/local/information/otherhorse?horseid=HK_2004_E230&Option=1,2026-09-04T16:02:21Z,https://racing.hkjc.com/en-us/local/information/archive/localresults?racedate=2006/01/15&racecourse=ST&RaceNo=9
ST_20060115_R09_HK_2003_D405,ST_20060115_R09,2006-01-15,ST,Sha Tin,9,322,CENTRAL AVENUE HANDICAP,1,1600,110-90,GOOD TO FIRM,TURF,"TURF - ""A+3"" Course",1600000,13,HK_2003_D405,2,LIGHTNING STAR,CD405,AUS,Southern,,105,106,Chestnut,Gelding,Grand Lodge,Emergency,Marauding Same,0,0,0,0,0,0.0,0.0,0.21,336000.0,0.0,336000.0,2,False,True,C Soumillon,J Moore,127,1104,5,3/4,1:35.60,4.0,https://racing.hkjc.com/en-us/local/information/otherhorse?horseid=HK_2003_D405&Option=1,2026-09-04T16:02:24Z,https://racing.hkjc.com/en-us/local/information/archive/localresults?racedate=2006/01/15&racecourse=ST&RaceNo=9
ST_20060115_R09_HK_2003_D018,ST_20060115_R09,2006-01-15,ST,Sha Tin,9,322,CENTRAL AVENUE HANDICAP,1,1600,110-90,GOOD TO FIRM,TURF,"TURF - ""A+3"" Course",1600000,13,HK_2003_D018,7,BEING FAMOUS,CD018,NZ,Southern,,100,100,Bay,Gelding,Gold Brose,Chester Square,Grosvenor Same,0,0,0,0,0,0.0,0.0,0.115,184000.0,0.0,184000.0,3,False,True,B Prebble,A Lee,122,1141,2,1-1/4,1:35.70,23.0,https://racing.hkjc.com/en-us/local/information/otherhorse?horseid=HK_2003_D018&Option=1,2026-09-04T16:02:27Z,https://racing.hkjc.com/en-us/local/information/archive/localresults?racedate=2006/01/15&racecourse=ST&RaceNo=9
ST_20060115_R09_HK_2003_D389,ST_20060115_R09,2006-01-15,ST,Sha Tin,9,322,CENTRAL AVENUE HANDICAP,1,1600,110-90,GOOD TO FIRM,TURF,"TURF - ""A+3"" Course",1600000,13,HK_2003_D389,10,GOOD PROFIT,CD389,NZ,Southern,,98,98,Bay,Gelding,Haayil,Saving Grace,Take Your Partner Same,1,0,0,0,0,0.0,0.0,0.06,96000.0,55000.0,151000.0,4,False,False,S Dye,C S Shum,120,1059,1,1-1/4,1:35.70,7.5,https://racing.hkjc.com/en-us/local/information/otherhorse?horseid=HK_2003_D389&Option=1,2026-09-04T13:20:07Z,https://racing.hkjc.com/en-us/local/information/archive/localresults?racedate=2006/01/15&racecourse=ST&RaceNo=9
ST_20060115_R09_HK_2002_C361,ST_20060115_R09,2006-01-15,ST,Sha Tin,9,322,CENTRAL AVENUE HANDICAP,1,1600,110-90,GOOD TO FIRM,TURF,"TURF - ""A+3"" Course",1600000,13,HK_2002_C361,5,AGILITY,CC361,AUS,Southern,,101,101,Brown,Gelding,Langfuhr,Malayo Girl,Molokai Prince Same,0,0,0,0,0,0.0,0.0,0.055,88000.0,0.0,88000.0,5,False,False,G Mosse,S Woods,123,1042,8,1-1/4,1:35.70,23.0,https://racing.hkjc.com/en-us/local/information/otherhorse?horseid=HK_2002_C361&Option=1,2026-09-04T16:02:30Z,https://racing.hkjc.com/en-us/local/information/archive/localresults?racedate=2006/01/15&racecourse=ST&RaceNo=9
ST_20060115_R09_HK_2001_B280,ST_20060115_R09,2006-01-15,ST,Sha Tin,9,322,CENTRAL AVENUE HANDICAP,1,1600,110-90,GOOD TO FIRM,TURF,"TURF - ""A+3"" Course",1600000,13,HK_2001_B280,3,FIVE GRAINS,CB280,IRE,Northern,,104,104,Chestnut,Gelding,Spectrum,Alice En Ballade,Tap On Wood Same,1,0,0,0,0,0.0,0.0,0.0,0.0,0.0,0.0,6,False,False,C Munce,A T Millard,126,1180,7,1-1/2,1:35.80,14.0,https://racing.hkjc.com/en-us/local/information/otherhorse?horseid=HK_2001_B280&Option=1,2026-09-04T15:13:19Z,https://racing.hkjc.com/en-us/local/information/archive/localresults?racedate=2006/01/15&racecourse=ST&RaceNo=9
ST_20060115_R09_HK_2003_D165,ST_20060115_R09,2006-01-15,ST,Sha Tin,9,322,CENTRAL AVENUE HANDICAP,1,1600,110-90,GOOD TO FIRM,TURF,"TURF - ""A+3"" Course",1600000,13,HK_2003_D165,12,DR WELL,CD165,AUS,Southern,,94,94,Bay,Gelding,Danehill,Tamarind Tree,Last Tycoon Same,0,0,0,0,0,0.0,0.0,0.0,0.0,0.0,0.0,7,False,False,G Schofield,J Size,116,1101,12,1-3/4,1:35.80,30.0,https://racing.hkjc.com/en-us/local/information/otherhorse?horseid=HK_2003_D165&Option=1,2026-09-04T16:02:33Z,https://racing.hkjc.com/en-us/local/information/archive/localresults?racedate=2006/01/15&racecourse=ST&RaceNo=9
ST_20060115_R09_HK_2003_D337,ST_20060115_R09,2006-01-15,ST,Sha Tin,9,322,CENTRAL AVENUE HANDICAP,1,1600,110-90,GOOD TO FIRM,TURF,"TURF - ""A+3"" Course",1600000,13,HK_2003_D337,8,LUCKY GOOD DAY,CD337,ARG,Southern,,100,100,Brown,Horse,Halo Sunshine,Marquilize,Equalize Same,1,0,0,0,0,0.0,0.0,0.0,0.0,0.0,0.0,8,False,False,C K Tong,A S Cruz,112,1139,3,2-1/4,1:35.90,48.0,https://racing.hkjc.com/en-us/local/information/otherhorse?horseid=HK_2003_D337&Option=1,2026-09-04T15:13:28Z,https://racing.hkjc.com/en-us/local/information/archive/localresults?racedate=2006/01/15&racecourse=ST&RaceNo=9
ST_20060115_R09_HK_2003_D109,ST_20060115_R09,2006-01-15,ST,Sha Tin,9,322,CENTRAL AVENUE HANDICAP,1,1600,110-90,GOOD TO FIRM,TURF,"TURF - ""A+3"" Course",1600000,13,HK_2003_D109,9,STAY YOUNG,CD109,IRE,Northern,,99,98,Bay,Gelding,Princely Heir,Batilde,Victory Piper Same,0,0,0,0,0,0.0,0.0,0.0,0.0,0.0,0.0,9,False,False,D Whyte,J Moore,121,1061,9,2-3/4,1:35.90,11.0,https://racing.hkjc.com/en-us/local/information/otherhorse?horseid=HK_2003_D109&Option=1,2026-09-04T16:02:36Z,https://racing.hkjc.com/en-us/local/information/archive/localresults?racedate=2006/01/15&racecourse=ST&RaceNo=9
ST_20060115_R09_HK_2000_A266,ST_20060115_R09,2006-01-15,ST,Sha Tin,9,322,CENTRAL AVENUE HANDICAP,1,1600,110-90,GOOD TO FIRM,TURF,"TURF - ""A+3"" Course",1600000,13,HK_2000_A266,1,CHEEKY,CA266,NZ,Southern,,108.0,108,Bay,Gelding,O'Reilly,Sound Lover,Sound Reason Same,1,0,0,1,1,0.0,1.0,0.0,0.0,184000.0,184000.0,10,False,False,C Brown,C Fownes,130,1023,11,2-3/4,1:35.90,37.0,https://racing.hkjc.com/en-us/local/information/otherhorse?horseid=HK_2000_A266&Option=1,2026-09-04T15:13:07Z,https://racing.hkjc.com/en-us/local/information/archive/localresults?racedate=2006/01/15&racecourse=ST&RaceNo=9
ST_20060115_R09_HK_2002_C092,ST_20060115_R09,2006-01-15,ST,Sha Tin,9,322,CENTRAL AVENUE HANDICAP,1,1600,110-90,GOOD TO FIRM,TURF,"TURF - ""A+3"" Course",1600000,13,HK_2002_C092,4,SAN LORENZO,CC092,AUS,Southern,,102,101,Brown,Gelding,Torrential,Tipped To Top,Vain Same,1,0,0,0,0,0.0,0.0,0.0,0.0,138000.0,138000.0,11,False,False,R Fradd,J Size,124,1030,6,2-3/4,1:36.00,8.8,https://racing.hkjc.com/en-us/local/information/otherhorse?horseid=HK_2002_C092&Option=1,2026-09-04T13:18:50Z,https://racing.hkjc.com/en-us/local/information/archive/localresults?racedate=2006/01/15&racecourse=ST&RaceNo=9
ST_20060115_R09_HK_2001_B322,ST_20060115_R09,2006-01-15,ST,Sha Tin,9,322,CENTRAL AVENUE HANDICAP,1,1600,110-90,GOOD TO FIRM,TURF,"TURF - ""A+3"" Course",1600000,13,HK_2001_B322,6,SELF FLIT,CB322,NZ,Southern,,101,97,Bay,Gelding,Cicerao,Pretext,Pre Catelan Same,0,0,0,0,0,0.0,0.0,0.0,0.0,0.0,0.0,12,False,False,S Sanders,D E Ferraris,123,1274,13,4-1/2,1:36.20,99.0,https://racing.hkjc.com/en-us/local/information/otherhorse?horseid=HK_2001_B322&Option=1,2026-09-04T16:02:39Z,https://racing.hkjc.com/en-us/local/information/archive/localresults?racedate=2006/01/15&racecourse=ST&RaceNo=9
ST_20060115_R09_HK_2001_B284,ST_20060115_R09,2006-01-15,ST,Sha Tin,9,322,CENTRAL AVENUE HANDICAP,1,1600,110-90,GOOD TO FIRM,TURF,"TURF - ""A+3"" Course",1600000,13,HK_2001_B284,13,PALETTE NATURAL,CB284,NZ,Southern,,93,91,Bay,Gelding,Volksraad,Proteaceae,Kaapstad Same,0,0,0,0,0,0.0,0.0,0.0,0.0,0.0,0.0,13,False,False,A Delpech,J Size,115,1167,10,5,1:36.30,22.0,https://racing.hkjc.com/en-us/local/information/otherhorse?horseid=HK_2001_B284&Option=1,2026-09-04T16:02:42Z,https://racing.hkjc.com/en-us/local/information/archive/localresults?racedate=2006/01/15&racecourse=ST&RaceNo=9
ST_20060115_R10_HK_2005_G096,ST_20060115_R10,2006-01-15,ST,Sha Tin,10,323,NEW ASIA ROAD HANDICAP,2,1600,90-75,GOOD TO FIRM,TURF,"TURF - ""A+3"" Course",1000000,14,HK_2005_G096,2,VIVA PATACA,CG096,GB,Northern,,88,94,Bay / Brown,Gelding,Marju,Comic,Be My Chief Same,1,0,0,1,1,0.0,1.0,0.56,560000.0,115000.0,675000.0,1,True,True,C Soumillon,J Moore,128,1103,5,---,1:35.50,2.8,https://racing.hkjc.com/en-us/local/information/otherhorse?horseid=HK_2005_G096&Option=1,2026-09-04T13:20:02Z,https://racing.hkjc.com/en-us/local/information/archive/localresults?racedate=2006/01/15&racecourse=ST&RaceNo=10
ST_20060115_R10_HK_2003_D080,ST_20060115_R10,2006-01-15,ST,Sha Tin,10,323,NEW ASIA ROAD HANDICAP,2,1600,90-75,GOOD TO FIRM,TURF,"TURF - ""A+3"" Course",1000000,14,HK_2003_D080,10,DASHING THUNDER,CD080,IRE,Northern,,82,86,Chestnut,Gelding,Peintre Celebre,Happy Landing,Homing Same,0,0,0,0,0,0.0,0.0,0.21,210000.0,0.0,210000.0,2,False,True,C Brown,C H Yip,122,1093,3,SH,1:35.60,17.0,https://racing.hkjc.com/en-us/local/information/otherhorse?horseid=HK_2003_D080&Option=1,2026-09-04T16:02:47Z,https://racing.hkjc.com/en-us/local/information/archive/localresults?racedate=2006/01/15&racecourse=ST&RaceNo=10
ST_20060115_R10_HK_2004_E231,ST_20060115_R10,2006-01-15,ST,Sha Tin,10,323,NEW ASIA ROAD HANDICAP,2,1600,90-75,GOOD TO FIRM,TURF,"TURF - ""A+3"" Course",1000000,14,HK_2004_E231,9,THISTLE KING,CE231,NZ,Southern,,84,87,Bay,Gelding,Anziyan,Miss Petite,Bassenthwaite Same,0,0,0,0,0,0.0,0.0,0.115,115000.0,0.0,115000.0,3,False,True,D Whyte,J Size,124,1071,1,N,1:35.60,2.5,https://racing.hkjc.com/en-us/local/information/otherhorse?horseid=HK_2004_E231&Option=1,2026-09-04T16:02:50Z,https://racing.hkjc.com/en-us/local/information/archive/localresults?racedate=2006/01/15&racecourse=ST&RaceNo=10
ST_20060115_R10_HK_2003_D351,ST_20060115_R10,2006-01-15,ST,Sha Tin,10,323,NEW ASIA ROAD HANDICAP,2,1600,90-75,GOOD TO FIRM,TURF,"TURF - ""A+3"" Course",1000000,14,HK_2003_D351,13,CALIFORNIA BISHOP,CD351,AUS,Southern,,80,80,Bay,Gelding,Danehill,Sea Almond,Nureyev Same,0,0,0,0,0,0.0,0.0,0.06,60000.0,0.0,60000.0,4,False,False,C W Wong,A S Cruz,110,1100,6,1-1/2,1:35.80,37.0,https://racing.hkjc.com/en-us/local/information/otherhorse?horseid=HK_2003_D351&Option=1,2026-09-04T16:02:53Z,https://racing.hkjc.com/en-us/local/information/archive/localresults?racedate=2006/01/15&racecourse=ST&RaceNo=10
ST_20060115_R10_HK_2004_E209,ST_20060115_R10,2006-01-15,ST,Sha Tin,10,323,NEW ASIA ROAD HANDICAP,2,1600,90-75,GOOD TO FIRM,TURF,"TURF - ""A+3"" Course",1000000,14,HK_2004_E209,6,CRYSTAL,CE209,AUS,Southern,,84,84,Bay,Gelding,Desert Sun,Cloudway,Buena Shore Same,0,0,0,0,0,0.0,0.0,0.055,55000.0,0.0,55000.0,5,False,False,S Dye,C S Shum,124,1138,14,1-3/4,1:35.80,10.0,https://racing.hkjc.com/en-us/local/information/otherhorse?horseid=HK_2004_E209&Option=1,2026-09-04T16:02:56Z,https://racing.hkjc.com/en-us/local/information/archive/localresults?racedate=2006/01/15&racecourse=ST&RaceNo=10
ST_20060115_R10_HK_2003_D134,ST_20060115_R10,2006-01-15,ST,Sha Tin,10,323,NEW ASIA ROAD HANDICAP,2,1600,90-75,GOOD TO FIRM,TURF,"TURF - ""A+3"" Course",1000000,14,HK_2003_D134,4,BETTER BOY,CD134,AUS,Southern,,86,85,Chestnut,Gelding,Spinning World,Be Yourself,Noalcoholic Same,0,0,0,0,0,0.0,0.0,0.0,0.0,0.0,0.0,6,False,False,O Doleuze,P O'Sullivan,126,1093,12,1-3/4,1:35.80,17.0,https://racing.hkjc.com/en-us/local/information/otherhorse?horseid=HK_2003_D134&Option=1,2026-09-04T16:02:59Z,https://racing.hkjc.com/en-us/local/information/archive/localresults?racedate=2006/01/15&racecourse=ST&RaceNo=10
ST_20060115_R10_HK_2004_E184,ST_20060115_R10,2006-01-15,ST,Sha Tin,10,323,NEW ASIA ROAD HANDICAP,2,1600,90-75,GOOD TO FIRM,TURF,"TURF - ""A+3"" Course",1000000,14,HK_2004_E184,3,STABLE MAIL,CE184,IRE,Northern,,87,87,Bay,Gelding,Danehill,Taking Liberties,Royal Academy Same,1,0,0,0,0,0.0,0.0,0.0,0.0,0.0,0.0,7,False,False,F Coetzee,C Fownes,127,1256,7,3,1:36.00,34.0,https://racing.hkjc.com/en-us/local/information/otherhorse?horseid=HK_2004_E184&Option=1,2026-09-04T15:13:45Z,https://racing.hkjc.com/en-us/local/information/archive/localresults?racedate=2006/01/15&racecourse=ST&RaceNo=10
ST_20060115_R10_HK_2002_C134,ST_20060115_R10,2006-01-15,ST,Sha Tin,10,323,NEW ASIA ROAD HANDICAP,2,1600,90-75,GOOD TO FIRM,TURF,"TURF - ""A+3"" Course",1000000,14,HK_2002_C134,1,EQUATOR KID,CC134,AUS,Southern,,89,89,Bay,Gelding,Kenvain,Kadidja,Lord Seymour Same,1,0,0,0,0,0.0,0.0,0.0,0.0,0.0,0.0,8,False,False,S K Sit,Y S Tsui,126,1135,8,3-1/4,1:36.10,48.0,https://racing.hkjc.com/en-us/local/information/otherhorse?horseid=HK_2002_C134&Option=1,2026-09-04T15:31:07Z,https://racing.hkjc.com/en-us/local/information/archive/localresults?racedate=2006/01/15&racecourse=ST&RaceNo=10
ST_20060115_R10_HK_2001_B305,ST_20060115_R10,2006-01-15,ST,Sha Tin,10,323,NEW ASIA ROAD HANDICAP,2,1600,90-75,GOOD TO FIRM,TURF,"TURF - ""A+3"" Course",1000000,14,HK_2001_B305,7,STRONG SUN,CB305,GB,Northern,,84.0,84,Bay,Gelding,Polish Precedent,Mill Line,Mill Reef Same,0,0,0,0,0,0.0,0.0,0.0,0.0,0.0,0.0,8,False,False,B Prebble,J Moore,124,1076,2,3-1/4,1:36.10,42.0,https://racing.hkjc.com/en-us/local/information/otherhorse?horseid=HK_2001_B305&Option=1,2026-09-04T16:03:01Z,https://racing.hkjc.com/en-us/local/information/archive/localresults?racedate=2006/01/15&racecourse=ST&RaceNo=10
ST_20060115_R10_HK_2001_B318,ST_20060115_R10,2006-01-15,ST,Sha Tin,10,323,NEW ASIA ROAD HANDICAP,2,1600,90-75,GOOD TO FIRM,TURF,"TURF - ""A+3"" Course",1000000,14,HK_2001_B318,8,SUPER WONGCHOY,CB318,FR,Northern,,84.0,84.0,Bay,Gelding,Brief Truce,Green Sails,Slip Anchor Same,0,0,0,0,0,0.0,0.0,0.0,0.0,0.0,0.0,10,False,False,A Delpech,Y O Wong,124,1158,4,4,1:36.20,99.0,https://racing.hkjc.com/en-us/local/information/otherhorse?horseid=HK_2001_B318&Option=1,2026-09-04T13:54:52Z,https://racing.hkjc.com/en-us/local/information/archive/localresults?racedate=2006/01/15&racecourse=ST&RaceNo=10
ST_20060115_R10_HK_2000_A368,ST_20060115_R10,2006-01-15,ST,Sha Tin,10,323,NEW ASIA ROAD HANDICAP,2,1600,90-75,GOOD TO FIRM,TURF,"TURF - ""A+3"" Course",1000000,14,HK_2000_A368,14,COME SEE YOU,CA368,IRE,Northern,,80,78,Bay,Gelding,Sri Pekan,Landrail,Storm Bird Same,0,0,0,0,0,0.0,0.0,0.0,0.0,0.0,0.0,11,False,False,C K Tong,Y S Tsui,110,1115,9,6-1/4,1:36.50,99.0,https://racing.hkjc.com/en-us/local/information/otherhorse?horseid=HK_2000_A368&Option=1,2026-09-04T16:03:04Z,https://racing.hkjc.com/en-us/local/information/archive/localresults?racedate=2006/01/15&racecourse=ST&RaceNo=10
ST_20060115_R10_HK_2004_E325,ST_20060115_R10,2006-01-15,ST,Sha Tin,10,323,NEW ASIA ROAD HANDICAP,2,1600,90-75,GOOD TO FIRM,TURF,"TURF - ""A+3"" Course",1000000,14,HK_2004_E325,12,BOOMING CITY,CE325,NZ,Southern,,80,80,Bay,Gelding,Colombia,Sonja Henee,War Hawk II Same,0,0,0,0,0,0.0,0.0,0.0,0.0,0.0,0.0,12,False,False,C Munce,D Oughton,120,1168,13,6-3/4,1:36.60,7.8,https://racing.hkjc.com/en-us/local/information/otherhorse?horseid=HK_2004_E325&Option=1,2026-09-04T16:03:07Z,https://racing.hkjc.com/en-us/local/information/archive/localresults?racedate=2006/01/15&racecourse=ST&RaceNo=10
ST_20060115_R10_HK_2005_G043,ST_20060115_R10,2006-01-15,ST,Sha Tin,10,323,NEW ASIA ROAD HANDICAP,2,1600,90-75,GOOD TO FIRM,TURF,"TURF - ""A+3"" Course",1000000,14,HK_2005_G043,5,ABLE STANDARD,CG043,NZ,Southern,,85,83,Bay,Gelding,Stravinsky,Darwasha,Robellino Same,0,0,0,0,0,0.0,0.0,0.0,0.0,0.0,0.0,13,False,False,G Schofield,K W Lui,125,1074,11,13-3/4,1:37.70,99.0,https://racing.hkjc.com/en-us/local/information/otherhorse?horseid=HK_2005_G043&Option=1,2026-09-04T16:03:10Z,https://racing.hkjc.com/en-us/local/information/archive/localresults?racedate=2006/01/15&racecourse=ST&RaceNo=10
ST_20060115_R10_HK_2003_D056,ST_20060115_R10,2006-01-15,ST,Sha Tin,10,323,NEW ASIA ROAD HANDICAP,2,1600,90-75,GOOD TO FIRM,TURF,"TURF - ""A+3"" Course",1000000,14,HK_2003_D056,11,HAPPY PARTNERS,CD056,NZ,Southern,,82,80,Bay / Brown,Gelding,Kashani,Liloy's Girl,Liloy Same,0,0,0,0,0,0.0,0.0,0.0,0.0,0.0,0.0,14,False,False,S Sanders,J Moore,122,1074,10,24-3/4,1:39.50,99.0,https://racing.hkjc.com/en-us/local/information/otherhorse?horseid=HK_2003_D056&Option=1,2026-09-04T16:03:13Z,https://racing.hkjc.com/en-us/local/information/archive/localresults?racedate=2006/01/15&racecourse=ST&RaceNo=10
HV_20060118_R01_HK_2004_E308,HV_20060118_R01,2006-01-18,HV,Happy Valley,1,324,SING WOO HANDICAP,4,1200,60-40,GOOD,TURF,"TURF - ""C"" Course",570000,13,HK_2004_E308,2.0,TREASURE COLT,CE308,NZ,Southern,,60,67,Bay,Gelding,Volksraad,Curt,Pompeii Court Same,0,0,0,0,0,0.0,0.0,0.56,319200.0,0.0,319200.0,1.0,True,True,C Soumillon,C H Yip,132,1143.0,3.0,---,1:10.70,3.0,https://racing.hkjc.com/en-us/local/information/otherhorse?horseid=HK_2004_E308&Option=1,2026-09-04T16:13:33Z,https://racing.hkjc.com/en-us/local/information/archive/localresults?racedate=2006/01/18&racecourse=HV&RaceNo=1
HV_20060118_R01_HK_2003_D023,HV_20060118_R01,2006-01-18,HV,Happy Valley,1,324,SING WOO HANDICAP,4,1200,60-40,GOOD,TURF,"TURF - ""C"" Course",570000,13,HK_2003_D023,11.0,KAO AND MING,CD023,AUS,Southern,,42,42,Chestnut,Gelding,Snippets,Mrs Peron,Kenvain Same,0,0,0,0,0,0.0,0.0,0.21,119700.0,0.0,119700.0,2.0,False,True,C Munce,P O'Sullivan,114,1183.0,2.0,2,1:11.00,4.9,https://racing.hkjc.com/en-us/local/information/otherhorse?horseid=HK_2003_D023&Option=1,2026-09-04T13:53:55Z,https://racing.hkjc.com/en-us/local/information/archive/localresults?racedate=2006/01/18&racecourse=HV&RaceNo=1
HV_20060118_R01_HK_2004_E188,HV_20060118_R01,2006-01-18,HV,Happy Valley,1,324,SING WOO HANDICAP,4,1200,60-40,GOOD,TURF,"TURF - ""C"" Course",570000,13,HK_2004_E188,5.0,CRUSADER OF GOLD,CE188,NZ,Southern,,52,52,Bay,Gelding,Cape Cross,Cladagh,Sir Tristram Same,0,0,0,0,0,0.0,0.0,0.115,65550.0,0.0,65550.0,3.0,False,True,A Delpech,D E Ferraris,124,1128.0,4.0,2-3/4,1:11.10,25.0,https://racing.hkjc.com/en-us/local/information/otherhorse?horseid=HK_2004_E188&Option=1,2026-09-04T16:13:36Z,https://racing.hkjc.com/en-us/local/information/archive/localresults?racedate=2006/01/18&racecourse=HV&RaceNo=1
HV_20060118_R01_HK_2004_E093,HV_20060118_R01,2006-01-18,HV,Happy Valley,1,324,SING WOO HANDICAP,4,1200,60-40,GOOD,TURF,"TURF - ""C"" Course",570000,13,HK_2004_E093,9.0,SUPERB,CE093,AUS,Southern,,49,48,Brown,Gelding,Bigstone,Pish Kesh,Sure Blade Same,0,0,0,0,0,0.0,0.0,0.06,34200.0,0.0,34200.0,4.0,False,False,O Doleuze,Y S Tsui,121,1099.0,5.0,3,1:11.10,8.3,https://racing.hkjc.com/en-us/local/information/otherhorse?horseid=HK_2004_E093&Option=1,2026-09-04T13:52:47Z,https://racing.hkjc.com/en-us/local/information/archive/localresults?racedate=2006/01/18&racecourse=HV&RaceNo=1
HV_20060118_R01_HK_2004_E268,HV_20060118_R01,2006-01-18,HV,Happy Valley,1,324,SING WOO HANDICAP,4,1200,60-40,GOOD,TURF,"TURF - ""C"" Course",570000,13,HK_2004_E268,10.0,WITHALLMYHEART,CE268,NZ,Southern,,44.0,43.0,Bay,Gelding,Howbaddouwantit,Trapeze,Crested Wave Same,2,0,0,0,0,0.0,0.0,0.055,31350.0,0.0,31350.0,5.0,False,False,H W Lai,T K Ng,109,1050.0,9.0,4-1/4,1:11.30,18.0,https://racing.hkjc.com/en-us/local/information/otherhorse?horseid=HK_2004_E268&Option=1,2026-09-04T15:11:39Z,https://racing.hkjc.com/en-us/local/information/archive/localresults?racedate=2006/01/18&racecourse=HV&RaceNo=1
HV_20060118_R01_HK_2005_G058,HV_20060118_R01,2006-01-18,HV,Happy Valley,1,324,SING WOO HANDICAP,4,1200,60-40,GOOD,TURF,"TURF - ""C"" Course",570000,13,HK_2005_G058,6.0,LIBERAL'S RIDE,CG058,NZ,Southern,,52,52,Bay,Gelding,Catbird,Fledged,Bluebird Same,0,0,0,0,0,0.0,0.0,0.0,0.0,0.0,0.0,6.0,False,False,D Whyte,J Size,124,1080.0,6.0,4-3/4,1:11.40,5.0,https://racing.hkjc.com/en-us/local/information/otherhorse?horseid=HK_2005_G058&Option=1,2026-09-04T16:13:39Z,https://racing.hkjc.com/en-us/local/information/archive/localresults?racedate=2006/01/18&racecourse=HV&RaceNo=1
HV_20060118_R01_HK_2004_E114,HV_20060118_R01,2006-01-18,HV,Happy Valley,1,324,SING WOO HANDICAP,4,1200,60-40,GOOD,TURF,"TURF - ""C"" Course",570000,13,HK_2004_E114,12.0,HONG KONG GEM,CE114,AUS,Southern,,41.0,41.0,Chestnut,Gelding,King Of Kings,Summer Magic,Eagling Same,0,0,0,0,0,0.0,0.0,0.0,0.0,0.0,0.0,7.0,False,False,Y T Cheng,D Cruz,112,1088.0,7.0,6-1/4,1:11.70,60.0,https://racing.hkjc.com/en-us/local/information/otherhorse?horseid=HK_2004_E114&Option=1,2026-09-04T16:13:41Z,https://racing.hkjc.com/en-us/local/information/archive/localresults?racedate=2006/01/18&racecourse=HV&RaceNo=1
HV_20060118_R01_HK_2004_E304,HV_20060118_R01,2006-01-18,HV,Happy Valley,1,324,SING WOO HANDICAP,4,1200,60-40,GOOD,TURF,"TURF - ""C"" Course",570000,13,HK_2004_E304,7.0,SMART VIETKONG,CE304,AUS,Southern,,52,50,Chestnut,Gelding,Flying Spur,Gem's Box,Kaapstad Same,0,0,0,0,0,0.0,0.0,0.0,0.0,0.0,0.0,8.0,False,False,S Dye,C S Shum,124,1104.0,11.0,6-1/2,1:11.70,99.0,https://racing.hkjc.com/en-us/local/information/otherhorse?horseid=HK_2004_E304&Option=1,2026-09-04T16:13:44Z,https://racing.hkjc.com/en-us/local/information/archive/localresults?racedate=2006/01/18&racecourse=HV&RaceNo=1
HV_20060118_R01_HK_2003_D355,HV_20060118_R01,2006-01-18,HV,Happy Valley,1,324,SING WOO HANDICAP,4,1200,60-40,GOOD,TURF,"TURF - ""C"" Course",570000,13,HK_2003_D355,4.0,SPEED FIGHTER,CD355,AUS,Southern,,60,60,Bay / Brown,Gelding,Honour And Glory,Port,Noalcoholic Same,1,0,0,0,0,0.0,0.0,0.0,0.0,0.0,0.0,9.0,False,False,C W Wong,P F Yiu,122,1078.0,10.0,6-3/4,1:11.70,23.0,https://racing.hkjc.com/en-us/local/information/otherhorse?horseid=HK_2003_D355&Option=1,2026-09-04T15:25:01Z,https://racing.hkjc.com/en-us/local/information/archive/localresults?racedate=2006/01/18&racecourse=HV&RaceNo=1
HV_20060118_R01_HK_2005_G030,HV_20060118_R01,2006-01-18,HV,Happy Valley,1,324,SING WOO HANDICAP,4,1200,60-40,GOOD,TURF,"TURF - ""C"" Course",570000,13,HK_2005_G030,8.0,SUNRISE LINING,CG030,AUS,Southern,,52,50,Bay,Gelding,Lujain,Lean,Switch In Time Same,1,0,0,0,0,0.0,0.0,0.0,0.0,0.0,0.0,10.0,False,False,G Schofield,B K Ng,124,1068.0,12.0,8,1:12.00,77.0,https://racing.hkjc.com/en-us/local/information/otherhorse?horseid=HK_2005_G030&Option=1,2026-09-04T13:15:46Z,https://racing.hkjc.com/en-us/local/information/archive/localresults?racedate=2006/01/18&racecourse=HV&RaceNo=1
HV_20060118_R01_HK_2004_E081,HV_20060118_R01,2006-01-18,HV,Happy Valley,1,324,SING WOO HANDICAP,4,1200,60-40,GOOD,TURF,"TURF - ""C"" Course",570000,13,HK_2004_E081,3.0,FOURSQUARE,CE081,IRE,Northern,,57,56,Bay,Gelding,Fayruz,Waroonga,Brief Truce Same,1,0,0,1,1,0.0,1.0,0.0,0.0,65550.0,65550.0,11.0,False,False,E Saint-Martin,T W Leung,129,1083.0,8.0,8-1/2,1:12.10,7.3,https://racing.hkjc.com/en-us/local/information/otherhorse?horseid=HK_2004_E081&Option=1,2026-09-04T15:12:02Z,https://racing.hkjc.com/en-us/local/information/archive/localresults?racedate=2006/01/18&racecourse=HV&RaceNo=1
HV_20060118_R01_HK_2001_B276,HV_20060118_R01,2006-01-18,HV,Happy Valley,1,324,SING WOO HANDICAP,4,1200,60-40,GOOD,TURF,"TURF - ""C"" Course",570000,13,HK_2001_B276,1.0,EASY PUNCH,CB276,AUS,Southern,,60,53,Bay,Gelding,Danehill,Darlya,Darshaan Same,0,0,0,0,0,0.0,0.0,0.0,0.0,0.0,0.0,12.0,False,False,K S Yu,Y O Wong,129,1189.0,1.0,9-1/2,1:12.20,21.0,https://racing.hkjc.com/en-us/local/information/otherhorse?horseid=HK_2001_B276&Option=1,2026-09-04T16:13:47Z,https://racing.hkjc.com/en-us/local/information/archive/localresults?racedate=2006/01/18&racecourse=HV&RaceNo=1
HV_20060118_R01_HK_2004_E023,HV_20060118_R01,2006-01-18,HV,Happy Valley,1,324,SING WOO HANDICAP,4,1200,60-40,GOOD,TURF,"TURF - ""C"" Course",570000,13,HK_2004_E023,,GLORY YEARS,CE023,AUS,Southern,,53,53,Chestnut,Gelding,Flying Spur,Do You,Vain Same,2,0,1,0,1,0.0,0.5,0.0,0.0,119700.0,119700.0,,False,False,G Mosse,A Lee,125,,,---,---,,https://racing.hkjc.com/en-us/local/information/otherhorse?horseid=HK_2004_E023&Option=1,2026-09-04T15:11:56Z,https://racing.hkjc.com/en-us/local/information/archive/localresults?racedate=2006/01/18&racecourse=HV&RaceNo=1
HV_20060118_R02_HK_2002_C205,HV_20060118_R02,2006-01-18,HV,Happy Valley,2,325,YUK SAU HANDICAP,5,1650,40-15,GOOD,TURF,"TURF - ""C"" Course",450000,12,HK_2002_C205,4,LA MERVEILLE,CC205,FR,Northern,,38.0,45,Chestnut,Gelding,In The Wings,Shining Eyes,Mr Prospector Same,0,0,0,0,0,0.0,0.0,0.56,252000.0,0.0,252000.0,1,True,True,C Soumillon,K W Lui,131,1064,3,---,1:41.60,4.5,https://racing.hkjc.com/en-us/local/information/otherhorse?horseid=HK_2002_C205&Option=1,2026-09-04T13:51:57Z,https://racing.hkjc.com/en-us/local/information/archive/localresults?racedate=2006/01/18&racecourse=HV&RaceNo=2
HV_20060118_R02_HK_1999_V228,HV_20060118_R02,2006-01-18,HV,Happy Valley,2,325,YUK SAU HANDICAP,5,1650,40-15,GOOD,TURF,"TURF - ""C"" Course",450000,12,HK_1999_V228,10,MILLENNIUM SUPREME,BV228,IRE,Northern,,31.0,33.0,Bay,Gelding,Marju,Naiadoora,Ahonoora Same,1,0,0,0,0,0.0,0.0,0.21,94500.0,27000.0,121500.0,2,False,True,H W Lai,B K Ng,117,1155,5,1-1/4,1:41.80,19.0,https://racing.hkjc.com/en-us/local/information/otherhorse?horseid=HK_1999_V228&Option=1,2026-09-04T13:50:50Z,https://racing.hkjc.com/en-us/local/information/archive/localresults?racedate=2006/01/18&racecourse=HV&RaceNo=2
HV_20060118_R02_HK_2002_C143,HV_20060118_R02,2006-01-18,HV,Happy Valley,2,325,YUK SAU HANDICAP,5,1650,40-15,GOOD,TURF,"TURF - ""C"" Course",450000,12,HK_2002_C143,9,LUCKY ENCOUNTER,CC143,AUS,Southern,,33,33,Bay,Gelding,Encounter,Old Colony,Pleasant Colony Same,1,0,1,0,1,0.0,1.0,0.115,51750.0,94500.0,146250.0,3,False,True,D Whyte,J Moore,126,992,7,1-3/4,1:41.90,11.0,https://racing.hkjc.com/en-us/local/information/otherhorse?horseid=HK_2002_C143&Option=1,2026-09-04T15:45:39Z,https://racing.hkjc.com/en-us/local/information/archive/localresults?racedate=2006/01/18&racecourse=HV&RaceNo=2
HV_20060118_R02_HK_2003_D195,HV_20060118_R02,2006-01-18,HV,Happy Valley,2,325,YUK SAU HANDICAP,5,1650,40-15,GOOD,TURF,"TURF - ""C"" Course",450000,12,HK_2003_D195,8,CAPABEL,CD195,IRE,Northern,,33,33,Bay,Gelding,Cape Cross,Belsay,Belmez Same,2,1,0,0,1,0.5,0.5,0.06,27000.0,276750.0,303750.0,4,False,False,C Munce,P O'Sullivan,126,1072,2,2-1/4,1:42.00,2.9,https://racing.hkjc.com/en-us/local/information/otherhorse?horseid=HK_2003_D195&Option=1,2026-09-04T13:16:12Z,https://racing.hkjc.com/en-us/local/information/archive/localresults?racedate=2006/01/18&racecourse=HV&RaceNo=2
HV_20060118_R02_HK_2004_E108,HV_20060118_R02,2006-01-18,HV,Happy Valley,2,325,YUK SAU HANDICAP,5,1650,40-15,GOOD,TURF,"TURF - ""C"" Course",450000,12,HK_2004_E108,2,BRAVERY LUCK,CE108,AUS,Southern,,39,37,Bay,Gelding,Fraar,Sadler's Princess,Scenic Same,0,0,0,0,0,0.0,0.0,0.055,24750.0,0.0,24750.0,5,False,False,G Mosse,A Lee,132,1001,1,2-1/2,1:42.10,14.0,https://racing.hkjc.com/en-us/local/information/otherhorse?horseid=HK_2004_E108&Option=1,2026-09-04T16:13:52Z,https://racing.hkjc.com/en-us/local/information/archive/localresults?racedate=2006/01/18&racecourse=HV&RaceNo=2
HV_20060118_R02_HK_2002_C322,HV_20060118_R02,2006-01-18,HV,Happy Valley,2,325,YUK SAU HANDICAP,5,1650,40-15,GOOD,TURF,"TURF - ""C"" Course",450000,12,HK_2002_C322,6,BRAVE COMMANDER,CC322,NZ,Southern,,36,34,Bay,Gelding,Gold Brose,Audrey Rose,Blue Razor Same,1,0,0,0,0,0.0,0.0,0.0,0.0,0.0,0.0,6,False,False,B Prebble,C Fownes,129,1102,4,2-3/4,1:42.10,9.2,https://racing.hkjc.com/en-us/local/information/otherhorse?horseid=HK_2002_C322&Option=1,2026-09-04T13:16:28Z,https://racing.hkjc.com/en-us/local/information/archive/localresults?racedate=2006/01/18&racecourse=HV&RaceNo=2
HV_20060118_R02_HK_2002_C089,HV_20060118_R02,2006-01-18,HV,Happy Valley,2,325,YUK SAU HANDICAP,5,1650,40-15,GOOD,TURF,"TURF - ""C"" Course",450000,12,HK_2002_C089,1,RISING WIN,CC089,AUS,Southern,,40,39,Bay,Gelding,Langfuhr,Bridal Party,Nassipour Same,0,0,0,0,0,0.0,0.0,0.0,0.0,0.0,0.0,7,False,False,E Saint-Martin,T W Leung,133,1096,9,3,1:42.10,7.9,https://racing.hkjc.com/en-us/local/information/otherhorse?horseid=HK_2002_C089&Option=1,2026-09-04T16:13:55Z,https://racing.hkjc.com/en-us/local/information/archive/localresults?racedate=2006/01/18&racecourse=HV&RaceNo=2
HV_20060118_R02_HK_2001_B279,HV_20060118_R02,2006-01-18,HV,Happy Valley,2,325,YUK SAU HANDICAP,5,1650,40-15,GOOD,TURF,"TURF - ""C"" Course",450000,12,HK_2001_B279,7,FORTUNE LAD,CB279,AUS,Southern,,34,32,Bay,Gelding,Anabaa,Mercurial Madam,Is It True Same,0,0,0,0,0,0.0,0.0,0.0,0.0,0.0,0.0,8,False,False,S Sanders,D Oughton,127,1155,6,3,1:42.10,12.0,https://racing.hkjc.com/en-us/local/information/otherhorse?horseid=HK_2001_B279&Option=1,2026-09-04T16:13:58Z,https://racing.hkjc.com/en-us/local/information/archive/localresults?racedate=2006/01/18&racecourse=HV&RaceNo=2
HV_20060118_R02_HK_2002_C310,HV_20060118_R02,2006-01-18,HV,Happy Valley,2,325,YUK SAU HANDICAP,5,1650,40-15,GOOD,TURF,"TURF - ""C"" Course",450000,12,HK_2002_C310,11,KINGSTON GLORY,CC310,NZ,Southern,,23,21,Bay,Gelding,Chinese Gold,Medallist,Roughcast Same,1,0,0,0,0,0.0,0.0,0.0,0.0,0.0,0.0,9,False,False,A Delpech,T K Ng,116,1155,11,5,1:42.40,34.0,https://racing.hkjc.com/en-us/local/information/otherhorse?horseid=HK_2002_C310&Option=1,2026-09-04T13:15:20Z,https://racing.hkjc.com/en-us/local/information/archive/localresults?racedate=2006/01/18&racecourse=HV&RaceNo=2
HV_20060118_R02_HK_2003_D261,HV_20060118_R02,2006-01-18,HV,Happy Valley,2,325,YUK SAU HANDICAP,5,1650,40-15,GOOD,TURF,"TURF - ""C"" Course",450000,12,HK_2003_D261,3,HAPPY HEROES,CD261,IRE,Northern,,38.0,36.0,Bay,Gelding,Bluebird,Devil's Crown,Chief's Crown Same,0,0,0,0,0,0.0,0.0,0.0,0.0,0.0,0.0,10,False,False,R Fradd,C W Chang,131,1112,8,5-3/4,1:42.50,33.0,https://racing.hkjc.com/en-us/local/information/otherhorse?horseid=HK_2003_D261&Option=1,2026-09-04T16:14:01Z,https://racing.hkjc.com/en-us/local/information/archive/localresults?racedate=2006/01/18&racecourse=HV&RaceNo=2
HV_20060118_R02_HK_2002_C148,HV_20060118_R02,2006-01-18,HV,Happy Valley,2,325,YUK SAU HANDICAP,5,1650,40-15,GOOD,TURF,"TURF - ""C"" Course",450000,12,HK_2002_C148,5,BAYVIEW LAD,CC148,AUS,Southern,,37,37,Chestnut,Gelding,Nediym,Sandakan,Squill Same,1,0,0,1,1,0.0,1.0,0.0,0.0,51750.0,51750.0,11,False,False,S Dye,C S Shum,130,1071,10,15-1/4,1:44.10,21.0,https://racing.hkjc.com/en-us/local/information/otherhorse?horseid=HK_2002_C148&Option=1,2026-09-04T13:51:01Z,https://racing.hkjc.com/en-us/local/information/archive/localresults?racedate=2006/01/18&racecourse=HV&RaceNo=2
HV_20060118_R02_HK_2003_D179,HV_20060118_R02,2006-01-18,HV,Happy Valley,2,325,YUK SAU HANDICAP,5,1650,40-15,GOOD,TURF,"TURF - ""C"" Course",450000,12,HK_2003_D179,12,BRILLIANT WIN,CD179,AUS,Southern,,16,13,Chestnut,Gelding,Gold Fever,Ceremonious,Estaminet Same,0,0,0,0,0,0.0,0.0,0.0,0.0,0.0,0.0,12,False,False,Y T Cheng,K L Man,112,1025,12,27-1/4,1:46.00,50.0,https://racing.hkjc.com/en-us/local/information/otherhorse?horseid=HK_2003_D179&Option=1,2026-09-04T16:14:04Z,https://racing.hkjc.com/en-us/local/information/archive/localresults?racedate=2006/01/18&racecourse=HV&RaceNo=2
HV_20060118_R03_HK_2004_E055,HV_20060118_R03,2006-01-18,HV,Happy Valley,3,326,YIK YAM HANDICAP,4,1650,60-40,GOOD,TURF,"TURF - ""C"" Course",570000,12,HK_2004_E055,8,LIVERBIRD,CE055,NZ,Southern,,55,55,Brown,Gelding,Zerpour,Sarah Fox,Foxbay Same,1,0,0,0,0,0.0,0.0,0.56,319200.0,0.0,319200.0,1,True,True,S Dye,C S Shum,126,1103,1,---,1:41.40,7.6,https://racing.hkjc.com/en-us/local/information/otherhorse?horseid=HK_2004_E055&Option=1,2026-09-04T13:16:55Z,https://racing.hkjc.com/en-us/local/information/archive/localresults?racedate=2006/01/18&racecourse=HV&RaceNo=3
HV_20060118_R03_HK_2004_E249,HV_20060118_R03,2006-01-18,HV,Happy Valley,3,326,YIK YAM HANDICAP,4,1650,60-40,GOOD,TURF,"TURF - ""C"" Course",570000,12,HK_2004_E249,7,ROCKET WIN,CE249,USA,Northern,,56,58,Bay,Gelding,Cherokee Run,Jane's The Name,Trempolino Same,1,0,1,0,1,0.0,1.0,0.21,119700.0,119700.0,239400.0,2,False,True,S Sanders,P F Yiu,127,1025,5,1-1/2,1:41.60,5.1,https://racing.hkjc.com/en-us/local/information/otherhorse?horseid=HK_2004_E249&Option=1,2026-09-04T15:11:15Z,https://racing.hkjc.com/en-us/local/information/archive/localresults?racedate=2006/01/18&racecourse=HV&RaceNo=3
HV_20060118_R03_HK_2004_E111,HV_20060118_R03,2006-01-18,HV,Happy Valley,3,326,YIK YAM HANDICAP,4,1650,60-40,GOOD,TURF,"TURF - ""C"" Course",570000,12,HK_2004_E111,4,AWARD,CE111,NZ,Southern,,58,58,Bay,Gelding,Exploding Prospect,Wild Dixie,Wild Rampage Same,1,0,0,0,0,0.0,0.0,0.115,65550.0,31350.0,96900.0,3,False,True,C Brown,P O'Sullivan,129,1095,10,2-1/4,1:41.80,6.6,https://racing.hkjc.com/en-us/local/information/otherhorse?horseid=HK_2004_E111&Option=1,2026-09-04T15:10:27Z,https://racing.hkjc.com/en-us/local/information/archive/localresults?racedate=2006/01/18&racecourse=HV&RaceNo=3
HV_20060118_R03_HK_2000_A040,HV_20060118_R03,2006-01-18,HV,Happy Valley,3,326,YIK YAM HANDICAP,4,1650,60-40,GOOD,TURF,"TURF - ""C"" Course",570000,12,HK_2000_A040,5,DANRIVA,CA040,AUS,Southern,,57,57,Bay,Gelding,Danehill,Riva,Riverman Same,0,0,0,0,0,0.0,0.0,0.06,34200.0,0.0,34200.0,4,False,False,O Doleuze,T K Ng,128,1032,6,2-1/4,1:41.80,11.0,https://racing.hkjc.com/en-us/local/information/otherhorse?horseid=HK_2000_A040&Option=1,2026-09-04T16:14:10Z,https://racing.hkjc.com/en-us/local/information/archive/localresults?racedate=2006/01/18&racecourse=HV&RaceNo=3
HV_20060118_R03_HK_2003_D065,HV_20060118_R03,2006-01-18,HV,Happy Valley,3,326,YIK YAM HANDICAP,4,1650,60-40,GOOD,TURF,"TURF - ""C"" Course",570000,12,HK_2003_D065,12,ALL FIT,CD065,NZ,Southern,,42,40,Brown,Gelding,Manaloj,Baramul Lass,Luskin Star Same,0,0,0,0,0,0.0,0.0,0.055,31350.0,0.0,31350.0,5,False,False,M W Leung,D Cruz,108,1177,9,4-3/4,1:42.20,99.0,https://racing.hkjc.com/en-us/local/information/otherhorse?horseid=HK_2003_D065&Option=1,2026-09-04T13:51:13Z,https://racing.hkjc.com/en-us/local/information/archive/localresults?racedate=2006/01/18&racecourse=HV&RaceNo=3
HV_20060118_R03_HK_2005_G023,HV_20060118_R03,2006-01-18,HV,Happy Valley,3,326,YIK YAM HANDICAP,4,1650,60-40,GOOD,TURF,"TURF - ""C"" Course",570000,12,HK_2005_G023,10,RICH FOR ALL,CG023,AUS,Southern,,48,46,Chestnut,Gelding,Archway,Dew Drop Lassie,Snow Chief Same,1,0,0,0,0,0.0,0.0,0.0,0.0,0.0,0.0,6,False,False,F Coetzee,D J Hall,119,1255,7,5,1:42.20,12.0,https://racing.hkjc.com/en-us/local/information/otherhorse?horseid=HK_2005_G023&Option=1,2026-09-04T15:28:13Z,https://racing.hkjc.com/en-us/local/information/archive/localresults?racedate=2006/01/18&racecourse=HV&RaceNo=3
HV_20060118_R03_HK_2001_B090,HV_20060118_R03,2006-01-18,HV,Happy Valley,3,326,YIK YAM HANDICAP,4,1650,60-40,GOOD,TURF,"TURF - ""C"" Course",570000,12,HK_2001_B090,2,ALWAYS ZIETEN,CB090,IRE,Northern,,58,56,Bay,Gelding,Zieten,Lisa's Favourite,Gorytus Same,1,0,0,0,0,0.0,0.0,0.0,0.0,0.0,0.0,7,False,False,H W Lai,L Ho,122,1123,3,6-1/4,1:42.40,6.4,https://racing.hkjc.com/en-us/local/information/otherhorse?horseid=HK_2001_B090&Option=1,2026-09-04T13:18:21Z,https://racing.hkjc.com/en-us/local/information/archive/localresults?racedate=2006/01/18&racecourse=HV&RaceNo=3
HV_20060118_R03_HK_2002_C147,HV_20060118_R03,2006-01-18,HV,Happy Valley,3,326,YIK YAM HANDICAP,4,1650,60-40,GOOD,TURF,"TURF - ""C"" Course",570000,12,HK_2002_C147,3,ASSET PLAY,CC147,AUS,Southern,,58,56,Bay,Gelding,Monde Bleu,Affluent,Shirley Heights Same,0,0,0,0,0,0.0,0.0,0.0,0.0,0.0,0.0,8,False,False,C W Wong,S Woods,119,1133,2,6-1/2,1:42.50,14.0,https://racing.hkjc.com/en-us/local/information/otherhorse?horseid=HK_2002_C147&Option=1,2026-09-04T16:14:13Z,https://racing.hkjc.com/en-us/local/information/archive/localresults?racedate=2006/01/18&racecourse=HV&RaceNo=3
HV_20060118_R03_HK_2005_G012,HV_20060118_R03,2006-01-18,HV,Happy Valley,3,326,YIK YAM HANDICAP,4,1650,60-40,GOOD,TURF,"TURF - ""C"" Course",570000,12,HK_2005_G012,9,LEADER,CG012,NZ,Southern,,54,54,Chestnut,Gelding,Hunza Court,The Duchess,Prince Ferdinand Same,1,0,1,0,1,0.0,1.0,0.0,0.0,119700.0,119700.0,9,False,False,D Whyte,C H Yip,125,1113,12,7-1/2,1:42.60,6.3,https://racing.hkjc.com/en-us/local/information/otherhorse?horseid=HK_2005_G012&Option=1,2026-09-04T13:15:30Z,https://racing.hkjc.com/en-us/local/information/archive/localresults?racedate=2006/01/18&racecourse=HV&RaceNo=3
HV_20060118_R03_HK_2003_D014,HV_20060118_R03,2006-01-18,HV,Happy Valley,3,326,YIK YAM HANDICAP,4,1650,60-40,GOOD,TURF,"TURF - ""C"" Course",570000,12,HK_2003_D014,6,ISLAND SPIRIT,CD014,NZ,Southern,,56,54,Bay,Gelding,Bijou D'inde,Ibiza Bay,Tights Same,1,0,0,0,0,0.0,0.0,0.0,0.0,0.0,0.0,10,False,False,Y T Cheng,B K Ng,125,1108,11,7-3/4,1:42.70,50.0,https://racing.hkjc.com/en-us/local/information/otherhorse?horseid=HK_2003_D014&Option=1,2026-09-04T15:10:36Z,https://racing.hkjc.com/en-us/local/information/archive/localresults?racedate=2006/01/18&racecourse=HV&RaceNo=3
HV_20060118_R03_HK_2001_B288,HV_20060118_R03,2006-01-18,HV,Happy Valley,3,326,YIK YAM HANDICAP,4,1650,60-40,GOOD,TURF,"TURF - ""C"" Course",570000,12,HK_2001_B288,11,OH GREAT,CB288,NZ,Southern,,44.0,44,Bay,Gelding,Entrepreneur,Impassion,Sir Tristram Same,1,0,0,0,0,0.0,0.0,0.0,0.0,0.0,0.0,11,False,False,G Schofield,A Lee,116,1097,8,8-1/4,1:42.70,24.0,https://racing.hkjc.com/en-us/local/information/otherhorse?horseid=HK_2001_B288&Option=1,2026-09-04T15:11:36Z,https://racing.hkjc.com/en-us/local/information/archive/localresults?racedate=2006/01/18&racecourse=HV&RaceNo=3
HV_20060118_R03_HK_2000_A249,HV_20060118_R03,2006-01-18,HV,Happy Valley,3,326,YIK YAM HANDICAP,4,1650,60-40,GOOD,TURF,"TURF - ""C"" Course",570000,12,HK_2000_A249,1,LUCKY STALLION,CA249,GB,Northern,,59,59,Chestnut,Gelding,Selkirk,Ink Pot,Green Dancer Same,1,0,1,0,1,0.0,1.0,0.0,0.0,119700.0,119700.0,12,False,False,B Prebble,C Fownes,130,1069,4,8-1/4,1:42.80,8.3,https://racing.hkjc.com/en-us/local/information/otherhorse?horseid=HK_2000_A249&Option=1,2026-09-04T15:10:24Z,https://racing.hkjc.com/en-us/local/information/archive/localresults?racedate=2006/01/18&racecourse=HV&RaceNo=3
HV_20060118_R04_HK_2003_D381,HV_20060118_R04,2006-01-18,HV,Happy Valley,4,327,KING KWONG HANDICAP,4,1800,60-40,GOOD,TURF,"TURF - ""C"" Course",570000,12,HK_2003_D381,7,JUBILOSO,CD381,NZ,Southern,,44,50,Bay,Gelding,Cape Cross,Endless Joy,Centaine Same,1,0,0,1,1,0.0,1.0,0.56,319200.0,65550.0,384750.0,1,True,True,B Prebble,D J Hall,117,1093,2,---,1:51.50,2.7,https://racing.hkjc.com/en-us/local/information/otherhorse?horseid=HK_2003_D381&Option=1,2026-09-04T13:53:32Z,https://racing.hkjc.com/en-us/local/information/archive/localresults?racedate=2006/01/18&racecourse=HV&RaceNo=4
HV_20060118_R04_HK_2003_D110,HV_20060118_R04,2006-01-18,HV,Happy Valley,4,327,KING KWONG HANDICAP,4,1800,60-40,GOOD,TURF,"TURF - ""C"" Course",570000,12,HK_2003_D110,8,SNIPER,CD110,GER,Northern,,44,46,Chestnut,Gelding,Acatenango,Tascalina,Big Shuffle Same,0,0,0,0,0,0.0,0.0,0.21,119700.0,0.0,119700.0,2,False,True,C Brown,P O'Sullivan,117,991,1,HD,1:51.50,10.0,https://racing.hkjc.com/en-us/local/information/otherhorse?horseid=HK_2003_D110&Option=1,2026-09-04T13:51:18Z,https://racing.hkjc.com/en-us/local/information/archive/localresults?racedate=2006/01/18&racecourse=HV&RaceNo=4
HV_20060118_R04_HK_2001_B320,HV_20060118_R04,2006-01-18,HV,Happy Valley,4,327,KING KWONG HANDICAP,4,1800,60-40,GOOD,TURF,"TURF - ""C"" Course",570000,12,HK_2001_B320,4,BARRACUDA,CB320,AUS,Southern,,47,48,Bay,Gelding,Barathea,Express The Blues,Cure The Blues Same,1,1,0,0,1,1.0,1.0,0.115,65550.0,319200.0,384750.0,3,False,True,G Mosse,A Lee,120,1087,10,3/4,1:51.60,11.0,https://racing.hkjc.com/en-us/local/information/otherhorse?horseid=HK_2001_B320&Option=1,2026-09-04T13:17:22Z,https://racing.hkjc.com/en-us/local/information/archive/localresults?racedate=2006/01/18&racecourse=HV&RaceNo=4
HV_20060118_R04_HK_2001_B277,HV_20060118_R04,2006-01-18,HV,Happy Valley,4,327,KING KWONG HANDICAP,4,1800,60-40,GOOD,TURF,"TURF - ""C"" Course",570000,12,HK_2001_B277,9,WINWIN COMBO,CB277,IRE,Northern,,44.0,44.0,Bay,Gelding,Danehill,Dance Date,Sadler's Wells Same,1,0,0,0,0,0.0,0.0,0.06,34200.0,0.0,34200.0,4,False,False,A Delpech,K L Man,117,1111,12,1-1/4,1:51.70,52.0,https://racing.hkjc.com/en-us/local/information/otherhorse?horseid=HK_2001_B277&Option=1,2026-09-04T15:47:41Z,https://racing.hkjc.com/en-us/local/information/archive/localresults?racedate=2006/01/18&racecourse=HV&RaceNo=4
HV_20060118_R04_HK_2001_B057,HV_20060118_R04,2006-01-18,HV,Happy Valley,4,327,KING KWONG HANDICAP,4,1800,60-40,GOOD,TURF,"TURF - ""C"" Course",570000,12,HK_2001_B057,5,MR BEAUTIFUL,CB057,IRE,Northern,,47.0,46.0,Bay,Horse,Danehill,Lady Ounavarra,Simply Great Same,0,0,0,0,0,0.0,0.0,0.055,31350.0,0.0,31350.0,5,False,False,G Schofield,K W Lui,120,1022,5,1-3/4,1:51.70,8.0,https://racing.hkjc.com/en-us/local/information/otherhorse?horseid=HK_2001_B057&Option=1,2026-09-04T16:14:18Z,https://racing.hkjc.com/en-us/local/information/archive/localresults?racedate=2006/01/18&racecourse=HV&RaceNo=4
HV_20060118_R04_HK_2002_C360,HV_20060118_R04,2006-01-18,HV,Happy Valley,4,327,KING KWONG HANDICAP,4,1800,60-40,GOOD,TURF,"TURF - ""C"" Course",570000,12,HK_2002_C360,6,SOARING ANGEL,CC360,AUS,Southern,,45,44,Chestnut,Gelding,Gilded Time,Pretext,Pre Catelan Same,1,0,0,0,0,0.0,0.0,0.0,0.0,0.0,0.0,6,False,False,E Saint-Martin,D E Ferraris,120,1187,7,2-1/2,1:51.90,15.0,https://racing.hkjc.com/en-us/local/information/otherhorse?horseid=HK_2002_C360&Option=1,2026-09-04T15:27:06Z,https://racing.hkjc.com/en-us/local/information/archive/localresults?racedate=2006/01/18&racecourse=HV&RaceNo=4
HV_20060118_R04_HK_2002_C056,HV_20060118_R04,2006-01-18,HV,Happy Valley,4,327,KING KWONG HANDICAP,4,1800,60-40,GOOD,TURF,"TURF - ""C"" Course",570000,12,HK_2002_C056,12,KING OF SPADES,CC056,SAF,Southern,,41,40,Bay,Gelding,Goldkeeper,Megeve,Northfields Same,1,0,0,0,0,0.0,0.0,0.0,0.0,0.0,0.0,7,False,False,C W Wong,T K Ng,104,1049,8,2-3/4,1:51.90,35.0,https://racing.hkjc.com/en-us/local/information/otherhorse?horseid=HK_2002_C056&Option=1,2026-09-04T13:17:38Z,https://racing.hkjc.com/en-us/local/information/archive/localresults?racedate=2006/01/18&racecourse=HV&RaceNo=4
HV_20060118_R04_HK_2001_B013,HV_20060118_R04,2006-01-18,HV,Happy Valley,4,327,KING KWONG HANDICAP,4,1800,60-40,GOOD,TURF,"TURF - ""C"" Course",570000,12,HK_2001_B013,11,TOUCH DOWN,CB013,NZ,Southern,,42,40,Bay,Gelding,Kashani,Phantom Belle,Racing Is Fun Same,1,0,0,0,0,0.0,0.0,0.0,0.0,0.0,0.0,8,False,False,D Whyte,C W Chang,116,1180,9,4-1/4,1:52.10,16.0,https://racing.hkjc.com/en-us/local/information/otherhorse?horseid=HK_2001_B013&Option=1,2026-09-04T13:51:05Z,https://racing.hkjc.com/en-us/local/information/archive/localresults?racedate=2006/01/18&racecourse=HV&RaceNo=4
HV_20060118_R04_HK_2003_D284,HV_20060118_R04,2006-01-18,HV,Happy Valley,4,327,KING KWONG HANDICAP,4,1800,60-40,GOOD,TURF,"TURF - ""C"" Course",570000,12,HK_2003_D284,3,BARAKA,CD284,AUS,Southern,,48,38,Chestnut,Gelding,Brocco,She's A Pipe Dream,Jackson Square Same,0,0,0,0,0,0.0,0.0,0.0,0.0,0.0,0.0,9,False,False,Y T Cheng,Y O Wong,119,1253,4,4-1/4,1:52.10,20.0,https://racing.hkjc.com/en-us/local/information/otherhorse?horseid=HK_2003_D284&Option=1,2026-09-04T16:14:21Z,https://racing.hkjc.com/en-us/local/information/archive/localresults?racedate=2006/01/18&racecourse=HV&RaceNo=4
HV_20060118_R04_HK_2004_E217,HV_20060118_R04,2006-01-18,HV,Happy Valley,4,327,KING KWONG HANDICAP,4,1800,60-40,GOOD,TURF,"TURF - ""C"" Course",570000,12,HK_2004_E217,2,ALL OUR WAY,CE217,AUS,Southern,,49.0,49.0,Bay,Rig,Desert Prince,Tiara,Star Way Same,1,1,0,0,1,1.0,1.0,0.0,0.0,319200.0,319200.0,10,False,False,S Dye,C S Shum,122,1058,6,6-3/4,1:52.50,4.1,https://racing.hkjc.com/en-us/local/information/otherhorse?horseid=HK_2004_E217&Option=1,2026-09-04T13:51:46Z,https://racing.hkjc.com/en-us/local/information/archive/localresults?racedate=2006/01/18&racecourse=HV&RaceNo=4
HV_20060118_R04_HK_2002_C069,HV_20060118_R04,2006-01-18,HV,Happy Valley,4,327,KING KWONG HANDICAP,4,1800,60-40,GOOD,TURF,"TURF - ""C"" Course",570000,12,HK_2002_C069,1,FOREVER WIN,CC069,AUS,Southern,,58,56,Chestnut,Gelding,Royal Academy,Ever Graceful,Century Same,0,0,0,0,0,0.0,0.0,0.0,0.0,0.0,0.0,11,False,False,S Sanders,S Woods,131,1161,3,7-1/4,1:52.60,28.0,https://racing.hkjc.com/en-us/local/information/otherhorse?horseid=HK_2002_C069&Option=1,2026-09-04T16:14:24Z,https://racing.hkjc.com/en-us/local/information/archive/localresults?racedate=2006/01/18&racecourse=HV&RaceNo=4
HV_20060118_R04_HK_2003_D249,HV_20060118_R04,2006-01-18,HV,Happy Valley,4,327,KING KWONG HANDICAP,4,1800,60-40,GOOD,TURF,"TURF - ""C"" Course",570000,12,HK_2003_D249,10,PURPLE GOLD,CD249,USA,Northern,,43.0,43.0,Grey,Gelding,Devil's Bag,Krasivi,Nijinsky II Same,0,0,0,0,0,0.0,0.0,0.0,0.0,0.0,0.0,12,False,False,H W Lai,B K Ng,109,1115,11,7-1/4,1:52.60,29.0,https://racing.hkjc.com/en-us/local/information/otherhorse?horseid=HK_2003_D249&Option=1,2026-09-04T16:14:27Z,https://racing.hkjc.com/en-us/local/information/archive/localresults?racedate=2006/01/18&racecourse=HV&RaceNo=4
HV_20060118_R05_HK_2004_E206,HV_20060118_R05,2006-01-18,HV,Happy Valley,5,328,SHAN KWONG HANDICAP,3,1650,80-60,GOOD,TURF,"TURF - ""C"" Course",750000,12,HK_2004_E206,1,RUM SHOT,CE206,GB,Northern,,78,85,Bay,Gelding,Efisio,Glass,Bering Same,1,0,0,0,0,0.0,0.0,0.56,420000.0,41250.0,461250.0,1,True,True,Y T Cheng,C H Yip,129,1057,5,---,1:41.20,6.4,https://racing.hkjc.com/en-us/local/information/otherhorse?horseid=HK_2004_E206&Option=1,2026-09-04T15:29:57Z,https://racing.hkjc.com/en-us/local/information/archive/localresults?racedate=2006/01/18&racecourse=HV&RaceNo=5
HV_20060118_R05_HK_2005_G052,HV_20060118_R05,2006-01-18,HV,Happy Valley,5,328,SHAN KWONG HANDICAP,3,1650,80-60,GOOD,TURF,"TURF - ""C"" Course",750000,12,HK_2005_G052,2,SYDNEY EXPRESS,CG052,AUS,Southern,,76,77,Bay,Gelding,Jade Robbery,Classic Parisian,Persian Bold Same,1,0,0,0,0,0.0,0.0,0.21,157500.0,0.0,157500.0,2,False,True,A Delpech,D E Ferraris,129,1085,3,1-3/4,1:41.50,6.5,https://racing.hkjc.com/en-us/local/information/otherhorse?horseid=HK_2005_G052&Option=1,2026-09-04T15:12:41Z,https://racing.hkjc.com/en-us/local/information/archive/localresults?racedate=2006/01/18&racecourse=HV&RaceNo=5
HV_20060118_R05_HK_2005_G006,HV_20060118_R05,2006-01-18,HV,Happy Valley,5,328,SHAN KWONG HANDICAP,3,1650,80-60,GOOD,TURF,"TURF - ""C"" Course",750000,12,HK_2005_G006,5,BEST POWER,CG006,NZ,Southern,,74,74,Bay,Gelding,Kashani,Wisdom,Dahar Same,1,0,0,0,0,0.0,0.0,0.115,86250.0,0.0,86250.0,3,False,True,S Dye,C S Shum,127,1043,2,2,1:41.60,7.3,https://racing.hkjc.com/en-us/local/information/otherhorse?horseid=HK_2005_G006&Option=1,2026-09-04T15:47:18Z,https://racing.hkjc.com/en-us/local/information/archive/localresults?racedate=2006/01/18&racecourse=HV&RaceNo=5
HV_20060118_R05_HK_2004_E147,HV_20060118_R05,2006-01-18,HV,Happy Valley,5,328,SHAN KWONG HANDICAP,3,1650,80-60,GOOD,TURF,"TURF - ""C"" Course",750000,12,HK_2004_E147,11,EVER KING,CE147,IRE,Northern,,61,62,Bay,Gelding,Danehill Dancer,Brief Fairy,Brief Truce Same,1,0,0,0,0,0.0,0.0,0.06,45000.0,45000.0,90000.0,4,False,False,D Whyte,J Moore,116,973,1,2-1/4,1:41.60,2.6,https://racing.hkjc.com/en-us/local/information/otherhorse?horseid=HK_2004_E147&Option=1,2026-09-04T15:10:47Z,https://racing.hkjc.com/en-us/local/information/archive/localresults?racedate=2006/01/18&racecourse=HV&RaceNo=5
HV_20060118_R05_HK_2003_D237,HV_20060118_R05,2006-01-18,HV,Happy Valley,5,328,SHAN KWONG HANDICAP,3,1650,80-60,GOOD,TURF,"TURF - ""C"" Course",750000,12,HK_2003_D237,4,MILITARY OPTION,CD237,USA,Northern,,75,75,Bay,Gelding,Red Ransom,Comfort And Style,Be My Guest Same,2,0,0,1,1,0.0,0.5,0.055,41250.0,86250.0,127500.0,5,False,False,C Soumillon,C Fownes,128,1104,7,3,1:41.70,8.1,https://racing.hkjc.com/en-us/local/information/otherhorse?horseid=HK_2003_D237&Option=1,2026-09-04T15:12:50Z,https://racing.hkjc.com/en-us/local/information/archive/localresults?racedate=2006/01/18&racecourse=HV&RaceNo=5
HV_20060118_R05_HK_2001_B177,HV_20060118_R05,2006-01-18,HV,Happy Valley,5,328,SHAN KWONG HANDICAP,3,1650,80-60,GOOD,TURF,"TURF - ""C"" Course",750000,12,HK_2001_B177,6,SIXTY SECONDS,CB177,IRE,Northern,,67,65,Bay,Gelding,Definite Article,Damemill,Danehill Same,0,0,0,0,0,0.0,0.0,0.0,0.0,0.0,0.0,6,False,False,C K Tong,D Oughton,110,1077,12,3-3/4,1:41.80,56.0,https://racing.hkjc.com/en-us/local/information/otherhorse?horseid=HK_2001_B177&Option=1,2026-09-04T16:14:32Z,https://racing.hkjc.com/en-us/local/information/archive/localresults?racedate=2006/01/18&racecourse=HV&RaceNo=5
HV_20060118_R05_HK_2001_B059,HV_20060118_R05,2006-01-18,HV,Happy Valley,5,328,SHAN KWONG HANDICAP,3,1650,80-60,GOOD,TURF,"TURF - ""C"" Course",750000,12,HK_2001_B059,3,KONRAD THE GREAT,CB059,IRE,Northern,,75,74,Chestnut,Gelding,Be My Guest,Lady Of Dreams,Prince Rupert Same,1,0,0,0,0,0.0,0.0,0.0,0.0,0.0,0.0,7,False,False,C Munce,A T Millard,128,1084,9,4-1/4,1:41.90,18.0,https://racing.hkjc.com/en-us/local/information/otherhorse?horseid=HK_2001_B059&Option=1,2026-09-04T15:10:53Z,https://racing.hkjc.com/en-us/local/information/archive/localresults?racedate=2006/01/18&racecourse=HV&RaceNo=5
HV_20060118_R05_HK_2004_E102,HV_20060118_R05,2006-01-18,HV,Happy Valley,5,328,SHAN KWONG HANDICAP,3,1650,80-60,GOOD,TURF,"TURF - ""C"" Course",750000,12,HK_2004_E102,10,RIGHT CHOICE,CE102,NZ,Southern,,63,63,Bay / Brown,Gelding,Sandtrap,Around Midnight,Ring The Bell Same,0,0,0,0,0,0.0,0.0,0.0,0.0,0.0,0.0,8,False,False,G Schofield,J Size,116,1053,6,4-3/4,1:42.00,8.3,https://racing.hkjc.com/en-us/local/information/otherhorse?horseid=HK_2004_E102&Option=1,2026-09-04T16:14:35Z,https://racing.hkjc.com/en-us/local/information/archive/localresults?racedate=2006/01/18&racecourse=HV&RaceNo=5
HV_20060118_R05_HK_2001_B088,HV_20060118_R05,2006-01-18,HV,Happy Valley,5,328,SHAN KWONG HANDICAP,3,1650,80-60,GOOD,TURF,"TURF - ""C"" Course",750000,12,HK_2001_B088,12,TABBRIS,CB088,AUS,Southern,,61,59,Bay,Gelding,Snippets,Tinker's Flight,Centaine Same,1,0,0,0,0,0.0,0.0,0.0,0.0,0.0,0.0,9,False,False,C Brown,A Lee,116,1170,10,5,1:42.00,68.0,https://racing.hkjc.com/en-us/local/information/otherhorse?horseid=HK_2001_B088&Option=1,2026-09-04T15:47:21Z,https://racing.hkjc.com/en-us/local/information/archive/localresults?racedate=2006/01/18&racecourse=HV&RaceNo=5
HV_20060118_R05_HK_2002_C342,HV_20060118_R05,2006-01-18,HV,Happy Valley,5,328,SHAN KWONG HANDICAP,3,1650,80-60,GOOD,TURF,"TURF - ""C"" Course",750000,12,HK_2002_C342,9,ELFHELM,CC342,IRE,Northern,,63,62,Bay,Gelding,Perugino,Symphony,Cyrano de Bergerac Same,1,0,0,0,0,0.0,0.0,0.0,0.0,0.0,0.0,10,False,False,H W Lai,P F Yiu,109,1111,11,9,1:42.70,29.0,https://racing.hkjc.com/en-us/local/information/otherhorse?horseid=HK_2002_C342&Option=1,2026-09-04T15:49:16Z,https://racing.hkjc.com/en-us/local/information/archive/localresults?racedate=2006/01/18&racecourse=HV&RaceNo=5
HV_20060118_R05_HK_2003_D395,HV_20060118_R05,2006-01-18,HV,Happy Valley,5,328,SHAN KWONG HANDICAP,3,1650,80-60,GOOD,TURF,"TURF - ""C"" Course",750000,12,HK_2003_D395,8,KING OF WIN,CD395,NZ,Southern,,65,63,Chestnut,Gelding,Sandtrap,Regal Gazelle,Vice Regal Same,0,0,0,0,0,0.0,0.0,0.0,0.0,0.0,0.0,11,False,False,B Prebble,S Woods,118,1102,8,21-1/4,1:44.70,74.0,https://racing.hkjc.com/en-us/local/information/otherhorse?horseid=HK_2003_D395&Option=1,2026-09-04T16:14:38Z,https://racing.hkjc.com/en-us/local/information/archive/localresults?racedate=2006/01/18&racecourse=HV&RaceNo=5
HV_20060118_R05_HK_2005_G001,HV_20060118_R05,2006-01-18,HV,Happy Valley,5,328,SHAN KWONG HANDICAP,3,1650,80-60,GOOD,TURF,"TURF - ""C"" Course",750000,12,HK_2005_G001,7,AVOIDANCE OF DOUBT,CG001,IRE,Northern,,65,65,Bay,Gelding,Orpen,Flame And Shadow,Turtle Island Same,1,0,0,0,0,0.0,0.0,0.0,0.0,0.0,0.0,12,False,False,R Fradd,D J Hall,118,1050,4,24-1/2,1:45.20,56.0,https://racing.hkjc.com/en-us/local/information/otherhorse?horseid=HK_2005_G001&Option=1,2026-09-04T15:10:59Z,https://racing.hkjc.com/en-us/local/information/archive/localresults?racedate=2006/01/18&racecourse=HV&RaceNo=5
HV_20060118_R06_HK_2004_E154,HV_20060118_R06,2006-01-18,HV,Happy Valley,6,329,THE HAPPY VALLEY TROPHY (HANDICAP),2,1200,95-75,GOOD,TURF,"TURF - ""C"" Course",1000000,13,HK_2004_E154,11.0,SHADOW KNIGHT,CE154,NZ,Southern,,81,89,Brown,Gelding,O'Reilly,Celia Leigh,Sound Reason Same,0,0,0,0,0,0.0,0.0,0.56,560000.0,0.0,560000.0,1.0,True,True,E Saint-Martin,J Moore,120,1161.0,1.0,---,1:10.20,3.9,https://racing.hkjc.com/en-us/local/information/otherhorse?horseid=HK_2004_E154&Option=1,2026-09-04T16:14:43Z,https://racing.hkjc.com/en-us/local/information/archive/localresults?racedate=2006/01/18&racecourse=HV&RaceNo=6
HV_20060118_R06_HK_2003_D246,HV_20060118_R06,2006-01-18,HV,Happy Valley,6,329,THE HAPPY VALLEY TROPHY (HANDICAP),2,1200,95-75,GOOD,TURF,"TURF - ""C"" Course",1000000,13,HK_2003_D246,9.0,YELLOW DIAMOND,CD246,AUS,Southern,,82.0,86,Bay,Gelding,Commands,Coureuse,Tierce Same,0,0,0,0,0,0.0,0.0,0.21,210000.0,0.0,210000.0,2.0,False,True,O Doleuze,Y O Wong,119,1156.0,9.0,NOSE,1:10.20,6.8,https://racing.hkjc.com/en-us/local/information/otherhorse?horseid=HK_2003_D246&Option=1,2026-09-04T16:14:46Z,https://racing.hkjc.com/en-us/local/information/archive/localresults?racedate=2006/01/18&racecourse=HV&RaceNo=6
HV_20060118_R06_HK_2003_D021,HV_20060118_R06,2006-01-18,HV,Happy Valley,6,329,THE HAPPY VALLEY TROPHY (HANDICAP),2,1200,95-75,GOOD,TURF,"TURF - ""C"" Course",1000000,13,HK_2003_D021,8.0,FLYING SPRINTER,CD021,AUS,Southern,,82,83,Brown,Gelding,Our Maizcay,Photo,Bellotto Same,0,0,0,0,0,0.0,0.0,0.115,115000.0,0.0,115000.0,3.0,False,True,H K Yim,T W Leung,117,1208.0,4.0,1-1/2,1:10.40,13.0,https://racing.hkjc.com/en-us/local/information/otherhorse?horseid=HK_2003_D021&Option=1,2026-09-04T16:14:49Z,https://racing.hkjc.com/en-us/local/information/archive/localresults?racedate=2006/01/18&racecourse=HV&RaceNo=6
HV_20060118_R06_HK_2001_B187,HV_20060118_R06,2006-01-18,HV,Happy Valley,6,329,THE HAPPY VALLEY TROPHY (HANDICAP),2,1200,95-75,GOOD,TURF,"TURF - ""C"" Course",1000000,13,HK_2001_B187,3.0,FANTASY,CB187,AUS,Southern,,90,90,Bay,Gelding,Honour And Glory,Sister Mammy,Jackson Square Same,0,0,0,0,0,0.0,0.0,0.06,60000.0,0.0,60000.0,4.0,False,False,B Prebble,K W Lui,127,1071.0,2.0,1-3/4,1:10.50,13.0,https://racing.hkjc.com/en-us/local/information/otherhorse?horseid=HK_2001_B187&Option=1,2026-09-04T16:14:52Z,https://racing.hkjc.com/en-us/local/information/archive/localresults?racedate=2006/01/18&racecourse=HV&RaceNo=6
HV_20060118_R06_HK_2001_B300,HV_20060118_R06,2006-01-18,HV,Happy Valley,6,329,THE HAPPY VALLEY TROPHY (HANDICAP),2,1200,95-75,GOOD,TURF,"TURF - ""C"" Course",1000000,13,HK_2001_B300,2.0,ENGINEERING WONDER,CB300,AUS,Southern,,90,90,Bay,Gelding,Last Tycoon,Orwhina,Vain Same,0,0,0,0,0,0.0,0.0,0.055,55000.0,0.0,55000.0,5.0,False,False,H W Lai,L Ho,120,1120.0,8.0,2-1/4,1:10.60,16.0,https://racing.hkjc.com/en-us/local/information/otherhorse?horseid=HK_2001_B300&Option=1,2026-09-04T16:14:55Z,https://racing.hkjc.com/en-us/local/information/archive/localresults?racedate=2006/01/18&racecourse=HV&RaceNo=6
HV_20060118_R06_HK_2001_B432,HV_20060118_R06,2006-01-18,HV,Happy Valley,6,329,THE HAPPY VALLEY TROPHY (HANDICAP),2,1200,95-75,GOOD,TURF,"TURF - ""C"" Course",1000000,13,HK_2001_B432,10.0,FORTUNE SMILES,CB432,IRE,Northern,,81,80,Chestnut,Gelding,Hector Protector,Philgwyn,Milford Same,1,0,0,0,0,0.0,0.0,0.0,0.0,0.0,0.0,6.0,False,False,C Brown,J Size,118,1141.0,10.0,4-1/2,1:10.90,67.0,https://racing.hkjc.com/en-us/local/information/otherhorse?horseid=HK_2001_B432&Option=1,2026-09-04T15:13:51Z,https://racing.hkjc.com/en-us/local/information/archive/localresults?racedate=2006/01/18&racecourse=HV&RaceNo=6
HV_20060118_R06_HK_2002_C099,HV_20060118_R06,2006-01-18,HV,Happy Valley,6,329,THE HAPPY VALLEY TROPHY (HANDICAP),2,1200,95-75,GOOD,TURF,"TURF - ""C"" Course",1000000,13,HK_2002_C099,5.0,NOBLE MAN,CC099,GB,Northern,,88.0,88.0,Bay,Gelding,Cadeaux Genereux,Showery,Rainbow Quest Same,0,0,0,0,0,0.0,0.0,0.0,0.0,0.0,0.0,7.0,False,False,Y T Cheng,T K Ng,123,1103.0,11.0,4-3/4,1:11.00,10.0,https://racing.hkjc.com/en-us/local/information/otherhorse?horseid=HK_2002_C099&Option=1,2026-09-04T16:14:58Z,https://racing.hkjc.com/en-us/local/information/archive/localresults?racedate=2006/01/18&racecourse=HV&RaceNo=6
HV_20060118_R06_HK_2005_G020,HV_20060118_R06,2006-01-18,HV,Happy Valley,6,329,THE HAPPY VALLEY TROPHY (HANDICAP),2,1200,95-75,GOOD,TURF,"TURF - ""C"" Course",1000000,13,HK_2005_G020,6.0,KINGIFLY,CG020,AUS,Southern,,86,86,Bay,Gelding,King Of Kings,Regencia,New Regent Same,1,0,1,0,1,0.0,1.0,0.0,0.0,210000.0,210000.0,8.0,False,False,D Whyte,D Oughton,123,1120.0,12.0,5-1/4,1:11.10,14.0,https://racing.hkjc.com/en-us/local/information/otherhorse?horseid=HK_2005_G020&Option=1,2026-09-04T15:29:08Z,https://racing.hkjc.com/en-us/local/information/archive/localresults?racedate=2006/01/18&racecourse=HV&RaceNo=6
HV_20060118_R06_HK_2005_G054,HV_20060118_R06,2006-01-18,HV,Happy Valley,6,329,THE HAPPY VALLEY TROPHY (HANDICAP),2,1200,95-75,GOOD,TURF,"TURF - ""C"" Course",1000000,13,HK_2005_G054,4.0,DOWN TOWN,CG054,AUS,Southern,,88,88,Grey,Gelding,Scenic,Twain,Kenvain Same,0,0,0,0,0,0.0,0.0,0.0,0.0,0.0,0.0,9.0,False,False,C Soumillon,C H Yip,125,1074.0,6.0,7-1/2,1:11.40,4.1,https://racing.hkjc.com/en-us/local/information/otherhorse?horseid=HK_2005_G054&Option=1,2026-09-04T16:15:01Z,https://racing.hkjc.com/en-us/local/information/archive/localresults?racedate=2006/01/18&racecourse=HV&RaceNo=6
HV_20060118_R06_HK_2005_G079,HV_20060118_R06,2006-01-18,HV,Happy Valley,6,329,THE HAPPY VALLEY TROPHY (HANDICAP),2,1200,95-75,GOOD,TURF,"TURF - ""C"" Course",1000000,13,HK_2005_G079,7.0,RICH DRAGON,CG079,AUS,Southern,,85,83,Bay / Brown,Gelding,Quest For Fame,Lorelei,Danehill Same,0,0,0,0,0,0.0,0.0,0.0,0.0,0.0,0.0,10.0,False,False,G Mosse,C Fownes,122,1116.0,7.0,7-3/4,1:11.50,37.0,https://racing.hkjc.com/en-us/local/information/otherhorse?horseid=HK_2005_G079&Option=1,2026-09-04T16:15:04Z,https://racing.hkjc.com/en-us/local/information/archive/localresults?racedate=2006/01/18&racecourse=HV&RaceNo=6
HV_20060118_R06_HK_2004_E180,HV_20060118_R06,2006-01-18,HV,Happy Valley,6,329,THE HAPPY VALLEY TROPHY (HANDICAP),2,1200,95-75,GOOD,TURF,"TURF - ""C"" Course",1000000,13,HK_2004_E180,1.0,CHATEAU KING PRAWN,CE180,GB,Northern,,93,92,Chestnut,Colt,Grand Lodge,Miss Queen,Miswaki Same,1,0,0,0,0,0.0,0.0,0.0,0.0,0.0,0.0,11.0,False,False,S Dye,C S Shum,130,1090.0,5.0,7-3/4,1:11.50,41.0,https://racing.hkjc.com/en-us/local/information/otherhorse?horseid=HK_2004_E180&Option=1,2026-09-04T15:29:32Z,https://racing.hkjc.com/en-us/local/information/archive/localresults?racedate=2006/01/18&racecourse=HV&RaceNo=6
HV_20060118_R06_HK_2004_E043,HV_20060118_R06,2006-01-18,HV,Happy Valley,6,329,THE HAPPY VALLEY TROPHY (HANDICAP),2,1200,95-75,GOOD,TURF,"TURF - ""C"" Course",1000000,13,HK_2004_E043,12.0,SUCCESSOR,CE043,NZ,Southern,,77,77,Bay,Gelding,Bahhare,Betty Doolin,The Jogger Same,1,0,0,0,0,0.0,0.0,0.0,0.0,0.0,0.0,12.0,False,False,G Schofield,A Lee,116,1117.0,3.0,12-1/4,1:12.20,8.2,https://racing.hkjc.com/en-us/local/information/otherhorse?horseid=HK_2004_E043&Option=1,2026-09-04T15:26:20Z,https://racing.hkjc.com/en-us/local/information/archive/localresults?racedate=2006/01/18&racecourse=HV&RaceNo=6
HV_20060118_R06_HK_2002_C017,HV_20060118_R06,2006-01-18,HV,Happy Valley,6,329,THE HAPPY VALLEY TROPHY (HANDICAP),2,1200,95-75,GOOD,TURF,"TURF - ""C"" Course",1000000,13,HK_2002_C017,,SUPER BROSE,CC017,NZ,Southern,,86,86,Chestnut,Gelding,Gold Brose,Queen Guinevere,Sir Tristram Same,1,0,0,0,0,0.0,0.0,0.0,0.0,0.0,0.0,,False,False,---,A S Cruz,123,,,---,---,,https://racing.hkjc.com/en-us/local/information/otherhorse?horseid=HK_2002_C017&Option=1,2026-09-04T15:29:34Z,https://racing.hkjc.com/en-us/local/information/archive/localresults?racedate=2006/01/18&racecourse=HV&RaceNo=6
HV_20060118_R07_HK_2003_D126,HV_20060118_R07,2006-01-18,HV,Happy Valley,7,330,BLUE POOL HANDICAP,3,1200,75-60,GOOD,TURF,"TURF - ""C"" Course",750000,13,HK_2003_D126,7.0,SUPER PRINCE,CD126,AUS,Southern,,65,70,Bay,Gelding,Beautiful Crown,Lucky Kristine,Jugah Same,1,0,0,1,1,0.0,1.0,0.56,420000.0,86250.0,506250.0,1.0,True,True,O Doleuze,J Moore,120,1113.0,8.0,---,1:10.40,29.0,https://racing.hkjc.com/en-us/local/information/otherhorse?horseid=HK_2003_D126&Option=1,2026-09-04T15:26:08Z,https://racing.hkjc.com/en-us/local/information/archive/localresults?racedate=2006/01/18&racecourse=HV&RaceNo=7
HV_20060118_R07_HK_2004_E167,HV_20060118_R07,2006-01-18,HV,Happy Valley,7,330,BLUE POOL HANDICAP,3,1200,75-60,GOOD,TURF,"TURF - ""C"" Course",750000,13,HK_2004_E167,6.0,SUPER FIGHTER,CE167,NZ,Southern,,65,68,Bay,Gelding,Gold Brose,Amaroo,Zabeel Same,1,0,0,0,0,0.0,0.0,0.21,157500.0,0.0,157500.0,2.0,False,True,E Saint-Martin,T W Leung,120,1057.0,1.0,SH,1:10.40,6.4,https://racing.hkjc.com/en-us/local/information/otherhorse?horseid=HK_2004_E167&Option=1,2026-09-04T15:48:16Z,https://racing.hkjc.com/en-us/local/information/archive/localresults?racedate=2006/01/18&racecourse=HV&RaceNo=7
HV_20060118_R07_HK_2004_E110,HV_20060118_R07,2006-01-18,HV,Happy Valley,7,330,BLUE POOL HANDICAP,3,1200,75-60,GOOD,TURF,"TURF - ""C"" Course",750000,13,HK_2004_E110,9.0,TOP SCORER,CE110,AUS,Southern,,64,66,Chestnut,Gelding,Intergaze,Moments,Switch In Time Same,0,0,0,0,0,0.0,0.0,0.115,86250.0,0.0,86250.0,3.0,False,True,R Fradd,D J Hall,119,1145.0,4.0,HD,1:10.50,13.0,https://racing.hkjc.com/en-us/local/information/otherhorse?horseid=HK_2004_E110&Option=1,2026-09-04T16:15:09Z,https://racing.hkjc.com/en-us/local/information/archive/localresults?racedate=2006/01/18&racecourse=HV&RaceNo=7
HV_20060118_R07_HK_2005_G089,HV_20060118_R07,2006-01-18,HV,Happy Valley,7,330,BLUE POOL HANDICAP,3,1200,75-60,GOOD,TURF,"TURF - ""C"" Course",750000,13,HK_2005_G089,2.0,SUPREME CLASS,CG089,AUS,Southern,,70,70,Bay,Horse,Redoute's Choice,Lanadee,Snaadee Same,1,1,0,0,1,1.0,1.0,0.06,45000.0,319200.0,364200.0,4.0,False,False,F Coetzee,A S Cruz,125,1117.0,7.0,2,1:10.70,1.5,https://racing.hkjc.com/en-us/local/information/otherhorse?horseid=HK_2005_G089&Option=1,2026-09-04T13:15:27Z,https://racing.hkjc.com/en-us/local/information/archive/localresults?racedate=2006/01/18&racecourse=HV&RaceNo=7
HV_20060118_R07_HK_2001_B125,HV_20060118_R07,2006-01-18,HV,Happy Valley,7,330,BLUE POOL HANDICAP,3,1200,75-60,GOOD,TURF,"TURF - ""C"" Course",750000,13,HK_2001_B125,1.0,AMO,CB125,AUS,Southern,,73,73,Brown,Gelding,Danehill Dancer,Rhythm And Romance,Celestial Dancer Same,1,0,1,0,1,0.0,1.0,0.055,41250.0,157500.0,198750.0,5.0,False,False,C Soumillon,Y S Tsui,128,1191.0,3.0,2-1/4,1:10.80,9.4,https://racing.hkjc.com/en-us/local/information/otherhorse?horseid=HK_2001_B125&Option=1,2026-09-04T15:48:04Z,https://racing.hkjc.com/en-us/local/information/archive/localresults?racedate=2006/01/18&racecourse=HV&RaceNo=7
HV_20060118_R07_HK_2002_C213,HV_20060118_R07,2006-01-18,HV,Happy Valley,7,330,BLUE POOL HANDICAP,3,1200,75-60,GOOD,TURF,"TURF - ""C"" Course",750000,13,HK_2002_C213,4.0,BEAUTY PLUS,CC213,USA,Northern,,65.0,64.0,Grey,Gelding,With Approval,Westabout,Gone West Same,0,0,0,0,0,0.0,0.0,0.0,0.0,0.0,0.0,6.0,False,False,H W Lai,K W Lui,113,1012.0,5.0,3-1/2,1:11.00,10.0,https://racing.hkjc.com/en-us/local/information/otherhorse?horseid=HK_2002_C213&Option=1,2026-09-04T16:15:12Z,https://racing.hkjc.com/en-us/local/information/archive/localresults?racedate=2006/01/18&racecourse=HV&RaceNo=7
HV_20060118_R07_HK_2005_G066,HV_20060118_R07,2006-01-18,HV,Happy Valley,7,330,BLUE POOL HANDICAP,3,1200,75-60,GOOD,TURF,"TURF - ""C"" Course",750000,13,HK_2005_G066,11.0,CAPE PRINCE,CG066,NZ,Southern,,62,62,Bay,Gelding,Cape Cross,Amber Ace,Kreisler Same,0,0,0,0,0,0.0,0.0,0.0,0.0,0.0,0.0,7.0,False,False,D Whyte,J Size,117,1104.0,11.0,3-3/4,1:11.00,29.0,https://racing.hkjc.com/en-us/local/information/otherhorse?horseid=HK_2005_G066&Option=1,2026-09-04T16:15:15Z,https://racing.hkjc.com/en-us/local/information/archive/localresults?racedate=2006/01/18&racecourse=HV&RaceNo=7
HV_20060118_R07_HK_2003_D138,HV_20060118_R07,2006-01-18,HV,Happy Valley,7,330,BLUE POOL HANDICAP,3,1200,75-60,GOOD,TURF,"TURF - ""C"" Course",750000,13,HK_2003_D138,5.0,INSIDE MAIL,CD138,NZ,Southern,,65,63,Bay,Gelding,Al Akbar,Mary Rose,Ring The Bell Same,0,0,0,0,0,0.0,0.0,0.0,0.0,0.0,0.0,8.0,False,False,S Dye,C Fownes,120,1246.0,9.0,5-1/4,1:11.30,66.0,https://racing.hkjc.com/en-us/local/information/otherhorse?horseid=HK_2003_D138&Option=1,2026-09-04T16:15:18Z,https://racing.hkjc.com/en-us/local/information/archive/localresults?racedate=2006/01/18&racecourse=HV&RaceNo=7
HV_20060118_R07_HK_2004_E327,HV_20060118_R07,2006-01-18,HV,Happy Valley,7,330,BLUE POOL HANDICAP,3,1200,75-60,GOOD,TURF,"TURF - ""C"" Course",750000,13,HK_2004_E327,10.0,DRAGON INN,CE327,NZ,Southern,,63,61,Chestnut,Gelding,Gold Brose,Funny Features,Archway Same,1,0,0,0,0,0.0,0.0,0.0,0.0,0.0,0.0,9.0,False,False,H K Yim,S Woods,116,1041.0,2.0,7-1/2,1:11.60,99.0,https://racing.hkjc.com/en-us/local/information/otherhorse?horseid=HK_2004_E327&Option=1,2026-09-04T13:21:12Z,https://racing.hkjc.com/en-us/local/information/archive/localresults?racedate=2006/01/18&racecourse=HV&RaceNo=7
HV_20060118_R07_HK_2001_B427,HV_20060118_R07,2006-01-18,HV,Happy Valley,7,330,BLUE POOL HANDICAP,3,1200,75-60,GOOD,TURF,"TURF - ""C"" Course",750000,13,HK_2001_B427,12.0,SIR OCTAVIUS,CB427,AUS,Southern,,61,59,Bay,Gelding,Octagonal,Show Of Force,Luskin Star Same,1,0,0,0,0,0.0,0.0,0.0,0.0,0.0,0.0,10.0,False,False,C Munce,P F Yiu,116,1087.0,6.0,7-1/2,1:11.60,83.0,https://racing.hkjc.com/en-us/local/information/otherhorse?horseid=HK_2001_B427&Option=1,2026-09-04T15:26:28Z,https://racing.hkjc.com/en-us/local/information/archive/localresults?racedate=2006/01/18&racecourse=HV&RaceNo=7
HV_20060118_R07_HK_2003_D190,HV_20060118_R07,2006-01-18,HV,Happy Valley,7,330,BLUE POOL HANDICAP,3,1200,75-60,GOOD,TURF,"TURF - ""C"" Course",750000,13,HK_2003_D190,3.0,OKEYDOKEY,CD190,SAF,Southern,,66,64,Bay,Gelding,West Man,Hot To Handle,Harry Hotspur Same,0,0,0,0,0,0.0,0.0,0.0,0.0,0.0,0.0,11.0,False,False,S Sanders,D E Ferraris,121,1049.0,10.0,7-1/2,1:11.60,99.0,https://racing.hkjc.com/en-us/local/information/otherhorse?horseid=HK_2003_D190&Option=1,2026-09-04T16:15:21Z,https://racing.hkjc.com/en-us/local/information/archive/localresults?racedate=2006/01/18&racecourse=HV&RaceNo=7
HV_20060118_R07_HK_2000_A069,HV_20060118_R07,2006-01-18,HV,Happy Valley,7,330,BLUE POOL HANDICAP,3,1200,75-60,GOOD,TURF,"TURF - ""C"" Course",750000,13,HK_2000_A069,8.0,GOLDEN FARM,CA069,NZ,Southern,,61,61,Bay,Gelding,Gold Brose,La Bisque,Western Symphony Same,0,0,0,0,0,0.0,0.0,0.0,0.0,0.0,0.0,12.0,False,False,C K Tong,L Ho,106,1155.0,12.0,9-1/4,1:11.90,99.0,https://racing.hkjc.com/en-us/local/information/otherhorse?horseid=HK_2000_A069&Option=1,2026-09-04T16:15:24Z,https://racing.hkjc.com/en-us/local/information/archive/localresults?racedate=2006/01/18&racecourse=HV&RaceNo=7
HV_20060118_R07_HK_2003_D306,HV_20060118_R07,2006-01-18,HV,Happy Valley,7,330,BLUE POOL HANDICAP,3,1200,75-60,GOOD,TURF,"TURF - ""C"" Course",750000,13,HK_2003_D306,,HAPPY ELITE,CD306,NZ,Southern,,64,64,Bay,Rig,O'Reilly,Eastbourne,Honor Grades Same,1,0,0,1,1,0.0,1.0,0.0,0.0,86250.0,86250.0,,False,False,B Prebble,A T Millard,119,,,---,---,,https://racing.hkjc.com/en-us/local/information/otherhorse?horseid=HK_2003_D306&Option=1,2026-09-04T15:28:37Z,https://racing.hkjc.com/en-us/local/information/archive/localresults?racedate=2006/01/18&racecourse=HV&RaceNo=7
HV_20060118_R08_HK_2004_E040,HV_20060118_R08,2006-01-18,HV,Happy Valley,8,331,SHAN KWONG HANDICAP,3,1650,80-60,GOOD,TURF,"TURF - ""C"" Course",750000,12,HK_2004_E040,5,DIAMOND ERA,CE040,IRE,Northern,,67,75,Bay,Gelding,King's Theatre,Smaointeach,Green Desert Same,1,0,1,0,1,0.0,1.0,0.56,420000.0,157500.0,577500.0,1,True,True,C Soumillon,K L Man,120,1027,2,---,1:40.80,3.3,https://racing.hkjc.com/en-us/local/information/otherhorse?horseid=HK_2004_E040&Option=1,2026-09-04T15:12:32Z,https://racing.hkjc.com/en-us/local/information/archive/localresults?racedate=2006/01/18&racecourse=HV&RaceNo=8
HV_20060118_R08_HK_2004_E333,HV_20060118_R08,2006-01-18,HV,Happy Valley,8,331,SHAN KWONG HANDICAP,3,1650,80-60,GOOD,TURF,"TURF - ""C"" Course",750000,12,HK_2004_E333,6,DORDENMA,CE333,NZ,Southern,,66,69,Chestnut,Gelding,Stark South,Simply Sally,Sackford Same,0,0,0,0,0,0.0,0.0,0.21,157500.0,0.0,157500.0,2,False,True,D Whyte,C H Yip,119,1183,11,3/4,1:40.90,7.7,https://racing.hkjc.com/en-us/local/information/otherhorse?horseid=HK_2004_E333&Option=1,2026-09-04T16:15:29Z,https://racing.hkjc.com/en-us/local/information/archive/localresults?racedate=2006/01/18&racecourse=HV&RaceNo=8
HV_20060118_R08_HK_2004_E302,HV_20060118_R08,2006-01-18,HV,Happy Valley,8,331,SHAN KWONG HANDICAP,3,1650,80-60,GOOD,TURF,"TURF - ""C"" Course",750000,12,HK_2004_E302,4,VISIONNAIRE,CE302,NZ,Southern,,72,72,Brown,Gelding,Kingdom Bay,Random Quest,Random Chance Same,1,0,0,1,1,0.0,1.0,0.115,86250.0,86250.0,172500.0,3,False,True,C Munce,P O'Sullivan,125,1082,3,2-1/2,1:41.20,4.6,https://racing.hkjc.com/en-us/local/information/otherhorse?horseid=HK_2004_E302&Option=1,2026-09-04T13:54:08Z,https://racing.hkjc.com/en-us/local/information/archive/localresults?racedate=2006/01/18&racecourse=HV&RaceNo=8
HV_20060118_R08_HK_2004_E152,HV_20060118_R08,2006-01-18,HV,Happy Valley,8,331,SHAN KWONG HANDICAP,3,1650,80-60,GOOD,TURF,"TURF - ""C"" Course",750000,12,HK_2004_E152,10,CAPITALAND,CE152,IRE,Northern,,62,62,Bay,Gelding,Vettori,Fullfilling,Red Ransom Same,1,0,0,0,0,0.0,0.0,0.06,45000.0,0.0,45000.0,4,False,False,H K Yim,S Woods,113,1022,10,4,1:41.40,67.0,https://racing.hkjc.com/en-us/local/information/otherhorse?horseid=HK_2004_E152&Option=1,2026-09-04T13:53:12Z,https://racing.hkjc.com/en-us/local/information/archive/localresults?racedate=2006/01/18&racecourse=HV&RaceNo=8
HV_20060118_R08_HK_2002_C024,HV_20060118_R08,2006-01-18,HV,Happy Valley,8,331,SHAN KWONG HANDICAP,3,1650,80-60,GOOD,TURF,"TURF - ""C"" Course",750000,12,HK_2002_C024,1,KINGSTON WINNER,CC024,NZ,Southern,,80,78,Grey,Gelding,Krasnopolski,Awesome Magic,Shannon Same,1,0,0,0,0,0.0,0.0,0.055,41250.0,0.0,41250.0,5,False,False,O Doleuze,T K Ng,133,1069,4,4-1/2,1:41.50,13.0,https://racing.hkjc.com/en-us/local/information/otherhorse?horseid=HK_2002_C024&Option=1,2026-09-04T13:52:33Z,https://racing.hkjc.com/en-us/local/information/archive/localresults?racedate=2006/01/18&racecourse=HV&RaceNo=8
HV_20060118_R08_HK_2003_D005,HV_20060118_R08,2006-01-18,HV,Happy Valley,8,331,SHAN KWONG HANDICAP,3,1650,80-60,GOOD,TURF,"TURF - ""C"" Course",750000,12,HK_2003_D005,12,KIDDY SING,CD005,FR,Northern,,61,59,Grey,Gelding,Linamix,Vadsa Honor,Highest Honor Same,0,0,0,0,0,0.0,0.0,0.0,0.0,0.0,0.0,6,False,False,A Delpech,J Size,114,1033,9,4-1/2,1:41.50,34.0,https://racing.hkjc.com/en-us/local/information/otherhorse?horseid=HK_2003_D005&Option=1,2026-09-04T16:15:32Z,https://racing.hkjc.com/en-us/local/information/archive/localresults?racedate=2006/01/18&racecourse=HV&RaceNo=8
HV_20060118_R08_HK_2003_D402,HV_20060118_R08,2006-01-18,HV,Happy Valley,8,331,SHAN KWONG HANDICAP,3,1650,80-60,GOOD,TURF,"TURF - ""C"" Course",750000,12,HK_2003_D402,9,PIONERO,CD402,AUS,Southern,,63,62,Bay,Gelding,Danehill,Techniques,Palace Music Same,1,0,0,0,0,0.0,0.0,0.0,0.0,0.0,0.0,7,False,False,G Schofield,C Fownes,116,1093,1,5,1:41.60,7.1,https://racing.hkjc.com/en-us/local/information/otherhorse?horseid=HK_2003_D402&Option=1,2026-09-04T15:30:15Z,https://racing.hkjc.com/en-us/local/information/archive/localresults?racedate=2006/01/18&racecourse=HV&RaceNo=8
HV_20060118_R08_HK_2004_E136,HV_20060118_R08,2006-01-18,HV,Happy Valley,8,331,SHAN KWONG HANDICAP,3,1650,80-60,GOOD,TURF,"TURF - ""C"" Course",750000,12,HK_2004_E136,8,EXPEDITIOUS,CE136,GB,Northern,,63.0,61.0,Bay,Gelding,Anabaa,Mistle Song,Nashwan Same,1,0,0,0,0,0.0,0.0,0.0,0.0,0.0,0.0,8,False,False,F Coetzee,A S Cruz,116,1136,8,5-1/4,1:41.60,11.0,https://racing.hkjc.com/en-us/local/information/otherhorse?horseid=HK_2004_E136&Option=1,2026-09-04T13:19:31Z,https://racing.hkjc.com/en-us/local/information/archive/localresults?racedate=2006/01/18&racecourse=HV&RaceNo=8
HV_20060118_R08_HK_2004_E066,HV_20060118_R08,2006-01-18,HV,Happy Valley,8,331,SHAN KWONG HANDICAP,3,1650,80-60,GOOD,TURF,"TURF - ""C"" Course",750000,12,HK_2004_E066,11,FRIENDSHIP,CE066,AUS,Southern,,62,62,Bay,Gelding,Desert Prince,Platazaan,Zamazaan Same,0,0,0,0,0,0.0,0.0,0.0,0.0,0.0,0.0,9,False,False,S Dye,C S Shum,115,1025,12,5-1/4,1:41.60,29.0,https://racing.hkjc.com/en-us/local/information/otherhorse?horseid=HK_2004_E066&Option=1,2026-09-04T13:53:06Z,https://racing.hkjc.com/en-us/local/information/archive/localresults?racedate=2006/01/18&racecourse=HV&RaceNo=8
HV_20060118_R08_HK_2002_C335,HV_20060118_R08,2006-01-18,HV,Happy Valley,8,331,SHAN KWONG HANDICAP,3,1650,80-60,GOOD,TURF,"TURF - ""C"" Course",750000,12,HK_2002_C335,7,VITAL PATROL,CC335,NZ,Southern,,64,63,Brown,Gelding,Faltaat,Cover Girl,Centaine Same,0,0,0,0,0,0.0,0.0,0.0,0.0,0.0,0.0,10,False,False,C Brown,J Moore,117,1060,6,5-1/4,1:41.60,13.0,https://racing.hkjc.com/en-us/local/information/otherhorse?horseid=HK_2002_C335&Option=1,2026-09-04T16:15:35Z,https://racing.hkjc.com/en-us/local/information/archive/localresults?racedate=2006/01/18&racecourse=HV&RaceNo=8
HV_20060118_R08_HK_2005_G078,HV_20060118_R08,2006-01-18,HV,Happy Valley,8,331,SHAN KWONG HANDICAP,3,1650,80-60,GOOD,TURF,"TURF - ""C"" Course",750000,12,HK_2005_G078,3,I'M NO SQUARE,CG078,AUS,Southern,,73,71,Bay / Brown,Gelding,Octagonal,Belle,Bluebird Same,1,0,0,0,0,0.0,0.0,0.0,0.0,0.0,0.0,11,False,False,G Mosse,C Fownes,126,1115,5,6-1/2,1:41.80,37.0,https://racing.hkjc.com/en-us/local/information/otherhorse?horseid=HK_2005_G078&Option=1,2026-09-04T15:10:56Z,https://racing.hkjc.com/en-us/local/information/archive/localresults?racedate=2006/01/18&racecourse=HV&RaceNo=8
HV_20060118_R08_HK_2004_E207,HV_20060118_R08,2006-01-18,HV,Happy Valley,8,331,SHAN KWONG HANDICAP,3,1650,80-60,GOOD,TURF,"TURF - ""C"" Course",750000,12,HK_2004_E207,2,VIKING TOR,CE207,AUS,Southern,,77,76,Bay,Gelding,Danehill,Strawberry Girl,Strawberry Road Same,1,0,0,0,0,0.0,0.0,0.0,0.0,0.0,0.0,12,False,False,B Prebble,D J Hall,130,1095,7,14-3/4,1:43.20,11.0,https://racing.hkjc.com/en-us/local/information/otherhorse?horseid=HK_2004_E207&Option=1,2026-09-04T13:20:58Z,https://racing.hkjc.com/en-us/local/information/archive/localresults?racedate=2006/01/18&racecourse=HV&RaceNo=8
ST_20060122_R01_HK_2004_E223,ST_20060122_R01,2006-01-22,ST,Sha Tin,1,332,SMASHING PUMPKIN HANDICAP,5,1800,40-15,GOOD TO FIRM,TURF,"TURF - ""B+2"" Course",450000,14,HK_2004_E223,1,THAT'S IT,CE223,AUS,Southern,,38,43,Chestnut,Gelding,Snippets,La Plume,Sir Tristram Same,1,0,0,0,0,0.0,0.0,0.56,252000.0,27000.0,279000.0,1,True,True,E Saint-Martin,T W Leung,133,1136,2,---,1:50.60,7.1,https://racing.hkjc.com/en-us/local/information/otherhorse?horseid=HK_2004_E223&Option=1,2026-09-04T13:51:51Z,https://racing.hkjc.com/en-us/local/information/archive/localresults?racedate=2006/01/22&racecourse=ST&RaceNo=1
ST_20060122_R01_HK_2001_B382,ST_20060122_R01,2006-01-22,ST,Sha Tin,1,332,SMASHING PUMPKIN HANDICAP,5,1800,40-15,GOOD TO FIRM,TURF,"TURF - ""B+2"" Course",450000,14,HK_2001_B382,5,DONGGUAN VICTORY,CB382,AUS,Southern,,35,37,Bay,Gelding,Octagonal,Macrosa,Mr McGinty Same,1,0,0,0,0,0.0,0.0,0.21,94500.0,24750.0,119250.0,2,False,True,C Soumillon,Y S Tsui,130,1052,8,1/2,1:50.70,9.6,https://racing.hkjc.com/en-us/local/information/otherhorse?horseid=HK_2001_B382&Option=1,2026-09-04T15:25:35Z,https://racing.hkjc.com/en-us/local/information/archive/localresults?racedate=2006/01/22&racecourse=ST&RaceNo=1
ST_20060122_R01_HK_2003_D368,ST_20060122_R01,2006-01-22,ST,Sha Tin,1,332,SMASHING PUMPKIN HANDICAP,5,1800,40-15,GOOD TO FIRM,TURF,"TURF - ""B+2"" Course",450000,14,HK_2003_D368,14,WISHING WELL,CD368,NZ,Southern,,25,27,Bay / Brown,Gelding,Senor Pete,Heroic Heights,Clay Hero Same,0,0,0,0,0,0.0,0.0,0.115,51750.0,0.0,51750.0,3,False,True,C W Wong,T K Ng,110,1030,9,1/2,1:50.70,10.0,https://racing.hkjc.com/en-us/local/information/otherhorse?horseid=HK_2003_D368&Option=1,2026-09-04T16:20:56Z,https://racing.hkjc.com/en-us/local/information/archive/localresults?racedate=2006/01/22&racecourse=ST&RaceNo=1
ST_20060122_R01_HK_2002_C281,ST_20060122_R01,2006-01-22,ST,Sha Tin,1,332,SMASHING PUMPKIN HANDICAP,5,1800,40-15,GOOD TO FIRM,TURF,"TURF - ""B+2"" Course",450000,14,HK_2002_C281,12,KIWI DASH,CC281,NZ,Southern,,28,28,Chestnut,Gelding,Gold Brose,Beautiful Sea,Grosvenor Same,0,0,0,0,0,0.0,0.0,0.06,27000.0,0.0,27000.0,4,False,False,O Doleuze,P F Yiu,123,1119,7,2-1/4,1:50.90,5.2,https://racing.hkjc.com/en-us/local/information/otherhorse?horseid=HK_2002_C281&Option=1,2026-09-04T16:20:59Z,https://racing.hkjc.com/en-us/local/information/archive/localresults?racedate=2006/01/22&racecourse=ST&RaceNo=1
ST_20060122_R01_HK_2001_B324,ST_20060122_R01,2006-01-22,ST,Sha Tin,1,332,SMASHING PUMPKIN HANDICAP,5,1800,40-15,GOOD TO FIRM,TURF,"TURF - ""B+2"" Course",450000,14,HK_2001_B324,2,JUSTINIAN,CB324,AUS,Southern,,37,36,Bay,Gelding,Danehill,Farrara,Fast Topaze Same,1,0,0,0,0,0.0,0.0,0.055,24750.0,0.0,24750.0,5,False,False,A Delpech,D E Ferraris,132,1066,6,2-1/2,1:51.00,29.0,https://racing.hkjc.com/en-us/local/information/otherhorse?horseid=HK_2001_B324&Option=1,2026-09-04T13:50:56Z,https://racing.hkjc.com/en-us/local/information/archive/localresults?racedate=2006/01/22&racecourse=ST&RaceNo=1
ST_20060122_R01_HK_2001_B145,ST_20060122_R01,2006-01-22,ST,Sha Tin,1,332,SMASHING PUMPKIN HANDICAP,5,1800,40-15,GOOD TO FIRM,TURF,"TURF - ""B+2"" Course",450000,14,HK_2001_B145,4,NOBLE GLORY,CB145,USA,Northern,,36.0,34,Bay,Gelding,Cryptoclearance,Happy Gal,Habitat Same,1,0,0,0,0,0.0,0.0,0.0,0.0,0.0,0.0,6,False,False,H W Lai,L Ho,124,1003,12,3-1/4,1:51.10,84.0,https://racing.hkjc.com/en-us/local/information/otherhorse?horseid=HK_2001_B145&Option=1,2026-09-04T15:10:09Z,https://racing.hkjc.com/en-us/local/information/archive/localresults?racedate=2006/01/22&racecourse=ST&RaceNo=1
ST_20060122_R01_HK_2002_C171,ST_20060122_R01,2006-01-22,ST,Sha Tin,1,332,SMASHING PUMPKIN HANDICAP,5,1800,40-15,GOOD TO FIRM,TURF,"TURF - ""B+2"" Course",450000,14,HK_2002_C171,11,RED FIREBALL,CC171,USA,Northern,,30.0,28.0,Bay,Gelding,Red Ransom,Nijinsky's Beauty,Nijinsky II Same,1,0,0,0,0,0.0,0.0,0.0,0.0,0.0,0.0,7,False,False,G Mosse,A Lee,125,1102,14,3-1/2,1:51.10,28.0,https://racing.hkjc.com/en-us/local/information/otherhorse?horseid=HK_2002_C171&Option=1,2026-09-04T13:16:15Z,https://racing.hkjc.com/en-us/local/information/archive/localresults?racedate=2006/01/22&racecourse=ST&RaceNo=1
ST_20060122_R01_HK_2003_D059,ST_20060122_R01,2006-01-22,ST,Sha Tin,1,332,SMASHING PUMPKIN HANDICAP,5,1800,40-15,GOOD TO FIRM,TURF,"TURF - ""B+2"" Course",450000,14,HK_2003_D059,6,SPECTACULAR TIMES,CD059,NZ,Southern,,35,32,Bay,Gelding,Al Akbar,Ima Mystery,Zabeel Same,1,0,0,0,0,0.0,0.0,0.0,0.0,0.0,0.0,8,False,False,F Coetzee,C W Chang,130,1032,3,4,1:51.20,34.0,https://racing.hkjc.com/en-us/local/information/otherhorse?horseid=HK_2003_D059&Option=1,2026-09-04T13:16:31Z,https://racing.hkjc.com/en-us/local/information/archive/localresults?racedate=2006/01/22&racecourse=ST&RaceNo=1
ST_20060122_R01_HK_2004_E054,ST_20060122_R01,2006-01-22,ST,Sha Tin,1,332,SMASHING PUMPKIN HANDICAP,5,1800,40-15,GOOD TO FIRM,TURF,"TURF - ""B+2"" Course",450000,14,HK_2004_E054,13,TO SIR WITH LOVE,CE054,NZ,Southern,,25,23,Bay,Gelding,Turbulent Dancer,Kudos,Kreisler Same,1,0,0,0,0,0.0,0.0,0.0,0.0,0.0,0.0,9,False,False,M W Leung,Y O Wong,115,1035,4,4-1/4,1:51.20,30.0,https://racing.hkjc.com/en-us/local/information/otherhorse?horseid=HK_2004_E054&Option=1,2026-09-04T13:16:18Z,https://racing.hkjc.com/en-us/local/information/archive/localresults?racedate=2006/01/22&racecourse=ST&RaceNo=1
ST_20060122_R01_HK_2002_C221,ST_20060122_R01,2006-01-22,ST,Sha Tin,1,332,SMASHING PUMPKIN HANDICAP,5,1800,40-15,GOOD TO FIRM,TURF,"TURF - ""B+2"" Course",450000,14,HK_2002_C221,7,DANEPRINT,CC221,AUS,Southern,,34.0,32.0,Bay,Gelding,Danehill,Great Vintage,Sir Tristram Same,0,0,0,0,0,0.0,0.0,0.0,0.0,0.0,0.0,10,False,False,C Munce,C H Yip,129,1067,11,7,1:51.70,8.3,https://racing.hkjc.com/en-us/local/information/otherhorse?horseid=HK_2002_C221&Option=1,2026-09-04T16:21:03Z,https://racing.hkjc.com/en-us/local/information/archive/localresults?racedate=2006/01/22&racecourse=ST&RaceNo=1
ST_20060122_R01_HK_2004_E087,ST_20060122_R01,2006-01-22,ST,Sha Tin,1,332,SMASHING PUMPKIN HANDICAP,5,1800,40-15,GOOD TO FIRM,TURF,"TURF - ""B+2"" Course",450000,14,HK_2004_E087,9,PULL NO PUNCH,CE087,USA,Northern,,33.0,30.0,Bay,Gelding,Regal Classic,Rachael Tennessee,Matsadoon Same,0,0,0,0,0,0.0,0.0,0.0,0.0,0.0,0.0,11,False,False,S Sanders,S Woods,128,1241,1,10,1:52.10,99.0,https://racing.hkjc.com/en-us/local/information/otherhorse?horseid=HK_2004_E087&Option=1,2026-09-04T16:21:05Z,https://racing.hkjc.com/en-us/local/information/archive/localresults?racedate=2006/01/22&racecourse=ST&RaceNo=1
ST_20060122_R01_HK_2003_D081,ST_20060122_R01,2006-01-22,ST,Sha Tin,1,332,SMASHING PUMPKIN HANDICAP,5,1800,40-15,GOOD TO FIRM,TURF,"TURF - ""B+2"" Course",450000,14,HK_2003_D081,3,WINNING RONGRONG,CD081,IRE,Northern,,37,37,Bay,Gelding,Pennekamp,The Good Life,Rainbow Quest Same,1,0,0,0,0,0.0,0.0,0.0,0.0,24750.0,24750.0,12,False,False,D Whyte,K W Lui,132,1104,10,12-1/4,1:52.50,3.7,https://racing.hkjc.com/en-us/local/information/otherhorse?horseid=HK_2003_D081&Option=1,2026-09-04T15:09:58Z,https://racing.hkjc.com/en-us/local/information/archive/localresults?racedate=2006/01/22&racecourse=ST&RaceNo=1
ST_20060122_R01_HK_2003_D255,ST_20060122_R01,2006-01-22,ST,Sha Tin,1,332,SMASHING PUMPKIN HANDICAP,5,1800,40-15,GOOD TO FIRM,TURF,"TURF - ""B+2"" Course",450000,14,HK_2003_D255,8,MAXIMUS,CD255,IRE,Northern,,34,31,Chestnut,Gelding,Grand Lodge,Zarawa,Kahyasi Same,1,0,0,0,0,0.0,0.0,0.0,0.0,0.0,0.0,13,False,False,G Schofield,D Oughton,129,1031,13,13,1:52.60,18.0,https://racing.hkjc.com/en-us/local/information/otherhorse?horseid=HK_2003_D255&Option=1,2026-09-04T15:10:00Z,https://racing.hkjc.com/en-us/local/information/archive/localresults?racedate=2006/01/22&racecourse=ST&RaceNo=1
ST_20060122_R01_HK_2003_D331,ST_20060122_R01,2006-01-22,ST,Sha Tin,1,332,SMASHING PUMPKIN HANDICAP,5,1800,40-15,GOOD TO FIRM,TURF,"TURF - ""B+2"" Course",450000,14,HK_2003_D331,10,LUCKY YEARS,CD331,AUS,Southern,,32.0,32,Brown,Gelding,End Sweep,Desert Jewel,At Talaq Same,1,0,1,0,1,0.0,1.0,0.0,0.0,94500.0,94500.0,14,False,False,Y T Cheng,B K Ng,125,1173,5,23-1/2,1:54.30,11.0,https://racing.hkjc.com/en-us/local/information/otherhorse?horseid=HK_2003_D331&Option=1,2026-09-04T15:09:46Z,https://racing.hkjc.com/en-us/local/information/archive/localresults?racedate=2006/01/22&racecourse=ST&RaceNo=1
ST_20060122_R02_HK_2002_C082,ST_20060122_R02,2006-01-22,ST,Sha Tin,2,333,BILLION WIN HANDICAP,4,1200,60-40,GOOD TO FIRM,TURF,"TURF - ""B+2"" Course",570000,14,HK_2002_C082,14,AMBITIOUS LEADER,CC082,AUS,Southern,,41,48,Chestnut,Gelding,Bluebird,Miss Margaret,Marscay Same,1,0,1,0,1,0.0,1.0,0.56,319200.0,94500.0,413700.0,1,True,True,A Delpech,C W Chang,115,1034,3,---,1:10.40,18.0,https://racing.hkjc.com/en-us/local/information/otherhorse?horseid=HK_2002_C082&Option=1,2026-09-04T13:14:56Z,https://racing.hkjc.com/en-us/local/information/archive/localresults?racedate=2006/01/22&racecourse=ST&RaceNo=2
ST_20060122_R02_HK_2000_A381,ST_20060122_R02,2006-01-22,ST,Sha Tin,2,333,BILLION WIN HANDICAP,4,1200,60-40,GOOD TO FIRM,TURF,"TURF - ""B+2"" Course",570000,14,HK_2000_A381,2,CHOICE AND CHANCE,CA381,AUS,Southern,,58,58,Bay,Gelding,Supremo,Daisy Bates,Danehill Same,0,0,0,0,0,0.0,0.0,0.21,119700.0,0.0,119700.0,2,False,True,E Saint-Martin,T W Leung,130,1107,14,SH,1:10.40,15.0,https://racing.hkjc.com/en-us/local/information/otherhorse?horseid=HK_2000_A381&Option=1,2026-09-04T16:21:11Z,https://racing.hkjc.com/en-us/local/information/archive/localresults?racedate=2006/01/22&racecourse=ST&RaceNo=2
ST_20060122_R02_HK_2005_G045,ST_20060122_R02,2006-01-22,ST,Sha Tin,2,333,BILLION WIN HANDICAP,4,1200,60-40,GOOD TO FIRM,TURF,"TURF - ""B+2"" Course",570000,14,HK_2005_G045,4,ACTIVE VALOUR,CG045,AUS,Southern,,52,52,Bay,Gelding,Dangerous,Precious Few,Will Dancer Same,1,0,0,0,0,0.0,0.0,0.115,65550.0,0.0,65550.0,3,False,True,R Fradd,B K Ng,124,1045,13,1-1/4,1:10.60,21.0,https://racing.hkjc.com/en-us/local/information/otherhorse?horseid=HK_2005_G045&Option=1,2026-09-04T15:46:50Z,https://racing.hkjc.com/en-us/local/information/archive/localresults?racedate=2006/01/22&racecourse=ST&RaceNo=2
ST_20060122_R02_HK_2005_G062,ST_20060122_R02,2006-01-22,ST,Sha Tin,2,333,BILLION WIN HANDICAP,4,1200,60-40,GOOD TO FIRM,TURF,"TURF - ""B+2"" Course",570000,14,HK_2005_G062,5,BULLDOZER,CG062,AUS,Southern,,52,52,Chestnut,Horse,Perugino,Withers,Famous Star Same,0,0,0,0,0,0.0,0.0,0.06,34200.0,0.0,34200.0,4,False,False,C Soumillon,C H Yip,124,1027,7,1-1/2,1:10.60,4.1,https://racing.hkjc.com/en-us/local/information/otherhorse?horseid=HK_2005_G062&Option=1,2026-09-04T16:21:13Z,https://racing.hkjc.com/en-us/local/information/archive/localresults?racedate=2006/01/22&racecourse=ST&RaceNo=2
ST_20060122_R02_HK_2005_G072,ST_20060122_R02,2006-01-22,ST,Sha Tin,2,333,BILLION WIN HANDICAP,4,1200,60-40,GOOD TO FIRM,TURF,"TURF - ""B+2"" Course",570000,14,HK_2005_G072,9,WHIPLASH,CG072,NZ,Southern,,50,50,Bay,Gelding,O'Reilly,Soleil Vite,Desert Sun Same,1,0,0,0,0,0.0,0.0,0.055,31350.0,0.0,31350.0,5,False,False,C K Tong,C Fownes,112,1122,12,1-3/4,1:10.70,21.0,https://racing.hkjc.com/en-us/local/information/otherhorse?horseid=HK_2005_G072&Option=1,2026-09-04T15:46:47Z,https://racing.hkjc.com/en-us/local/information/archive/localresults?racedate=2006/01/22&racecourse=ST&RaceNo=2
ST_20060122_R02_HK_2004_E298,ST_20060122_R02,2006-01-22,ST,Sha Tin,2,333,BILLION WIN HANDICAP,4,1200,60-40,GOOD TO FIRM,TURF,"TURF - ""B+2"" Course",570000,14,HK_2004_E298,10,ETERNAL DRAGON,CE298,AUS,Southern,,48,47,Bay,Gelding,Marju,Reigning Belle,Military Plume Same,1,0,0,0,0,0.0,0.0,0.0,0.0,34200.0,34200.0,6,False,False,G Mosse,A Lee,120,1201,9,2-3/4,1:10.80,8.4,https://racing.hkjc.com/en-us/local/information/otherhorse?horseid=HK_2004_E298&Option=1,2026-09-04T13:15:35Z,https://racing.hkjc.com/en-us/local/information/archive/localresults?racedate=2006/01/22&racecourse=ST&RaceNo=2
ST_20060122_R02_HK_2004_E096,ST_20060122_R02,2006-01-22,ST,Sha Tin,2,333,BILLION WIN HANDICAP,4,1200,60-40,GOOD TO FIRM,TURF,"TURF - ""B+2"" Course",570000,14,HK_2004_E096,11,UNIVERSAL KOMISSAR,CE096,AUS,Southern,,45,44,Brown,Gelding,Commands,Grace Darling,Dr Grace Same,0,0,0,0,0,0.0,0.0,0.0,0.0,0.0,0.0,7,False,False,S Dye,C S Shum,117,1242,6,3,1:10.80,46.0,https://racing.hkjc.com/en-us/local/information/otherhorse?horseid=HK_2004_E096&Option=1,2026-09-04T16:21:16Z,https://racing.hkjc.com/en-us/local/information/archive/localresults?racedate=2006/01/22&racecourse=ST&RaceNo=2
ST_20060122_R02_HK_2003_D355,ST_20060122_R02,2006-01-22,ST,Sha Tin,2,333,BILLION WIN HANDICAP,4,1200,60-40,GOOD TO FIRM,TURF,"TURF - ""B+2"" Course",570000,14,HK_2003_D355,1,SPEED FIGHTER,CD355,AUS,Southern,,60,59,Bay / Brown,Gelding,Honour And Glory,Port,Noalcoholic Same,2,0,0,0,0,0.0,0.0,0.0,0.0,0.0,0.0,8,False,False,C W Wong,P F Yiu,122,1067,5,3-3/4,1:11.00,22.0,https://racing.hkjc.com/en-us/local/information/otherhorse?horseid=HK_2003_D355&Option=1,2026-09-04T15:25:01Z,https://racing.hkjc.com/en-us/local/information/archive/localresults?racedate=2006/01/22&racecourse=ST&RaceNo=2
ST_20060122_R02_HK_2003_D129,ST_20060122_R02,2006-01-22,ST,Sha Tin,2,333,BILLION WIN HANDICAP,4,1200,60-40,GOOD TO FIRM,TURF,"TURF - ""B+2"" Course",570000,14,HK_2003_D129,8,CENAMIRA,CD129,NZ,Southern,,50,49,Brown,Gelding,Centaine,Adnamira,Lord Ballina Same,0,0,0,0,0,0.0,0.0,0.0,0.0,0.0,0.0,9,False,False,K S Yu,Y O Wong,119,1147,8,4-1/2,1:11.10,19.0,https://racing.hkjc.com/en-us/local/information/otherhorse?horseid=HK_2003_D129&Option=1,2026-09-04T16:21:19Z,https://racing.hkjc.com/en-us/local/information/archive/localresults?racedate=2006/01/22&racecourse=ST&RaceNo=2
ST_20060122_R02_HK_2005_G085,ST_20060122_R02,2006-01-22,ST,Sha Tin,2,333,BILLION WIN HANDICAP,4,1200,60-40,GOOD TO FIRM,TURF,"TURF - ""B+2"" Course",570000,14,HK_2005_G085,7,OBVIOUSLY,CG085,AUS,Southern,,52,50,Bay,Gelding,Danzero,Jade Court,Bletchingly Same,1,0,0,0,0,0.0,0.0,0.0,0.0,0.0,0.0,10,False,False,Y T Cheng,D E Ferraris,122,1110,4,5,1:11.20,31.0,https://racing.hkjc.com/en-us/local/information/otherhorse?horseid=HK_2005_G085&Option=1,2026-09-04T13:15:57Z,https://racing.hkjc.com/en-us/local/information/archive/localresults?racedate=2006/01/22&racecourse=ST&RaceNo=2
ST_20060122_R02_HK_2003_D248,ST_20060122_R02,2006-01-22,ST,Sha Tin,2,333,BILLION WIN HANDICAP,4,1200,60-40,GOOD TO FIRM,TURF,"TURF - ""B+2"" Course",570000,14,HK_2003_D248,12,HAPPY ALL AROUND,CD248,NZ,Southern,,43,42,Bay,Gelding,Danasinga,Imposing Choice,Imposing Same,0,0,0,0,0,0.0,0.0,0.0,0.0,0.0,0.0,11,False,False,H W Lai,L Ho,108,1019,1,8,1:11.70,13.0,https://racing.hkjc.com/en-us/local/information/otherhorse?horseid=HK_2003_D248&Option=1,2026-09-04T13:51:27Z,https://racing.hkjc.com/en-us/local/information/archive/localresults?racedate=2006/01/22&racecourse=ST&RaceNo=2
ST_20060122_R02_HK_2004_E052,ST_20060122_R02,2006-01-22,ST,Sha Tin,2,333,BILLION WIN HANDICAP,4,1200,60-40,GOOD TO FIRM,TURF,"TURF - ""B+2"" Course",570000,14,HK_2004_E052,3,GANBARIA,CE052,AUS,Southern,,54.0,54.0,Chestnut,Gelding,Hennessy,Doldrums,Danzero Same,1,0,0,1,1,0.0,1.0,0.0,0.0,65550.0,65550.0,12,False,False,D Whyte,D Cruz,126,1106,2,8,1:11.70,2.5,https://racing.hkjc.com/en-us/local/information/otherhorse?horseid=HK_2004_E052&Option=1,2026-09-04T15:24:52Z,https://racing.hkjc.com/en-us/local/information/archive/localresults?racedate=2006/01/22&racecourse=ST&RaceNo=2
ST_20060122_R02_HK_2001_B368,ST_20060122_R02,2006-01-22,ST,Sha Tin,2,333,BILLION WIN HANDICAP,4,1200,60-40,GOOD TO FIRM,TURF,"TURF - ""B+2"" Course",570000,14,HK_2001_B368,13,TRIUMPHANT GLORY,CB368,USA,Northern,,43,42,Brown,Gelding,Foxhound,Me And Molly,Slewpy Same,0,0,0,0,0,0.0,0.0,0.0,0.0,0.0,0.0,13,False,False,S K Sit,T K Ng,112,1097,11,10-3/4,1:12.10,76.0,https://racing.hkjc.com/en-us/local/information/otherhorse?horseid=HK_2001_B368&Option=1,2026-09-04T16:21:22Z,https://racing.hkjc.com/en-us/local/information/archive/localresults?racedate=2006/01/22&racecourse=ST&RaceNo=2
ST_20060122_R02_HK_2005_G044,ST_20060122_R02,2006-01-22,ST,Sha Tin,2,333,BILLION WIN HANDICAP,4,1200,60-40,GOOD TO FIRM,TURF,"TURF - ""B+2"" Course",570000,14,HK_2005_G044,6,MAINLAND MASTER,CG044,NZ,Southern,,52,50,Brown,Gelding,Danasinga,Miss Tee,Sir Tristram Same,1,0,0,0,0,0.0,0.0,0.0,0.0,0.0,0.0,14,False,False,C Munce,Y S Tsui,124,1050,10,14,1:12.60,93.0,https://racing.hkjc.com/en-us/local/information/otherhorse?horseid=HK_2005_G044&Option=1,2026-09-04T13:15:54Z,https://racing.hkjc.com/en-us/local/information/archive/localresults?racedate=2006/01/22&racecourse=ST&RaceNo=2
ST_20060122_R03_HK_2002_C152,ST_20060122_R03,2006-01-22,ST,Sha Tin,3,334,RIGHT WAY HANDICAP,4,2000,60-40,GOOD TO FIRM,TURF,"TURF - ""B+2"" Course",570000,14,HK_2002_C152,2,HAPPY CONTENDER,CC152,FR,Northern,,57,63,Brown,Gelding,Anabaa,Silvermine,Bellypha Same,1,0,1,0,1,0.0,1.0,0.56,319200.0,119700.0,438900.0,1.0,True,True,D Whyte,Y O Wong,130,973.0,14.0,---,2:04.30,10.0,https://racing.hkjc.com/en-us/local/information/otherhorse?horseid=HK_2002_C152&Option=1,2026-09-04T15:26:37Z,https://racing.hkjc.com/en-us/local/information/archive/localresults?racedate=2006/01/22&racecourse=ST&RaceNo=3
ST_20060122_R03_HK_2004_E157,ST_20060122_R03,2006-01-22,ST,Sha Tin,3,334,RIGHT WAY HANDICAP,4,2000,60-40,GOOD TO FIRM,TURF,"TURF - ""B+2"" Course",570000,14,HK_2004_E157,7,DANSOLDE,CE157,NZ,Southern,,48,51,Bay,Gelding,Danasinga,Tisolde,Tights Same,1,0,0,0,0,0.0,0.0,0.21,119700.0,31350.0,151050.0,2.0,False,True,C Munce,P O'Sullivan,121,1092.0,6.0,N,2:04.40,3.0,https://racing.hkjc.com/en-us/local/information/otherhorse?horseid=HK_2004_E157&Option=1,2026-09-04T15:26:42Z,https://racing.hkjc.com/en-us/local/information/archive/localresults?racedate=2006/01/22&racecourse=ST&RaceNo=3
ST_20060122_R03_HK_2002_C194,ST_20060122_R03,2006-01-22,ST,Sha Tin,3,334,RIGHT WAY HANDICAP,4,2000,60-40,GOOD TO FIRM,TURF,"TURF - ""B+2"" Course",570000,14,HK_2002_C194,14,SPECTACULAR HIT,CC194,IRE,Northern,,40.0,40.0,Bay,Gelding,Marju,Debbie's Next,Arctic Tern Same,1,0,0,0,0,0.0,0.0,0.115,65550.0,0.0,65550.0,3.0,False,True,H W Lai,L Ho,106,1080.0,7.0,2-3/4,2:04.70,52.0,https://racing.hkjc.com/en-us/local/information/otherhorse?horseid=HK_2002_C194&Option=1,2026-09-04T15:26:54Z,https://racing.hkjc.com/en-us/local/information/archive/localresults?racedate=2006/01/22&racecourse=ST&RaceNo=3
ST_20060122_R03_HK_2004_E138,ST_20060122_R03,2006-01-22,ST,Sha Tin,3,334,RIGHT WAY HANDICAP,4,2000,60-40,GOOD TO FIRM,TURF,"TURF - ""B+2"" Course",570000,14,HK_2004_E138,1,CHALLENGER,CE138,IRE,Northern,,59,58,Grey,Gelding,Linamix,Vadsa Honor,Highest Honor Same,1,0,0,0,0,0.0,0.0,0.06,34200.0,0.0,34200.0,4.0,False,False,S Sanders,D Oughton,132,1008.0,5.0,3-1/4,2:04.80,9.7,https://racing.hkjc.com/en-us/local/information/otherhorse?horseid=HK_2004_E138&Option=1,2026-09-04T15:26:48Z,https://racing.hkjc.com/en-us/local/information/archive/localresults?racedate=2006/01/22&racecourse=ST&RaceNo=3
ST_20060122_R03_HK_2002_C225,ST_20060122_R03,2006-01-22,ST,Sha Tin,3,334,RIGHT WAY HANDICAP,4,2000,60-40,GOOD TO FIRM,TURF,"TURF - ""B+2"" Course",570000,14,HK_2002_C225,6,SUNDAY DELIGHT,CC225,AUS,Southern,,51.0,50,Bay,Gelding,Anabaa,Portview,Handy Proverb Same,1,0,0,0,0,0.0,0.0,0.055,31350.0,0.0,31350.0,5.0,False,False,E Saint-Martin,C S Shum,124,1092.0,1.0,5,2:05.10,19.0,https://racing.hkjc.com/en-us/local/information/otherhorse?horseid=HK_2002_C225&Option=1,2026-09-04T13:17:44Z,https://racing.hkjc.com/en-us/local/information/archive/localresults?racedate=2006/01/22&racecourse=ST&RaceNo=3
ST_20060122_R03_HK_2000_A391,ST_20060122_R03,2006-01-22,ST,Sha Tin,3,334,RIGHT WAY HANDICAP,4,2000,60-40,GOOD TO FIRM,TURF,"TURF - ""B+2"" Course",570000,14,HK_2000_A391,3,ELEPHANT DANCE,CA391,NZ,Southern,,56,54,Chestnut,Gelding,Senor Pete,Zephyr Comet,Zephyr Bay Same,1,0,0,0,0,0.0,0.0,0.0,0.0,0.0,0.0,6.0,False,False,C Soumillon,T K Ng,129,1140.0,4.0,5,2:05.10,8.0,https://racing.hkjc.com/en-us/local/information/otherhorse?horseid=HK_2000_A391&Option=1,2026-09-04T15:27:00Z,https://racing.hkjc.com/en-us/local/information/archive/localresults?racedate=2006/01/22&racecourse=ST&RaceNo=3
ST_20060122_R03_HK_2002_C333,ST_20060122_R03,2006-01-22,ST,Sha Tin,3,334,RIGHT WAY HANDICAP,4,2000,60-40,GOOD TO FIRM,TURF,"TURF - ""B+2"" Course",570000,14,HK_2002_C333,13,SPEED OF LIGHT,CC333,AUS,Southern,,41,40,Bay,Gelding,Thunder Gulch,Stage Hit,Century Same,1,0,0,0,0,0.0,0.0,0.0,0.0,34200.0,34200.0,7.0,False,False,Y T Cheng,B K Ng,112,1113.0,2.0,5-1/4,2:05.10,10.0,https://racing.hkjc.com/en-us/local/information/otherhorse?horseid=HK_2002_C333&Option=1,2026-09-04T13:51:38Z,https://racing.hkjc.com/en-us/local/information/archive/localresults?racedate=2006/01/22&racecourse=ST&RaceNo=3
ST_20060122_R03_HK_2000_A321,ST_20060122_R03,2006-01-22,ST,Sha Tin,3,334,RIGHT WAY HANDICAP,4,2000,60-40,GOOD TO FIRM,TURF,"TURF - ""B+2"" Course",570000,14,HK_2000_A321,10,SPECIFIC SORCEROR,CA321,IRE,Northern,,46,44,Chestnut,Gelding,Definite Article,Mystic Dispute,Magical Strike Same,1,0,0,0,0,0.0,0.0,0.0,0.0,0.0,0.0,8.0,False,False,C Brown,K W Lui,119,1068.0,12.0,5-1/4,2:05.10,43.0,https://racing.hkjc.com/en-us/local/information/otherhorse?horseid=HK_2000_A321&Option=1,2026-09-04T15:26:57Z,https://racing.hkjc.com/en-us/local/information/archive/localresults?racedate=2006/01/22&racecourse=ST&RaceNo=3
ST_20060122_R03_HK_2003_D343,ST_20060122_R03,2006-01-22,ST,Sha Tin,3,334,RIGHT WAY HANDICAP,4,2000,60-40,GOOD TO FIRM,TURF,"TURF - ""B+2"" Course",570000,14,HK_2003_D343,9,FORTUNE GOLD,CD343,AUS,Southern,,47,47,Brown,Gelding,Gold Fever,How Special,Persian Heights Same,2,1,0,0,1,0.5,0.5,0.0,0.0,353400.0,353400.0,9.0,False,False,A Delpech,J Size,120,1202.0,11.0,7-1/2,2:05.50,6.5,https://racing.hkjc.com/en-us/local/information/otherhorse?horseid=HK_2003_D343&Option=1,2026-09-04T13:17:30Z,https://racing.hkjc.com/en-us/local/information/archive/localresults?racedate=2006/01/22&racecourse=ST&RaceNo=3
ST_20060122_R03_HK_2002_C230,ST_20060122_R03,2006-01-22,ST,Sha Tin,3,334,RIGHT WAY HANDICAP,4,2000,60-40,GOOD TO FIRM,TURF,"TURF - ""B+2"" Course",570000,14,HK_2002_C230,5,PACIFIC ALLIANCE,CC230,GB,Northern,,52,50,Bay,Gelding,Royal Applause,Jugendliebe,Persian Bold Same,1,0,0,0,0,0.0,0.0,0.0,0.0,0.0,0.0,10.0,False,False,G Mosse,S Woods,125,1092.0,9.0,8-3/4,2:05.70,17.0,https://racing.hkjc.com/en-us/local/information/otherhorse?horseid=HK_2002_C230&Option=1,2026-09-04T15:26:45Z,https://racing.hkjc.com/en-us/local/information/archive/localresults?racedate=2006/01/22&racecourse=ST&RaceNo=3
ST_20060122_R03_HK_2004_E239,ST_20060122_R03,2006-01-22,ST,Sha Tin,3,334,RIGHT WAY HANDICAP,4,2000,60-40,GOOD TO FIRM,TURF,"TURF - ""B+2"" Course",570000,14,HK_2004_E239,8,JOYFUL UNION,CE239,AUS,Southern,,48,46,Bay,Gelding,End Sweep,Duel At Daybreak,Dayjur Same,0,0,0,0,0,0.0,0.0,0.0,0.0,0.0,0.0,11.0,False,False,H K Yim,D E Ferraris,119,949.0,13.0,9-1/4,2:05.80,99.0,https://racing.hkjc.com/en-us/local/information/otherhorse?horseid=HK_2004_E239&Option=1,2026-09-04T16:21:27Z,https://racing.hkjc.com/en-us/local/information/archive/localresults?racedate=2006/01/22&racecourse=ST&RaceNo=3
ST_20060122_R03_HK_2003_D226,ST_20060122_R03,2006-01-22,ST,Sha Tin,3,334,RIGHT WAY HANDICAP,4,2000,60-40,GOOD TO FIRM,TURF,"TURF - ""B+2"" Course",570000,14,HK_2003_D226,4,TRAVEL LEADER,CD226,NZ,Southern,,53,51,Chestnut,Gelding,Danske,Platinum Blond,Kaapstad Same,1,0,0,0,0,0.0,0.0,0.0,0.0,0.0,0.0,12.0,False,False,G Schofield,D Cruz,126,1134.0,8.0,9-3/4,2:05.80,7.7,https://racing.hkjc.com/en-us/local/information/otherhorse?horseid=HK_2003_D226&Option=1,2026-09-04T15:10:30Z,https://racing.hkjc.com/en-us/local/information/archive/localresults?racedate=2006/01/22&racecourse=ST&RaceNo=3
ST_20060122_R03_HK_2002_C208,ST_20060122_R03,2006-01-22,ST,Sha Tin,3,334,RIGHT WAY HANDICAP,4,2000,60-40,GOOD TO FIRM,TURF,"TURF - ""B+2"" Course",570000,14,HK_2002_C208,12,LAZY BUDDIES,CC208,NZ,Southern,,41.0,40.0,Bay,Gelding,Woodman,Sneetch,Grosvenor Same,0,0,0,0,0,0.0,0.0,0.0,0.0,0.0,0.0,13.0,False,False,K H Chan,A Lee,105,1118.0,3.0,13,2:06.30,56.0,https://racing.hkjc.com/en-us/local/information/otherhorse?horseid=HK_2002_C208&Option=1,2026-09-04T13:51:24Z,https://racing.hkjc.com/en-us/local/information/archive/localresults?racedate=2006/01/22&racecourse=ST&RaceNo=3
ST_20060122_R03_HK_2004_E190,ST_20060122_R03,2006-01-22,ST,Sha Tin,3,334,RIGHT WAY HANDICAP,4,2000,60-40,GOOD TO FIRM,TURF,"TURF - ""B+2"" Course",570000,14,HK_2004_E190,11,DURABLE,CE190,GB,Northern,,43.0,43.0,Grey,Gelding,Daylami,Chief's Quest,Chief's Crown Same,1,0,0,1,1,0.0,1.0,0.0,0.0,65550.0,65550.0,,False,False,C K Tong,C Fownes,106,,,---,---,,https://racing.hkjc.com/en-us/local/information/otherhorse?horseid=HK_2004_E190&Option=1,2026-09-04T13:17:27Z,https://racing.hkjc.com/en-us/local/information/archive/localresults?racedate=2006/01/22&racecourse=ST&RaceNo=3
ST_20060122_R04_HK_2003_D385,ST_20060122_R04,2006-01-22,ST,Sha Tin,4,335,MR VITALITY HANDICAP,3,1000,80-60,GOOD TO FIRM,TURF,"TURF - ""B+2"" Course",750000,14,HK_2003_D385,6,GREEN WARRIOR,CD385,ARG,Southern,,75,86,Chestnut,Gelding,Lode,Dra Sas,Country Doctor Same,1,0,0,0,0,0.0,0.0,0.56,420000.0,41250.0,461250.0,1.0,True,True,Y T Cheng,D Cruz,126,1226.0,12.0,---,0:57.40,2.1,https://racing.hkjc.com/en-us/local/information/otherhorse?horseid=HK_2003_D385&Option=1,2026-09-04T13:20:52Z,https://racing.hkjc.com/en-us/local/information/archive/localresults?racedate=2006/01/22&racecourse=ST&RaceNo=4
ST_20060122_R04_HK_2002_C326,ST_20060122_R04,2006-01-22,ST,Sha Tin,4,335,MR VITALITY HANDICAP,3,1000,80-60,GOOD TO FIRM,TURF,"TURF - ""B+2"" Course",750000,14,HK_2002_C326,14,HAPPY KID,CC326,NZ,Southern,,60,61,Chestnut,Gelding,Soviet Star,La Rousset,Westminster Same,1,0,0,0,0,0.0,0.0,0.21,157500.0,0.0,157500.0,2.0,False,True,S K Sit,P F Yiu,110,1132.0,11.0,2-3/4,0:57.80,77.0,https://racing.hkjc.com/en-us/local/information/otherhorse?horseid=HK_2002_C326&Option=1,2026-09-04T13:53:38Z,https://racing.hkjc.com/en-us/local/information/archive/localresults?racedate=2006/01/22&racecourse=ST&RaceNo=4
ST_20060122_R04_HK_2003_D329,ST_20060122_R04,2006-01-22,ST,Sha Tin,4,335,MR VITALITY HANDICAP,3,1000,80-60,GOOD TO FIRM,TURF,"TURF - ""B+2"" Course",750000,14,HK_2003_D329,2,GROOM RAIDER,CD329,GB,Northern,,79,78,Bay,Gelding,Groom Dancer,Hill Hopper,Danehill Same,0,0,0,0,0,0.0,0.0,0.115,86250.0,0.0,86250.0,3.0,False,True,R Fradd,D J Hall,132,1157.0,6.0,4,0:58.00,6.3,https://racing.hkjc.com/en-us/local/information/otherhorse?horseid=HK_2003_D329&Option=1,2026-09-04T16:21:32Z,https://racing.hkjc.com/en-us/local/information/archive/localresults?racedate=2006/01/22&racecourse=ST&RaceNo=4
ST_20060122_R04_HK_2000_A069,ST_20060122_R04,2006-01-22,ST,Sha Tin,4,335,MR VITALITY HANDICAP,3,1000,80-60,GOOD TO FIRM,TURF,"TURF - ""B+2"" Course",750000,14,HK_2000_A069,13,GOLDEN FARM,CA069,NZ,Southern,,61,59,Bay,Gelding,Gold Brose,La Bisque,Western Symphony Same,1,0,0,0,0,0.0,0.0,0.06,45000.0,0.0,45000.0,4.0,False,False,H W Lai,L Ho,107,1144.0,7.0,5,0:58.10,35.0,https://racing.hkjc.com/en-us/local/information/otherhorse?horseid=HK_2000_A069&Option=1,2026-09-04T16:15:24Z,https://racing.hkjc.com/en-us/local/information/archive/localresults?racedate=2006/01/22&racecourse=ST&RaceNo=4
ST_20060122_R04_HK_2004_E310,ST_20060122_R04,2006-01-22,ST,Sha Tin,4,335,MR VITALITY HANDICAP,3,1000,80-60,GOOD TO FIRM,TURF,"TURF - ""B+2"" Course",750000,14,HK_2004_E310,4,HAPPY GO LAGO,CE310,AUS,Southern,,77,77,Bay,Gelding,Encosta de Lago,Jolly's Folly,Bluebird Same,0,0,0,0,0,0.0,0.0,0.055,41250.0,0.0,41250.0,5.0,False,False,S Dye,C S Shum,130,1173.0,4.0,6-3/4,0:58.40,14.0,https://racing.hkjc.com/en-us/local/information/otherhorse?horseid=HK_2004_E310&Option=1,2026-09-04T16:21:35Z,https://racing.hkjc.com/en-us/local/information/archive/localresults?racedate=2006/01/22&racecourse=ST&RaceNo=4
ST_20060122_R04_HK_2004_E244,ST_20060122_R04,2006-01-22,ST,Sha Tin,4,335,MR VITALITY HANDICAP,3,1000,80-60,GOOD TO FIRM,TURF,"TURF - ""B+2"" Course",750000,14,HK_2004_E244,9,KINGSTON MARBLE,CE244,NZ,Southern,,65,65,Bay,Gelding,Stravinsky,Misty Gulch,Gulch Same,0,0,0,0,0,0.0,0.0,0.0,0.0,0.0,0.0,6.0,False,False,D Whyte,J Size,118,1007.0,3.0,6-3/4,0:58.40,4.1,https://racing.hkjc.com/en-us/local/information/otherhorse?horseid=HK_2004_E244&Option=1,2026-09-04T16:21:38Z,https://racing.hkjc.com/en-us/local/information/archive/localresults?racedate=2006/01/22&racecourse=ST&RaceNo=4
ST_20060122_R04_HK_2004_E092,ST_20060122_R04,2006-01-22,ST,Sha Tin,4,335,MR VITALITY HANDICAP,3,1000,80-60,GOOD TO FIRM,TURF,"TURF - ""B+2"" Course",750000,14,HK_2004_E092,12,HEALTHY,CE092,NZ,Southern,,62,60,Brown,Gelding,Volksraad,Macarena,Kaapstad Same,0,0,0,0,0,0.0,0.0,0.0,0.0,0.0,0.0,6.0,False,False,K L Chui,D E Ferraris,105,1176.0,10.0,6-3/4,0:58.40,46.0,https://racing.hkjc.com/en-us/local/information/otherhorse?horseid=HK_2004_E092&Option=1,2026-09-04T16:21:41Z,https://racing.hkjc.com/en-us/local/information/archive/localresults?racedate=2006/01/22&racecourse=ST&RaceNo=4
ST_20060122_R04_HK_2001_B130,ST_20060122_R04,2006-01-22,ST,Sha Tin,4,335,MR VITALITY HANDICAP,3,1000,80-60,GOOD TO FIRM,TURF,"TURF - ""B+2"" Course",750000,14,HK_2001_B130,11,EVER MORE,CB130,AUS,Southern,,63.0,61.0,Bay,Gelding,Geiger Counter,Charming Charge,Rory's Jester Same,1,0,0,0,0,0.0,0.0,0.0,0.0,0.0,0.0,8.0,False,False,C W Wong,J Moore,106,1235.0,13.0,7-1/4,0:58.50,17.0,https://racing.hkjc.com/en-us/local/information/otherhorse?horseid=HK_2001_B130&Option=1,2026-09-04T15:48:19Z,https://racing.hkjc.com/en-us/local/information/archive/localresults?racedate=2006/01/22&racecourse=ST&RaceNo=4
ST_20060122_R04_HK_2003_D216,ST_20060122_R04,2006-01-22,ST,Sha Tin,4,335,MR VITALITY HANDICAP,3,1000,80-60,GOOD TO FIRM,TURF,"TURF - ""B+2"" Course",750000,14,HK_2003_D216,1,GIANFANTI,CD216,IRE,Northern,,80,78,Bay,Horse,Danehill,That'll Be The Day,Thatching Same,1,0,0,0,0,0.0,0.0,0.0,0.0,0.0,0.0,9.0,False,False,O Doleuze,K W Lui,133,1122.0,1.0,8,0:58.60,13.0,https://racing.hkjc.com/en-us/local/information/otherhorse?horseid=HK_2003_D216&Option=1,2026-09-04T16:00:49Z,https://racing.hkjc.com/en-us/local/information/archive/localresults?racedate=2006/01/22&racecourse=ST&RaceNo=4
ST_20060122_R04_HK_2005_G076,ST_20060122_R04,2006-01-22,ST,Sha Tin,4,335,MR VITALITY HANDICAP,3,1000,80-60,GOOD TO FIRM,TURF,"TURF - ""B+2"" Course",750000,14,HK_2005_G076,3,ACHIEVER,CG076,AUS,Southern,,78,76,Chestnut,Gelding,General Nediym,Filnova,Luskin Star Same,0,0,0,0,0,0.0,0.0,0.0,0.0,0.0,0.0,10.0,False,False,C K Tong,C Fownes,121,1173.0,9.0,8-1/4,0:58.60,86.0,https://racing.hkjc.com/en-us/local/information/otherhorse?horseid=HK_2005_G076&Option=1,2026-09-04T16:21:44Z,https://racing.hkjc.com/en-us/local/information/archive/localresults?racedate=2006/01/22&racecourse=ST&RaceNo=4
ST_20060122_R04_HK_2001_B330,ST_20060122_R04,2006-01-22,ST,Sha Tin,4,335,MR VITALITY HANDICAP,3,1000,80-60,GOOD TO FIRM,TURF,"TURF - ""B+2"" Course",750000,14,HK_2001_B330,8,KEEN FLYER,CB330,AUS,Southern,,66,64,Bay,Gelding,Honour And Glory,Indian Bazaar,Last Tycoon Same,0,0,0,0,0,0.0,0.0,0.0,0.0,0.0,0.0,11.0,False,False,M W Leung,A T Millard,114,1201.0,8.0,10-1/2,0:59.00,59.0,https://racing.hkjc.com/en-us/local/information/otherhorse?horseid=HK_2001_B330&Option=1,2026-09-04T16:21:47Z,https://racing.hkjc.com/en-us/local/information/archive/localresults?racedate=2006/01/22&racecourse=ST&RaceNo=4
ST_20060122_R04_HK_2004_E311,ST_20060122_R04,2006-01-22,ST,Sha Tin,4,335,MR VITALITY HANDICAP,3,1000,80-60,GOOD TO FIRM,TURF,"TURF - ""B+2"" Course",750000,14,HK_2004_E311,5,BLISS STAR,CE311,AUS,Southern,,75,73,Chestnut,Gelding,Flying Spur,Queen Of The Park,Diesis Same,0,0,0,0,0,0.0,0.0,0.0,0.0,0.0,0.0,12.0,False,False,G Mosse,A Lee,128,1238.0,5.0,15,0:59.70,25.0,https://racing.hkjc.com/en-us/local/information/otherhorse?horseid=HK_2004_E311&Option=1,2026-09-04T16:21:49Z,https://racing.hkjc.com/en-us/local/information/archive/localresults?racedate=2006/01/22&racecourse=ST&RaceNo=4
ST_20060122_R04_HK_2003_D292,ST_20060122_R04,2006-01-22,ST,Sha Tin,4,335,MR VITALITY HANDICAP,3,1000,80-60,GOOD TO FIRM,TURF,"TURF - ""B+2"" Course",750000,14,HK_2003_D292,7,COP HILL LAD,CD292,GB,Northern,,70,70,Chestnut,Gelding,Atraf,Crofters Ceilidh,Scottish Reel Same,0,0,0,0,0,0.0,0.0,0.0,0.0,0.0,0.0,13.0,False,False,H K Yim,T W Leung,121,1091.0,2.0,19-3/4,1:00.40,99.0,https://racing.hkjc.com/en-us/local/information/otherhorse?horseid=HK_2003_D292&Option=1,2026-09-04T16:21:52Z,https://racing.hkjc.com/en-us/local/information/archive/localresults?racedate=2006/01/22&racecourse=ST&RaceNo=4
ST_20060122_R04_HK_2005_G029,ST_20060122_R04,2006-01-22,ST,Sha Tin,4,335,MR VITALITY HANDICAP,3,1000,80-60,GOOD TO FIRM,TURF,"TURF - ""B+2"" Course",750000,14,HK_2005_G029,10,DREAM HORSE,CG029,AUS,Southern,,64,64,Bay,Gelding,Flying Spur,Yeatsina,Yeats Same,1,0,1,0,1,0.0,1.0,0.0,0.0,157500.0,157500.0,,False,False,C Soumillon,A S Cruz,117,,,---,---,,https://racing.hkjc.com/en-us/local/information/otherhorse?horseid=HK_2005_G029&Option=1,2026-09-04T13:20:45Z,https://racing.hkjc.com/en-us/local/information/archive/localresults?racedate=2006/01/22&racecourse=ST&RaceNo=4
ST_20060122_R05_HK_2005_G027,ST_20060122_R05,2006-01-22,ST,Sha Tin,5,336,MICHAEL'S CHOICE HANDICAP,4,1600,60-40,GOOD TO FIRM,TURF,"TURF - ""B+2"" Course",570000,14,HK_2005_G027,5,EYE WITNESS,CG027,AUS,Southern,,52,58,Chestnut,Gelding,Dr Fong,Overdue Reaction,Be My Guest Same,1,0,0,0,0,0.0,0.0,0.56,319200.0,0.0,319200.0,1,True,True,F Coetzee,A S Cruz,125,1033,12,---,1:37.10,6.5,https://racing.hkjc.com/en-us/local/information/otherhorse?horseid=HK_2005_G027&Option=1,2026-09-04T13:17:01Z,https://racing.hkjc.com/en-us/local/information/archive/localresults?racedate=2006/01/22&racecourse=ST&RaceNo=5
ST_20060122_R05_HK_2002_C021,ST_20060122_R05,2006-01-22,ST,Sha Tin,5,336,MICHAEL'S CHOICE HANDICAP,4,1600,60-40,GOOD TO FIRM,TURF,"TURF - ""B+2"" Course",570000,14,HK_2002_C021,13,KNIGHT TEMPLAR,CC021,NZ,Southern,,43,45,Bay,Gelding,I Conquer,Espion,Star Way Same,1,0,0,0,0,0.0,0.0,0.21,119700.0,0.0,119700.0,2,False,True,G Schofield,D Cruz,116,1054,14,N,1:37.10,49.0,https://racing.hkjc.com/en-us/local/information/otherhorse?horseid=HK_2002_C021&Option=1,2026-09-04T13:17:52Z,https://racing.hkjc.com/en-us/local/information/archive/localresults?racedate=2006/01/22&racecourse=ST&RaceNo=5
ST_20060122_R05_HK_2004_E332,ST_20060122_R05,2006-01-22,ST,Sha Tin,5,336,MICHAEL'S CHOICE HANDICAP,4,1600,60-40,GOOD TO FIRM,TURF,"TURF - ""B+2"" Course",570000,14,HK_2004_E332,7,WAIT FOR ME,CE332,NZ,Southern,,52,54,Bay,Gelding,Montjeu,Ecole,Western Symphony Same,0,0,0,0,0,0.0,0.0,0.115,65550.0,0.0,65550.0,3,False,True,C Soumillon,C H Yip,125,1074,2,N,1:37.20,3.1,https://racing.hkjc.com/en-us/local/information/otherhorse?horseid=HK_2004_E332&Option=1,2026-09-04T16:21:58Z,https://racing.hkjc.com/en-us/local/information/archive/localresults?racedate=2006/01/22&racecourse=ST&RaceNo=5
ST_20060122_R05_HK_2003_D013,ST_20060122_R05,2006-01-22,ST,Sha Tin,5,336,MICHAEL'S CHOICE HANDICAP,4,1600,60-40,GOOD TO FIRM,TURF,"TURF - ""B+2"" Course",570000,14,HK_2003_D013,3,A PLUS FIT,CD013,NZ,Southern,,56,56,Brown,Horse,Anabaa,Bold Faith,Warning Same,0,0,0,0,0,0.0,0.0,0.06,34200.0,0.0,34200.0,4,False,False,S Dye,C S Shum,129,948,3,1-1/4,1:37.30,5.0,https://racing.hkjc.com/en-us/local/information/otherhorse?horseid=HK_2003_D013&Option=1,2026-09-04T16:22:00Z,https://racing.hkjc.com/en-us/local/information/archive/localresults?racedate=2006/01/22&racecourse=ST&RaceNo=5
ST_20060122_R05_HK_2001_B406,ST_20060122_R05,2006-01-22,ST,Sha Tin,5,336,MICHAEL'S CHOICE HANDICAP,4,1600,60-40,GOOD TO FIRM,TURF,"TURF - ""B+2"" Course",570000,14,HK_2001_B406,12,SPARKLE,CB406,USA,Northern,,48,48,Bay,Gelding,Rahy,Tajfah,Shadeed Same,1,0,0,0,0,0.0,0.0,0.055,31350.0,31350.0,62700.0,5,False,False,H W Lai,L Ho,114,1162,7,1-1/2,1:37.30,42.0,https://racing.hkjc.com/en-us/local/information/otherhorse?horseid=HK_2001_B406&Option=1,2026-09-04T15:27:28Z,https://racing.hkjc.com/en-us/local/information/archive/localresults?racedate=2006/01/22&racecourse=ST&RaceNo=5
ST_20060122_R05_HK_2004_E086,ST_20060122_R05,2006-01-22,ST,Sha Tin,5,336,MICHAEL'S CHOICE HANDICAP,4,1600,60-40,GOOD TO FIRM,TURF,"TURF - ""B+2"" Course",570000,14,HK_2004_E086,9,BOREAS,CE086,IRE,Northern,,50.0,49.0,Bay,Gelding,Fasliyev,My Ballerina,Sir Ivor Same,1,0,0,1,1,0.0,1.0,0.0,0.0,65550.0,65550.0,6,False,False,D Whyte,S Woods,123,1124,6,2,1:37.40,9.2,https://racing.hkjc.com/en-us/local/information/otherhorse?horseid=HK_2004_E086&Option=1,2026-09-04T15:28:02Z,https://racing.hkjc.com/en-us/local/information/archive/localresults?racedate=2006/01/22&racecourse=ST&RaceNo=5
ST_20060122_R05_HK_2000_A249,ST_20060122_R05,2006-01-22,ST,Sha Tin,5,336,MICHAEL'S CHOICE HANDICAP,4,1600,60-40,GOOD TO FIRM,TURF,"TURF - ""B+2"" Course",570000,14,HK_2000_A249,2,LUCKY STALLION,CA249,GB,Northern,,59,58,Chestnut,Gelding,Selkirk,Ink Pot,Green Dancer Same,2,0,1,0,1,0.0,0.5,0.0,0.0,119700.0,119700.0,7,False,False,C K Tong,C Fownes,122,1071,5,3,1:37.60,45.0,https://racing.hkjc.com/en-us/local/information/otherhorse?horseid=HK_2000_A249&Option=1,2026-09-04T15:10:24Z,https://racing.hkjc.com/en-us/local/information/archive/localresults?racedate=2006/01/22&racecourse=ST&RaceNo=5
ST_20060122_R05_HK_2003_D328,ST_20060122_R05,2006-01-22,ST,Sha Tin,5,336,MICHAEL'S CHOICE HANDICAP,4,1600,60-40,GOOD TO FIRM,TURF,"TURF - ""B+2"" Course",570000,14,HK_2003_D328,1,CHINSOLA,CD328,IRE,Northern,,60,59,Chestnut,Gelding,Inchinor,Skerray,Soviet Star Same,0,0,0,0,0,0.0,0.0,0.0,0.0,0.0,0.0,8,False,False,G Mosse,A Lee,133,1008,10,3,1:37.60,6.0,https://racing.hkjc.com/en-us/local/information/otherhorse?horseid=HK_2003_D328&Option=1,2026-09-04T16:22:03Z,https://racing.hkjc.com/en-us/local/information/archive/localresults?racedate=2006/01/22&racecourse=ST&RaceNo=5
ST_20060122_R05_HK_2003_D173,ST_20060122_R05,2006-01-22,ST,Sha Tin,5,336,MICHAEL'S CHOICE HANDICAP,4,1600,60-40,GOOD TO FIRM,TURF,"TURF - ""B+2"" Course",570000,14,HK_2003_D173,14,STAR OF NORTHERN,CD173,USA,Northern,,43,42,Bay,Gelding,Walter Willy,Meadow Moon,Meadowlake Same,2,0,0,1,1,0.0,0.5,0.0,0.0,65550.0,65550.0,9,False,False,K H Chan,K L Man,106,1164,8,3-1/4,1:37.60,51.0,https://racing.hkjc.com/en-us/local/information/otherhorse?horseid=HK_2003_D173&Option=1,2026-09-04T15:11:18Z,https://racing.hkjc.com/en-us/local/information/archive/localresults?racedate=2006/01/22&racecourse=ST&RaceNo=5
ST_20060122_R05_HK_2004_E164,ST_20060122_R05,2006-01-22,ST,Sha Tin,5,336,MICHAEL'S CHOICE HANDICAP,4,1600,60-40,GOOD TO FIRM,TURF,"TURF - ""B+2"" Course",570000,14,HK_2004_E164,10,PO ON GEM,CE164,NZ,Southern,,49,48,Bay / Brown,Gelding,Spectacular Love,Royal Matriarch,Clay Hero Same,1,0,0,0,0,0.0,0.0,0.0,0.0,0.0,0.0,10,False,False,O Doleuze,P O'Sullivan,122,1187,9,3-3/4,1:37.70,12.0,https://racing.hkjc.com/en-us/local/information/otherhorse?horseid=HK_2004_E164&Option=1,2026-09-04T13:17:08Z,https://racing.hkjc.com/en-us/local/information/archive/localresults?racedate=2006/01/22&racecourse=ST&RaceNo=5
ST_20060122_R05_HK_2004_E267,ST_20060122_R05,2006-01-22,ST,Sha Tin,5,336,MICHAEL'S CHOICE HANDICAP,4,1600,60-40,GOOD TO FIRM,TURF,"TURF - ""B+2"" Course",570000,14,HK_2004_E267,6,NAMJONG GOODLUCK,CE267,NZ,Southern,,52,52,Bay,Gelding,Danasinga,Classic Venture,Bold Venture Same,0,0,0,0,0,0.0,0.0,0.0,0.0,0.0,0.0,11,False,False,H K Yim,B K Ng,123,1055,1,4-1/2,1:37.80,99.0,https://racing.hkjc.com/en-us/local/information/otherhorse?horseid=HK_2004_E267&Option=1,2026-09-04T16:22:06Z,https://racing.hkjc.com/en-us/local/information/archive/localresults?racedate=2006/01/22&racecourse=ST&RaceNo=5
ST_20060122_R05_HK_2004_E337,ST_20060122_R05,2006-01-22,ST,Sha Tin,5,336,MICHAEL'S CHOICE HANDICAP,4,1600,60-40,GOOD TO FIRM,TURF,"TURF - ""B+2"" Course",570000,14,HK_2004_E337,8,POSA,CE337,NZ,Southern,,51,50,Chestnut,Gelding,Bahhare,The Model,Truly Vain Same,0,0,0,0,0,0.0,0.0,0.0,0.0,0.0,0.0,12,False,False,C Munce,D E Ferraris,124,1011,11,6-1/2,1:38.10,20.0,https://racing.hkjc.com/en-us/local/information/otherhorse?horseid=HK_2004_E337&Option=1,2026-09-04T16:22:09Z,https://racing.hkjc.com/en-us/local/information/archive/localresults?racedate=2006/01/22&racecourse=ST&RaceNo=5
ST_20060122_R05_HK_2004_E047,ST_20060122_R05,2006-01-22,ST,Sha Tin,5,336,MICHAEL'S CHOICE HANDICAP,4,1600,60-40,GOOD TO FIRM,TURF,"TURF - ""B+2"" Course",570000,14,HK_2004_E047,4,SOLAR POWER,CE047,NZ,Southern,,54,52,Bay,Gelding,Bahhare,Kate Shepherd,Dahar Same,1,0,0,0,0,0.0,0.0,0.0,0.0,0.0,0.0,13,False,False,C W Wong,P F Yiu,117,982,13,7-1/4,1:38.30,24.0,https://racing.hkjc.com/en-us/local/information/otherhorse?horseid=HK_2004_E047&Option=1,2026-09-04T15:28:11Z,https://racing.hkjc.com/en-us/local/information/archive/localresults?racedate=2006/01/22&racecourse=ST&RaceNo=5
ST_20060122_R05_HK_2004_E294,ST_20060122_R05,2006-01-22,ST,Sha Tin,5,336,MICHAEL'S CHOICE HANDICAP,4,1600,60-40,GOOD TO FIRM,TURF,"TURF - ""B+2"" Course",570000,14,HK_2004_E294,11,MASONIC TREASURE,CE294,NZ,Southern,,48,45,Bay,Gelding,Gold Brose,Tio Violet,Tights Same,0,0,0,0,0,0.0,0.0,0.0,0.0,0.0,0.0,14,False,False,C Brown,K W Lui,121,1101,4,13-1/4,1:39.20,99.0,https://racing.hkjc.com/en-us/local/information/otherhorse?horseid=HK_2004_E294&Option=1,2026-09-04T16:22:12Z,https://racing.hkjc.com/en-us/local/information/archive/localresults?racedate=2006/01/22&racecourse=ST&RaceNo=5
ST_20060122_R06_HK_2003_D322,ST_20060122_R06,2006-01-22,ST,Sha Tin,6,337,MASTERMIND HANDICAP,4,1400,60-40,GOOD TO FIRM,TURF,"TURF - ""B+2"" Course",570000,14,HK_2003_D322,5,LUCKY DRAGON,CD322,AUS,Southern,,58,64,Bay,Gelding,El Moxie,Crystal Glitters,Palace Music Same,1,0,0,1,1,0.0,1.0,0.56,319200.0,49875.0,369075.0,1,True,True,G Mosse,A Lee,129,1116,3,---,1:23.20,7.9,https://racing.hkjc.com/en-us/local/information/otherhorse?horseid=HK_2003_D322&Option=1,2026-09-04T13:16:47Z,https://racing.hkjc.com/en-us/local/information/archive/localresults?racedate=2006/01/22&racecourse=ST&RaceNo=6
ST_20060122_R06_HK_2004_E317,ST_20060122_R06,2006-01-22,ST,Sha Tin,6,337,MASTERMIND HANDICAP,4,1400,60-40,GOOD TO FIRM,TURF,"TURF - ""B+2"" Course",570000,14,HK_2004_E317,2,STRONG GAIN,CE317,AUS,Southern,,59,62,Brown,Gelding,Testa Rossa,Myrrh,Nassipour Same,1,0,1,0,1,0.0,1.0,0.21,119700.0,119700.0,239400.0,2,False,True,D Whyte,J Moore,130,1083,2,N,1:23.20,2.4,https://racing.hkjc.com/en-us/local/information/otherhorse?horseid=HK_2004_E317&Option=1,2026-09-04T13:16:44Z,https://racing.hkjc.com/en-us/local/information/archive/localresults?racedate=2006/01/22&racecourse=ST&RaceNo=6
ST_20060122_R06_HK_2001_B357,ST_20060122_R06,2006-01-22,ST,Sha Tin,6,337,MASTERMIND HANDICAP,4,1400,60-40,GOOD TO FIRM,TURF,"TURF - ""B+2"" Course",570000,14,HK_2001_B357,14,FIRST KNIGHT,CB357,AUS,Southern,,42.0,42.0,Bay,Gelding,Ascot Knight,Rose Of St Jude,St Jude Same,1,0,0,0,0,0.0,0.0,0.115,65550.0,31350.0,96900.0,3,False,True,C Munce,S Woods,114,1174,6,1-1/2,1:23.40,33.0,https://racing.hkjc.com/en-us/local/information/otherhorse?horseid=HK_2001_B357&Option=1,2026-09-04T16:01:11Z,https://racing.hkjc.com/en-us/local/information/archive/localresults?racedate=2006/01/22&racecourse=ST&RaceNo=6
ST_20060122_R06_HK_2004_E104,ST_20060122_R06,2006-01-22,ST,Sha Tin,6,337,MASTERMIND HANDICAP,4,1400,60-40,GOOD TO FIRM,TURF,"TURF - ""B+2"" Course",570000,14,HK_2004_E104,7,FAVOURITE RETURN,CE104,NZ,Southern,,56,56,Chestnut,Gelding,Woodborough,Maxamore,Volksraad Same,1,0,0,0,0,0.0,0.0,0.06,34200.0,0.0,34200.0,4,False,False,E Saint-Martin,L Ho,127,1105,4,1-3/4,1:23.40,99.0,https://racing.hkjc.com/en-us/local/information/otherhorse?horseid=HK_2004_E104&Option=1,2026-09-04T13:17:17Z,https://racing.hkjc.com/en-us/local/information/archive/localresults?racedate=2006/01/22&racecourse=ST&RaceNo=6
ST_20060122_R06_HK_2004_E070,ST_20060122_R06,2006-01-22,ST,Sha Tin,6,337,MASTERMIND HANDICAP,4,1400,60-40,GOOD TO FIRM,TURF,"TURF - ""B+2"" Course",570000,14,HK_2004_E070,9,CENTURY SUPER STAR,CE070,AUS,Southern,,51,51,Bay / Brown,Gelding,Last Tycoon,Valeniski,Niniski Same,0,0,0,0,0,0.0,0.0,0.055,31350.0,0.0,31350.0,5,False,False,O Doleuze,P O'Sullivan,122,1042,5,1-3/4,1:23.40,3.7,https://racing.hkjc.com/en-us/local/information/otherhorse?horseid=HK_2004_E070&Option=1,2026-09-04T16:22:17Z,https://racing.hkjc.com/en-us/local/information/archive/localresults?racedate=2006/01/22&racecourse=ST&RaceNo=6
ST_20060122_R06_HK_2001_B178,ST_20060122_R06,2006-01-22,ST,Sha Tin,6,337,MASTERMIND HANDICAP,4,1400,60-40,GOOD TO FIRM,TURF,"TURF - ""B+2"" Course",570000,14,HK_2001_B178,10,QUICK NEWS,CB178,GB,Northern,,50,50,Chestnut,Gelding,Double Bed,In And Out,In Fijar Same,1,0,0,0,0,0.0,0.0,0.0,0.0,0.0,0.0,6,False,False,A Delpech,K L Man,121,1093,14,1-3/4,1:23.40,67.0,https://racing.hkjc.com/en-us/local/information/otherhorse?horseid=HK_2001_B178&Option=1,2026-09-04T15:28:22Z,https://racing.hkjc.com/en-us/local/information/archive/localresults?racedate=2006/01/22&racecourse=ST&RaceNo=6
ST_20060122_R06_HK_2003_D019,ST_20060122_R06,2006-01-22,ST,Sha Tin,6,337,MASTERMIND HANDICAP,4,1400,60-40,GOOD TO FIRM,TURF,"TURF - ""B+2"" Course",570000,14,HK_2003_D019,4,HARRY HARRY,CD019,AUS,Southern,,58,56,Chestnut,Gelding,Hurricane Sky,Folio,Imperial Baron Same,1,0,0,0,0,0.0,0.0,0.0,0.0,0.0,0.0,7,False,False,R Fradd,D J Hall,129,1118,8,2-3/4,1:23.60,38.0,https://racing.hkjc.com/en-us/local/information/otherhorse?horseid=HK_2003_D019&Option=1,2026-09-04T13:17:11Z,https://racing.hkjc.com/en-us/local/information/archive/localresults?racedate=2006/01/22&racecourse=ST&RaceNo=6
ST_20060122_R06_HK_2004_E055,ST_20060122_R06,2006-01-22,ST,Sha Tin,6,337,MASTERMIND HANDICAP,4,1400,60-40,GOOD TO FIRM,TURF,"TURF - ""B+2"" Course",570000,14,HK_2004_E055,1,LIVERBIRD,CE055,NZ,Southern,,55,62,Brown,Gelding,Zerpour,Sarah Fox,Foxbay Same,2,1,0,0,1,0.5,0.5,0.0,0.0,319200.0,319200.0,8,False,False,S Dye,C S Shum,133,1100,10,6,1:24.10,22.0,https://racing.hkjc.com/en-us/local/information/otherhorse?horseid=HK_2004_E055&Option=1,2026-09-04T13:16:55Z,https://racing.hkjc.com/en-us/local/information/archive/localresults?racedate=2006/01/22&racecourse=ST&RaceNo=6
ST_20060122_R06_HK_2001_B422,ST_20060122_R06,2006-01-22,ST,Sha Tin,6,337,MASTERMIND HANDICAP,4,1400,60-40,GOOD TO FIRM,TURF,"TURF - ""B+2"" Course",570000,14,HK_2001_B422,3,GLOBAL FORTUNE,CB422,AUS,Southern,,58,56,Bay,Gelding,Al Jaasi,Chancy Dancer,Kala Dancer Same,0,0,0,0,0,0.0,0.0,0.0,0.0,0.0,0.0,9,False,False,C Brown,K W Lui,129,1089,7,6-1/4,1:24.10,20.0,https://racing.hkjc.com/en-us/local/information/otherhorse?horseid=HK_2001_B422&Option=1,2026-09-04T16:22:20Z,https://racing.hkjc.com/en-us/local/information/archive/localresults?racedate=2006/01/22&racecourse=ST&RaceNo=6
ST_20060122_R06_HK_2004_E120,ST_20060122_R06,2006-01-22,ST,Sha Tin,6,337,MASTERMIND HANDICAP,4,1400,60-40,GOOD TO FIRM,TURF,"TURF - ""B+2"" Course",570000,14,HK_2004_E120,12,HUANG PU DRAGON,CE120,AUS,Southern,,45,43,Brown,Gelding,Victory Prince,Thematic,True Version Same,0,0,0,0,0,0.0,0.0,0.0,0.0,0.0,0.0,10,False,False,S K Sit,Y S Tsui,113,1119,1,7,1:24.20,99.0,https://racing.hkjc.com/en-us/local/information/otherhorse?horseid=HK_2004_E120&Option=1,2026-09-04T16:22:23Z,https://racing.hkjc.com/en-us/local/information/archive/localresults?racedate=2006/01/22&racecourse=ST&RaceNo=6
ST_20060122_R06_HK_2002_C178,ST_20060122_R06,2006-01-22,ST,Sha Tin,6,337,MASTERMIND HANDICAP,4,1400,60-40,GOOD TO FIRM,TURF,"TURF - ""B+2"" Course",570000,14,HK_2002_C178,8,GREAT IDEA,CC178,AUS,Southern,,55.0,53,Bay,Gelding,Anabaa,Frisky Lady,Kenmare Same,0,0,0,0,0,0.0,0.0,0.0,0.0,0.0,0.0,11,False,False,F Coetzee,A S Cruz,126,1068,11,10-1/2,1:24.80,11.0,https://racing.hkjc.com/en-us/local/information/otherhorse?horseid=HK_2002_C178&Option=1,2026-09-04T16:22:26Z,https://racing.hkjc.com/en-us/local/information/archive/localresults?racedate=2006/01/22&racecourse=ST&RaceNo=6
ST_20060122_R06_HK_2004_E205,ST_20060122_R06,2006-01-22,ST,Sha Tin,6,337,MASTERMIND HANDICAP,4,1400,60-40,GOOD TO FIRM,TURF,"TURF - ""B+2"" Course",570000,14,HK_2004_E205,11,SPY KING,CE205,USA,Northern,,47,46,Chestnut,Gelding,Distant View,Regal Princess,Royal And Regal Same,0,0,0,0,0,0.0,0.0,0.0,0.0,0.0,0.0,12,False,False,H W Lai,B K Ng,111,1110,13,11-1/2,1:25.00,9.9,https://racing.hkjc.com/en-us/local/information/otherhorse?horseid=HK_2004_E205&Option=1,2026-09-04T13:52:31Z,https://racing.hkjc.com/en-us/local/information/archive/localresults?racedate=2006/01/22&racecourse=ST&RaceNo=6
ST_20060122_R06_HK_2003_D400,ST_20060122_R06,2006-01-22,ST,Sha Tin,6,337,MASTERMIND HANDICAP,4,1400,60-40,GOOD TO FIRM,TURF,"TURF - ""B+2"" Course",570000,14,HK_2003_D400,13,ACCELERATION,CD400,NZ,Southern,,44,42,Grey,Gelding,Marju,Better Believe,Success Express Same,0,0,0,0,0,0.0,0.0,0.0,0.0,0.0,0.0,13,False,False,C W Wong,C H Yip,105,1103,12,12-1/4,1:25.10,58.0,https://racing.hkjc.com/en-us/local/information/otherhorse?horseid=HK_2003_D400&Option=1,2026-09-04T16:22:29Z,https://racing.hkjc.com/en-us/local/information/archive/localresults?racedate=2006/01/22&racecourse=ST&RaceNo=6
ST_20060122_R06_HK_2003_D183,ST_20060122_R06,2006-01-22,ST,Sha Tin,6,337,MASTERMIND HANDICAP,4,1400,60-40,GOOD TO FIRM,TURF,"TURF - ""B+2"" Course",570000,14,HK_2003_D183,6,RAINBOW DIAMOND,CD183,NZ,Southern,,58,56,Chestnut,Gelding,Mellifont,Orange Lace,Al Hareb Same,0,0,0,0,0,0.0,0.0,0.0,0.0,0.0,0.0,14,False,False,Y T Cheng,C W Chang,127,1145,9,20-1/2,1:26.40,58.0,https://racing.hkjc.com/en-us/local/information/otherhorse?horseid=HK_2003_D183&Option=1,2026-09-04T13:51:30Z,https://racing.hkjc.com/en-us/local/information/archive/localresults?racedate=2006/01/22&racecourse=ST&RaceNo=6
ST_20060122_R07_HK_2003_D140,ST_20060122_R07,2006-01-22,ST,Sha Tin,7,338,THE HSBC PREMIER BAUHINIA SPRINT TROPHY (HANDICAP) 3RD LEG OF HSBC PREMIER SERIES,P,1000,,GOOD TO FIRM,TURF,"TURF - ""B+2"" Course",2000000,11,HK_2003_D140,6,BILLET EXPRESS,CD140,AUS,Southern,,106,111,Bay,Gelding,Keltrice,Pazzihi,Manihi Same,0,0,0,0,0,0.0,0.0,0.56,1120000.0,0.0,1120000.0,1,True,True,H W Lai,J Moore,107,1235,7,---,0:56.60,16.0,https://racing.hkjc.com/en-us/local/information/otherhorse?horseid=HK_2003_D140&Option=1,2026-09-04T16:22:34Z,https://racing.hkjc.com/en-us/local/information/archive/localresults?racedate=2006/01/22&racecourse=ST&RaceNo=7
ST_20060122_R07_HK_2002_C228,ST_20060122_R07,2006-01-22,ST,Sha Tin,7,338,THE HSBC PREMIER BAUHINIA SPRINT TROPHY (HANDICAP) 3RD LEG OF HSBC PREMIER SERIES,P,1000,,GOOD TO FIRM,TURF,"TURF - ""B+2"" Course",2000000,11,HK_2002_C228,1,SCINTILLATION,CC228,AUS,Southern,,125.0,127.0,Bay,Gelding,Danehill,Subterfuge,Machiavellian Same,1,1,0,0,1,1.0,1.0,0.21,420000.0,1288000.0,1708000.0,2,False,True,E Saint-Martin,C S Shum,133,1207,10,SH,0:56.60,12.0,https://racing.hkjc.com/en-us/local/information/otherhorse?horseid=HK_2002_C228&Option=1,2026-09-04T13:18:42Z,https://racing.hkjc.com/en-us/local/information/archive/localresults?racedate=2006/01/22&racecourse=ST&RaceNo=7
ST_20060122_R07_HK_2004_E060,ST_20060122_R07,2006-01-22,ST,Sha Tin,7,338,THE HSBC PREMIER BAUHINIA SPRINT TROPHY (HANDICAP) 3RD LEG OF HSBC PREMIER SERIES,P,1000,,GOOD TO FIRM,TURF,"TURF - ""B+2"" Course",2000000,11,HK_2004_E060,8,ABSOLUTE CHAMPION,CE060,AUS,Southern,,100,103,Bay / Brown,Gelding,Marauding,Beauty Belle,Ideal Planet Same,0,0,0,0,0,0.0,0.0,0.115,230000.0,0.0,230000.0,3,False,True,Y T Cheng,A Lee,112,1133,11,1-1/2,0:56.80,19.0,https://racing.hkjc.com/en-us/local/information/otherhorse?horseid=HK_2004_E060&Option=1,2026-09-04T16:22:37Z,https://racing.hkjc.com/en-us/local/information/archive/localresults?racedate=2006/01/22&racecourse=ST&RaceNo=7
ST_20060122_R07_HK_2001_B359,ST_20060122_R07,2006-01-22,ST,Sha Tin,7,338,THE HSBC PREMIER BAUHINIA SPRINT TROPHY (HANDICAP) 3RD LEG OF HSBC PREMIER SERIES,P,1000,,GOOD TO FIRM,TURF,"TURF - ""B+2"" Course",2000000,11,HK_2001_B359,3,PLANET RULER,CB359,AUS,Southern,,120.0,120.0,Bay,Gelding,Danehill,Sequenza,Lycius Same,0,0,0,0,0,0.0,0.0,0.06,120000.0,0.0,120000.0,4,False,False,G Mosse,A Lee,128,1137,9,3-1/2,0:57.20,6.4,https://racing.hkjc.com/en-us/local/information/otherhorse?horseid=HK_2001_B359&Option=1,2026-09-04T16:22:40Z,https://racing.hkjc.com/en-us/local/information/archive/localresults?racedate=2006/01/22&racecourse=ST&RaceNo=7
ST_20060122_R07_HK_2003_D286,ST_20060122_R07,2006-01-22,ST,Sha Tin,7,338,THE HSBC PREMIER BAUHINIA SPRINT TROPHY (HANDICAP) 3RD LEG OF HSBC PREMIER SERIES,P,1000,,GOOD TO FIRM,TURF,"TURF - ""B+2"" Course",2000000,11,HK_2003_D286,7,NOBLE CRUSADER,CD286,AUS,Southern,,105,105,Bay,Gelding,Danzero,Suburban Blues,Bluebird Same,0,0,0,0,0,0.0,0.0,0.055,110000.0,0.0,110000.0,5,False,False,F Coetzee,A S Cruz,113,1171,4,4-3/4,0:57.30,2.4,https://racing.hkjc.com/en-us/local/information/otherhorse?horseid=HK_2003_D286&Option=1,2026-09-04T16:22:43Z,https://racing.hkjc.com/en-us/local/information/archive/localresults?racedate=2006/01/22&racecourse=ST&RaceNo=7
ST_20060122_R07_HK_2003_D035,ST_20060122_R07,2006-01-22,ST,Sha Tin,7,338,THE HSBC PREMIER BAUHINIA SPRINT TROPHY (HANDICAP) 3RD LEG OF HSBC PREMIER SERIES,P,1000,,GOOD TO FIRM,TURF,"TURF - ""B+2"" Course",2000000,11,HK_2003_D035,5,COUNTRY MUSIC,CD035,AUS,Southern,,118,118,Bay,Gelding,Danzero,Paris Nights,Le Grand Seigneur Same,0,0,0,0,0,0.0,0.0,0.0,0.0,0.0,0.0,6,False,False,C Soumillon,A S Cruz,126,1218,3,5-3/4,0:57.50,6.7,https://racing.hkjc.com/en-us/local/information/otherhorse?horseid=HK_2003_D035&Option=1,2026-09-04T16:22:46Z,https://racing.hkjc.com/en-us/local/information/archive/localresults?racedate=2006/01/22&racecourse=ST&RaceNo=7
ST_20060122_R07_HK_2004_E227,ST_20060122_R07,2006-01-22,ST,Sha Tin,7,338,THE HSBC PREMIER BAUHINIA SPRINT TROPHY (HANDICAP) 3RD LEG OF HSBC PREMIER SERIES,P,1000,,GOOD TO FIRM,TURF,"TURF - ""B+2"" Course",2000000,11,HK_2004_E227,2,NATURAL BLITZ,CE227,AUS,Southern,,123,123,Brown,Gelding,Maroof,Miiharo,Bletchingly Same,0,0,0,0,0,0.0,0.0,0.0,0.0,0.0,0.0,7,False,False,G Schofield,D Cruz,131,1083,1,7-1/4,0:57.70,9.1,https://racing.hkjc.com/en-us/local/information/otherhorse?horseid=HK_2004_E227&Option=1,2026-09-04T16:22:49Z,https://racing.hkjc.com/en-us/local/information/archive/localresults?racedate=2006/01/22&racecourse=ST&RaceNo=7
ST_20060122_R07_HK_2002_C348,ST_20060122_R07,2006-01-22,ST,Sha Tin,7,338,THE HSBC PREMIER BAUHINIA SPRINT TROPHY (HANDICAP) 3RD LEG OF HSBC PREMIER SERIES,P,1000,,GOOD TO FIRM,TURF,"TURF - ""B+2"" Course",2000000,11,HK_2002_C348,4,ABLE PRINCE,CC348,AUS,Southern,,118,118,Bay,Gelding,Hurricane Sky,Queen's Choir,Palace Music Same,0,0,0,0,0,0.0,0.0,0.0,0.0,0.0,0.0,8,False,False,D Whyte,J Moore,126,1092,2,9,0:58.00,11.0,https://racing.hkjc.com/en-us/local/information/otherhorse?horseid=HK_2002_C348&Option=1,2026-09-04T16:22:51Z,https://racing.hkjc.com/en-us/local/information/archive/localresults?racedate=2006/01/22&racecourse=ST&RaceNo=7
ST_20060122_R07_HK_2005_G041,ST_20060122_R07,2006-01-22,ST,Sha Tin,7,338,THE HSBC PREMIER BAUHINIA SPRINT TROPHY (HANDICAP) 3RD LEG OF HSBC PREMIER SERIES,P,1000,,GOOD TO FIRM,TURF,"TURF - ""B+2"" Course",2000000,11,HK_2005_G041,10,KINDACROSS,CG041,NZ,Southern,,94,93,Bay,Gelding,Cape Cross,Kindness,Star Way Same,0,0,0,0,0,0.0,0.0,0.0,0.0,0.0,0.0,9,False,False,C Munce,A S Cruz,114,1038,5,10-3/4,0:58.20,11.0,https://racing.hkjc.com/en-us/local/information/otherhorse?horseid=HK_2005_G041&Option=1,2026-09-04T16:22:55Z,https://racing.hkjc.com/en-us/local/information/archive/localresults?racedate=2006/01/22&racecourse=ST&RaceNo=7
ST_20060122_R07_HK_2001_B256,ST_20060122_R07,2006-01-22,ST,Sha Tin,7,338,THE HSBC PREMIER BAUHINIA SPRINT TROPHY (HANDICAP) 3RD LEG OF HSBC PREMIER SERIES,P,1000,,GOOD TO FIRM,TURF,"TURF - ""B+2"" Course",2000000,11,HK_2001_B256,11,FIREBOLT,CB256,IRE,Northern,,90,87,Bay,Gelding,Flying Spur,Musianica,Music Boy Same,1,0,0,0,0,0.0,0.0,0.0,0.0,0.0,0.0,10,False,False,S K Sit,Y S Tsui,110,1218,6,10-3/4,0:58.30,99.0,https://racing.hkjc.com/en-us/local/information/otherhorse?horseid=HK_2001_B256&Option=1,2026-09-04T15:29:26Z,https://racing.hkjc.com/en-us/local/information/archive/localresults?racedate=2006/01/22&racecourse=ST&RaceNo=7
ST_20060122_R07_HK_2003_D314,ST_20060122_R07,2006-01-22,ST,Sha Tin,7,338,THE HSBC PREMIER BAUHINIA SPRINT TROPHY (HANDICAP) 3RD LEG OF HSBC PREMIER SERIES,P,1000,,GOOD TO FIRM,TURF,"TURF - ""B+2"" Course",2000000,11,HK_2003_D314,9,EVERY TIME,CD314,SAF,Southern,,100,99,Bay,Gelding,National Assembly,Blakes Affair,Commodore Blake Same,0,0,0,0,0,0.0,0.0,0.0,0.0,0.0,0.0,11,False,False,A Delpech,D E Ferraris,115,1204,8,11-3/4,0:58.50,83.0,https://racing.hkjc.com/en-us/local/information/otherhorse?horseid=HK_2003_D314&Option=1,2026-09-04T16:22:57Z,https://racing.hkjc.com/en-us/local/information/archive/localresults?racedate=2006/01/22&racecourse=ST&RaceNo=7
ST_20060122_R08_HK_2004_E019,ST_20060122_R08,2006-01-22,ST,Sha Tin,8,339,THE STEWARDS' CUP,3YO+,1600,,GOOD TO FIRM,TURF,"TURF - ""B+2"" Course",8000000,14,HK_2004_E019,2,RUSSIAN PEARL,CE019,NZ,Southern,,125,127,Bay,Gelding,Soviet Star,Velinda,Veloso Same,0,0,0,0,0,0.0,0.0,0.56,4480000.0,0.0,4480000.0,1,True,True,G Mosse,A S Cruz,126,1021,10,---,1:35.10,8.5,https://racing.hkjc.com/en-us/local/information/otherhorse?horseid=HK_2004_E019&Option=1,2026-09-04T16:23:03Z,https://racing.hkjc.com/en-us/local/information/archive/localresults?racedate=2006/01/22&racecourse=ST&RaceNo=8
ST_20060122_R08_HK_2003_D296,ST_20060122_R08,2006-01-22,ST,Sha Tin,8,339,THE STEWARDS' CUP,3YO+,1600,,GOOD TO FIRM,TURF,"TURF - ""B+2"" Course",8000000,14,HK_2003_D296,6,BEST GIFT,CD296,NZ,Southern,,120,125,Bay,Gelding,Bahhare,Shock Attack,Inviting Same,0,0,0,0,0,0.0,0.0,0.21,1680000.0,0.0,1680000.0,2,False,True,D Whyte,J Moore,126,1140,7,SH,1:35.10,5.7,https://racing.hkjc.com/en-us/local/information/otherhorse?horseid=HK_2003_D296&Option=1,2026-09-04T16:23:05Z,https://racing.hkjc.com/en-us/local/information/archive/localresults?racedate=2006/01/22&racecourse=ST&RaceNo=8
ST_20060122_R08_HK_2001_B282,ST_20060122_R08,2006-01-22,ST,Sha Tin,8,339,THE STEWARDS' CUP,3YO+,1600,,GOOD TO FIRM,TURF,"TURF - ""B+2"" Course",8000000,14,HK_2001_B282,4,THE DUKE,CB282,AUS,Southern,,123.0,123.0,Bay,Gelding,Danehill,Mer Du Sud,Bluebird Same,0,0,0,0,0,0.0,0.0,0.115,920000.0,0.0,920000.0,3,False,True,S Dye,C Fownes,126,1172,8,1-3/4,1:35.40,10.0,https://racing.hkjc.com/en-us/local/information/otherhorse?horseid=HK_2001_B282&Option=1,2026-09-04T16:23:08Z,https://racing.hkjc.com/en-us/local/information/archive/localresults?racedate=2006/01/22&racecourse=ST&RaceNo=8
ST_20060122_R08_HK_2002_C060,ST_20060122_R08,2006-01-22,ST,Sha Tin,8,339,THE STEWARDS' CUP,3YO+,1600,,GOOD TO FIRM,TURF,"TURF - ""B+2"" Course",8000000,14,HK_2002_C060,7,DAVE'S BEST,CC060,GB,Northern,,120.0,120.0,Bay,Gelding,Bishop Of Cashel,Brightside,Last Tycoon Same,0,0,0,0,0,0.0,0.0,0.06,480000.0,0.0,480000.0,4,False,False,C Soumillon,C H Yip,126,1091,13,2-3/4,1:35.50,6.8,https://racing.hkjc.com/en-us/local/information/otherhorse?horseid=HK_2002_C060&Option=1,2026-09-04T16:23:11Z,https://racing.hkjc.com/en-us/local/information/archive/localresults?racedate=2006/01/22&racecourse=ST&RaceNo=8
ST_20060122_R08_HK_2002_C084,ST_20060122_R08,2006-01-22,ST,Sha Tin,8,339,THE STEWARDS' CUP,3YO+,1600,,GOOD TO FIRM,TURF,"TURF - ""B+2"" Course",8000000,14,HK_2002_C084,12,HELENE PILLAGING,CC084,AUS,Southern,,113,115,Bay,Gelding,Marauding,Preview,Kenmare Same,1,0,0,0,0,0.0,0.0,0.055,440000.0,126500.0,566500.0,5,False,False,A Delpech,A S Cruz,126,1262,11,3,1:35.50,99.0,https://racing.hkjc.com/en-us/local/information/otherhorse?horseid=HK_2002_C084&Option=1,2026-09-04T13:18:53Z,https://racing.hkjc.com/en-us/local/information/archive/localresults?racedate=2006/01/22&racecourse=ST&RaceNo=8
ST_20060122_R08_HK_2003_D163,ST_20060122_R08,2006-01-22,ST,Sha Tin,8,339,THE STEWARDS' CUP,3YO+,1600,,GOOD TO FIRM,TURF,"TURF - ""B+2"" Course",8000000,14,HK_2003_D163,10,PERFECT PARTNER,CD163,AUS,Southern,,117,117,Bay,Gelding,Quest For Fame,Stockings,Whiskey Road Same,0,0,0,0,0,0.0,0.0,0.0,0.0,0.0,0.0,6,False,False,O Doleuze,A S Cruz,126,1178,12,3,1:35.50,25.0,https://racing.hkjc.com/en-us/local/information/otherhorse?horseid=HK_2003_D163&Option=1,2026-09-04T16:23:14Z,https://racing.hkjc.com/en-us/local/information/archive/localresults?racedate=2006/01/22&racecourse=ST&RaceNo=8
ST_20060122_R08_HK_2003_D164,ST_20060122_R08,2006-01-22,ST,Sha Tin,8,339,THE STEWARDS' CUP,3YO+,1600,,GOOD TO FIRM,TURF,"TURF - ""B+2"" Course",8000000,14,HK_2003_D164,14,WEALTHY,CD164,AUS,Southern,,112,112,Bay,Gelding,Danehill,Alpine Spirit,Kenmare Same,0,0,0,0,0,0.0,0.0,0.0,0.0,0.0,0.0,7,False,False,R Fradd,C H Yip,126,1008,2,3,1:35.60,22.0,https://racing.hkjc.com/en-us/local/information/otherhorse?horseid=HK_2003_D164&Option=1,2026-09-04T16:23:17Z,https://racing.hkjc.com/en-us/local/information/archive/localresults?racedate=2006/01/22&racecourse=ST&RaceNo=8
ST_20060122_R08_HK_2002_C155,ST_20060122_R08,2006-01-22,ST,Sha Tin,8,339,THE STEWARDS' CUP,3YO+,1600,,GOOD TO FIRM,TURF,"TURF - ""B+2"" Course",8000000,14,HK_2002_C155,1,BULLISH LUCK,CC155,USA,Northern,,125,124,Bay,Gelding,Royal Academy,Wild Vintage,Alysheba Same,0,0,0,0,0,0.0,0.0,0.0,0.0,0.0,0.0,8,False,False,F Coetzee,A S Cruz,126,1233,5,3-1/2,1:35.60,2.9,https://racing.hkjc.com/en-us/local/information/otherhorse?horseid=HK_2002_C155&Option=1,2026-09-04T16:23:20Z,https://racing.hkjc.com/en-us/local/information/archive/localresults?racedate=2006/01/22&racecourse=ST&RaceNo=8
ST_20060122_R08_HK_2003_D155,ST_20060122_R08,2006-01-22,ST,Sha Tin,8,339,THE STEWARDS' CUP,3YO+,1600,,GOOD TO FIRM,TURF,"TURF - ""B+2"" Course",8000000,14,HK_2003_D155,5,TIBER,CD155,IRE,Northern,,123,122,Bay / Brown,Gelding,Titus Livius,Exciting,Mill Reef Same,0,0,0,0,0,0.0,0.0,0.0,0.0,0.0,0.0,9,False,False,E Saint-Martin,J Moore,126,1073,14,4,1:35.70,11.0,https://racing.hkjc.com/en-us/local/information/otherhorse?horseid=HK_2003_D155&Option=1,2026-09-04T16:23:23Z,https://racing.hkjc.com/en-us/local/information/archive/localresults?racedate=2006/01/22&racecourse=ST&RaceNo=8
ST_20060122_R08_HK_2002_C305,ST_20060122_R08,2006-01-22,ST,Sha Tin,8,339,THE STEWARDS' CUP,3YO+,1600,,GOOD TO FIRM,TURF,"TURF - ""B+2"" Course",8000000,14,HK_2002_C305,3,SUPER KID,CC305,NZ,Southern,,123,121,Bay,Horse,Gaius,Pompeii Pride,Pompeii Court Same,0,0,0,0,0,0.0,0.0,0.0,0.0,0.0,0.0,10,False,False,G Schofield,J Moore,126,1182,1,4-1/4,1:35.70,47.0,https://racing.hkjc.com/en-us/local/information/otherhorse?horseid=HK_2002_C305&Option=1,2026-09-04T16:23:25Z,https://racing.hkjc.com/en-us/local/information/archive/localresults?racedate=2006/01/22&racecourse=ST&RaceNo=8
ST_20060122_R08_HK_2004_E072,ST_20060122_R08,2006-01-22,ST,Sha Tin,8,339,THE STEWARDS' CUP,3YO+,1600,,GOOD TO FIRM,TURF,"TURF - ""B+2"" Course",8000000,14,HK_2004_E072,13,FOKINE,CE072,USA,Northern,,112,112,Bay / Brown,Horse,Royal Academy,Polar Bird,Thatching Same,1,0,1,0,1,0.0,1.0,0.0,0.0,483000.0,483000.0,11,False,False,C Brown,A S Cruz,126,1010,3,5-1/2,1:35.90,31.0,https://racing.hkjc.com/en-us/local/information/otherhorse?horseid=HK_2004_E072&Option=1,2026-09-04T13:18:45Z,https://racing.hkjc.com/en-us/local/information/archive/localresults?racedate=2006/01/22&racecourse=ST&RaceNo=8
ST_20060122_R08_HK_2003_D154,ST_20060122_R08,2006-01-22,ST,Sha Tin,8,339,THE STEWARDS' CUP,3YO+,1600,,GOOD TO FIRM,TURF,"TURF - ""B+2"" Course",8000000,14,HK_2003_D154,11,SATURN,CD154,IRE,Northern,,114,113,Bay,Gelding,Marju,Delphinus,Soviet Star Same,0,0,0,0,0,0.0,0.0,0.0,0.0,0.0,0.0,12,False,False,S Sanders,C Fownes,126,1072,4,5-1/2,1:36.00,72.0,https://racing.hkjc.com/en-us/local/information/otherhorse?horseid=HK_2003_D154&Option=1,2026-09-04T16:23:28Z,https://racing.hkjc.com/en-us/local/information/archive/localresults?racedate=2006/01/22&racecourse=ST&RaceNo=8
ST_20060122_R08_HK_2003_D317,ST_20060122_R08,2006-01-22,ST,Sha Tin,8,339,THE STEWARDS' CUP,3YO+,1600,,GOOD TO FIRM,TURF,"TURF - ""B+2"" Course",8000000,14,HK_2003_D317,9,HIGH INTELLIGENT,CD317,AUS,Southern,,118,117,Brown,Gelding,Anabaa,Party Dancer,Party Leader Same,1,0,0,0,0,0.0,0.0,0.0,0.0,0.0,0.0,13,False,False,C Munce,J Size,126,1180,9,6-1/4,1:36.10,18.0,https://racing.hkjc.com/en-us/local/information/otherhorse?horseid=HK_2003_D317&Option=1,2026-09-04T13:18:56Z,https://racing.hkjc.com/en-us/local/information/archive/localresults?racedate=2006/01/22&racecourse=ST&RaceNo=8
ST_20060122_R08_HK_2003_D225,ST_20060122_R08,2006-01-22,ST,Sha Tin,8,339,THE STEWARDS' CUP,3YO+,1600,,GOOD TO FIRM,TURF,"TURF - ""B+2"" Course",8000000,14,HK_2003_D225,8,GREEN TREASURE,CD225,AUS,Southern,,118,118,Bay,Gelding,Danehill,Sitella,Shirley Heights Same,0,0,0,0,0,0.0,0.0,0.0,0.0,0.0,0.0,14,False,False,Y T Cheng,D Cruz,126,1152,6,6-1/2,1:36.10,23.0,https://racing.hkjc.com/en-us/local/information/otherhorse?horseid=HK_2003_D225&Option=1,2026-09-04T16:23:31Z,https://racing.hkjc.com/en-us/local/information/archive/localresults?racedate=2006/01/22&racecourse=ST&RaceNo=8
ST_20060122_R09_HK_2003_D323,ST_20060122_R09,2006-01-22,ST,Sha Tin,9,340,FAIRY KING PRAWN HANDICAP,2,2000,100-80,GOOD TO FIRM,TURF,"TURF - ""B+2"" Course",1000000,13,HK_2003_D323,11,CLEAN SWEEP,CD323,AUS,Southern,,85.0,92.0,Bay,Gelding,End Sweep,Reigning Belle,Military Plume Same,1,0,0,1,1,0.0,1.0,0.56,560000.0,115000.0,675000.0,1.0,True,True,C Munce,J Size,117,1062.0,5.0,---,2:03.10,13.0,https://racing.hkjc.com/en-us/local/information/otherhorse?horseid=HK_2003_D323&Option=1,2026-09-04T15:30:32Z,https://racing.hkjc.com/en-us/local/information/archive/localresults?racedate=2006/01/22&racecourse=ST&RaceNo=9
ST_20060122_R09_HK_2000_A171,ST_20060122_R09,2006-01-22,ST,Sha Tin,9,340,FAIRY KING PRAWN HANDICAP,2,2000,100-80,GOOD TO FIRM,TURF,"TURF - ""B+2"" Course",1000000,13,HK_2000_A171,1,LUCKSWELL,CA171,NZ,Southern,,99,100,Chestnut,Gelding,Senor Pete,Pink Melody,Stop The Music Same,0,0,0,0,0,0.0,0.0,0.21,210000.0,0.0,210000.0,2.0,False,True,E Saint-Martin,J Moore,131,1051.0,11.0,1-3/4,2:03.30,24.0,https://racing.hkjc.com/en-us/local/information/otherhorse?horseid=HK_2000_A171&Option=1,2026-09-04T16:23:37Z,https://racing.hkjc.com/en-us/local/information/archive/localresults?racedate=2006/01/22&racecourse=ST&RaceNo=9
ST_20060122_R09_HK_2003_D100,ST_20060122_R09,2006-01-22,ST,Sha Tin,9,340,FAIRY KING PRAWN HANDICAP,2,2000,100-80,GOOD TO FIRM,TURF,"TURF - ""B+2"" Course",1000000,13,HK_2003_D100,10,FUJI SUNRISE,CD100,AUS,Southern,,86,86,Brown,Gelding,Fuji Kiseki,Emma's Affair,Daybreak Lover Same,1,1,0,0,1,1.0,1.0,0.115,115000.0,420000.0,535000.0,3.0,False,True,R Fradd,D J Hall,118,1099.0,6.0,2-1/4,2:03.40,3.3,https://racing.hkjc.com/en-us/local/information/otherhorse?horseid=HK_2003_D100&Option=1,2026-09-04T13:19:12Z,https://racing.hkjc.com/en-us/local/information/archive/localresults?racedate=2006/01/22&racecourse=ST&RaceNo=9
ST_20060122_R09_HK_2001_B413,ST_20060122_R09,2006-01-22,ST,Sha Tin,9,340,FAIRY KING PRAWN HANDICAP,2,2000,100-80,GOOD TO FIRM,TURF,"TURF - ""B+2"" Course",1000000,13,HK_2001_B413,9,MIGHTY HUGO,CB413,NZ,Southern,,89,88,Bay,Gelding,Zabeel,She Might Hula,Caucasus Same,0,0,0,0,0,0.0,0.0,0.06,60000.0,0.0,60000.0,4.0,False,False,C Brown,J Size,121,1182.0,8.0,2-1/2,2:03.50,30.0,https://racing.hkjc.com/en-us/local/information/otherhorse?horseid=HK_2001_B413&Option=1,2026-09-04T13:53:01Z,https://racing.hkjc.com/en-us/local/information/archive/localresults?racedate=2006/01/22&racecourse=ST&RaceNo=9
ST_20060122_R09_HK_2003_D202,ST_20060122_R09,2006-01-22,ST,Sha Tin,9,340,FAIRY KING PRAWN HANDICAP,2,2000,100-80,GOOD TO FIRM,TURF,"TURF - ""B+2"" Course",1000000,13,HK_2003_D202,13,COURAGEOUSHEART,CD202,AUS,Southern,,81.0,82.0,Chestnut,Gelding,Bianconi,Claiborne,Sir Tristram Same,1,0,0,0,0,0.0,0.0,0.055,55000.0,0.0,55000.0,5.0,False,False,A Delpech,J Moore,115,1103.0,1.0,2-3/4,2:03.50,14.0,https://racing.hkjc.com/en-us/local/information/otherhorse?horseid=HK_2003_D202&Option=1,2026-09-04T15:31:03Z,https://racing.hkjc.com/en-us/local/information/archive/localresults?racedate=2006/01/22&racecourse=ST&RaceNo=9
ST_20060122_R09_HK_2003_D388,ST_20060122_R09,2006-01-22,ST,Sha Tin,9,340,FAIRY KING PRAWN HANDICAP,2,2000,100-80,GOOD TO FIRM,TURF,"TURF - ""B+2"" Course",1000000,13,HK_2003_D388,12,SYLLABUS,CD388,GB,Northern,,84,84,Bay,Gelding,Sillery,Corvalent,Busted Same,0,0,0,0,0,0.0,0.0,0.0,0.0,0.0,0.0,6.0,False,False,D Whyte,D E Ferraris,116,1153.0,9.0,5-1/2,2:03.90,2.7,https://racing.hkjc.com/en-us/local/information/otherhorse?horseid=HK_2003_D388&Option=1,2026-09-04T16:23:40Z,https://racing.hkjc.com/en-us/local/information/archive/localresults?racedate=2006/01/22&racecourse=ST&RaceNo=9
ST_20060122_R09_HK_2003_D165,ST_20060122_R09,2006-01-22,ST,Sha Tin,9,340,FAIRY KING PRAWN HANDICAP,2,2000,100-80,GOOD TO FIRM,TURF,"TURF - ""B+2"" Course",1000000,13,HK_2003_D165,6,DR WELL,CD165,AUS,Southern,,94,93,Bay,Gelding,Danehill,Tamarind Tree,Last Tycoon Same,1,0,0,0,0,0.0,0.0,0.0,0.0,0.0,0.0,7.0,False,False,G Schofield,J Size,126,1094.0,2.0,6-1/2,2:04.10,8.2,https://racing.hkjc.com/en-us/local/information/otherhorse?horseid=HK_2003_D165&Option=1,2026-09-04T16:02:33Z,https://racing.hkjc.com/en-us/local/information/archive/localresults?racedate=2006/01/22&racecourse=ST&RaceNo=9
ST_20060122_R09_HK_2002_C345,ST_20060122_R09,2006-01-22,ST,Sha Tin,9,340,FAIRY KING PRAWN HANDICAP,2,2000,100-80,GOOD TO FIRM,TURF,"TURF - ""B+2"" Course",1000000,13,HK_2002_C345,3,LIBERAL'S CHOICE,CC345,AUS,Southern,,98,98,Bay,Gelding,Danewin,Another Choice,March Legend Same,1,0,1,0,1,0.0,1.0,0.0,0.0,336000.0,336000.0,8.0,False,False,O Doleuze,J Size,130,1031.0,4.0,7-3/4,2:04.30,20.0,https://racing.hkjc.com/en-us/local/information/otherhorse?horseid=HK_2002_C345&Option=1,2026-09-04T15:13:04Z,https://racing.hkjc.com/en-us/local/information/archive/localresults?racedate=2006/01/22&racecourse=ST&RaceNo=9
ST_20060122_R09_HK_2003_D293,ST_20060122_R09,2006-01-22,ST,Sha Tin,9,340,FAIRY KING PRAWN HANDICAP,2,2000,100-80,GOOD TO FIRM,TURF,"TURF - ""B+2"" Course",1000000,13,HK_2003_D293,8,NORTHERNER,CD293,FR,Northern,,91,90,Grey,Gelding,Loup Solitaire,Northern Mixa,Linamix Same,1,0,0,0,0,0.0,0.0,0.0,0.0,60000.0,60000.0,9.0,False,False,S Sanders,S Woods,123,959.0,10.0,9-3/4,2:04.60,14.0,https://racing.hkjc.com/en-us/local/information/otherhorse?horseid=HK_2003_D293&Option=1,2026-09-04T15:30:40Z,https://racing.hkjc.com/en-us/local/information/archive/localresults?racedate=2006/01/22&racecourse=ST&RaceNo=9
ST_20060122_R09_HK_2001_B343,ST_20060122_R09,2006-01-22,ST,Sha Tin,9,340,FAIRY KING PRAWN HANDICAP,2,2000,100-80,GOOD TO FIRM,TURF,"TURF - ""B+2"" Course",1000000,13,HK_2001_B343,2,PRETTY TRIO,CB343,AUS,Southern,,99.0,98,Bay,Gelding,Woodman,Crystal Palace,Palace Music Same,1,0,0,0,0,0.0,0.0,0.0,0.0,0.0,0.0,10.0,False,False,G Mosse,A Lee,131,1120.0,7.0,12-1/2,2:05.00,23.0,https://racing.hkjc.com/en-us/local/information/otherhorse?horseid=HK_2001_B343&Option=1,2026-09-04T15:13:22Z,https://racing.hkjc.com/en-us/local/information/archive/localresults?racedate=2006/01/22&racecourse=ST&RaceNo=9
ST_20060122_R09_HK_2002_C317,ST_20060122_R09,2006-01-22,ST,Sha Tin,9,340,FAIRY KING PRAWN HANDICAP,2,2000,100-80,GOOD TO FIRM,TURF,"TURF - ""B+2"" Course",1000000,13,HK_2002_C317,7,INDUSTRIAL SUCCESS,CC317,IRE,Northern,,93,93,Bay,Gelding,Bering,Fantastic Flame,Generous Same,1,0,0,0,0,0.0,0.0,0.0,0.0,0.0,0.0,11.0,False,False,Y T Cheng,C H Yip,123,1064.0,3.0,20,2:06.20,31.0,https://racing.hkjc.com/en-us/local/information/otherhorse?horseid=HK_2002_C317&Option=1,2026-09-04T15:13:31Z,https://racing.hkjc.com/en-us/local/information/archive/localresults?racedate=2006/01/22&racecourse=ST&RaceNo=9
ST_20060122_R09_HK_2003_D052,ST_20060122_R09,2006-01-22,ST,Sha Tin,9,340,FAIRY KING PRAWN HANDICAP,2,2000,100-80,GOOD TO FIRM,TURF,"TURF - ""B+2"" Course",1000000,13,HK_2003_D052,4,NILOMETER,CD052,FR,Northern,,95,95,Bay,Gelding,Machiavellian,Zakota,Polish Precedent Same,0,0,0,0,0,0.0,0.0,0.0,0.0,0.0,0.0,,False,False,F Coetzee,A S Cruz,127,,,---,---,,https://racing.hkjc.com/en-us/local/information/otherhorse?horseid=HK_2003_D052&Option=1,2026-09-04T13:54:39Z,https://racing.hkjc.com/en-us/local/information/archive/localresults?racedate=2006/01/22&racecourse=ST&RaceNo=9
ST_20060122_R09_HK_2004_E174,ST_20060122_R09,2006-01-22,ST,Sha Tin,9,340,FAIRY KING PRAWN HANDICAP,2,2000,100-80,GOOD TO FIRM,TURF,"TURF - ""B+2"" Course",1000000,13,HK_2004_E174,5,CALIFORNIASUNSHINE,CE174,ARG,Southern,,94,91,Bay,Gelding,Mont Laurier,Now Bordeaux,Bordeaux Bob Same,0,0,0,0,0,0.0,0.0,0.0,0.0,0.0,0.0,,False,False,C Soumillon,A S Cruz,126,,,---,---,,https://racing.hkjc.com/en-us/local/information/otherhorse?horseid=HK_2004_E174&Option=1,2026-09-04T16:23:42Z,https://racing.hkjc.com/en-us/local/information/archive/localresults?racedate=2006/01/22&racecourse=ST&RaceNo=9
ST_20060122_R10_HK_2002_C176,ST_20060122_R10,2006-01-22,ST,Sha Tin,10,341,RESFA HANDICAP,3,1800,80-60,GOOD TO FIRM,TURF,"TURF - ""B+2"" Course",750000,14,HK_2002_C176,5,MASTERY,CC176,AUS,Southern,,75,81,Chestnut,Gelding,Woodman,Ladybird Blue,Bluebird Same,0,0,0,0,0,0.0,0.0,0.56,420000.0,0.0,420000.0,1,True,True,C Munce,A T Millard,127,1134,10,---,1:49.60,19.0,https://racing.hkjc.com/en-us/local/information/otherhorse?horseid=HK_2002_C176&Option=1,2026-09-04T16:23:52Z,https://racing.hkjc.com/en-us/local/information/archive/localresults?racedate=2006/01/22&racecourse=ST&RaceNo=10
ST_20060122_R10_HK_2004_E001,ST_20060122_R10,2006-01-22,ST,Sha Tin,10,341,RESFA HANDICAP,3,1800,80-60,GOOD TO FIRM,TURF,"TURF - ""B+2"" Course",750000,14,HK_2004_E001,2,GREENESSY,CE001,AUS,Southern,,77,80,Chestnut,Gelding,Hennessy,Romantic River,Irish River Same,1,0,0,1,1,0.0,1.0,0.21,157500.0,86250.0,243750.0,2,False,True,C Soumillon,D Cruz,129,1113,8,N,1:49.70,4.2,https://racing.hkjc.com/en-us/local/information/otherhorse?horseid=HK_2004_E001&Option=1,2026-09-04T13:19:17Z,https://racing.hkjc.com/en-us/local/information/archive/localresults?racedate=2006/01/22&racecourse=ST&RaceNo=10
ST_20060122_R10_HK_2004_E285,ST_20060122_R10,2006-01-22,ST,Sha Tin,10,341,RESFA HANDICAP,3,1800,80-60,GOOD TO FIRM,TURF,"TURF - ""B+2"" Course",750000,14,HK_2004_E285,9,ELECTRONICS SPUR,CE285,NZ,Southern,,72,74,Chestnut,Gelding,Flying Spur,Hasty Bird,Bluebird Same,0,0,0,0,0,0.0,0.0,0.115,86250.0,0.0,86250.0,3,False,True,F Coetzee,A S Cruz,124,1034,13,1,1:49.80,4.9,https://racing.hkjc.com/en-us/local/information/otherhorse?horseid=HK_2004_E285&Option=1,2026-09-04T16:23:55Z,https://racing.hkjc.com/en-us/local/information/archive/localresults?racedate=2006/01/22&racecourse=ST&RaceNo=10
ST_20060122_R10_HK_2003_D365,ST_20060122_R10,2006-01-22,ST,Sha Tin,10,341,RESFA HANDICAP,3,1800,80-60,GOOD TO FIRM,TURF,"TURF - ""B+2"" Course",750000,14,HK_2003_D365,1,GOLD STRIKER,CD365,NZ,Southern,,80,81,Brown,Gelding,Faltaat,Lady Centaine,Centaine Same,1,0,0,0,0,0.0,0.0,0.06,45000.0,45000.0,90000.0,4,False,False,D Whyte,J Size,132,1268,5,1-1/4,1:49.80,6.6,https://racing.hkjc.com/en-us/local/information/otherhorse?horseid=HK_2003_D365&Option=1,2026-09-04T15:29:54Z,https://racing.hkjc.com/en-us/local/information/archive/localresults?racedate=2006/01/22&racecourse=ST&RaceNo=10
ST_20060122_R10_HK_2004_E012,ST_20060122_R10,2006-01-22,ST,Sha Tin,10,341,RESFA HANDICAP,3,1800,80-60,GOOD TO FIRM,TURF,"TURF - ""B+2"" Course",750000,14,HK_2004_E012,7,TIME SUPREME,CE012,NZ,Southern,,75,75,Bay,Gelding,O'Reilly,Brilliant Victory,Brilliant Invader Same,0,0,0,0,0,0.0,0.0,0.055,41250.0,0.0,41250.0,5,False,False,O Doleuze,C H Yip,127,1039,12,1-3/4,1:49.90,3.1,https://racing.hkjc.com/en-us/local/information/otherhorse?horseid=HK_2004_E012&Option=1,2026-09-04T16:23:58Z,https://racing.hkjc.com/en-us/local/information/archive/localresults?racedate=2006/01/22&racecourse=ST&RaceNo=10
ST_20060122_R10_HK_2004_E336,ST_20060122_R10,2006-01-22,ST,Sha Tin,10,341,RESFA HANDICAP,3,1800,80-60,GOOD TO FIRM,TURF,"TURF - ""B+2"" Course",750000,14,HK_2004_E336,10,MY LANSON,CE336,NZ,Southern,,69,68,Chestnut,Gelding,Woodbury Lad,Stompi,Guns Of Navarone Same,0,0,0,0,0,0.0,0.0,0.0,0.0,0.0,0.0,6,False,False,A Delpech,J Moore,121,1146,4,3-3/4,1:50.20,15.0,https://racing.hkjc.com/en-us/local/information/otherhorse?horseid=HK_2004_E336&Option=1,2026-09-04T16:24:01Z,https://racing.hkjc.com/en-us/local/information/archive/localresults?racedate=2006/01/22&racecourse=ST&RaceNo=10
ST_20060122_R10_HK_2001_B310,ST_20060122_R10,2006-01-22,ST,Sha Tin,10,341,RESFA HANDICAP,3,1800,80-60,GOOD TO FIRM,TURF,"TURF - ""B+2"" Course",750000,14,HK_2001_B310,6,SEASONS TREASURE,CB310,AUS,Southern,,75,74,Chestnut,Gelding,Sky Classic,Diamond Coast,Coastal Same,0,0,0,0,0,0.0,0.0,0.0,0.0,0.0,0.0,7,False,False,R Fradd,C W Chang,127,1053,3,4,1:50.30,39.0,https://racing.hkjc.com/en-us/local/information/otherhorse?horseid=HK_2001_B310&Option=1,2026-09-04T16:24:04Z,https://racing.hkjc.com/en-us/local/information/archive/localresults?racedate=2006/01/22&racecourse=ST&RaceNo=10
ST_20060122_R10_HK_2001_B239,ST_20060122_R10,2006-01-22,ST,Sha Tin,10,341,RESFA HANDICAP,3,1800,80-60,GOOD TO FIRM,TURF,"TURF - ""B+2"" Course",750000,14,HK_2001_B239,14,THUNDER MAN,CB239,AUS,Southern,,62.0,61.0,Bay,Gelding,Thunder Gulch,Poetique,Our Poetic Prince Same,0,0,0,0,0,0.0,0.0,0.0,0.0,0.0,0.0,8,False,False,C K Tong,C Fownes,104,1064,9,5,1:50.40,69.0,https://racing.hkjc.com/en-us/local/information/otherhorse?horseid=HK_2001_B239&Option=1,2026-09-04T13:53:29Z,https://racing.hkjc.com/en-us/local/information/archive/localresults?racedate=2006/01/22&racecourse=ST&RaceNo=10
ST_20060122_R10_HK_2002_C063,ST_20060122_R10,2006-01-22,ST,Sha Tin,10,341,RESFA HANDICAP,3,1800,80-60,GOOD TO FIRM,TURF,"TURF - ""B+2"" Course",750000,14,HK_2002_C063,3,KIDDYLAND,CC063,FR,Northern,,77,77,Grey,Gelding,Linamix,Keraka,Storm Bird Same,1,0,0,1,1,0.0,1.0,0.0,0.0,86250.0,86250.0,9,False,False,C W Wong,D J Hall,119,1135,7,6-1/2,1:50.70,61.0,https://racing.hkjc.com/en-us/local/information/otherhorse?horseid=HK_2002_C063&Option=1,2026-09-04T15:12:35Z,https://racing.hkjc.com/en-us/local/information/archive/localresults?racedate=2006/01/22&racecourse=ST&RaceNo=10
ST_20060122_R10_HK_2001_B325,ST_20060122_R10,2006-01-22,ST,Sha Tin,10,341,RESFA HANDICAP,3,1800,80-60,GOOD TO FIRM,TURF,"TURF - ""B+2"" Course",750000,14,HK_2001_B325,13,MEMBERS GLORY,CB325,NZ,Southern,,62,62,Chestnut,Gelding,Deputy Governor,Miss Tris,Sackford Same,0,0,0,0,0,0.0,0.0,0.0,0.0,0.0,0.0,10,False,False,G Schofield,K W Lui,116,1109,11,8,1:50.90,19.0,https://racing.hkjc.com/en-us/local/information/otherhorse?horseid=HK_2001_B325&Option=1,2026-09-04T16:24:07Z,https://racing.hkjc.com/en-us/local/information/archive/localresults?racedate=2006/01/22&racecourse=ST&RaceNo=10
ST_20060122_R10_HK_2004_E143,ST_20060122_R10,2006-01-22,ST,Sha Tin,10,341,RESFA HANDICAP,3,1800,80-60,GOOD TO FIRM,TURF,"TURF - ""B+2"" Course",750000,14,HK_2004_E143,11,MEATH,CE143,IRE,Northern,,66,63,Bay,Gelding,Sadler's Wells,Twyla,Habitat Same,0,0,0,0,0,0.0,0.0,0.0,0.0,0.0,0.0,11,False,False,C Brown,Y S Tsui,119,1032,14,8-1/2,1:51.00,99.0,https://racing.hkjc.com/en-us/local/information/otherhorse?horseid=HK_2004_E143&Option=1,2026-09-04T16:24:10Z,https://racing.hkjc.com/en-us/local/information/archive/localresults?racedate=2006/01/22&racecourse=ST&RaceNo=10
ST_20060122_R10_HK_2003_D234,ST_20060122_R10,2006-01-22,ST,Sha Tin,10,341,RESFA HANDICAP,3,1800,80-60,GOOD TO FIRM,TURF,"TURF - ""B+2"" Course",750000,14,HK_2003_D234,12,CONNOISSEUR'S LOVE,CD234,IRE,Northern,,64,62,Chestnut,Gelding,Halling,Heart's Harmony,Blushing Groom Same,0,0,0,0,0,0.0,0.0,0.0,0.0,0.0,0.0,12,False,False,Y T Cheng,D Oughton,114,966,2,8-3/4,1:51.00,41.0,https://racing.hkjc.com/en-us/local/information/otherhorse?horseid=HK_2003_D234&Option=1,2026-09-04T16:24:12Z,https://racing.hkjc.com/en-us/local/information/archive/localresults?racedate=2006/01/22&racecourse=ST&RaceNo=10
ST_20060122_R10_HK_2004_E291,ST_20060122_R10,2006-01-22,ST,Sha Tin,10,341,RESFA HANDICAP,3,1800,80-60,GOOD TO FIRM,TURF,"TURF - ""B+2"" Course",750000,14,HK_2004_E291,4,PILLOW KING,CE291,GER,Northern,,77,74,Chestnut,Gelding,Big Shuffle,Katah,Arazi Same,1,0,0,0,0,0.0,0.0,0.0,0.0,0.0,0.0,13,False,False,S Sanders,S Woods,129,1047,6,9,1:51.10,70.0,https://racing.hkjc.com/en-us/local/information/otherhorse?horseid=HK_2004_E291&Option=1,2026-09-04T13:19:28Z,https://racing.hkjc.com/en-us/local/information/archive/localresults?racedate=2006/01/22&racecourse=ST&RaceNo=10
ST_20060122_R10_HK_2005_G081,ST_20060122_R10,2006-01-22,ST,Sha Tin,10,341,RESFA HANDICAP,3,1800,80-60,GOOD TO FIRM,TURF,"TURF - ""B+2"" Course",750000,14,HK_2005_G081,8,TACTIC KING,CG081,NZ,Southern,,74,72,Bay,Gelding,Zabeel,Afleet Floozie,Afleet Same,1,0,0,0,0,0.0,0.0,0.0,0.0,0.0,0.0,14,False,False,E Saint-Martin,D E Ferraris,126,1136,1,9-3/4,1:51.20,32.0,https://racing.hkjc.com/en-us/local/information/otherhorse?horseid=HK_2005_G081&Option=1,2026-09-04T15:30:21Z,https://racing.hkjc.com/en-us/local/information/archive/localresults?racedate=2006/01/22&racecourse=ST&RaceNo=10
ST_20060125_R01_HK_2003_D063,ST_20060125_R01,2006-01-25,ST,Sha Tin,1,342,YUE MAN HANDICAP,5,1200,40-15,GOOD,ALL WEATHER TRACK,ALL WEATHER TRACK,450000,12,HK_2003_D063,12,CITY GLORY,CD063,NZ,Southern,,16,25,Bay,Gelding,Kashani,Pirouette,Dance Floor Same,1,0,0,0,0,0.0,0.0,0.56,252000.0,0.0,252000.0,1,True,True,H K Yim,A T Millard,111,1163,3,---,1:09.90,36.0,https://racing.hkjc.com/en-us/local/information/otherhorse?horseid=HK_2003_D063&Option=1,2026-09-04T15:25:43Z,https://racing.hkjc.com/en-us/local/information/archive/localresults?racedate=2006/01/25&racecourse=ST&RaceNo=1
ST_20060125_R01_HK_2003_D191,ST_20060125_R01,2006-01-25,ST,Sha Tin,1,342,YUE MAN HANDICAP,5,1200,40-15,GOOD,ALL WEATHER TRACK,ALL WEATHER TRACK,450000,12,HK_2003_D191,10,NATURAL MODEL,CD191,SAF,Southern,,30,30,Bay / Brown,Gelding,Model Man,Seraphic Song,Harry Hotspur Same,1,0,0,0,0,0.0,0.0,0.21,94500.0,0.0,94500.0,2,False,True,C Soumillon,D E Ferraris,124,1024,4,2-1/4,1:10.30,5.3,https://racing.hkjc.com/en-us/local/information/otherhorse?horseid=HK_2003_D191&Option=1,2026-09-04T15:25:37Z,https://racing.hkjc.com/en-us/local/information/archive/localresults?racedate=2006/01/25&racecourse=ST&RaceNo=1
ST_20060125_R01_HK_2003_D264,ST_20060125_R01,2006-01-25,ST,Sha Tin,1,342,YUE MAN HANDICAP,5,1200,40-15,GOOD,ALL WEATHER TRACK,ALL WEATHER TRACK,450000,12,HK_2003_D264,1,GOLDEN MILE,CD264,USA,Northern,,38,38,Bay / Brown,Gelding,Honor Grades,Poage's Landing,Herat Same,0,0,0,0,0,0.0,0.0,0.115,51750.0,0.0,51750.0,3,False,True,C K Tong,C Fownes,122,1043,2,2-1/4,1:10.30,2.8,https://racing.hkjc.com/en-us/local/information/otherhorse?horseid=HK_2003_D264&Option=1,2026-09-04T16:31:32Z,https://racing.hkjc.com/en-us/local/information/archive/localresults?racedate=2006/01/25&racecourse=ST&RaceNo=1
ST_20060125_R01_HK_2002_C094,ST_20060125_R01,2006-01-25,ST,Sha Tin,1,342,YUE MAN HANDICAP,5,1200,40-15,GOOD,ALL WEATHER TRACK,ALL WEATHER TRACK,450000,12,HK_2002_C094,3,SILLY BOY,CC094,AUS,Southern,,37,35,Chestnut,Gelding,Secret Savings,Jodetta,New Regent Same,1,0,0,0,0,0.0,0.0,0.06,27000.0,0.0,27000.0,4,False,False,S Dye,C S Shum,131,1223,7,11-1/2,1:11.80,7.7,https://racing.hkjc.com/en-us/local/information/otherhorse?horseid=HK_2002_C094&Option=1,2026-09-04T15:46:19Z,https://racing.hkjc.com/en-us/local/information/archive/localresults?racedate=2006/01/25&racecourse=ST&RaceNo=1
ST_20060125_R01_HK_2004_E248,ST_20060125_R01,2006-01-25,ST,Sha Tin,1,342,YUE MAN HANDICAP,5,1200,40-15,GOOD,ALL WEATHER TRACK,ALL WEATHER TRACK,450000,12,HK_2004_E248,6,NAUGHTY BOY,CE248,NZ,Southern,,33,20,Chestnut,Gelding,Woodborough,Operating Cost,Northjet Same,0,0,0,0,0,0.0,0.0,0.055,24750.0,0.0,24750.0,5,False,False,O Doleuze,T K Ng,127,1181,5,12,1:11.80,61.0,https://racing.hkjc.com/en-us/local/information/otherhorse?horseid=HK_2004_E248&Option=1,2026-09-04T16:31:35Z,https://racing.hkjc.com/en-us/local/information/archive/localresults?racedate=2006/01/25&racecourse=ST&RaceNo=1
ST_20060125_R01_HK_2004_E025,ST_20060125_R01,2006-01-25,ST,Sha Tin,1,342,YUE MAN HANDICAP,5,1200,40-15,GOOD,ALL WEATHER TRACK,ALL WEATHER TRACK,450000,12,HK_2004_E025,4,CONSTELLATION,CE025,AUS,Southern,,35,35,Chestnut,Gelding,General Nediym,Petagina,Perugino Same,1,0,0,0,0,0.0,0.0,0.0,0.0,27000.0,27000.0,6,False,False,D Whyte,J Moore,129,1200,12,12-3/4,1:12.00,10.0,https://racing.hkjc.com/en-us/local/information/otherhorse?horseid=HK_2004_E025&Option=1,2026-09-04T15:46:10Z,https://racing.hkjc.com/en-us/local/information/archive/localresults?racedate=2006/01/25&racecourse=ST&RaceNo=1
ST_20060125_R01_HK_2003_D342,ST_20060125_R01,2006-01-25,ST,Sha Tin,1,342,YUE MAN HANDICAP,5,1200,40-15,GOOD,ALL WEATHER TRACK,ALL WEATHER TRACK,450000,12,HK_2003_D342,2,TURF GOLD,CD342,AUS,Southern,,38,36,Bay,Gelding,Danzero,Elegant Beauty,Sir Tristram Same,1,0,0,0,0,0.0,0.0,0.0,0.0,0.0,0.0,7,False,False,H W Lai,L Ho,125,1056,1,12-3/4,1:12.00,10.0,https://racing.hkjc.com/en-us/local/information/otherhorse?horseid=HK_2003_D342&Option=1,2026-09-04T13:50:53Z,https://racing.hkjc.com/en-us/local/information/archive/localresults?racedate=2006/01/25&racecourse=ST&RaceNo=1
ST_20060125_R01_HK_2000_A025,ST_20060125_R01,2006-01-25,ST,Sha Tin,1,342,YUE MAN HANDICAP,5,1200,40-15,GOOD,ALL WEATHER TRACK,ALL WEATHER TRACK,450000,12,HK_2000_A025,5,MAXIMUM JOY,CA025,USA,Northern,,35.0,34.0,Bay,Gelding,Absent Russian,Only Dance,Premiership Same,1,0,0,1,1,0.0,1.0,0.0,0.0,51750.0,51750.0,8,False,False,A Delpech,T W Leung,129,1096,9,12-3/4,1:12.00,9.4,https://racing.hkjc.com/en-us/local/information/otherhorse?horseid=HK_2000_A025&Option=1,2026-09-04T15:25:29Z,https://racing.hkjc.com/en-us/local/information/archive/localresults?racedate=2006/01/25&racecourse=ST&RaceNo=1
ST_20060125_R01_HK_2003_D392,ST_20060125_R01,2006-01-25,ST,Sha Tin,1,342,YUE MAN HANDICAP,5,1200,40-15,GOOD,ALL WEATHER TRACK,ALL WEATHER TRACK,450000,12,HK_2003_D392,7,TOURELLE LAD,CD392,AUS,Southern,,32,30,Brown,Colt,Flying Spur,La Tourelle,Poacher's Moon Same,0,0,0,0,0,0.0,0.0,0.0,0.0,0.0,0.0,9,False,False,F Coetzee,A S Cruz,126,1260,6,13-1/4,1:12.10,8.8,https://racing.hkjc.com/en-us/local/information/otherhorse?horseid=HK_2003_D392&Option=1,2026-09-04T16:31:37Z,https://racing.hkjc.com/en-us/local/information/archive/localresults?racedate=2006/01/25&racecourse=ST&RaceNo=1
ST_20060125_R01_HK_2002_C222,ST_20060125_R01,2006-01-25,ST,Sha Tin,1,342,YUE MAN HANDICAP,5,1200,40-15,GOOD,ALL WEATHER TRACK,ALL WEATHER TRACK,450000,12,HK_2002_C222,8,CHING HOI BOY,CC222,NZ,Southern,,31.0,31.0,Bay,Gelding,Danasinga,La Cent,Centaine Same,1,0,0,0,0,0.0,0.0,0.0,0.0,0.0,0.0,10,False,False,S K Sit,Y S Tsui,122,1068,10,15-1/4,1:12.40,60.0,https://racing.hkjc.com/en-us/local/information/otherhorse?horseid=HK_2002_C222&Option=1,2026-09-04T13:16:33Z,https://racing.hkjc.com/en-us/local/information/archive/localresults?racedate=2006/01/25&racecourse=ST&RaceNo=1
ST_20060125_R01_HK_2003_D345,ST_20060125_R01,2006-01-25,ST,Sha Tin,1,342,YUE MAN HANDICAP,5,1200,40-15,GOOD,ALL WEATHER TRACK,ALL WEATHER TRACK,450000,12,HK_2003_D345,9,BRAINIEST,CD345,NZ,Southern,,30,27,Bay / Brown,Gelding,Centaine,Valentine Girl,Zephyr Ace Same,1,0,0,0,0,0.0,0.0,0.0,0.0,0.0,0.0,11,False,False,S Sanders,D Oughton,124,1133,8,18-1/4,1:12.80,31.0,https://racing.hkjc.com/en-us/local/information/otherhorse?horseid=HK_2003_D345&Option=1,2026-09-04T13:15:17Z,https://racing.hkjc.com/en-us/local/information/archive/localresults?racedate=2006/01/25&racecourse=ST&RaceNo=1
ST_20060125_R01_HK_2003_D070,ST_20060125_R01,2006-01-25,ST,Sha Tin,1,342,YUE MAN HANDICAP,5,1200,40-15,GOOD,ALL WEATHER TRACK,ALL WEATHER TRACK,450000,12,HK_2003_D070,11,WING FOOT,CD070,AUS,Southern,,29,27,Bay,Gelding,Woodman,Sister Canny,Bletchingly Same,1,0,0,0,0,0.0,0.0,0.0,0.0,0.0,0.0,12,False,False,G Mosse,A Lee,123,1031,11,27-1/4,1:14.30,20.0,https://racing.hkjc.com/en-us/local/information/otherhorse?horseid=HK_2003_D070&Option=1,2026-09-04T13:15:07Z,https://racing.hkjc.com/en-us/local/information/archive/localresults?racedate=2006/01/25&racecourse=ST&RaceNo=1
ST_20060125_R02_HK_2003_D064,ST_20060125_R02,2006-01-25,ST,Sha Tin,2,343,TSUN YIP HANDICAP,4,1200,60-40,GOOD,ALL WEATHER TRACK,ALL WEATHER TRACK,570000,12,HK_2003_D064,3,SUPER BALL,CD064,NZ,Southern,,59,65,Chestnut,Gelding,Kashani,So Soon,So Vain Same,1,0,0,0,0,0.0,0.0,0.56,319200.0,0.0,319200.0,1,True,True,F Coetzee,C W Chang,132,1165,2,---,1:10.20,8.0,https://racing.hkjc.com/en-us/local/information/otherhorse?horseid=HK_2003_D064&Option=1,2026-09-04T13:53:20Z,https://racing.hkjc.com/en-us/local/information/archive/localresults?racedate=2006/01/25&racecourse=ST&RaceNo=2
ST_20060125_R02_HK_2003_D027,ST_20060125_R02,2006-01-25,ST,Sha Tin,2,343,TSUN YIP HANDICAP,4,1200,60-40,GOOD,ALL WEATHER TRACK,ALL WEATHER TRACK,570000,12,HK_2003_D027,8,TROPHY,CD027,NZ,Southern,,50,52,Bay,Gelding,Unbridled's Song,Trisha's Belle,Sir Tristram Same,1,0,0,0,0,0.0,0.0,0.21,119700.0,0.0,119700.0,2,False,True,S Sanders,S Woods,123,1067,4,1,1:10.40,14.0,https://racing.hkjc.com/en-us/local/information/otherhorse?horseid=HK_2003_D027&Option=1,2026-09-04T13:15:52Z,https://racing.hkjc.com/en-us/local/information/archive/localresults?racedate=2006/01/25&racecourse=ST&RaceNo=2
ST_20060125_R02_HK_2004_E050,ST_20060125_R02,2006-01-25,ST,Sha Tin,2,343,TSUN YIP HANDICAP,4,1200,60-40,GOOD,ALL WEATHER TRACK,ALL WEATHER TRACK,570000,12,HK_2004_E050,1,HAPPY MASTER,CE050,NZ,Southern,,60,61,Chestnut,Gelding,Green Perfume,Snuff,Deputy Governor Same,1,0,0,0,0,0.0,0.0,0.115,65550.0,41250.0,106800.0,3,False,True,D Whyte,K L Man,133,1038,1,1-1/2,1:10.40,5.7,https://racing.hkjc.com/en-us/local/information/otherhorse?horseid=HK_2004_E050&Option=1,2026-09-04T15:26:14Z,https://racing.hkjc.com/en-us/local/information/archive/localresults?racedate=2006/01/25&racecourse=ST&RaceNo=2
ST_20060125_R02_HK_2004_E299,ST_20060125_R02,2006-01-25,ST,Sha Tin,2,343,TSUN YIP HANDICAP,4,1200,60-40,GOOD,ALL WEATHER TRACK,ALL WEATHER TRACK,570000,12,HK_2004_E299,5,SURE JOY,CE299,AUS,Southern,,55,55,Brown,Gelding,Rustic Amber,Bare Offer,True Version Same,0,0,0,0,0,0.0,0.0,0.06,34200.0,0.0,34200.0,4,False,False,C Munce,C H Yip,128,1227,5,3-1/4,1:10.70,3.4,https://racing.hkjc.com/en-us/local/information/otherhorse?horseid=HK_2004_E299&Option=1,2026-09-04T16:31:43Z,https://racing.hkjc.com/en-us/local/information/archive/localresults?racedate=2006/01/25&racecourse=ST&RaceNo=2
ST_20060125_R02_HK_2002_C255,ST_20060125_R02,2006-01-25,ST,Sha Tin,2,343,TSUN YIP HANDICAP,4,1200,60-40,GOOD,ALL WEATHER TRACK,ALL WEATHER TRACK,570000,12,HK_2002_C255,4,DOUCAI,CC255,NZ,Southern,,56,54,Bay,Gelding,Woodborough,Regal Flirt,Vice Regal Same,0,0,0,0,0,0.0,0.0,0.055,31350.0,0.0,31350.0,5,False,False,O Doleuze,T W Leung,129,1104,8,3-1/2,1:10.80,19.0,https://racing.hkjc.com/en-us/local/information/otherhorse?horseid=HK_2002_C255&Option=1,2026-09-04T16:31:46Z,https://racing.hkjc.com/en-us/local/information/archive/localresults?racedate=2006/01/25&racecourse=ST&RaceNo=2
ST_20060125_R02_HK_2005_G045,ST_20060125_R02,2006-01-25,ST,Sha Tin,2,343,TSUN YIP HANDICAP,4,1200,60-40,GOOD,ALL WEATHER TRACK,ALL WEATHER TRACK,570000,12,HK_2005_G045,7,ACTIVE VALOUR,CG045,AUS,Southern,,52,53,Bay,Gelding,Dangerous,Precious Few,Will Dancer Same,2,0,0,1,1,0.0,0.5,0.0,0.0,65550.0,65550.0,6,False,False,R Fradd,B K Ng,125,1029,3,3-3/4,1:10.80,5.3,https://racing.hkjc.com/en-us/local/information/otherhorse?horseid=HK_2005_G045&Option=1,2026-09-04T15:46:50Z,https://racing.hkjc.com/en-us/local/information/archive/localresults?racedate=2006/01/25&racecourse=ST&RaceNo=2
ST_20060125_R02_HK_2002_C324,ST_20060125_R02,2006-01-25,ST,Sha Tin,2,343,TSUN YIP HANDICAP,4,1200,60-40,GOOD,ALL WEATHER TRACK,ALL WEATHER TRACK,570000,12,HK_2002_C324,10,SMART CHAMPION,CC324,NZ,Southern,,48,38,Grey,Gelding,O'Reilly,Habania,Habat Same,2,0,0,0,0,0.0,0.0,0.0,0.0,0.0,0.0,7,False,False,C Soumillon,T K Ng,121,1200,6,4-1/4,1:10.90,8.9,https://racing.hkjc.com/en-us/local/information/otherhorse?horseid=HK_2002_C324&Option=1,2026-09-04T13:17:06Z,https://racing.hkjc.com/en-us/local/information/archive/localresults?racedate=2006/01/25&racecourse=ST&RaceNo=2
ST_20060125_R02_HK_2004_E305,ST_20060125_R02,2006-01-25,ST,Sha Tin,2,343,TSUN YIP HANDICAP,4,1200,60-40,GOOD,ALL WEATHER TRACK,ALL WEATHER TRACK,570000,12,HK_2004_E305,9,KAISER'S CHOIX,CE305,NZ,Southern,,48,46,Bay,Gelding,Kashani,Asalingi,Clay Hero Same,1,0,0,0,0,0.0,0.0,0.0,0.0,31350.0,31350.0,8,False,False,C K Tong,C Fownes,111,1068,7,12,1:12.10,20.0,https://racing.hkjc.com/en-us/local/information/otherhorse?horseid=HK_2004_E305&Option=1,2026-09-04T13:15:38Z,https://racing.hkjc.com/en-us/local/information/archive/localresults?racedate=2006/01/25&racecourse=ST&RaceNo=2
ST_20060125_R02_HK_2004_E109,ST_20060125_R02,2006-01-25,ST,Sha Tin,2,343,TSUN YIP HANDICAP,4,1200,60-40,GOOD,ALL WEATHER TRACK,ALL WEATHER TRACK,570000,12,HK_2004_E109,12,CROISSANT,CE109,AUS,Southern,,40,38,Chestnut,Gelding,Hurricane Sky,Musical Orbit,Palace Music Same,0,0,0,0,0,0.0,0.0,0.0,0.0,0.0,0.0,9,False,False,A Delpech,J Size,114,1085,11,13,1:12.30,16.0,https://racing.hkjc.com/en-us/local/information/otherhorse?horseid=HK_2004_E109&Option=1,2026-09-04T16:31:48Z,https://racing.hkjc.com/en-us/local/information/archive/localresults?racedate=2006/01/25&racecourse=ST&RaceNo=2
ST_20060125_R02_HK_2002_C111,ST_20060125_R02,2006-01-25,ST,Sha Tin,2,343,TSUN YIP HANDICAP,4,1200,60-40,GOOD,ALL WEATHER TRACK,ALL WEATHER TRACK,570000,12,HK_2002_C111,6,SHARE THE FUN,CC111,JPN,Northern,,54.0,51.0,Bay,Gelding,Afleet,Yachabo Girl,Maruzensky Same,0,0,0,0,0,0.0,0.0,0.0,0.0,0.0,0.0,10,False,False,C Brown,Y S Tsui,127,1146,10,13-3/4,1:12.40,57.0,https://racing.hkjc.com/en-us/local/information/otherhorse?horseid=HK_2002_C111&Option=1,2026-09-04T16:31:51Z,https://racing.hkjc.com/en-us/local/information/archive/localresults?racedate=2006/01/25&racecourse=ST&RaceNo=2
ST_20060125_R02_HK_2002_C079,ST_20060125_R02,2006-01-25,ST,Sha Tin,2,343,TSUN YIP HANDICAP,4,1200,60-40,GOOD,ALL WEATHER TRACK,ALL WEATHER TRACK,570000,12,HK_2002_C079,11,AMBITION,CC079,AUS,Southern,,44,42,Bay,Gelding,Rodrigo de Triano,Fabulous Rule,Mining Same,1,0,0,1,1,0.0,1.0,0.0,0.0,65550.0,65550.0,11,False,False,Y T Cheng,K W Lui,115,1066,12,19,1:13.20,30.0,https://racing.hkjc.com/en-us/local/information/otherhorse?horseid=HK_2002_C079&Option=1,2026-09-04T13:15:33Z,https://racing.hkjc.com/en-us/local/information/archive/localresults?racedate=2006/01/25&racecourse=ST&RaceNo=2
ST_20060125_R02_HK_2003_D380,ST_20060125_R02,2006-01-25,ST,Sha Tin,2,343,TSUN YIP HANDICAP,4,1200,60-40,GOOD,ALL WEATHER TRACK,ALL WEATHER TRACK,570000,12,HK_2003_D380,2,PLENTY OF HEART,CD380,AUS,Southern,,59,59,Bay,Gelding,Scenic,Marloo,Palace Music Same,0,0,0,0,0,0.0,0.0,0.0,0.0,0.0,0.0,12,False,False,S Dye,C S Shum,132,1201,9,ML,,24.0,https://racing.hkjc.com/en-us/local/information/otherhorse?horseid=HK_2003_D380&Option=1,2026-09-04T16:31:54Z,https://racing.hkjc.com/en-us/local/information/archive/localresults?racedate=2006/01/25&racecourse=ST&RaceNo=2
ST_20060125_R03_HK_2004_E242,ST_20060125_R03,2006-01-25,ST,Sha Tin,3,344,HUNG TO HANDICAP,4,1400,60-40,GOOD,TURF,"TURF - ""C"" Course",570000,14,HK_2004_E242,1,QUEST FOR LOVE,CE242,AUS,Southern,,56,61,Bay,Gelding,Quest For Fame,Ad Astra,Red Anchor Same,0,0,0,0,0,0.0,0.0,0.56,319200.0,0.0,319200.0,1,True,True,E Saint-Martin,D E Ferraris,131,1037,8,---,1:22.90,4.9,https://racing.hkjc.com/en-us/local/information/otherhorse?horseid=HK_2004_E242&Option=1,2026-09-04T16:31:59Z,https://racing.hkjc.com/en-us/local/information/archive/localresults?racedate=2006/01/25&racecourse=ST&RaceNo=3
ST_20060125_R03_HK_2001_B357,ST_20060125_R03,2006-01-25,ST,Sha Tin,3,344,HUNG TO HANDICAP,4,1400,60-40,GOOD,TURF,"TURF - ""C"" Course",570000,14,HK_2001_B357,13,FIRST KNIGHT,CB357,AUS,Southern,,42.0,45.0,Bay,Gelding,Ascot Knight,Rose Of St Jude,St Jude Same,2,0,0,1,1,0.0,0.5,0.21,119700.0,96900.0,216600.0,2,False,True,C Munce,S Woods,117,1160,12,SH,1:22.90,8.7,https://racing.hkjc.com/en-us/local/information/otherhorse?horseid=HK_2001_B357&Option=1,2026-09-04T16:01:11Z,https://racing.hkjc.com/en-us/local/information/archive/localresults?racedate=2006/01/25&racecourse=ST&RaceNo=3
ST_20060125_R03_HK_2001_B293,ST_20060125_R03,2006-01-25,ST,Sha Tin,3,344,HUNG TO HANDICAP,4,1400,60-40,GOOD,TURF,"TURF - ""C"" Course",570000,14,HK_2001_B293,3,UNIVERSAL PIONEER,CB293,USA,Northern,,54.0,54,Bay,Gelding,Quiet American,To Be A Lover,The Minstrel Same,1,0,0,1,1,0.0,1.0,0.115,65550.0,65550.0,131100.0,3,False,True,C Soumillon,J Moore,129,1139,5,1-1/2,1:23.10,3.8,https://racing.hkjc.com/en-us/local/information/otherhorse?horseid=HK_2001_B293&Option=1,2026-09-04T15:59:12Z,https://racing.hkjc.com/en-us/local/information/archive/localresults?racedate=2006/01/25&racecourse=ST&RaceNo=3
ST_20060125_R03_HK_2004_E035,ST_20060125_R03,2006-01-25,ST,Sha Tin,3,344,HUNG TO HANDICAP,4,1400,60-40,GOOD,TURF,"TURF - ""C"" Course",570000,14,HK_2004_E035,7,IRISH GEM,CE035,IRE,Northern,,50.0,50,Bay,Gelding,Intikhab,Time For A Wedding,Manila Same,0,0,0,0,0,0.0,0.0,0.06,34200.0,0.0,34200.0,4,False,False,C W Wong,C H Yip,115,1281,10,1-3/4,1:23.20,10.0,https://racing.hkjc.com/en-us/local/information/otherhorse?horseid=HK_2004_E035&Option=1,2026-09-04T16:32:02Z,https://racing.hkjc.com/en-us/local/information/archive/localresults?racedate=2006/01/25&racecourse=ST&RaceNo=3
ST_20060125_R03_HK_2001_B180,ST_20060125_R03,2006-01-25,ST,Sha Tin,3,344,HUNG TO HANDICAP,4,1400,60-40,GOOD,TURF,"TURF - ""C"" Course",570000,14,HK_2001_B180,8,FLASH HARRY,CB180,IRE,Northern,,48.0,47.0,Bay,Gelding,Danehill,Mahabba,Elocutionist Same,0,0,0,0,0,0.0,0.0,0.055,31350.0,0.0,31350.0,5,False,False,C Brown,D Cruz,123,1111,1,2,1:23.20,19.0,https://racing.hkjc.com/en-us/local/information/otherhorse?horseid=HK_2001_B180&Option=1,2026-09-04T16:32:05Z,https://racing.hkjc.com/en-us/local/information/archive/localresults?racedate=2006/01/25&racecourse=ST&RaceNo=3
ST_20060125_R03_HK_2003_D230,ST_20060125_R03,2006-01-25,ST,Sha Tin,3,344,HUNG TO HANDICAP,4,1400,60-40,GOOD,TURF,"TURF - ""C"" Course",570000,14,HK_2003_D230,6,SOLDIER ON,CD230,AUS,Southern,,51,51,Chestnut,Gelding,Hennessy,Consular Belle,Pro Consul Same,0,0,0,0,0,0.0,0.0,0.0,0.0,0.0,0.0,6,False,False,S Dye,C S Shum,126,1062,7,2-1/4,1:23.30,14.0,https://racing.hkjc.com/en-us/local/information/otherhorse?horseid=HK_2003_D230&Option=1,2026-09-04T16:32:08Z,https://racing.hkjc.com/en-us/local/information/archive/localresults?racedate=2006/01/25&racecourse=ST&RaceNo=3
ST_20060125_R03_HK_2001_B303,ST_20060125_R03,2006-01-25,ST,Sha Tin,3,344,HUNG TO HANDICAP,4,1400,60-40,GOOD,TURF,"TURF - ""C"" Course",570000,14,HK_2001_B303,14,GIDDY KIPPER,CB303,GB,Northern,,42.0,40.0,Chestnut,Gelding,Polar Falcon,Emaline,Empery Same,1,0,0,0,0,0.0,0.0,0.0,0.0,0.0,0.0,7,False,False,M W Leung,P O'Sullivan,112,1006,4,3-1/4,1:23.40,82.0,https://racing.hkjc.com/en-us/local/information/otherhorse?horseid=HK_2001_B303&Option=1,2026-09-04T16:01:17Z,https://racing.hkjc.com/en-us/local/information/archive/localresults?racedate=2006/01/25&racecourse=ST&RaceNo=3
ST_20060125_R03_HK_2004_E105,ST_20060125_R03,2006-01-25,ST,Sha Tin,3,344,HUNG TO HANDICAP,4,1400,60-40,GOOD,TURF,"TURF - ""C"" Course",570000,14,HK_2004_E105,5,RACING SPIRIT,CE105,AUS,Southern,,53,51,Brown,Gelding,Commands,Dashed,Success Express Same,1,0,0,0,0,0.0,0.0,0.0,0.0,0.0,0.0,8,False,False,F Coetzee,K W Lui,128,1042,3,4-3/4,1:23.60,10.0,https://racing.hkjc.com/en-us/local/information/otherhorse?horseid=HK_2004_E105&Option=1,2026-09-04T15:25:04Z,https://racing.hkjc.com/en-us/local/information/archive/localresults?racedate=2006/01/25&racecourse=ST&RaceNo=3
ST_20060125_R03_HK_2001_B116,ST_20060125_R03,2006-01-25,ST,Sha Tin,3,344,HUNG TO HANDICAP,4,1400,60-40,GOOD,TURF,"TURF - ""C"" Course",570000,14,HK_2001_B116,9,NATIVE LANGUAGE,CB116,NZ,Southern,,45,43,Bay,Gelding,Royal Academy,Audencia,Arazi Same,0,0,0,0,0,0.0,0.0,0.0,0.0,0.0,0.0,9,False,False,G Mosse,C Fownes,120,1034,14,4-3/4,1:23.70,11.0,https://racing.hkjc.com/en-us/local/information/otherhorse?horseid=HK_2001_B116&Option=1,2026-09-04T16:32:11Z,https://racing.hkjc.com/en-us/local/information/archive/localresults?racedate=2006/01/25&racecourse=ST&RaceNo=3
ST_20060125_R03_HK_2001_B165,ST_20060125_R03,2006-01-25,ST,Sha Tin,3,344,HUNG TO HANDICAP,4,1400,60-40,GOOD,TURF,"TURF - ""C"" Course",570000,14,HK_2001_B165,2,EUPHORIC KID,CB165,NZ,Southern,,54.0,54.0,Bay,Gelding,Flying Spur,Vaguely Famous,Famous Star Same,1,0,0,1,1,0.0,1.0,0.0,0.0,65550.0,65550.0,10,False,False,D Whyte,D J Hall,129,1069,6,6,1:23.80,8.4,https://racing.hkjc.com/en-us/local/information/otherhorse?horseid=HK_2001_B165&Option=1,2026-09-04T15:46:35Z,https://racing.hkjc.com/en-us/local/information/archive/localresults?racedate=2006/01/25&racecourse=ST&RaceNo=3
ST_20060125_R03_HK_2003_D009,ST_20060125_R03,2006-01-25,ST,Sha Tin,3,344,HUNG TO HANDICAP,4,1400,60-40,GOOD,TURF,"TURF - ""C"" Course",570000,14,HK_2003_D009,10,COULDN'T CARE LESS,CD009,IRE,Northern,,42.0,39.0,Grey,Gelding,Marju,Chamonis,Affirmed Same,1,0,0,0,0,0.0,0.0,0.0,0.0,0.0,0.0,11,False,False,S K Sit,Y S Tsui,114,1072,13,7,1:24.00,53.0,https://racing.hkjc.com/en-us/local/information/otherhorse?horseid=HK_2003_D009&Option=1,2026-09-04T15:11:45Z,https://racing.hkjc.com/en-us/local/information/archive/localresults?racedate=2006/01/25&racecourse=ST&RaceNo=3
ST_20060125_R03_HK_2002_C118,ST_20060125_R03,2006-01-25,ST,Sha Tin,3,344,HUNG TO HANDICAP,4,1400,60-40,GOOD,TURF,"TURF - ""C"" Course",570000,14,HK_2002_C118,4,KING PALM,CC118,AUS,Southern,,53,51,Bay,Gelding,Barathea,Follow The Fashion,Sir Tristram Same,1,0,0,0,0,0.0,0.0,0.0,0.0,0.0,0.0,12,False,False,C K Tong,Y O Wong,118,1188,2,7-3/4,1:24.10,20.0,https://racing.hkjc.com/en-us/local/information/otherhorse?horseid=HK_2002_C118&Option=1,2026-09-04T15:46:53Z,https://racing.hkjc.com/en-us/local/information/archive/localresults?racedate=2006/01/25&racecourse=ST&RaceNo=3
ST_20060125_R03_HK_2004_E063,ST_20060125_R03,2006-01-25,ST,Sha Tin,3,344,HUNG TO HANDICAP,4,1400,60-40,GOOD,TURF,"TURF - ""C"" Course",570000,14,HK_2004_E063,12,EXHILARATION,CE063,AUS,Southern,,42.0,39,Bay,Gelding,Danehill Dancer,Mighty Angel,Paris Prince Same,0,0,0,0,0,0.0,0.0,0.0,0.0,0.0,0.0,13,False,False,Y T Cheng,C W Chang,115,1231,11,29-3/4,1:27.50,81.0,https://racing.hkjc.com/en-us/local/information/otherhorse?horseid=HK_2004_E063&Option=1,2026-09-04T16:32:14Z,https://racing.hkjc.com/en-us/local/information/archive/localresults?racedate=2006/01/25&racecourse=ST&RaceNo=3
ST_20060125_R03_HK_2002_C366,ST_20060125_R03,2006-01-25,ST,Sha Tin,3,344,HUNG TO HANDICAP,4,1400,60-40,GOOD,TURF,"TURF - ""C"" Course",570000,14,HK_2002_C366,11,DARTER,CC366,NZ,Southern,,42,42,Bay,Gelding,Mellifont,Magic,Noble Bijou Same,1,0,0,0,0,0.0,0.0,0.0,0.0,0.0,0.0,14,False,False,R Fradd,B K Ng,118,1279,9,44-3/4,1:29.90,42.0,https://racing.hkjc.com/en-us/local/information/otherhorse?horseid=HK_2002_C366&Option=1,2026-09-04T15:58:58Z,https://racing.hkjc.com/en-us/local/information/archive/localresults?racedate=2006/01/25&racecourse=ST&RaceNo=3
ST_20060125_R04_HK_2003_D396,ST_20060125_R04,2006-01-25,ST,Sha Tin,4,345,TSUN YIP HANDICAP,4,1200,60-40,GOOD,ALL WEATHER TRACK,ALL WEATHER TRACK,570000,12,HK_2003_D396,10,STRAWBERRY KISSES,CD396,NZ,Southern,,46,58,Bay,Gelding,Sandtrap,Regal Moon,Creese Same,0,0,0,0,0,0.0,0.0,0.56,319200.0,0.0,319200.0,1,True,True,M W Leung,A T Millard,111,1170,2,---,1:09.50,4.8,https://racing.hkjc.com/en-us/local/information/otherhorse?horseid=HK_2003_D396&Option=1,2026-09-04T16:32:19Z,https://racing.hkjc.com/en-us/local/information/archive/localresults?racedate=2006/01/25&racecourse=ST&RaceNo=4
ST_20060125_R04_HK_2004_E007,ST_20060125_R04,2006-01-25,ST,Sha Tin,4,345,TSUN YIP HANDICAP,4,1200,60-40,GOOD,ALL WEATHER TRACK,ALL WEATHER TRACK,570000,12,HK_2004_E007,6,RED STORM RISING,CE007,NZ,Southern,,54,54,Bay,Gelding,Faltaat,Enrichment,Straight Strike Same,1,0,0,0,0,0.0,0.0,0.21,119700.0,34200.0,153900.0,2,False,True,C Munce,P O'Sullivan,124,1084,10,5-1/2,1:10.40,5.9,https://racing.hkjc.com/en-us/local/information/otherhorse?horseid=HK_2004_E007&Option=1,2026-09-04T15:46:38Z,https://racing.hkjc.com/en-us/local/information/archive/localresults?racedate=2006/01/25&racecourse=ST&RaceNo=4
ST_20060125_R04_HK_2003_D116,ST_20060125_R04,2006-01-25,ST,Sha Tin,4,345,TSUN YIP HANDICAP,4,1200,60-40,GOOD,ALL WEATHER TRACK,ALL WEATHER TRACK,570000,12,HK_2003_D116,1,ENRICHING,CD116,ARG,Southern,,60,60,Chestnut,Gelding,Lord Hailey,Victory Girl,Tough Critic Same,0,0,0,0,0,0.0,0.0,0.115,65550.0,0.0,65550.0,3,False,True,C Soumillon,C H Yip,130,1213,4,6-3/4,1:10.50,14.0,https://racing.hkjc.com/en-us/local/information/otherhorse?horseid=HK_2003_D116&Option=1,2026-09-04T16:32:22Z,https://racing.hkjc.com/en-us/local/information/archive/localresults?racedate=2006/01/25&racecourse=ST&RaceNo=4
ST_20060125_R04_HK_2001_B375,ST_20060125_R04,2006-01-25,ST,Sha Tin,4,345,TSUN YIP HANDICAP,4,1200,60-40,GOOD,ALL WEATHER TRACK,ALL WEATHER TRACK,570000,12,HK_2001_B375,2,FAST TRACK,CB375,NZ,Southern,,59,57,Bay,Gelding,Faltaat,Questionmark,Famous Star Same,0,0,0,0,0,0.0,0.0,0.06,34200.0,0.0,34200.0,4,False,False,S Dye,C Fownes,129,1120,9,9-3/4,1:11.00,9.7,https://racing.hkjc.com/en-us/local/information/otherhorse?horseid=HK_2001_B375&Option=1,2026-09-04T16:32:25Z,https://racing.hkjc.com/en-us/local/information/archive/localresults?racedate=2006/01/25&racecourse=ST&RaceNo=4
ST_20060125_R04_HK_2000_A273,ST_20060125_R04,2006-01-25,ST,Sha Tin,4,345,TSUN YIP HANDICAP,4,1200,60-40,GOOD,ALL WEATHER TRACK,ALL WEATHER TRACK,570000,12,HK_2000_A273,4,COMPANION,CA273,IRE,Northern,,57.0,54.0,Bay,Gelding,Danehill,Sedra,Nebbiolo Same,1,0,0,0,0,0.0,0.0,0.055,31350.0,0.0,31350.0,5,False,False,K S Yu,T K Ng,124,1149,3,10,1:11.10,63.0,https://racing.hkjc.com/en-us/local/information/otherhorse?horseid=HK_2000_A273&Option=1,2026-09-04T15:12:24Z,https://racing.hkjc.com/en-us/local/information/archive/localresults?racedate=2006/01/25&racecourse=ST&RaceNo=4
ST_20060125_R04_HK_2001_B338,ST_20060125_R04,2006-01-25,ST,Sha Tin,4,345,TSUN YIP HANDICAP,4,1200,60-40,GOOD,ALL WEATHER TRACK,ALL WEATHER TRACK,570000,12,HK_2001_B338,12,WIN FORTUNE,CB338,NZ,Southern,,43.0,41.0,Chestnut,Gelding,Senor Pete,Steingrubler,Zabeel Same,0,0,0,0,0,0.0,0.0,0.0,0.0,0.0,0.0,6,False,False,Y T Cheng,B K Ng,112,1153,7,11-1/4,1:11.30,9.5,https://racing.hkjc.com/en-us/local/information/otherhorse?horseid=HK_2001_B338&Option=1,2026-09-04T16:32:28Z,https://racing.hkjc.com/en-us/local/information/archive/localresults?racedate=2006/01/25&racecourse=ST&RaceNo=4
ST_20060125_R04_HK_2001_B001,ST_20060125_R04,2006-01-25,ST,Sha Tin,4,345,TSUN YIP HANDICAP,4,1200,60-40,GOOD,ALL WEATHER TRACK,ALL WEATHER TRACK,570000,12,HK_2001_B001,7,CHAMP DE UNION,CB001,GER,Northern,,53,50,Bay,Gelding,Emarati,See Me Well,Common Grounds Same,0,0,0,0,0,0.0,0.0,0.0,0.0,0.0,0.0,7,False,False,A Delpech,D E Ferraris,123,1095,1,11-3/4,1:11.30,24.0,https://racing.hkjc.com/en-us/local/information/otherhorse?horseid=HK_2001_B001&Option=1,2026-09-04T16:32:31Z,https://racing.hkjc.com/en-us/local/information/archive/localresults?racedate=2006/01/25&racecourse=ST&RaceNo=4
ST_20060125_R04_HK_2001_B132,ST_20060125_R04,2006-01-25,ST,Sha Tin,4,345,TSUN YIP HANDICAP,4,1200,60-40,GOOD,ALL WEATHER TRACK,ALL WEATHER TRACK,570000,12,HK_2001_B132,11,WIN HUNTER,CB132,AUS,Southern,,45,45,Grey,Gelding,Lion Hunter,Palace Fox,Palace Music Same,0,0,0,0,0,0.0,0.0,0.0,0.0,0.0,0.0,8,False,False,R Fradd,C W Chang,117,1058,12,11-3/4,1:11.30,16.0,https://racing.hkjc.com/en-us/local/information/otherhorse?horseid=HK_2001_B132&Option=1,2026-09-04T16:32:34Z,https://racing.hkjc.com/en-us/local/information/archive/localresults?racedate=2006/01/25&racecourse=ST&RaceNo=4
ST_20060125_R04_HK_2005_G016,ST_20060125_R04,2006-01-25,ST,Sha Tin,4,345,TSUN YIP HANDICAP,4,1200,60-40,GOOD,ALL WEATHER TRACK,ALL WEATHER TRACK,570000,12,HK_2005_G016,8,TERRAFERMA,CG016,NZ,Southern,,50,48,Bay,Gelding,O'Reilly,Significant,Masterclass Same,1,0,0,0,0,0.0,0.0,0.0,0.0,0.0,0.0,9,False,False,C Brown,J Moore,120,1154,5,12,1:11.40,6.4,https://racing.hkjc.com/en-us/local/information/otherhorse?horseid=HK_2005_G016&Option=1,2026-09-04T13:15:44Z,https://racing.hkjc.com/en-us/local/information/archive/localresults?racedate=2006/01/25&racecourse=ST&RaceNo=4
ST_20060125_R04_HK_2000_A381,ST_20060125_R04,2006-01-25,ST,Sha Tin,4,345,TSUN YIP HANDICAP,4,1200,60-40,GOOD,ALL WEATHER TRACK,ALL WEATHER TRACK,570000,12,HK_2000_A381,3,CHOICE AND CHANCE,CA381,AUS,Southern,,58,61,Bay,Gelding,Supremo,Daisy Bates,Danehill Same,1,0,1,0,1,0.0,1.0,0.0,0.0,119700.0,119700.0,10,False,False,E Saint-Martin,T W Leung,128,1104,11,16-3/4,1:12.20,14.0,https://racing.hkjc.com/en-us/local/information/otherhorse?horseid=HK_2000_A381&Option=1,2026-09-04T16:21:11Z,https://racing.hkjc.com/en-us/local/information/archive/localresults?racedate=2006/01/25&racecourse=ST&RaceNo=4
ST_20060125_R04_HK_2003_D243,ST_20060125_R04,2006-01-25,ST,Sha Tin,4,345,TSUN YIP HANDICAP,4,1200,60-40,GOOD,ALL WEATHER TRACK,ALL WEATHER TRACK,570000,12,HK_2003_D243,5,PERSEVERANCE,CD243,AUS,Southern,,55,53,Bay,Gelding,Langfuhr,Lady Marita,Lord Dudley Same,1,0,0,0,0,0.0,0.0,0.0,0.0,31350.0,31350.0,11,False,False,H W Lai,L Ho,118,1060,8,17-1/4,1:12.30,13.0,https://racing.hkjc.com/en-us/local/information/otherhorse?horseid=HK_2003_D243&Option=1,2026-09-04T15:28:08Z,https://racing.hkjc.com/en-us/local/information/archive/localresults?racedate=2006/01/25&racecourse=ST&RaceNo=4
ST_20060125_R04_HK_2000_A174,ST_20060125_R04,2006-01-25,ST,Sha Tin,4,345,TSUN YIP HANDICAP,4,1200,60-40,GOOD,ALL WEATHER TRACK,ALL WEATHER TRACK,570000,12,HK_2000_A174,9,SOUTH CHINA NINETY,CA174,GB,Northern,,48.0,46.0,Bay,Gelding,Charnwood Forest,Sadly Sober,Roi Danzig Same,0,0,0,0,0,0.0,0.0,0.0,0.0,0.0,0.0,12,False,False,D Whyte,D J Hall,118,1167,6,17-3/4,1:12.30,6.8,https://racing.hkjc.com/en-us/local/information/otherhorse?horseid=HK_2000_A174&Option=1,2026-09-04T16:32:37Z,https://racing.hkjc.com/en-us/local/information/archive/localresults?racedate=2006/01/25&racecourse=ST&RaceNo=4
ST_20060125_R05_HK_2003_D055,ST_20060125_R05,2006-01-25,ST,Sha Tin,5,346,SHING YIP HANDICAP,3,1400,80-60,GOOD,TURF,"TURF - ""C"" Course",750000,14,HK_2003_D055,14,SPARKLING STAR,CD055,AUS,Southern,,61,66,Chestnut,Gelding,Defecting Dancer,Surprise Box,Daumier Same,1,0,0,0,0,0.0,0.0,0.56,420000.0,0.0,420000.0,1,True,True,S K Sit,Y S Tsui,110,1128,7,---,1:22.10,21.0,https://racing.hkjc.com/en-us/local/information/otherhorse?horseid=HK_2003_D055&Option=1,2026-09-04T13:54:11Z,https://racing.hkjc.com/en-us/local/information/archive/localresults?racedate=2006/01/25&racecourse=ST&RaceNo=5
ST_20060125_R05_HK_2005_G108,ST_20060125_R05,2006-01-25,ST,Sha Tin,5,346,SHING YIP HANDICAP,3,1400,80-60,GOOD,TURF,"TURF - ""C"" Course",750000,14,HK_2005_G108,5,ABLE ONE,CG108,NZ,Southern,,71,74,Bay,Gelding,Cape Cross,Gardenia,Danehill Same,0,0,0,0,0,0.0,0.0,0.21,157500.0,0.0,157500.0,2,False,True,S Sanders,J Moore,123,1144,3,SH,1:22.20,4.6,https://racing.hkjc.com/en-us/local/information/otherhorse?horseid=HK_2005_G108&Option=1,2026-09-04T16:32:42Z,https://racing.hkjc.com/en-us/local/information/archive/localresults?racedate=2006/01/25&racecourse=ST&RaceNo=5
ST_20060125_R05_HK_2004_E254,ST_20060125_R05,2006-01-25,ST,Sha Tin,5,346,SHING YIP HANDICAP,3,1400,80-60,GOOD,TURF,"TURF - ""C"" Course",750000,14,HK_2004_E254,9,WINNING REWARD,CE254,IRE,Northern,,67,70,Chestnut,Gelding,Cadeaux Genereux,Fernanda,Be My Chief Same,1,0,0,1,1,0.0,1.0,0.115,86250.0,86250.0,172500.0,3,False,True,C Soumillon,K W Lui,120,1035,13,N,1:22.20,3.9,https://racing.hkjc.com/en-us/local/information/otherhorse?horseid=HK_2004_E254&Option=1,2026-09-04T15:29:51Z,https://racing.hkjc.com/en-us/local/information/archive/localresults?racedate=2006/01/25&racecourse=ST&RaceNo=5
ST_20060125_R05_HK_2005_G064,ST_20060125_R05,2006-01-25,ST,Sha Tin,5,346,SHING YIP HANDICAP,3,1400,80-60,GOOD,TURF,"TURF - ""C"" Course",750000,14,HK_2005_G064,4,HAWKES BAY,CG064,GB,Northern,,73,75,Bay,Gelding,Vettori,Nordico Princess,Nordico Same,0,0,0,0,0,0.0,0.0,0.06,45000.0,0.0,45000.0,4,False,False,R Fradd,D J Hall,125,1082,10,1/2,1:22.20,6.4,https://racing.hkjc.com/en-us/local/information/otherhorse?horseid=HK_2005_G064&Option=1,2026-09-04T16:32:45Z,https://racing.hkjc.com/en-us/local/information/archive/localresults?racedate=2006/01/25&racecourse=ST&RaceNo=5
ST_20060125_R05_HK_2003_D298,ST_20060125_R05,2006-01-25,ST,Sha Tin,5,346,SHING YIP HANDICAP,3,1400,80-60,GOOD,TURF,"TURF - ""C"" Course",750000,14,HK_2003_D298,11,PEARL OF INDIA,CD298,NZ,Southern,,64,63,Chestnut,Gelding,Sandtrap,Decisive Time,Drums Of Time Same,0,0,0,0,0,0.0,0.0,0.055,41250.0,0.0,41250.0,5,False,False,D Whyte,J Size,116,1269,1,3-1/4,1:22.60,5.5,https://racing.hkjc.com/en-us/local/information/otherhorse?horseid=HK_2003_D298&Option=1,2026-09-04T16:32:47Z,https://racing.hkjc.com/en-us/local/information/archive/localresults?racedate=2006/01/25&racecourse=ST&RaceNo=5
ST_20060125_R05_HK_2002_C062,ST_20060125_R05,2006-01-25,ST,Sha Tin,5,346,SHING YIP HANDICAP,3,1400,80-60,GOOD,TURF,"TURF - ""C"" Course",750000,14,HK_2002_C062,2,BEST LUCK,CC062,IRE,Northern,,79,77,Bay,Gelding,Danehill,Al Theraab,Roberto Same,2,0,0,0,0,0.0,0.0,0.0,0.0,0.0,0.0,6,False,False,S Dye,S Woods,131,1131,2,4-1/4,1:22.80,13.0,https://racing.hkjc.com/en-us/local/information/otherhorse?horseid=HK_2002_C062&Option=1,2026-09-04T13:20:23Z,https://racing.hkjc.com/en-us/local/information/archive/localresults?racedate=2006/01/25&racecourse=ST&RaceNo=5
ST_20060125_R05_HK_2003_D085,ST_20060125_R05,2006-01-25,ST,Sha Tin,5,346,SHING YIP HANDICAP,3,1400,80-60,GOOD,TURF,"TURF - ""C"" Course",750000,14,HK_2003_D085,1,CLASSA FOR EVER,CD085,IRE,Northern,,80.0,78.0,Bay,Gelding,Marju,Bank On Her,Rahy Same,1,0,0,0,0,0.0,0.0,0.0,0.0,0.0,0.0,7,False,False,H W Lai,L Ho,125,1089,14,5,1:22.90,96.0,https://racing.hkjc.com/en-us/local/information/otherhorse?horseid=HK_2003_D085&Option=1,2026-09-04T16:00:46Z,https://racing.hkjc.com/en-us/local/information/archive/localresults?racedate=2006/01/25&racecourse=ST&RaceNo=5
ST_20060125_R05_HK_2004_E132,ST_20060125_R05,2006-01-25,ST,Sha Tin,5,346,SHING YIP HANDICAP,3,1400,80-60,GOOD,TURF,"TURF - ""C"" Course",750000,14,HK_2004_E132,3,CARRIZO CREEK,CE132,IRE,Northern,,74,72,Bay,Gelding,Charnwood Forest,Violet Spring,Exactly Sharp Same,1,0,0,0,0,0.0,0.0,0.0,0.0,0.0,0.0,8,False,False,E Saint-Martin,D E Ferraris,126,1092,6,6-1/4,1:23.10,18.0,https://racing.hkjc.com/en-us/local/information/otherhorse?horseid=HK_2004_E132&Option=1,2026-09-04T13:21:09Z,https://racing.hkjc.com/en-us/local/information/archive/localresults?racedate=2006/01/25&racecourse=ST&RaceNo=5
ST_20060125_R05_HK_2003_D204,ST_20060125_R05,2006-01-25,ST,Sha Tin,5,346,SHING YIP HANDICAP,3,1400,80-60,GOOD,TURF,"TURF - ""C"" Course",750000,14,HK_2003_D204,6,LIFELINE RAPIDE,CD204,AUS,Southern,,70.0,68.0,Bay,Gelding,Flying Spur,Matins,Seattle Slew Same,1,0,0,0,0,0.0,0.0,0.0,0.0,0.0,0.0,9,False,False,C Munce,A T Millard,122,1116,9,6-3/4,1:23.20,21.0,https://racing.hkjc.com/en-us/local/information/otherhorse?horseid=HK_2003_D204&Option=1,2026-09-04T15:48:25Z,https://racing.hkjc.com/en-us/local/information/archive/localresults?racedate=2006/01/25&racecourse=ST&RaceNo=5
ST_20060125_R05_HK_2004_E032,ST_20060125_R05,2006-01-25,ST,Sha Tin,5,346,SHING YIP HANDICAP,3,1400,80-60,GOOD,TURF,"TURF - ""C"" Course",750000,14,HK_2004_E032,10,GREAT LEADER,CE032,ARG,Southern,,64,61,Chestnut,Horse,Mutakddim,Shy Eda,Shy Tom Same,0,0,0,0,0,0.0,0.0,0.0,0.0,0.0,0.0,10,False,False,F Coetzee,A S Cruz,116,1262,12,7-3/4,1:23.30,56.0,https://racing.hkjc.com/en-us/local/information/otherhorse?horseid=HK_2004_E032&Option=1,2026-09-04T16:32:50Z,https://racing.hkjc.com/en-us/local/information/archive/localresults?racedate=2006/01/25&racecourse=ST&RaceNo=5
ST_20060125_R05_HK_2004_E049,ST_20060125_R05,2006-01-25,ST,Sha Tin,5,346,SHING YIP HANDICAP,3,1400,80-60,GOOD,TURF,"TURF - ""C"" Course",750000,14,HK_2004_E049,12,TREASURE RAIDERS,CE049,NZ,Southern,,64,64,Bay,Gelding,Felix The Cat,Lunar Lady,Famous Star Same,1,0,0,1,1,0.0,1.0,0.0,0.0,86250.0,86250.0,11,False,False,C Brown,P O'Sullivan,116,1142,5,8-1/2,1:23.50,8.2,https://racing.hkjc.com/en-us/local/information/otherhorse?horseid=HK_2004_E049&Option=1,2026-09-04T13:18:07Z,https://racing.hkjc.com/en-us/local/information/archive/localresults?racedate=2006/01/25&racecourse=ST&RaceNo=5
ST_20060125_R05_HK_2004_E251,ST_20060125_R05,2006-01-25,ST,Sha Tin,5,346,SHING YIP HANDICAP,3,1400,80-60,GOOD,TURF,"TURF - ""C"" Course",750000,14,HK_2004_E251,8,SUDDEN SPLENDOR,CE251,IRE,Northern,,68,65,Bay,Gelding,Inchinor,Suddenly,Puissance Same,0,0,0,0,0,0.0,0.0,0.0,0.0,0.0,0.0,12,False,False,Y T Cheng,D Oughton,118,980,11,10-1/4,1:23.70,99.0,https://racing.hkjc.com/en-us/local/information/otherhorse?horseid=HK_2004_E251&Option=1,2026-09-04T13:51:43Z,https://racing.hkjc.com/en-us/local/information/archive/localresults?racedate=2006/01/25&racecourse=ST&RaceNo=5
ST_20060125_R05_HK_2005_G042,ST_20060125_R05,2006-01-25,ST,Sha Tin,5,346,SHING YIP HANDICAP,3,1400,80-60,GOOD,TURF,"TURF - ""C"" Course",750000,14,HK_2005_G042,13,KA KA SMART,CG042,NZ,Southern,,61,58,Grey,Gelding,City On A Hill,Three Vibes,Three Legs Same,1,0,0,0,0,0.0,0.0,0.0,0.0,0.0,0.0,13,False,False,H K Yim,C S Shum,111,1131,8,11-1/2,1:23.90,99.0,https://racing.hkjc.com/en-us/local/information/otherhorse?horseid=HK_2005_G042&Option=1,2026-09-04T16:01:45Z,https://racing.hkjc.com/en-us/local/information/archive/localresults?racedate=2006/01/25&racecourse=ST&RaceNo=5
ST_20060125_R05_HK_2005_G032,ST_20060125_R05,2006-01-25,ST,Sha Tin,5,346,SHING YIP HANDICAP,3,1400,80-60,GOOD,TURF,"TURF - ""C"" Course",750000,14,HK_2005_G032,7,CHINA SPORTFIELD,CG032,ARG,Southern,,68,65,Brown,Gelding,West By West,Flying Martha,Flying Paster Same,1,0,0,0,0,0.0,0.0,0.0,0.0,0.0,0.0,14,False,False,O Doleuze,K L Man,120,1088,4,13-3/4,1:24.30,99.0,https://racing.hkjc.com/en-us/local/information/otherhorse?horseid=HK_2005_G032&Option=1,2026-09-04T15:11:05Z,https://racing.hkjc.com/en-us/local/information/archive/localresults?racedate=2006/01/25&racecourse=ST&RaceNo=5
ST_20060125_R06_HK_2004_E159,ST_20060125_R06,2006-01-25,ST,Sha Tin,6,347,WAI YIP HANDICAP,4,1650,60-40,GOOD,ALL WEATHER TRACK,ALL WEATHER TRACK,570000,14,HK_2004_E159,3,LUCKY MONEY,CE159,NZ,Southern,,57,65,Bay,Gelding,Marju,Kappadios,Great Charmer Same,1,0,0,0,0,0.0,0.0,0.56,319200.0,0.0,319200.0,1.0,True,True,C K Tong,K W Lui,120,1083,1,---,1:40.20,8.0,https://racing.hkjc.com/en-us/local/information/otherhorse?horseid=HK_2004_E159&Option=1,2026-09-04T15:59:52Z,https://racing.hkjc.com/en-us/local/information/archive/localresults?racedate=2006/01/25&racecourse=ST&RaceNo=6
ST_20060125_R06_HK_2002_C177,ST_20060125_R06,2006-01-25,ST,Sha Tin,6,347,WAI YIP HANDICAP,4,1650,60-40,GOOD,ALL WEATHER TRACK,ALL WEATHER TRACK,570000,14,HK_2002_C177,9,WINNING SMILE,CC177,AUS,Southern,,52.0,52.0,Bay,Gelding,Anabaa,Am Wild,Wild Again Same,1,0,0,1,1,0.0,1.0,0.21,119700.0,65550.0,185250.0,2.0,False,True,D Whyte,K L Man,125,1134,14,2-3/4,1:40.60,4.9,https://racing.hkjc.com/en-us/local/information/otherhorse?horseid=HK_2002_C177&Option=1,2026-09-04T15:27:22Z,https://racing.hkjc.com/en-us/local/information/archive/localresults?racedate=2006/01/25&racecourse=ST&RaceNo=6
ST_20060125_R06_HK_1999_V108,ST_20060125_R06,2006-01-25,ST,Sha Tin,6,347,WAI YIP HANDICAP,4,1650,60-40,GOOD,ALL WEATHER TRACK,ALL WEATHER TRACK,570000,14,HK_1999_V108,8,TEMMOKU,BV108,IRE,Northern,,52,51,Bay,Gelding,Chief's Crown,Alice En Ballade,Tap On Wood Same,1,0,0,0,0,0.0,0.0,0.115,65550.0,0.0,65550.0,3.0,False,True,Y T Cheng,T W Leung,123,1016,11,4-1/2,1:40.90,35.0,https://racing.hkjc.com/en-us/local/information/otherhorse?horseid=HK_1999_V108&Option=1,2026-09-04T15:27:37Z,https://racing.hkjc.com/en-us/local/information/archive/localresults?racedate=2006/01/25&racecourse=ST&RaceNo=6
ST_20060125_R06_HK_2003_D029,ST_20060125_R06,2006-01-25,ST,Sha Tin,6,347,WAI YIP HANDICAP,4,1650,60-40,GOOD,ALL WEATHER TRACK,ALL WEATHER TRACK,570000,14,HK_2003_D029,14,GOOD TRIO,CD029,AUS,Southern,,41,39,Brown,Gelding,Anabaa,Arising,Marauding Same,1,0,0,0,0,0.0,0.0,0.06,34200.0,0.0,34200.0,4.0,False,False,A Delpech,A Lee,114,1124,6,5-1/4,1:41.00,13.0,https://racing.hkjc.com/en-us/local/information/otherhorse?horseid=HK_2003_D029&Option=1,2026-09-04T15:59:24Z,https://racing.hkjc.com/en-us/local/information/archive/localresults?racedate=2006/01/25&racecourse=ST&RaceNo=6
ST_20060125_R06_HK_2002_C368,ST_20060125_R06,2006-01-25,ST,Sha Tin,6,347,WAI YIP HANDICAP,4,1650,60-40,GOOD,ALL WEATHER TRACK,ALL WEATHER TRACK,570000,14,HK_2002_C368,1,MAGIC TEMPLE,CC368,NZ,Southern,,58,57,Chestnut,Gelding,Slavic,Olga Palosky,Crested Wave Same,1,0,0,0,0,0.0,0.0,0.055,31350.0,0.0,31350.0,5.0,False,False,G Mosse,S Woods,131,1162,5,7-1/2,1:41.30,4.8,https://racing.hkjc.com/en-us/local/information/otherhorse?horseid=HK_2002_C368&Option=1,2026-09-04T15:27:35Z,https://racing.hkjc.com/en-us/local/information/archive/localresults?racedate=2006/01/25&racecourse=ST&RaceNo=6
ST_20060125_R06_HK_2003_D210,ST_20060125_R06,2006-01-25,ST,Sha Tin,6,347,WAI YIP HANDICAP,4,1650,60-40,GOOD,ALL WEATHER TRACK,ALL WEATHER TRACK,570000,14,HK_2003_D210,7,ONLY YOU,CD210,IRE,Northern,,52,51,Bay,Gelding,Among Men,Esh Sham,Damascus Same,1,0,0,0,0,0.0,0.0,0.0,0.0,0.0,0.0,6.0,False,False,C Soumillon,A T Millard,125,1042,7,8,1:41.40,6.5,https://racing.hkjc.com/en-us/local/information/otherhorse?horseid=HK_2003_D210&Option=1,2026-09-04T15:27:31Z,https://racing.hkjc.com/en-us/local/information/archive/localresults?racedate=2006/01/25&racecourse=ST&RaceNo=6
ST_20060125_R06_HK_2002_C298,ST_20060125_R06,2006-01-25,ST,Sha Tin,6,347,WAI YIP HANDICAP,4,1650,60-40,GOOD,ALL WEATHER TRACK,ALL WEATHER TRACK,570000,14,HK_2002_C298,13,NOBLE ZOOM,CC298,AUS,Southern,,42.0,42.0,Bay,Gelding,Fraar,Larger Than Life,Without Fear Same,1,0,1,0,1,0.0,1.0,0.0,0.0,94500.0,94500.0,7.0,False,False,C Munce,C Fownes,115,1071,4,8-1/2,1:41.50,9.7,https://racing.hkjc.com/en-us/local/information/otherhorse?horseid=HK_2002_C298&Option=1,2026-09-04T15:25:26Z,https://racing.hkjc.com/en-us/local/information/archive/localresults?racedate=2006/01/25&racecourse=ST&RaceNo=6
ST_20060125_R06_HK_2001_B160,ST_20060125_R06,2006-01-25,ST,Sha Tin,6,347,WAI YIP HANDICAP,4,1650,60-40,GOOD,ALL WEATHER TRACK,ALL WEATHER TRACK,570000,14,HK_2001_B160,5,CHERISHED,CB160,GB,Northern,,53.0,52.0,Bay,Horse,Mukaddamah,Magic Milly,Simply Great Same,1,0,0,0,0,0.0,0.0,0.0,0.0,0.0,0.0,8.0,False,False,F Coetzee,A S Cruz,126,1112,9,9-1/2,1:41.70,16.0,https://racing.hkjc.com/en-us/local/information/otherhorse?horseid=HK_2001_B160&Option=1,2026-09-04T15:47:44Z,https://racing.hkjc.com/en-us/local/information/archive/localresults?racedate=2006/01/25&racecourse=ST&RaceNo=6
ST_20060125_R06_HK_2003_D136,ST_20060125_R06,2006-01-25,ST,Sha Tin,6,347,WAI YIP HANDICAP,4,1650,60-40,GOOD,ALL WEATHER TRACK,ALL WEATHER TRACK,570000,14,HK_2003_D136,10,SOUND OF SILENCE,CD136,NZ,Southern,,50,49,Bay,Gelding,Volksraad,Jazzmatazz,Citidancer Same,1,0,0,0,0,0.0,0.0,0.0,0.0,34200.0,34200.0,9.0,False,False,C W Wong,C H Yip,113,1126,2,10,1:41.70,8.2,https://racing.hkjc.com/en-us/local/information/otherhorse?horseid=HK_2003_D136&Option=1,2026-09-04T15:11:21Z,https://racing.hkjc.com/en-us/local/information/archive/localresults?racedate=2006/01/25&racecourse=ST&RaceNo=6
ST_20060125_R06_HK_2003_D139,ST_20060125_R06,2006-01-25,ST,Sha Tin,6,347,WAI YIP HANDICAP,4,1650,60-40,GOOD,ALL WEATHER TRACK,ALL WEATHER TRACK,570000,14,HK_2003_D139,11,MADE IN HONGKONG,CD139,AUS,Southern,,48,48,Bay,Gelding,Eagle Eyed,Shigeru Fuji,Grosvenor Same,1,0,1,0,1,0.0,1.0,0.0,0.0,119700.0,119700.0,10.0,False,False,C Brown,P O'Sullivan,121,1134,10,11-3/4,1:42.00,13.0,https://racing.hkjc.com/en-us/local/information/otherhorse?horseid=HK_2003_D139&Option=1,2026-09-04T15:27:20Z,https://racing.hkjc.com/en-us/local/information/archive/localresults?racedate=2006/01/25&racecourse=ST&RaceNo=6
ST_20060125_R06_HK_2003_D101,ST_20060125_R06,2006-01-25,ST,Sha Tin,6,347,WAI YIP HANDICAP,4,1650,60-40,GOOD,ALL WEATHER TRACK,ALL WEATHER TRACK,570000,14,HK_2003_D101,6,GOLD DIGGER,CD101,AUS,Southern,,52,52,Chestnut,Gelding,Geiger Counter,Scarlet Princess,Honor Grades Same,1,1,0,0,1,1.0,1.0,0.0,0.0,319200.0,319200.0,11.0,False,False,K H Chan,B K Ng,115,1073,13,17-1/2,1:43.00,32.0,https://racing.hkjc.com/en-us/local/information/otherhorse?horseid=HK_2003_D101&Option=1,2026-09-04T15:27:11Z,https://racing.hkjc.com/en-us/local/information/archive/localresults?racedate=2006/01/25&racecourse=ST&RaceNo=6
ST_20060125_R06_HK_2003_D387,ST_20060125_R06,2006-01-25,ST,Sha Tin,6,347,WAI YIP HANDICAP,4,1650,60-40,GOOD,ALL WEATHER TRACK,ALL WEATHER TRACK,570000,14,HK_2003_D387,12,FLUVIUS CAMILLUS,CD387,IRE,Northern,,42,39,Bay,Gelding,Danehill Dancer,Phoenix Forli,Forli Same,1,0,0,0,0,0.0,0.0,0.0,0.0,0.0,0.0,12.0,False,False,K S Yu,T K Ng,113,1153,3,17-3/4,1:43.00,99.0,https://racing.hkjc.com/en-us/local/information/otherhorse?horseid=HK_2003_D387&Option=1,2026-09-04T15:27:46Z,https://racing.hkjc.com/en-us/local/information/archive/localresults?racedate=2006/01/25&racecourse=ST&RaceNo=6
ST_20060125_R06_HK_2004_E083,ST_20060125_R06,2006-01-25,ST,Sha Tin,6,347,WAI YIP HANDICAP,4,1650,60-40,GOOD,ALL WEATHER TRACK,ALL WEATHER TRACK,570000,14,HK_2004_E083,4,MA WAN MIRACLE,CE083,IRE,Northern,,55,53,Bay,Gelding,Cape Cross,Gentle Papoose,Commanche Run Same,1,0,0,0,0,0.0,0.0,0.0,0.0,0.0,0.0,13.0,False,False,R Fradd,D J Hall,128,1207,8,19-3/4,1:43.30,99.0,https://racing.hkjc.com/en-us/local/information/otherhorse?horseid=HK_2004_E083&Option=1,2026-09-04T15:27:49Z,https://racing.hkjc.com/en-us/local/information/archive/localresults?racedate=2006/01/25&racecourse=ST&RaceNo=6
ST_20060125_R06_HK_2003_D088,ST_20060125_R06,2006-01-25,ST,Sha Tin,6,347,WAI YIP HANDICAP,4,1650,60-40,GOOD,ALL WEATHER TRACK,ALL WEATHER TRACK,570000,14,HK_2003_D088,2,LUCKY CORDELIA,CD088,FR,Northern,,57.0,57.0,Chestnut,Horse,Sabrehill,Cordelia II,Tropular Same,2,0,0,0,0,0.0,0.0,0.0,0.0,0.0,0.0,,False,False,H W Lai,L Ho,123,1042,12,---,---,51.0,https://racing.hkjc.com/en-us/local/information/otherhorse?horseid=HK_2003_D088&Option=1,2026-09-04T15:10:33Z,https://racing.hkjc.com/en-us/local/information/archive/localresults?racedate=2006/01/25&racecourse=ST&RaceNo=6
ST_20060125_R07_HK_2001_B004,ST_20060125_R07,2006-01-25,ST,Sha Tin,7,348,HIP WO HANDICAP,3,1200,80-60,GOOD,ALL WEATHER TRACK,ALL WEATHER TRACK,750000,12,HK_2001_B004,5,HELENE ELEGANCE,CB004,AUS,Southern,,74,81,Bay,Gelding,Palace Music,Cuddled,Pine Circle Same,1,0,1,0,1,0.0,1.0,0.56,420000.0,157500.0,577500.0,1,True,True,C Soumillon,S Woods,126,1043,6,---,1:10.00,6.3,https://racing.hkjc.com/en-us/local/information/otherhorse?horseid=HK_2001_B004&Option=1,2026-09-04T15:26:05Z,https://racing.hkjc.com/en-us/local/information/archive/localresults?racedate=2006/01/25&racecourse=ST&RaceNo=7
ST_20060125_R07_HK_2003_D126,ST_20060125_R07,2006-01-25,ST,Sha Tin,7,348,HIP WO HANDICAP,3,1200,80-60,GOOD,ALL WEATHER TRACK,ALL WEATHER TRACK,750000,12,HK_2003_D126,8,SUPER PRINCE,CD126,AUS,Southern,,70,71,Bay,Gelding,Beautiful Crown,Lucky Kristine,Jugah Same,2,1,0,1,2,0.5,1.0,0.21,157500.0,506250.0,663750.0,2,False,True,O Doleuze,J Moore,122,1111,1,2-1/4,1:10.40,9.4,https://racing.hkjc.com/en-us/local/information/otherhorse?horseid=HK_2003_D126&Option=1,2026-09-04T15:26:08Z,https://racing.hkjc.com/en-us/local/information/archive/localresults?racedate=2006/01/25&racecourse=ST&RaceNo=7
ST_20060125_R07_HK_2003_D274,ST_20060125_R07,2006-01-25,ST,Sha Tin,7,348,HIP WO HANDICAP,3,1200,80-60,GOOD,ALL WEATHER TRACK,ALL WEATHER TRACK,750000,12,HK_2003_D274,3,JOLLY GOOD FORTUNE,CD274,AUS,Southern,,77,77,Brown,Gelding,Danzig Connection,Aptitude,Salieri Same,1,0,1,0,1,0.0,1.0,0.115,86250.0,157500.0,243750.0,3,False,True,S Dye,C S Shum,129,1181,12,2-3/4,1:10.40,11.0,https://racing.hkjc.com/en-us/local/information/otherhorse?horseid=HK_2003_D274&Option=1,2026-09-04T15:28:34Z,https://racing.hkjc.com/en-us/local/information/archive/localresults?racedate=2006/01/25&racecourse=ST&RaceNo=7
ST_20060125_R07_HK_2003_D185,ST_20060125_R07,2006-01-25,ST,Sha Tin,7,348,HIP WO HANDICAP,3,1200,80-60,GOOD,ALL WEATHER TRACK,ALL WEATHER TRACK,750000,12,HK_2003_D185,2,TAIJI SPIRIT,CD185,NZ,Southern,,78,78,Bay,Gelding,Soviet Star,Thelma's Decision,Noble Bijou Same,0,0,0,0,0,0.0,0.0,0.06,45000.0,0.0,45000.0,4,False,False,C Munce,A T Millard,130,1169,7,2-3/4,1:10.40,2.6,https://racing.hkjc.com/en-us/local/information/otherhorse?horseid=HK_2003_D185&Option=1,2026-09-04T16:32:58Z,https://racing.hkjc.com/en-us/local/information/archive/localresults?racedate=2006/01/25&racecourse=ST&RaceNo=7
ST_20060125_R07_HK_2000_A225,ST_20060125_R07,2006-01-25,ST,Sha Tin,7,348,HIP WO HANDICAP,3,1200,80-60,GOOD,ALL WEATHER TRACK,ALL WEATHER TRACK,750000,12,HK_2000_A225,7,GRAND FIGHTER,CA225,NZ,Southern,,70,69,Brown,Gelding,Housebuster,Ebony Glow,Red Glow Same,0,0,0,0,0,0.0,0.0,0.055,41250.0,0.0,41250.0,5,False,False,S Sanders,B K Ng,122,1042,3,2-3/4,1:10.50,31.0,https://racing.hkjc.com/en-us/local/information/otherhorse?horseid=HK_2000_A225&Option=1,2026-09-04T16:33:01Z,https://racing.hkjc.com/en-us/local/information/archive/localresults?racedate=2006/01/25&racecourse=ST&RaceNo=7
ST_20060125_R07_HK_2001_B335,ST_20060125_R07,2006-01-25,ST,Sha Tin,7,348,HIP WO HANDICAP,3,1200,80-60,GOOD,ALL WEATHER TRACK,ALL WEATHER TRACK,750000,12,HK_2001_B335,12,SILVERBIRD,CB335,NZ,Southern,,61,59,Bay,Gelding,Pompeii Court,A Little Sneek,Epidaurus Same,0,0,0,0,0,0.0,0.0,0.0,0.0,0.0,0.0,6,False,False,Y T Cheng,K W Lui,112,1093,8,6-1/4,1:11.00,64.0,https://racing.hkjc.com/en-us/local/information/otherhorse?horseid=HK_2001_B335&Option=1,2026-09-04T16:33:04Z,https://racing.hkjc.com/en-us/local/information/archive/localresults?racedate=2006/01/25&racecourse=ST&RaceNo=7
ST_20060125_R07_HK_2003_D022,ST_20060125_R07,2006-01-25,ST,Sha Tin,7,348,HIP WO HANDICAP,3,1200,80-60,GOOD,ALL WEATHER TRACK,ALL WEATHER TRACK,750000,12,HK_2003_D022,10,SAND DANCE,CD022,NZ,Southern,,65,64,Bay,Gelding,Sandtrap,Dance Hall Blues,Victory Dance Same,1,0,0,0,0,0.0,0.0,0.0,0.0,45000.0,45000.0,7,False,False,C Brown,J Size,117,1162,5,6-3/4,1:11.10,6.4,https://racing.hkjc.com/en-us/local/information/otherhorse?horseid=HK_2003_D022&Option=1,2026-09-04T15:26:11Z,https://racing.hkjc.com/en-us/local/information/archive/localresults?racedate=2006/01/25&racecourse=ST&RaceNo=7
ST_20060125_R07_HK_2003_D364,ST_20060125_R07,2006-01-25,ST,Sha Tin,7,348,HIP WO HANDICAP,3,1200,80-60,GOOD,ALL WEATHER TRACK,ALL WEATHER TRACK,750000,12,HK_2003_D364,4,LUCKY DANSKE,CD364,NZ,Southern,,75,73,Brown,Gelding,Danske,Penny Royal,Imperial Guard Same,1,0,0,0,0,0.0,0.0,0.0,0.0,0.0,0.0,8,False,False,F Coetzee,A S Cruz,127,1037,2,9-1/4,1:11.50,8.6,https://racing.hkjc.com/en-us/local/information/otherhorse?horseid=HK_2003_D364&Option=1,2026-09-04T15:12:56Z,https://racing.hkjc.com/en-us/local/information/archive/localresults?racedate=2006/01/25&racecourse=ST&RaceNo=7
ST_20060125_R07_HK_2001_B249,ST_20060125_R07,2006-01-25,ST,Sha Tin,7,348,HIP WO HANDICAP,3,1200,80-60,GOOD,ALL WEATHER TRACK,ALL WEATHER TRACK,750000,12,HK_2001_B249,11,MASTER YING,CB249,NZ,Southern,,61,59,Chestnut,Gelding,Gilded Time,Tsar's Treasure,Silver Hawk Same,1,0,0,0,0,0.0,0.0,0.0,0.0,0.0,0.0,9,False,False,S K Sit,T K Ng,110,1190,11,10,1:11.60,99.0,https://racing.hkjc.com/en-us/local/information/otherhorse?horseid=HK_2001_B249&Option=1,2026-09-04T15:48:22Z,https://racing.hkjc.com/en-us/local/information/archive/localresults?racedate=2006/01/25&racecourse=ST&RaceNo=7
ST_20060125_R07_HK_2002_C257,ST_20060125_R07,2006-01-25,ST,Sha Tin,7,348,HIP WO HANDICAP,3,1200,80-60,GOOD,ALL WEATHER TRACK,ALL WEATHER TRACK,750000,12,HK_2002_C257,1,SHERIFF BAMBOO,CC257,GB,Northern,,80,78,Bay,Gelding,Night Shift,Woodwin,Woodman Same,1,0,0,0,0,0.0,0.0,0.0,0.0,0.0,0.0,10,False,False,C K Tong,D Cruz,122,1120,10,11-1/4,1:11.80,53.0,https://racing.hkjc.com/en-us/local/information/otherhorse?horseid=HK_2002_C257&Option=1,2026-09-04T15:28:54Z,https://racing.hkjc.com/en-us/local/information/archive/localresults?racedate=2006/01/25&racecourse=ST&RaceNo=7
ST_20060125_R07_HK_2003_D258,ST_20060125_R07,2006-01-25,ST,Sha Tin,7,348,HIP WO HANDICAP,3,1200,80-60,GOOD,ALL WEATHER TRACK,ALL WEATHER TRACK,750000,12,HK_2003_D258,6,HIP HIP HOORAY,CD258,NZ,Southern,,74,72,Bay,Gelding,Tale Of The Cat,Triassic,Tights Same,1,0,0,0,0,0.0,0.0,0.0,0.0,0.0,0.0,11,False,False,D Whyte,D E Ferraris,126,1183,4,11-3/4,1:11.90,8.4,https://racing.hkjc.com/en-us/local/information/otherhorse?horseid=HK_2003_D258&Option=1,2026-09-04T13:18:24Z,https://racing.hkjc.com/en-us/local/information/archive/localresults?racedate=2006/01/25&racecourse=ST&RaceNo=7
ST_20060125_R07_HK_2002_C244,ST_20060125_R07,2006-01-25,ST,Sha Tin,7,348,HIP WO HANDICAP,3,1200,80-60,GOOD,ALL WEATHER TRACK,ALL WEATHER TRACK,750000,12,HK_2002_C244,9,FLYING KENNY,CC244,AUS,Southern,,67.0,66.0,Grey,Gelding,Flying Spur,Battonage,Kenmare Same,0,0,0,0,0,0.0,0.0,0.0,0.0,0.0,0.0,12,False,False,E Saint-Martin,T W Leung,119,1136,9,17,1:12.70,89.0,https://racing.hkjc.com/en-us/local/information/otherhorse?horseid=HK_2002_C244&Option=1,2026-09-04T16:33:07Z,https://racing.hkjc.com/en-us/local/information/archive/localresults?racedate=2006/01/25&racecourse=ST&RaceNo=7
ST_20060125_R08_HK_2003_D178,ST_20060125_R08,2006-01-25,ST,Sha Tin,8,349,HOI YUEN HANDICAP,3,1650,80-60,GOOD,ALL WEATHER TRACK,ALL WEATHER TRACK,750000,14,HK_2003_D178,1,LUCKY CHAMPION,CD178,AUS,Southern,,76,81,Chestnut,Gelding,Flying Spur,Newgirlintown,Seeking The Gold Same,0,0,0,0,0,0.0,0.0,0.56,420000.0,0.0,420000.0,1,True,True,D Whyte,Y O Wong,129,1093,3,---,1:40.00,3.8,https://racing.hkjc.com/en-us/local/information/otherhorse?horseid=HK_2003_D178&Option=1,2026-09-04T16:33:12Z,https://racing.hkjc.com/en-us/local/information/archive/localresults?racedate=2006/01/25&racecourse=ST&RaceNo=8
ST_20060125_R08_HK_2003_D338,ST_20060125_R08,2006-01-25,ST,Sha Tin,8,349,HOI YUEN HANDICAP,3,1650,80-60,GOOD,ALL WEATHER TRACK,ALL WEATHER TRACK,750000,14,HK_2003_D338,5,LANCETTIER,CD338,ARG,Southern,,73,75,Bay,Gelding,Numerous,L'Amarine,Ringaro Same,1,0,0,0,0,0.0,0.0,0.21,157500.0,0.0,157500.0,2,False,True,S Sanders,A Lee,126,1141,12,1/2,1:40.10,28.0,https://racing.hkjc.com/en-us/local/information/otherhorse?horseid=HK_2003_D338&Option=1,2026-09-04T13:19:49Z,https://racing.hkjc.com/en-us/local/information/archive/localresults?racedate=2006/01/25&racecourse=ST&RaceNo=8
ST_20060125_R08_HK_2002_C346,ST_20060125_R08,2006-01-25,ST,Sha Tin,8,349,HOI YUEN HANDICAP,3,1650,80-60,GOOD,ALL WEATHER TRACK,ALL WEATHER TRACK,750000,14,HK_2002_C346,2,EASY GAME,CC346,NZ,Southern,,75,76,Bay,Gelding,Straight Strike,Lady Newbury,Lord Ballina Same,1,0,0,0,0,0.0,0.0,0.115,86250.0,0.0,86250.0,3,False,True,C Munce,P O'Sullivan,128,1080,4,3/4,1:40.10,6.6,https://racing.hkjc.com/en-us/local/information/otherhorse?horseid=HK_2002_C346&Option=1,2026-09-04T15:30:06Z,https://racing.hkjc.com/en-us/local/information/archive/localresults?racedate=2006/01/25&racecourse=ST&RaceNo=8
ST_20060125_R08_HK_2002_C319,ST_20060125_R08,2006-01-25,ST,Sha Tin,8,349,HOI YUEN HANDICAP,3,1650,80-60,GOOD,ALL WEATHER TRACK,ALL WEATHER TRACK,750000,14,HK_2002_C319,12,FREEBIRD,CC319,IRE,Northern,,64,64,Chestnut,Gelding,Titus Livius,Serious Delight,Lomond Same,1,0,0,0,0,0.0,0.0,0.06,45000.0,45000.0,90000.0,4,False,False,Y T Cheng,D Cruz,115,1093,1,1-1/4,1:40.20,7.4,https://racing.hkjc.com/en-us/local/information/otherhorse?horseid=HK_2002_C319&Option=1,2026-09-04T13:54:03Z,https://racing.hkjc.com/en-us/local/information/archive/localresults?racedate=2006/01/25&racecourse=ST&RaceNo=8
ST_20060125_R08_HK_2004_E091,ST_20060125_R08,2006-01-25,ST,Sha Tin,8,349,HOI YUEN HANDICAP,3,1650,80-60,GOOD,ALL WEATHER TRACK,ALL WEATHER TRACK,750000,14,HK_2004_E091,6,ROYAL FALCON,CE091,IRE,Northern,,73,72,Bay,Horse,Sri Pekan,Yo,Glow Same,0,0,0,0,0,0.0,0.0,0.055,41250.0,0.0,41250.0,5,False,False,C Soumillon,J Moore,126,1015,11,1-3/4,1:40.20,7.5,https://racing.hkjc.com/en-us/local/information/otherhorse?horseid=HK_2004_E091&Option=1,2026-09-04T16:33:15Z,https://racing.hkjc.com/en-us/local/information/archive/localresults?racedate=2006/01/25&racecourse=ST&RaceNo=8
ST_20060125_R08_HK_1999_V221,ST_20060125_R08,2006-01-25,ST,Sha Tin,8,349,HOI YUEN HANDICAP,3,1650,80-60,GOOD,ALL WEATHER TRACK,ALL WEATHER TRACK,750000,14,HK_1999_V221,4,MILLENNIUM SPIRIT,BV221,NZ,Southern,,74.0,73.0,Bay,Gelding,Defensive Play,Plans Awry,Topsider Same,0,0,0,0,0,0.0,0.0,0.0,0.0,0.0,0.0,6,False,False,E Saint-Martin,P F Yiu,127,1115,8,2,1:40.30,36.0,https://racing.hkjc.com/en-us/local/information/otherhorse?horseid=HK_1999_V221&Option=1,2026-09-04T16:33:18Z,https://racing.hkjc.com/en-us/local/information/archive/localresults?racedate=2006/01/25&racecourse=ST&RaceNo=8
ST_20060125_R08_HK_2004_E256,ST_20060125_R08,2006-01-25,ST,Sha Tin,8,349,HOI YUEN HANDICAP,3,1650,80-60,GOOD,ALL WEATHER TRACK,ALL WEATHER TRACK,750000,14,HK_2004_E256,11,MY LUCK,CE256,IRE,Northern,,65,63,Bay,Gelding,Monashee Mountain,Dai E Dai,Seattle Dancer Same,1,0,0,0,0,0.0,0.0,0.0,0.0,41250.0,41250.0,7,False,False,R Fradd,D J Hall,118,1129,5,4,1:40.60,14.0,https://racing.hkjc.com/en-us/local/information/otherhorse?horseid=HK_2004_E256&Option=1,2026-09-04T15:28:43Z,https://racing.hkjc.com/en-us/local/information/archive/localresults?racedate=2006/01/25&racecourse=ST&RaceNo=8
ST_20060125_R08_HK_2002_C359,ST_20060125_R08,2006-01-25,ST,Sha Tin,8,349,HOI YUEN HANDICAP,3,1650,80-60,GOOD,ALL WEATHER TRACK,ALL WEATHER TRACK,750000,14,HK_2002_C359,3,HONEY MONEY,CC359,AUS,Southern,,74,74,Grey,Gelding,Desert King,Inquisit,Imposing Same,0,0,0,0,0,0.0,0.0,0.0,0.0,0.0,0.0,8,False,False,F Coetzee,A S Cruz,127,1203,10,5-1/4,1:40.80,7.8,https://racing.hkjc.com/en-us/local/information/otherhorse?horseid=HK_2002_C359&Option=1,2026-09-04T16:33:21Z,https://racing.hkjc.com/en-us/local/information/archive/localresults?racedate=2006/01/25&racecourse=ST&RaceNo=8
ST_20060125_R08_HK_2003_D175,ST_20060125_R08,2006-01-25,ST,Sha Tin,8,349,HOI YUEN HANDICAP,3,1650,80-60,GOOD,ALL WEATHER TRACK,ALL WEATHER TRACK,750000,14,HK_2003_D175,13,NOBLE WIND,CD175,NZ,Southern,,64,62,Bay,Gelding,Desert King,Miss Rory,Rory's Jester Same,1,0,0,0,0,0.0,0.0,0.0,0.0,0.0,0.0,9,False,False,K S Yu,T K Ng,114,1138,6,5-3/4,1:40.90,35.0,https://racing.hkjc.com/en-us/local/information/otherhorse?horseid=HK_2003_D175&Option=1,2026-09-04T15:11:07Z,https://racing.hkjc.com/en-us/local/information/archive/localresults?racedate=2006/01/25&racecourse=ST&RaceNo=8
ST_20060125_R08_HK_2002_C240,ST_20060125_R08,2006-01-25,ST,Sha Tin,8,349,HOI YUEN HANDICAP,3,1650,80-60,GOOD,ALL WEATHER TRACK,ALL WEATHER TRACK,750000,14,HK_2002_C240,7,SUNNY RIVIERA,CC240,AUS,Southern,,72,71,Bay,Gelding,Encosta de Lago,Riviera Girl,Admiral Lincoln Same,0,0,0,0,0,0.0,0.0,0.0,0.0,0.0,0.0,10,False,False,C Brown,J Size,125,1037,7,8-1/2,1:41.30,25.0,https://racing.hkjc.com/en-us/local/information/otherhorse?horseid=HK_2002_C240&Option=1,2026-09-04T16:33:24Z,https://racing.hkjc.com/en-us/local/information/archive/localresults?racedate=2006/01/25&racecourse=ST&RaceNo=8
ST_20060125_R08_HK_2003_D370,ST_20060125_R08,2006-01-25,ST,Sha Tin,8,349,HOI YUEN HANDICAP,3,1650,80-60,GOOD,ALL WEATHER TRACK,ALL WEATHER TRACK,750000,14,HK_2003_D370,14,TRAVIANO,CD370,GER,Northern,,63,60,Bay,Gelding,Big Shuffle,Tokara,Turfkonig Same,1,0,0,0,0,0.0,0.0,0.0,0.0,0.0,0.0,11,False,False,C K Tong,K L Man,106,1086,2,8-3/4,1:41.40,31.0,https://racing.hkjc.com/en-us/local/information/otherhorse?horseid=HK_2003_D370&Option=1,2026-09-04T15:48:59Z,https://racing.hkjc.com/en-us/local/information/archive/localresults?racedate=2006/01/25&racecourse=ST&RaceNo=8
ST_20060125_R08_HK_2003_D336,ST_20060125_R08,2006-01-25,ST,Sha Tin,8,349,HOI YUEN HANDICAP,3,1650,80-60,GOOD,ALL WEATHER TRACK,ALL WEATHER TRACK,750000,14,HK_2003_D336,10,SOCRATES,CD336,NZ,Southern,,69.0,69,Bay,Gelding,Zabeel,Oh Sister,Marooned Same,0,0,0,0,0,0.0,0.0,0.0,0.0,0.0,0.0,12,False,False,O Doleuze,C Fownes,122,1147,14,11-1/4,1:41.80,25.0,https://racing.hkjc.com/en-us/local/information/otherhorse?horseid=HK_2003_D336&Option=1,2026-09-04T16:33:27Z,https://racing.hkjc.com/en-us/local/information/archive/localresults?racedate=2006/01/25&racecourse=ST&RaceNo=8
ST_20060125_R08_HK_2002_C131,ST_20060125_R08,2006-01-25,ST,Sha Tin,8,349,HOI YUEN HANDICAP,3,1650,80-60,GOOD,ALL WEATHER TRACK,ALL WEATHER TRACK,750000,14,HK_2002_C131,9,BRAVE KNIGHT,CC131,NZ,Southern,,69,67,Bay,Gelding,Turbulent Dancer,Ricel Bid,Spectacular Love Same,1,0,0,0,0,0.0,0.0,0.0,0.0,0.0,0.0,13,False,False,C W Wong,C H Yip,112,1153,9,13-1/2,1:42.10,53.0,https://racing.hkjc.com/en-us/local/information/otherhorse?horseid=HK_2002_C131&Option=1,2026-09-04T15:26:17Z,https://racing.hkjc.com/en-us/local/information/archive/localresults?racedate=2006/01/25&racecourse=ST&RaceNo=8
ST_20060125_R08_HK_2004_E265,ST_20060125_R08,2006-01-25,ST,Sha Tin,8,349,HOI YUEN HANDICAP,3,1650,80-60,GOOD,ALL WEATHER TRACK,ALL WEATHER TRACK,750000,14,HK_2004_E265,8,ELEGANT KING PRAWN,CE265,AUS,Southern,,70,70,Bay,Gelding,Danehill,Eyes Of Belief,Sadler's Wells Same,0,0,0,0,0,0.0,0.0,0.0,0.0,0.0,0.0,14,False,False,S Dye,C S Shum,123,1205,13,18,1:42.90,8.4,https://racing.hkjc.com/en-us/local/information/otherhorse?horseid=HK_2004_E265&Option=1,2026-09-04T16:33:30Z,https://racing.hkjc.com/en-us/local/information/archive/localresults?racedate=2006/01/25&racecourse=ST&RaceNo=8
ST_20060131_R01_HK_2005_G026,ST_20060131_R01,2006-01-31,ST,Sha Tin,1,350,KUT CHEONG HANDICAP,4,1000,60-40,GOOD TO FIRM,TURF,"TURF - ""C+3"" Course",570000,14,HK_2005_G026,3,LUCKY FRUIT,CG026,AUS,Southern,,56,62,Bay,Gelding,Danehill,Sequenza,Lycius Same,0,0,0,0,0,0.0,0.0,0.56,319200.0,0.0,319200.0,1,True,True,D Whyte,K L Man,129,1099,13,---,0:57.20,1.8,https://racing.hkjc.com/en-us/local/information/otherhorse?horseid=HK_2005_G026&Option=1,2026-09-04T16:38:22Z,https://racing.hkjc.com/en-us/local/information/archive/localresults?racedate=2006/01/31&racecourse=ST&RaceNo=1
ST_20060131_R01_HK_2005_G031,ST_20060131_R01,2006-01-31,ST,Sha Tin,1,350,KUT CHEONG HANDICAP,4,1000,60-40,GOOD TO FIRM,TURF,"TURF - ""C+3"" Course",570000,14,HK_2005_G031,6,SMART FELLOW,CG031,AUS,Southern,,52,55,Chestnut,Gelding,Volcanic Prince,Abby's Ideal,Ideal Planet Same,0,0,0,0,0,0.0,0.0,0.21,119700.0,0.0,119700.0,2,False,True,E Saint-Martin,C W Chang,125,1035,11,N,0:57.20,21.0,https://racing.hkjc.com/en-us/local/information/otherhorse?horseid=HK_2005_G031&Option=1,2026-09-04T16:38:25Z,https://racing.hkjc.com/en-us/local/information/archive/localresults?racedate=2006/01/31&racecourse=ST&RaceNo=1
ST_20060131_R01_HK_2005_G116,ST_20060131_R01,2006-01-31,ST,Sha Tin,1,350,KUT CHEONG HANDICAP,4,1000,60-40,GOOD TO FIRM,TURF,"TURF - ""C+3"" Course",570000,14,HK_2005_G116,5,PLEZAYRE,CG116,AUS,Southern,,52,53,Bay,Gelding,Snippets,Lezayre,Keltrice Same,1,0,0,1,1,0.0,1.0,0.115,65550.0,65550.0,131100.0,3,False,True,C Soumillon,J Moore,125,1057,9,1-1/4,0:57.40,4.4,https://racing.hkjc.com/en-us/local/information/otherhorse?horseid=HK_2005_G116&Option=1,2026-09-04T15:58:35Z,https://racing.hkjc.com/en-us/local/information/archive/localresults?racedate=2006/01/31&racecourse=ST&RaceNo=1
ST_20060131_R01_HK_2003_D174,ST_20060131_R01,2006-01-31,ST,Sha Tin,1,350,KUT CHEONG HANDICAP,4,1000,60-40,GOOD TO FIRM,TURF,"TURF - ""C+3"" Course",570000,14,HK_2003_D174,4,AFRICAN FOREST,CD174,NZ,Southern,,54,52,Bay,Gelding,Sandtrap,Straight Lady,Straight Strike Same,1,0,0,0,0,0.0,0.0,0.06,34200.0,34200.0,68400.0,4,False,False,R Fradd,D J Hall,127,1140,2,2-3/4,0:57.60,14.0,https://racing.hkjc.com/en-us/local/information/otherhorse?horseid=HK_2003_D174&Option=1,2026-09-04T15:58:38Z,https://racing.hkjc.com/en-us/local/information/archive/localresults?racedate=2006/01/31&racecourse=ST&RaceNo=1
ST_20060131_R01_HK_2001_B351,ST_20060131_R01,2006-01-31,ST,Sha Tin,1,350,KUT CHEONG HANDICAP,4,1000,60-40,GOOD TO FIRM,TURF,"TURF - ""C+3"" Course",570000,14,HK_2001_B351,1,FORTE,CB351,AUS,Southern,,60.0,58,Chestnut,Gelding,Snippets,Salamore,Vain Same,1,0,0,0,0,0.0,0.0,0.055,31350.0,0.0,31350.0,5,False,False,A Delpech,T K Ng,133,1082,1,4-1/4,0:57.90,21.0,https://racing.hkjc.com/en-us/local/information/otherhorse?horseid=HK_2001_B351&Option=1,2026-09-04T15:29:00Z,https://racing.hkjc.com/en-us/local/information/archive/localresults?racedate=2006/01/31&racecourse=ST&RaceNo=1
ST_20060131_R01_HK_2004_E022,ST_20060131_R01,2006-01-31,ST,Sha Tin,1,350,KUT CHEONG HANDICAP,4,1000,60-40,GOOD TO FIRM,TURF,"TURF - ""C+3"" Course",570000,14,HK_2004_E022,8,HAWKIE STAR,CE022,AUS,Southern,,50,48,Bay,Gelding,Dangerous,Bravitian,Without Fear Same,0,0,0,0,0,0.0,0.0,0.0,0.0,0.0,0.0,6,False,False,G Mosse,A Lee,123,1056,6,6,0:58.10,31.0,https://racing.hkjc.com/en-us/local/information/otherhorse?horseid=HK_2004_E022&Option=1,2026-09-04T16:38:28Z,https://racing.hkjc.com/en-us/local/information/archive/localresults?racedate=2006/01/31&racecourse=ST&RaceNo=1
ST_20060131_R01_HK_2003_D254,ST_20060131_R01,2006-01-31,ST,Sha Tin,1,350,KUT CHEONG HANDICAP,4,1000,60-40,GOOD TO FIRM,TURF,"TURF - ""C+3"" Course",570000,14,HK_2003_D254,12,MIRACLE DRAGON,CD254,AUS,Southern,,42,40,Bay,Gelding,Danehill,Spell On You,Irish River Same,1,0,0,0,0,0.0,0.0,0.0,0.0,0.0,0.0,7,False,False,G Schofield,K W Lui,117,964,4,6-1/4,0:58.20,99.0,https://racing.hkjc.com/en-us/local/information/otherhorse?horseid=HK_2003_D254&Option=1,2026-09-04T13:51:10Z,https://racing.hkjc.com/en-us/local/information/archive/localresults?racedate=2006/01/31&racecourse=ST&RaceNo=1
ST_20060131_R01_HK_2003_D065,ST_20060131_R01,2006-01-31,ST,Sha Tin,1,350,KUT CHEONG HANDICAP,4,1000,60-40,GOOD TO FIRM,TURF,"TURF - ""C+3"" Course",570000,14,HK_2003_D065,14,ALL FIT,CD065,NZ,Southern,,40,38,Brown,Gelding,Manaloj,Baramul Lass,Luskin Star Same,1,0,0,0,0,0.0,0.0,0.0,0.0,31350.0,31350.0,8,False,False,Y T Cheng,D Cruz,113,1170,8,6-1/2,0:58.20,25.0,https://racing.hkjc.com/en-us/local/information/otherhorse?horseid=HK_2003_D065&Option=1,2026-09-04T13:51:13Z,https://racing.hkjc.com/en-us/local/information/archive/localresults?racedate=2006/01/31&racecourse=ST&RaceNo=1
ST_20060131_R01_HK_2004_E224,ST_20060131_R01,2006-01-31,ST,Sha Tin,1,350,KUT CHEONG HANDICAP,4,1000,60-40,GOOD TO FIRM,TURF,"TURF - ""C+3"" Course",570000,14,HK_2004_E224,11,FLAG FINDER,CE224,AUS,Southern,,45.0,42.0,Chestnut,Gelding,Snippets,Platonic,Nassipour Same,1,0,0,0,0,0.0,0.0,0.0,0.0,0.0,0.0,9,False,False,K L Chui,D E Ferraris,108,1021,5,6-1/2,0:58.20,99.0,https://racing.hkjc.com/en-us/local/information/otherhorse?horseid=HK_2004_E224&Option=1,2026-09-04T15:58:50Z,https://racing.hkjc.com/en-us/local/information/archive/localresults?racedate=2006/01/31&racecourse=ST&RaceNo=1
ST_20060131_R01_HK_2005_G008,ST_20060131_R01,2006-01-31,ST,Sha Tin,1,350,KUT CHEONG HANDICAP,4,1000,60-40,GOOD TO FIRM,TURF,"TURF - ""C+3"" Course",570000,14,HK_2005_G008,9,MOONGLOW,CG008,NZ,Southern,,50,48,Bay,Gelding,Colombia,Kings Bride,King Delamere Same,0,0,0,0,0,0.0,0.0,0.0,0.0,0.0,0.0,10,False,False,F Coetzee,A S Cruz,123,1116,12,6-3/4,0:58.30,60.0,https://racing.hkjc.com/en-us/local/information/otherhorse?horseid=HK_2005_G008&Option=1,2026-09-04T16:38:31Z,https://racing.hkjc.com/en-us/local/information/archive/localresults?racedate=2006/01/31&racecourse=ST&RaceNo=1
ST_20060131_R01_HK_2003_D294,ST_20060131_R01,2006-01-31,ST,Sha Tin,1,350,KUT CHEONG HANDICAP,4,1000,60-40,GOOD TO FIRM,TURF,"TURF - ""C+3"" Course",570000,14,HK_2003_D294,13,STAR PRODIGY,CD294,IRE,Northern,,42,41,Bay,Gelding,Danehill,Golden Cat,Storm Cat Same,1,0,0,0,0,0.0,0.0,0.0,0.0,31350.0,31350.0,11,False,False,C K Tong,C Fownes,105,1122,10,8-1/2,0:58.50,70.0,https://racing.hkjc.com/en-us/local/information/otherhorse?horseid=HK_2003_D294&Option=1,2026-09-04T15:24:58Z,https://racing.hkjc.com/en-us/local/information/archive/localresults?racedate=2006/01/31&racecourse=ST&RaceNo=1
ST_20060131_R01_HK_2000_A069,ST_20060131_R01,2006-01-31,ST,Sha Tin,1,350,KUT CHEONG HANDICAP,4,1000,60-40,GOOD TO FIRM,TURF,"TURF - ""C+3"" Course",570000,14,HK_2000_A069,2,GOLDEN FARM,CA069,NZ,Southern,,59,57,Bay,Gelding,Gold Brose,La Bisque,Western Symphony Same,2,0,0,0,0,0.0,0.0,0.0,0.0,45000.0,45000.0,12,False,False,H W Lai,L Ho,125,1143,7,9,0:58.60,19.0,https://racing.hkjc.com/en-us/local/information/otherhorse?horseid=HK_2000_A069&Option=1,2026-09-04T16:15:24Z,https://racing.hkjc.com/en-us/local/information/archive/localresults?racedate=2006/01/31&racecourse=ST&RaceNo=1
ST_20060131_R01_HK_2005_G117,ST_20060131_R01,2006-01-31,ST,Sha Tin,1,350,KUT CHEONG HANDICAP,4,1000,60-40,GOOD TO FIRM,TURF,"TURF - ""C+3"" Course",570000,14,HK_2005_G117,7,TREASURE PLANET,CG117,AUS,Southern,,52,52,Chestnut,Gelding,Snippets,Thunderbowl,Palace Music Same,0,0,0,0,0,0.0,0.0,0.0,0.0,0.0,0.0,13,False,False,H K Yim,Y S Tsui,123,1053,3,13,0:59.20,10.0,https://racing.hkjc.com/en-us/local/information/otherhorse?horseid=HK_2005_G117&Option=1,2026-09-04T16:38:34Z,https://racing.hkjc.com/en-us/local/information/archive/localresults?racedate=2006/01/31&racecourse=ST&RaceNo=1
ST_20060131_R01_HK_2004_E269,ST_20060131_R01,2006-01-31,ST,Sha Tin,1,350,KUT CHEONG HANDICAP,4,1000,60-40,GOOD TO FIRM,TURF,"TURF - ""C+3"" Course",570000,14,HK_2004_E269,10,LUCKY SPECIAL,CE269,NZ,Southern,,46,43,Bay,Gelding,O'Reilly,All And More,Gleam Machine Same,0,0,0,0,0,0.0,0.0,0.0,0.0,0.0,0.0,14,False,False,C Brown,C H Yip,119,990,14,13-1/2,0:59.30,99.0,https://racing.hkjc.com/en-us/local/information/otherhorse?horseid=HK_2004_E269&Option=1,2026-09-04T16:38:37Z,https://racing.hkjc.com/en-us/local/information/archive/localresults?racedate=2006/01/31&racecourse=ST&RaceNo=1
ST_20060131_R02_HK_2004_E237,ST_20060131_R02,2006-01-31,ST,Sha Tin,2,351,PROSPERITY HANDICAP,4,1600,60-40,GOOD TO FIRM,TURF,"TURF - ""C+3"" Course",570000,14,HK_2004_E237,9,GOOD VIEW SUCCESS,CE237,NZ,Southern,,50,56,Bay,Gelding,Danske,Eartha,Clay Hero Same,1,0,0,0,0,0.0,0.0,0.56,319200.0,34200.0,353400.0,1,True,True,C Soumillon,C H Yip,125,1058,12,---,1:35.60,3.3,https://racing.hkjc.com/en-us/local/information/otherhorse?horseid=HK_2004_E237&Option=1,2026-09-04T15:59:15Z,https://racing.hkjc.com/en-us/local/information/archive/localresults?racedate=2006/01/31&racecourse=ST&RaceNo=2
ST_20060131_R02_HK_2004_E287,ST_20060131_R02,2006-01-31,ST,Sha Tin,2,351,PROSPERITY HANDICAP,4,1600,60-40,GOOD TO FIRM,TURF,"TURF - ""C+3"" Course",570000,14,HK_2004_E287,12,RED WINE HONEY,CE287,AUS,Southern,,46,49,Brown,Gelding,Bite The Bullet,Noddy's Pal,Distinctly North Same,2,0,0,0,0,0.0,0.0,0.21,119700.0,0.0,119700.0,2,False,True,S Dye,C S Shum,121,1218,13,HD,1:35.70,99.0,https://racing.hkjc.com/en-us/local/information/otherhorse?horseid=HK_2004_E287&Option=1,2026-09-04T15:27:40Z,https://racing.hkjc.com/en-us/local/information/archive/localresults?racedate=2006/01/31&racecourse=ST&RaceNo=2
ST_20060131_R02_HK_2004_E127,ST_20060131_R02,2006-01-31,ST,Sha Tin,2,351,PROSPERITY HANDICAP,4,1600,60-40,GOOD TO FIRM,TURF,"TURF - ""C+3"" Course",570000,14,HK_2004_E127,7,LORD CAIRNS,CE127,AUS,Southern,,51,52,Bay,Gelding,Lion Cavern,Lady Cairns,Last Tycoon Same,1,0,0,0,0,0.0,0.0,0.115,65550.0,34200.0,99750.0,3,False,True,G Mosse,A Lee,126,1075,7,1,1:35.80,7.3,https://racing.hkjc.com/en-us/local/information/otherhorse?horseid=HK_2004_E127&Option=1,2026-09-04T15:28:05Z,https://racing.hkjc.com/en-us/local/information/archive/localresults?racedate=2006/01/31&racecourse=ST&RaceNo=2
ST_20060131_R02_HK_2004_E267,ST_20060131_R02,2006-01-31,ST,Sha Tin,2,351,PROSPERITY HANDICAP,4,1600,60-40,GOOD TO FIRM,TURF,"TURF - ""C+3"" Course",570000,14,HK_2004_E267,5,NAMJONG GOODLUCK,CE267,NZ,Southern,,52,53,Bay,Gelding,Danasinga,Classic Venture,Bold Venture Same,1,0,0,0,0,0.0,0.0,0.06,34200.0,0.0,34200.0,4,False,False,H K Yim,B K Ng,125,1056,14,1,1:35.80,99.0,https://racing.hkjc.com/en-us/local/information/otherhorse?horseid=HK_2004_E267&Option=1,2026-09-04T16:22:06Z,https://racing.hkjc.com/en-us/local/information/archive/localresults?racedate=2006/01/31&racecourse=ST&RaceNo=2
ST_20060131_R02_HK_2001_B388,ST_20060131_R02,2006-01-31,ST,Sha Tin,2,351,PROSPERITY HANDICAP,4,1600,60-40,GOOD TO FIRM,TURF,"TURF - ""C+3"" Course",570000,14,HK_2001_B388,14,SHOW BRAVELY,CB388,AUS,Southern,,43,43,Bay,Gelding,Barathea,La Musique,Bellotto Same,1,0,0,0,0,0.0,0.0,0.055,31350.0,0.0,31350.0,5,False,False,K S Yu,P F Yiu,115,1126,6,1-1/4,1:35.80,99.0,https://racing.hkjc.com/en-us/local/information/otherhorse?horseid=HK_2001_B388&Option=1,2026-09-04T15:26:52Z,https://racing.hkjc.com/en-us/local/information/archive/localresults?racedate=2006/01/31&racecourse=ST&RaceNo=2
ST_20060131_R02_HK_2005_G087,ST_20060131_R02,2006-01-31,ST,Sha Tin,2,351,PROSPERITY HANDICAP,4,1600,60-40,GOOD TO FIRM,TURF,"TURF - ""C+3"" Course",570000,14,HK_2005_G087,2,NATURAL NINE,CG087,AUS,Southern,,53,53,Bay,Gelding,Mark Of Esteem,Mythical Play,Defensive Play Same,2,0,0,2,2,0.0,1.0,0.0,0.0,115425.0,115425.0,6,False,False,S Sanders,C Fownes,128,1134,2,3,1:36.10,3.1,https://racing.hkjc.com/en-us/local/information/otherhorse?horseid=HK_2005_G087&Option=1,2026-09-04T13:16:49Z,https://racing.hkjc.com/en-us/local/information/archive/localresults?racedate=2006/01/31&racecourse=ST&RaceNo=2
ST_20060131_R02_HK_2002_C039,ST_20060131_R02,2006-01-31,ST,Sha Tin,2,351,PROSPERITY HANDICAP,4,1600,60-40,GOOD TO FIRM,TURF,"TURF - ""C+3"" Course",570000,14,HK_2002_C039,1,TELECOM TYCOON,CC039,AUS,Southern,,54,52,Bay,Gelding,Danehill,Soyinca,Caerleon Same,1,0,0,0,0,0.0,0.0,0.0,0.0,0.0,0.0,7,False,False,E Saint-Martin,D Cruz,129,1116,3,3-1/4,1:36.10,17.0,https://racing.hkjc.com/en-us/local/information/otherhorse?horseid=HK_2002_C039&Option=1,2026-09-04T15:11:27Z,https://racing.hkjc.com/en-us/local/information/archive/localresults?racedate=2006/01/31&racecourse=ST&RaceNo=2
ST_20060131_R02_HK_2004_E275,ST_20060131_R02,2006-01-31,ST,Sha Tin,2,351,PROSPERITY HANDICAP,4,1600,60-40,GOOD TO FIRM,TURF,"TURF - ""C+3"" Course",570000,14,HK_2004_E275,8,MUTUAL GAIN,CE275,AUS,Southern,,51,50,Bay,Gelding,Bite The Bullet,Volcano Lover,Geiger Counter Same,1,0,0,0,0,0.0,0.0,0.0,0.0,0.0,0.0,8,False,False,S K Sit,T W Leung,123,1036,5,3-3/4,1:36.20,38.0,https://racing.hkjc.com/en-us/local/information/otherhorse?horseid=HK_2004_E275&Option=1,2026-09-04T13:15:41Z,https://racing.hkjc.com/en-us/local/information/archive/localresults?racedate=2006/01/31&racecourse=ST&RaceNo=2
ST_20060131_R02_HK_2003_D026,ST_20060131_R02,2006-01-31,ST,Sha Tin,2,351,PROSPERITY HANDICAP,4,1600,60-40,GOOD TO FIRM,TURF,"TURF - ""C+3"" Course",570000,14,HK_2003_D026,4,JOIN VICTORY,CD026,NZ,Southern,,52,50,Bay,Gelding,Tale Of The Cat,Tisolde,Tights Same,1,0,0,0,0,0.0,0.0,0.0,0.0,31350.0,31350.0,9,False,False,O Doleuze,S Woods,127,1068,11,4,1:36.30,18.0,https://racing.hkjc.com/en-us/local/information/otherhorse?horseid=HK_2003_D026&Option=1,2026-09-04T15:59:49Z,https://racing.hkjc.com/en-us/local/information/archive/localresults?racedate=2006/01/31&racecourse=ST&RaceNo=2
ST_20060131_R02_HK_2005_G056,ST_20060131_R02,2006-01-31,ST,Sha Tin,2,351,PROSPERITY HANDICAP,4,1600,60-40,GOOD TO FIRM,TURF,"TURF - ""C+3"" Course",570000,14,HK_2005_G056,3,FEEL-SO-GOOD,CG056,AUS,Southern,,52,50,Bay / Brown,Gelding,Anabaa,Faithful Love,Deputy Governor Same,1,0,0,0,0,0.0,0.0,0.0,0.0,0.0,0.0,10,False,False,A Delpech,D E Ferraris,127,1145,9,4,1:36.30,99.0,https://racing.hkjc.com/en-us/local/information/otherhorse?horseid=HK_2005_G056&Option=1,2026-09-04T15:28:16Z,https://racing.hkjc.com/en-us/local/information/archive/localresults?racedate=2006/01/31&racecourse=ST&RaceNo=2
ST_20060131_R02_HK_2001_B194,ST_20060131_R02,2006-01-31,ST,Sha Tin,2,351,PROSPERITY HANDICAP,4,1600,60-40,GOOD TO FIRM,TURF,"TURF - ""C+3"" Course",570000,14,HK_2001_B194,6,EAST OCEAN DRAGON,CB194,AUS,Southern,,51.0,49,Bay,Gelding,Danehill,Mashenka,Nashwan Same,1,0,0,0,0,0.0,0.0,0.0,0.0,0.0,0.0,11,False,False,Y T Cheng,A S Cruz,124,1113,4,4-1/4,1:36.30,28.0,https://racing.hkjc.com/en-us/local/information/otherhorse?horseid=HK_2001_B194&Option=1,2026-09-04T15:59:29Z,https://racing.hkjc.com/en-us/local/information/archive/localresults?racedate=2006/01/31&racecourse=ST&RaceNo=2
ST_20060131_R02_HK_2003_D349,ST_20060131_R02,2006-01-31,ST,Sha Tin,2,351,PROSPERITY HANDICAP,4,1600,60-40,GOOD TO FIRM,TURF,"TURF - ""C+3"" Course",570000,14,HK_2003_D349,10,MASTER ABLE,CD349,NZ,Southern,,49,49,Chestnut,Gelding,Woodman,Newsmaker,Marscay Same,1,0,0,0,0,0.0,0.0,0.0,0.0,34200.0,34200.0,12,False,False,W M Lai,T K Ng,122,1195,8,6,1:36.60,6.2,https://racing.hkjc.com/en-us/local/information/otherhorse?horseid=HK_2003_D349&Option=1,2026-09-04T15:47:35Z,https://racing.hkjc.com/en-us/local/information/archive/localresults?racedate=2006/01/31&racecourse=ST&RaceNo=2
ST_20060131_R02_HK_2004_E306,ST_20060131_R02,2006-01-31,ST,Sha Tin,2,351,PROSPERITY HANDICAP,4,1600,60-40,GOOD TO FIRM,TURF,"TURF - ""C+3"" Course",570000,14,HK_2004_E306,11,G-ONE LEADING,CE306,NZ,Southern,,47,46,Chestnut,Gelding,Spinning World,Meralini,Roughcast Same,0,0,0,0,0,0.0,0.0,0.0,0.0,0.0,0.0,13,False,False,D Whyte,K L Man,122,1119,1,6-1/4,1:36.60,13.0,https://racing.hkjc.com/en-us/local/information/otherhorse?horseid=HK_2004_E306&Option=1,2026-09-04T13:52:08Z,https://racing.hkjc.com/en-us/local/information/archive/localresults?racedate=2006/01/31&racecourse=ST&RaceNo=2
ST_20060131_R02_HK_2004_E160,ST_20060131_R02,2006-01-31,ST,Sha Tin,2,351,PROSPERITY HANDICAP,4,1600,60-40,GOOD TO FIRM,TURF,"TURF - ""C+3"" Course",570000,14,HK_2004_E160,13,AMBITIOUS MARJU,CE160,NZ,Southern,,45,43,Bay,Gelding,Marju,Miss Moonshine,Star Way Same,1,0,0,0,0,0.0,0.0,0.0,0.0,0.0,0.0,14,False,False,C Munce,P O'Sullivan,120,1085,10,9-1/4,1:37.10,47.0,https://racing.hkjc.com/en-us/local/information/otherhorse?horseid=HK_2004_E160&Option=1,2026-09-04T15:47:50Z,https://racing.hkjc.com/en-us/local/information/archive/localresults?racedate=2006/01/31&racecourse=ST&RaceNo=2
ST_20060131_R03_HK_2004_E246,ST_20060131_R03,2006-01-31,ST,Sha Tin,3,352,FAT CHOY HANDICAP,3,1400,75-60,GOOD TO FIRM,TURF,"TURF - ""C+3"" Course",750000,14,HK_2004_E246,10,ARMADA,CE246,NZ,Southern,,62,75,Chestnut,Gelding,Towkay,Dance In Time,Red Tempo Same,0,0,0,0,0,0.0,0.0,0.56,420000.0,0.0,420000.0,1,True,True,C Brown,J Size,119,1122,1,---,1:21.20,4.9,https://racing.hkjc.com/en-us/local/information/otherhorse?horseid=HK_2004_E246&Option=1,2026-09-04T16:38:45Z,https://racing.hkjc.com/en-us/local/information/archive/localresults?racedate=2006/01/31&racecourse=ST&RaceNo=3
ST_20060131_R03_HK_2001_B252,ST_20060131_R03,2006-01-31,ST,Sha Tin,3,352,FAT CHOY HANDICAP,3,1400,75-60,GOOD TO FIRM,TURF,"TURF - ""C+3"" Course",750000,14,HK_2001_B252,5,SPINNING CITY,CB252,AUS,Southern,,68.0,68.0,Brown,Gelding,Spinning World,Futile,Alzao Same,1,0,0,0,0,0.0,0.0,0.21,157500.0,0.0,157500.0,2,False,True,R Fradd,D J Hall,125,1205,5,4-1/2,1:21.90,32.0,https://racing.hkjc.com/en-us/local/information/otherhorse?horseid=HK_2001_B252&Option=1,2026-09-04T13:18:26Z,https://racing.hkjc.com/en-us/local/information/archive/localresults?racedate=2006/01/31&racecourse=ST&RaceNo=3
ST_20060131_R03_HK_2005_G057,ST_20060131_R03,2006-01-31,ST,Sha Tin,3,352,FAT CHOY HANDICAP,3,1400,75-60,GOOD TO FIRM,TURF,"TURF - ""C+3"" Course",750000,14,HK_2005_G057,8,SUPREME GAINS,CG057,AUS,Southern,,64,64,Brown,Gelding,Anabaa,Zebizan,Zabeel Same,0,0,0,0,0,0.0,0.0,0.115,86250.0,0.0,86250.0,3,False,True,D Whyte,K L Man,121,1051,14,6-1/4,1:22.20,1.4,https://racing.hkjc.com/en-us/local/information/otherhorse?horseid=HK_2005_G057&Option=1,2026-09-04T16:38:48Z,https://racing.hkjc.com/en-us/local/information/archive/localresults?racedate=2006/01/31&racecourse=ST&RaceNo=3
ST_20060131_R03_HK_2002_C332,ST_20060131_R03,2006-01-31,ST,Sha Tin,3,352,FAT CHOY HANDICAP,3,1400,75-60,GOOD TO FIRM,TURF,"TURF - ""C+3"" Course",750000,14,HK_2002_C332,2,ZERO IN,CC332,AUS,Southern,,72,72,Brown,Gelding,Danzero,Onbellera,Aspect Same,1,0,1,0,1,0.0,1.0,0.06,45000.0,157500.0,202500.0,4,False,False,W M Lai,A S Cruz,127,1178,9,7-1/4,1:22.30,23.0,https://racing.hkjc.com/en-us/local/information/otherhorse?horseid=HK_2002_C332&Option=1,2026-09-04T13:18:04Z,https://racing.hkjc.com/en-us/local/information/archive/localresults?racedate=2006/01/31&racecourse=ST&RaceNo=3
ST_20060131_R03_HK_2004_E124,ST_20060131_R03,2006-01-31,ST,Sha Tin,3,352,FAT CHOY HANDICAP,3,1400,75-60,GOOD TO FIRM,TURF,"TURF - ""C+3"" Course",750000,14,HK_2004_E124,13,LUCKY WINNER,CE124,AUS,Southern,,61,59,Bay,Gelding,Favorite Trick,French Treasure,Miswaki Same,2,0,0,0,0,0.0,0.0,0.055,41250.0,0.0,41250.0,5,False,False,A Delpech,C Fownes,118,1138,10,7-3/4,1:22.40,81.0,https://racing.hkjc.com/en-us/local/information/otherhorse?horseid=HK_2004_E124&Option=1,2026-09-04T13:20:55Z,https://racing.hkjc.com/en-us/local/information/archive/localresults?racedate=2006/01/31&racecourse=ST&RaceNo=3
ST_20060131_R03_HK_2003_D321,ST_20060131_R03,2006-01-31,ST,Sha Tin,3,352,FAT CHOY HANDICAP,3,1400,75-60,GOOD TO FIRM,TURF,"TURF - ""C+3"" Course",750000,14,HK_2003_D321,14,QI'S PET,CD321,AUS,Southern,,61,61,Bay,Gelding,Danzero,Sister Mammy,Jackson Square Same,1,0,1,0,1,0.0,1.0,0.0,0.0,119700.0,119700.0,6,False,False,S Dye,C S Shum,118,1181,2,8-1/4,1:22.40,22.0,https://racing.hkjc.com/en-us/local/information/otherhorse?horseid=HK_2003_D321&Option=1,2026-09-04T15:47:29Z,https://racing.hkjc.com/en-us/local/information/archive/localresults?racedate=2006/01/31&racecourse=ST&RaceNo=3
ST_20060131_R03_HK_2002_C335,ST_20060131_R03,2006-01-31,ST,Sha Tin,3,352,FAT CHOY HANDICAP,3,1400,75-60,GOOD TO FIRM,TURF,"TURF - ""C+3"" Course",750000,14,HK_2002_C335,9,VITAL PATROL,CC335,NZ,Southern,,63,61,Brown,Gelding,Faltaat,Cover Girl,Centaine Same,1,0,0,0,0,0.0,0.0,0.0,0.0,0.0,0.0,7,False,False,C Soumillon,J Moore,120,1060,12,10-3/4,1:22.80,33.0,https://racing.hkjc.com/en-us/local/information/otherhorse?horseid=HK_2002_C335&Option=1,2026-09-04T16:15:35Z,https://racing.hkjc.com/en-us/local/information/archive/localresults?racedate=2006/01/31&racecourse=ST&RaceNo=3
ST_20060131_R03_HK_2004_E056,ST_20060131_R03,2006-01-31,ST,Sha Tin,3,352,FAT CHOY HANDICAP,3,1400,75-60,GOOD TO FIRM,TURF,"TURF - ""C+3"" Course",750000,14,HK_2004_E056,3,CROWNED GEM,CE056,AUS,Southern,,69,67,Bay,Gelding,Beautiful Crown,Narrung Gem,Mustin Lake Same,2,0,0,0,0,0.0,0.0,0.0,0.0,0.0,0.0,8,False,False,S Sanders,S Woods,126,1243,11,10-3/4,1:22.90,43.0,https://racing.hkjc.com/en-us/local/information/otherhorse?horseid=HK_2004_E056&Option=1,2026-09-04T13:18:29Z,https://racing.hkjc.com/en-us/local/information/archive/localresults?racedate=2006/01/31&racecourse=ST&RaceNo=3
ST_20060131_R03_HK_2005_G004,ST_20060131_R03,2006-01-31,ST,Sha Tin,3,352,FAT CHOY HANDICAP,3,1400,75-60,GOOD TO FIRM,TURF,"TURF - ""C+3"" Course",750000,14,HK_2005_G004,11,DISGUISE,CG004,AUS,Southern,,62,62,Bay,Gelding,Redoute's Choice,Suburban Blues,Bluebird Same,1,1,0,0,1,1.0,1.0,0.0,0.0,319200.0,319200.0,9,False,False,G Schofield,D E Ferraris,119,1068,6,10-3/4,1:22.90,9.9,https://racing.hkjc.com/en-us/local/information/otherhorse?horseid=HK_2005_G004&Option=1,2026-09-04T13:16:41Z,https://racing.hkjc.com/en-us/local/information/archive/localresults?racedate=2006/01/31&racecourse=ST&RaceNo=3
ST_20060131_R03_HK_2001_B394,ST_20060131_R03,2006-01-31,ST,Sha Tin,3,352,FAT CHOY HANDICAP,3,1400,75-60,GOOD TO FIRM,TURF,"TURF - ""C+3"" Course",750000,14,HK_2001_B394,12,MAGIC TOUCH,CB394,NZ,Southern,,62,60,Bay,Gelding,Housebuster,Lilly Of Th' Field,Olympiad King Same,1,0,0,0,0,0.0,0.0,0.0,0.0,0.0,0.0,10,False,False,H W Lai,L Ho,112,1165,4,12-1/4,1:23.10,99.0,https://racing.hkjc.com/en-us/local/information/otherhorse?horseid=HK_2001_B394&Option=1,2026-09-04T16:02:10Z,https://racing.hkjc.com/en-us/local/information/archive/localresults?racedate=2006/01/31&racecourse=ST&RaceNo=3
ST_20060131_R03_HK_2003_D137,ST_20060131_R03,2006-01-31,ST,Sha Tin,3,352,FAT CHOY HANDICAP,3,1400,75-60,GOOD TO FIRM,TURF,"TURF - ""C+3"" Course",750000,14,HK_2003_D137,6,HANDBAG PREMIER,CD137,NZ,Southern,,67,65,Bay,Gelding,Zabeel,Love de Tor,Spectacular Love Same,0,0,0,0,0,0.0,0.0,0.0,0.0,0.0,0.0,11,False,False,G Mosse,P O'Sullivan,124,1065,13,12-3/4,1:23.10,69.0,https://racing.hkjc.com/en-us/local/information/otherhorse?horseid=HK_2003_D137&Option=1,2026-09-04T15:47:24Z,https://racing.hkjc.com/en-us/local/information/archive/localresults?racedate=2006/01/31&racecourse=ST&RaceNo=3
ST_20060131_R03_HK_2005_G034,ST_20060131_R03,2006-01-31,ST,Sha Tin,3,352,FAT CHOY HANDICAP,3,1400,75-60,GOOD TO FIRM,TURF,"TURF - ""C+3"" Course",750000,14,HK_2005_G034,4,SPACED,CG034,IRE,Northern,,69,66,Bay,Gelding,Indian Rocket,Tolomena,Tolomeo Same,0,0,0,0,0,0.0,0.0,0.0,0.0,0.0,0.0,12,False,False,Y T Cheng,C H Yip,124,1054,3,14-1/2,1:23.40,99.0,https://racing.hkjc.com/en-us/local/information/otherhorse?horseid=HK_2005_G034&Option=1,2026-09-04T16:38:51Z,https://racing.hkjc.com/en-us/local/information/archive/localresults?racedate=2006/01/31&racecourse=ST&RaceNo=3
ST_20060131_R03_HK_2000_A018,ST_20060131_R03,2006-01-31,ST,Sha Tin,3,352,FAT CHOY HANDICAP,3,1400,75-60,GOOD TO FIRM,TURF,"TURF - ""C+3"" Course",750000,14,HK_2000_A018,1,DASHING WINNER,CA018,NZ,Southern,,72,72,Chestnut,Gelding,Deputy Governor,Double Liz,Nodouble Same,1,0,0,0,0,0.0,0.0,0.0,0.0,45000.0,45000.0,13,False,False,O Doleuze,B K Ng,129,1136,7,15-1/4,1:23.60,90.0,https://racing.hkjc.com/en-us/local/information/otherhorse?horseid=HK_2000_A018&Option=1,2026-09-04T15:28:40Z,https://racing.hkjc.com/en-us/local/information/archive/localresults?racedate=2006/01/31&racecourse=ST&RaceNo=3
ST_20060131_R03_HK_2002_C046,ST_20060131_R03,2006-01-31,ST,Sha Tin,3,352,FAT CHOY HANDICAP,3,1400,75-60,GOOD TO FIRM,TURF,"TURF - ""C+3"" Course",750000,14,HK_2002_C046,7,OSCAR STAR,CC046,NZ,Southern,,66,63,Brown,Gelding,O'Reilly,Curragh Lass,Danzatore Same,1,0,0,0,0,0.0,0.0,0.0,0.0,0.0,0.0,14,False,False,C Munce,A T Millard,123,1051,8,15-3/4,1:23.70,99.0,https://racing.hkjc.com/en-us/local/information/otherhorse?horseid=HK_2002_C046&Option=1,2026-09-04T13:18:34Z,https://racing.hkjc.com/en-us/local/information/archive/localresults?racedate=2006/01/31&racecourse=ST&RaceNo=3
ST_20060131_R04_HK_2004_E024,ST_20060131_R04,2006-01-31,ST,Sha Tin,4,353,YUE YEE HANDICAP,5,1600,40-15,GOOD TO FIRM,TURF,"TURF - ""C+3"" Course",450000,15,HK_2004_E024,8.0,RIGHT FRAAR,CE024,AUS,Southern,,30,30,Bay,Gelding,Fraar,My Prima Donna,Paris Opera Same,2,0,1,0,1,0.0,0.5,0.56,252000.0,94500.0,346500.0,1.0,True,True,D Whyte,J Size,121,1018.0,6.0,---,1:36.40,3.0,https://racing.hkjc.com/en-us/local/information/otherhorse?horseid=HK_2004_E024&Option=1,2026-09-04T13:15:09Z,https://racing.hkjc.com/en-us/local/information/archive/localresults?racedate=2006/01/31&racecourse=ST&RaceNo=4
ST_20060131_R04_HK_2003_D271,ST_20060131_R04,2006-01-31,ST,Sha Tin,4,353,YUE YEE HANDICAP,5,1600,40-15,GOOD TO FIRM,TURF,"TURF - ""C+3"" Course",450000,15,HK_2003_D271,12.0,PLEASURE PLEASURE,CD271,AUS,Southern,,27,28,Bay,Gelding,Snippets,Veronique,Lyphard's Wish Same,1,0,0,0,0,0.0,0.0,0.21,94500.0,0.0,94500.0,2.0,False,True,C W Wong,A Lee,108,967.0,14.0,1-1/2,1:36.60,22.0,https://racing.hkjc.com/en-us/local/information/otherhorse?horseid=HK_2003_D271&Option=1,2026-09-04T13:51:07Z,https://racing.hkjc.com/en-us/local/information/archive/localresults?racedate=2006/01/31&racecourse=ST&RaceNo=4
ST_20060131_R04_HK_2003_D083,ST_20060131_R04,2006-01-31,ST,Sha Tin,4,353,YUE YEE HANDICAP,5,1600,40-15,GOOD TO FIRM,TURF,"TURF - ""C+3"" Course",450000,15,HK_2003_D083,10.0,WAVY PEAK,CD083,IRE,Northern,,28,29,Chestnut,Gelding,Desert Prince,Just An Illusion,Shernazar Same,1,0,0,0,0,0.0,0.0,0.115,51750.0,24750.0,76500.0,3.0,False,True,H K Yim,T W Leung,117,1104.0,10.0,1-1/2,1:36.60,45.0,https://racing.hkjc.com/en-us/local/information/otherhorse?horseid=HK_2003_D083&Option=1,2026-09-04T15:45:42Z,https://racing.hkjc.com/en-us/local/information/archive/localresults?racedate=2006/01/31&racecourse=ST&RaceNo=4
ST_20060131_R04_HK_2002_C115,ST_20060131_R04,2006-01-31,ST,Sha Tin,4,353,YUE YEE HANDICAP,5,1600,40-15,GOOD TO FIRM,TURF,"TURF - ""C+3"" Course",450000,15,HK_2002_C115,2.0,GLORIOUS LIGHT,CC115,NZ,Southern,,37,37,Bay,Gelding,Blues Traveller,Pell Mell,Sound Reason Same,1,1,0,0,1,1.0,1.0,0.06,27000.0,252000.0,279000.0,4.0,False,False,F Coetzee,A S Cruz,128,1108.0,1.0,2-1/4,1:36.70,3.6,https://racing.hkjc.com/en-us/local/information/otherhorse?horseid=HK_2002_C115&Option=1,2026-09-04T13:16:02Z,https://racing.hkjc.com/en-us/local/information/archive/localresults?racedate=2006/01/31&racecourse=ST&RaceNo=4
ST_20060131_R04_HK_2003_D119,ST_20060131_R04,2006-01-31,ST,Sha Tin,4,353,YUE YEE HANDICAP,5,1600,40-15,GOOD TO FIRM,TURF,"TURF - ""C+3"" Course",450000,15,HK_2003_D119,13.0,SHINING LIGHT,CD119,IRE,Northern,,24.0,23.0,Bay,Gelding,Intikhab,Annsfield Lady,Red Sunset Same,1,0,0,0,0,0.0,0.0,0.055,24750.0,0.0,24750.0,5.0,False,False,C Munce,J Moore,115,1071.0,7.0,2-1/4,1:36.70,17.0,https://racing.hkjc.com/en-us/local/information/otherhorse?horseid=HK_2003_D119&Option=1,2026-09-04T13:16:23Z,https://racing.hkjc.com/en-us/local/information/archive/localresults?racedate=2006/01/31&racecourse=ST&RaceNo=4
ST_20060131_R04_HK_2004_E199,ST_20060131_R04,2006-01-31,ST,Sha Tin,4,353,YUE YEE HANDICAP,5,1600,40-15,GOOD TO FIRM,TURF,"TURF - ""C+3"" Course",450000,15,HK_2004_E199,4.0,MAVERICK,CE199,NZ,Southern,,36.0,34.0,Bay,Gelding,Volksraad,Kape Dancer,Kaapstad Same,0,0,0,0,0,0.0,0.0,0.0,0.0,0.0,0.0,6.0,False,False,S Sanders,C Fownes,127,1071.0,11.0,3,1:36.80,33.0,https://racing.hkjc.com/en-us/local/information/otherhorse?horseid=HK_2004_E199&Option=1,2026-09-04T16:38:56Z,https://racing.hkjc.com/en-us/local/information/archive/localresults?racedate=2006/01/31&racecourse=ST&RaceNo=4
ST_20060131_R04_HK_2002_C281,ST_20060131_R04,2006-01-31,ST,Sha Tin,4,353,YUE YEE HANDICAP,5,1600,40-15,GOOD TO FIRM,TURF,"TURF - ""C+3"" Course",450000,15,HK_2002_C281,9.0,KIWI DASH,CC281,NZ,Southern,,28,26,Chestnut,Gelding,Gold Brose,Beautiful Sea,Grosvenor Same,1,0,0,0,0,0.0,0.0,0.0,0.0,27000.0,27000.0,7.0,False,False,W M Lai,P F Yiu,117,1103.0,8.0,3,1:36.80,14.0,https://racing.hkjc.com/en-us/local/information/otherhorse?horseid=HK_2002_C281&Option=1,2026-09-04T16:20:59Z,https://racing.hkjc.com/en-us/local/information/archive/localresults?racedate=2006/01/31&racecourse=ST&RaceNo=4
ST_20060131_R04_HK_2001_B455,ST_20060131_R04,2006-01-31,ST,Sha Tin,4,353,YUE YEE HANDICAP,5,1600,40-15,GOOD TO FIRM,TURF,"TURF - ""C+3"" Course",450000,15,HK_2001_B455,11.0,KID GALAXY,CB455,NZ,Southern,,27,25,Bay,Gelding,Dehere,Kiwi Magic,Vice Regal Same,1,0,0,0,0,0.0,0.0,0.0,0.0,0.0,0.0,8.0,False,False,A Delpech,A T Millard,118,1085.0,5.0,3-3/4,1:36.90,78.0,https://racing.hkjc.com/en-us/local/information/otherhorse?horseid=HK_2001_B455&Option=1,2026-09-04T15:45:53Z,https://racing.hkjc.com/en-us/local/information/archive/localresults?racedate=2006/01/31&racecourse=ST&RaceNo=4
ST_20060131_R04_HK_2004_E156,ST_20060131_R04,2006-01-31,ST,Sha Tin,4,353,YUE YEE HANDICAP,5,1600,40-15,GOOD TO FIRM,TURF,"TURF - ""C+3"" Course",450000,15,HK_2004_E156,6.0,NEW TAMAR,CE156,NZ,Southern,,33,32,Grey,Gelding,Daggers Drawn,Three Vibes,Three Legs Same,1,0,0,1,1,0.0,1.0,0.0,0.0,51750.0,51750.0,9.0,False,False,E Saint-Martin,C S Shum,124,1098.0,9.0,4,1:37.00,6.2,https://racing.hkjc.com/en-us/local/information/otherhorse?horseid=HK_2004_E156&Option=1,2026-09-04T16:00:14Z,https://racing.hkjc.com/en-us/local/information/archive/localresults?racedate=2006/01/31&racecourse=ST&RaceNo=4
ST_20060131_R04_HK_2001_B195,ST_20060131_R04,2006-01-31,ST,Sha Tin,4,353,YUE YEE HANDICAP,5,1600,40-15,GOOD TO FIRM,TURF,"TURF - ""C+3"" Course",450000,15,HK_2001_B195,5.0,SPEED WINNER,CB195,AUS,Southern,,24.0,21.0,Bay,Gelding,Danehill,Think Twice,Alleged Same,1,0,0,0,0,0.0,0.0,0.0,0.0,0.0,0.0,10.0,False,False,Y T Cheng,S Woods,113,1207.0,12.0,4-1/4,1:37.00,99.0,https://racing.hkjc.com/en-us/local/information/otherhorse?horseid=HK_2001_B195&Option=1,2026-09-04T15:10:12Z,https://racing.hkjc.com/en-us/local/information/archive/localresults?racedate=2006/01/31&racecourse=ST&RaceNo=4
ST_20060131_R04_HK_2003_D160,ST_20060131_R04,2006-01-31,ST,Sha Tin,4,353,YUE YEE HANDICAP,5,1600,40-15,GOOD TO FIRM,TURF,"TURF - ""C+3"" Course",450000,15,HK_2003_D160,7.0,PRO JOY,CD160,AUS,Southern,,33,32,Bay,Gelding,Gold Fever,Global Village,Pago Pago Same,0,0,0,0,0,0.0,0.0,0.0,0.0,0.0,0.0,11.0,False,False,C Soumillon,C W Chang,124,1040.0,2.0,5-1/4,1:37.20,25.0,https://racing.hkjc.com/en-us/local/information/otherhorse?horseid=HK_2003_D160&Option=1,2026-09-04T16:38:59Z,https://racing.hkjc.com/en-us/local/information/archive/localresults?racedate=2006/01/31&racecourse=ST&RaceNo=4
ST_20060131_R04_HK_2002_C056,ST_20060131_R04,2006-01-31,ST,Sha Tin,4,353,YUE YEE HANDICAP,5,1600,40-15,GOOD TO FIRM,TURF,"TURF - ""C+3"" Course",450000,15,HK_2002_C056,1.0,KING OF SPADES,CC056,SAF,Southern,,40,38,Bay,Gelding,Goldkeeper,Megeve,Northfields Same,2,0,0,0,0,0.0,0.0,0.0,0.0,0.0,0.0,12.0,False,False,O Doleuze,T K Ng,131,1049.0,3.0,5-3/4,1:37.30,15.0,https://racing.hkjc.com/en-us/local/information/otherhorse?horseid=HK_2002_C056&Option=1,2026-09-04T13:17:38Z,https://racing.hkjc.com/en-us/local/information/archive/localresults?racedate=2006/01/31&racecourse=ST&RaceNo=4
ST_20060131_R04_HK_2001_B324,ST_20060131_R04,2006-01-31,ST,Sha Tin,4,353,YUE YEE HANDICAP,5,1600,40-15,GOOD TO FIRM,TURF,"TURF - ""C+3"" Course",450000,15,HK_2001_B324,3.0,JUSTINIAN,CB324,AUS,Southern,,36,34,Bay,Gelding,Danehill,Farrara,Fast Topaze Same,2,0,0,0,0,0.0,0.0,0.0,0.0,24750.0,24750.0,13.0,False,False,S Dye,D E Ferraris,127,1054.0,4.0,6-3/4,1:37.40,28.0,https://racing.hkjc.com/en-us/local/information/otherhorse?horseid=HK_2001_B324&Option=1,2026-09-04T13:50:56Z,https://racing.hkjc.com/en-us/local/information/archive/localresults?racedate=2006/01/31&racecourse=ST&RaceNo=4
ST_20060131_R04_HK_1999_V168,ST_20060131_R04,2006-01-31,ST,Sha Tin,4,353,YUE YEE HANDICAP,5,1600,40-15,GOOD TO FIRM,TURF,"TURF - ""C+3"" Course",450000,15,HK_1999_V168,14.0,MILLENNIUM DAWN,BV168,NZ,Southern,,23,22,Brown,Gelding,Fiesta Star,Cam's Belle,Long Row Same,2,0,1,0,1,0.0,0.5,0.0,0.0,94500.0,94500.0,14.0,False,False,H W Lai,L Ho,107,1059.0,13.0,11-1/4,1:38.10,15.0,https://racing.hkjc.com/en-us/local/information/otherhorse?horseid=HK_1999_V168&Option=1,2026-09-04T13:16:04Z,https://racing.hkjc.com/en-us/local/information/archive/localresults?racedate=2006/01/31&racecourse=ST&RaceNo=4
ST_20060131_R04_HK_2004_E115,ST_20060131_R04,2006-01-31,ST,Sha Tin,4,353,YUE YEE HANDICAP,5,1600,40-15,GOOD TO FIRM,TURF,"TURF - ""C+3"" Course",450000,15,HK_2004_E115,,MIRACULOUS,CE115,AUS,Southern,,33,32,Bay,Gelding,Torrential,Flame Of Karioi,Vain Same,0,0,0,0,0,0.0,0.0,0.0,0.0,0.0,0.0,,False,False,G Schofield,D Cruz,124,,,---,---,,https://racing.hkjc.com/en-us/local/information/otherhorse?horseid=HK_2004_E115&Option=1,2026-09-04T16:39:02Z,https://racing.hkjc.com/en-us/local/information/archive/localresults?racedate=2006/01/31&racecourse=ST&RaceNo=4
ST_20060131_R05_HK_2002_C341,ST_20060131_R05,2006-01-31,ST,Sha Tin,5,354,RED PACKET HANDICAP,4,1800,60-40,GOOD TO FIRM,TURF,"TURF - ""C+3"" Course",570000,15,HK_2002_C341,12.0,X-SPEED,CC341,CAN,Northern,,44,49,Chestnut,Gelding,Vying Victor,Screaming Redhead,Screaming Fife Same,1,0,0,0,0,0.0,0.0,0.56,319200.0,34200.0,353400.0,1.0,True,True,C Munce,C H Yip,117,1177.0,14.0,---,1:49.20,32.0,https://racing.hkjc.com/en-us/local/information/otherhorse?horseid=HK_2002_C341&Option=1,2026-09-04T15:27:25Z,https://racing.hkjc.com/en-us/local/information/archive/localresults?racedate=2006/01/31&racecourse=ST&RaceNo=5
ST_20060131_R05_HK_2000_A249,ST_20060131_R05,2006-01-31,ST,Sha Tin,5,354,RED PACKET HANDICAP,4,1800,60-40,GOOD TO FIRM,TURF,"TURF - ""C+3"" Course",570000,15,HK_2000_A249,1.0,LUCKY STALLION,CA249,GB,Northern,,58,60,Chestnut,Gelding,Selkirk,Ink Pot,Green Dancer Same,3,0,1,0,1,0.0,0.3333,0.21,119700.0,119700.0,239400.0,2.0,False,True,C K Tong,C Fownes,121,1064.0,9.0,N,1:49.30,88.0,https://racing.hkjc.com/en-us/local/information/otherhorse?horseid=HK_2000_A249&Option=1,2026-09-04T15:10:24Z,https://racing.hkjc.com/en-us/local/information/archive/localresults?racedate=2006/01/31&racecourse=ST&RaceNo=5
ST_20060131_R05_HK_2004_E094,ST_20060131_R05,2006-01-31,ST,Sha Tin,5,354,RED PACKET HANDICAP,4,1800,60-40,GOOD TO FIRM,TURF,"TURF - ""C+3"" Course",570000,15,HK_2004_E094,5.0,CAPABILITY,CE094,NZ,Southern,,48,49,Bay,Gelding,Cape Cross,Moulin Rouge,Iades Same,1,0,0,0,0,0.0,0.0,0.115,65550.0,31350.0,96900.0,3.0,False,True,C Soumillon,Y O Wong,121,1088.0,8.0,3/4,1:49.30,3.5,https://racing.hkjc.com/en-us/local/information/otherhorse?horseid=HK_2004_E094&Option=1,2026-09-04T15:11:24Z,https://racing.hkjc.com/en-us/local/information/archive/localresults?racedate=2006/01/31&racecourse=ST&RaceNo=5
ST_20060131_R05_HK_2003_D110,ST_20060131_R05,2006-01-31,ST,Sha Tin,5,354,RED PACKET HANDICAP,4,1800,60-40,GOOD TO FIRM,TURF,"TURF - ""C+3"" Course",570000,15,HK_2003_D110,9.0,SNIPER,CD110,GER,Northern,,46,46,Chestnut,Gelding,Acatenango,Tascalina,Big Shuffle Same,1,0,1,0,1,0.0,1.0,0.06,34200.0,119700.0,153900.0,4.0,False,False,C Brown,P O'Sullivan,119,1013.0,3.0,1-1/2,1:49.40,9.3,https://racing.hkjc.com/en-us/local/information/otherhorse?horseid=HK_2003_D110&Option=1,2026-09-04T13:51:18Z,https://racing.hkjc.com/en-us/local/information/archive/localresults?racedate=2006/01/31&racecourse=ST&RaceNo=5
ST_20060131_R05_HK_2001_B327,ST_20060131_R05,2006-01-31,ST,Sha Tin,5,354,RED PACKET HANDICAP,4,1800,60-40,GOOD TO FIRM,TURF,"TURF - ""C+3"" Course",570000,15,HK_2001_B327,4.0,WATCHMAN,CB327,NZ,Southern,,50,50,Chestnut,Gelding,Entrepreneur,Happiness,Bluebird Same,2,1,0,0,1,0.5,0.5,0.055,31350.0,319200.0,350550.0,5.0,False,False,H K Yim,B K Ng,121,1128.0,7.0,2-1/4,1:49.50,38.0,https://racing.hkjc.com/en-us/local/information/otherhorse?horseid=HK_2001_B327&Option=1,2026-09-04T13:17:36Z,https://racing.hkjc.com/en-us/local/information/archive/localresults?racedate=2006/01/31&racecourse=ST&RaceNo=5
ST_20060131_R05_HK_2005_G023,ST_20060131_R05,2006-01-31,ST,Sha Tin,5,354,RED PACKET HANDICAP,4,1800,60-40,GOOD TO FIRM,TURF,"TURF - ""C+3"" Course",570000,15,HK_2005_G023,8.0,RICH FOR ALL,CG023,AUS,Southern,,46,44,Chestnut,Gelding,Archway,Dew Drop Lassie,Snow Chief Same,2,0,0,0,0,0.0,0.0,0.0,0.0,0.0,0.0,6.0,False,False,O Doleuze,D J Hall,119,1268.0,2.0,2-1/2,1:49.60,7.2,https://racing.hkjc.com/en-us/local/information/otherhorse?horseid=HK_2005_G023&Option=1,2026-09-04T15:28:13Z,https://racing.hkjc.com/en-us/local/information/archive/localresults?racedate=2006/01/31&racecourse=ST&RaceNo=5
ST_20060131_R05_HK_2003_D263,ST_20060131_R05,2006-01-31,ST,Sha Tin,5,354,RED PACKET HANDICAP,4,1800,60-40,GOOD TO FIRM,TURF,"TURF - ""C+3"" Course",570000,15,HK_2003_D263,10.0,LEGIONNAIRE,CD263,AUS,Southern,,45.0,43.0,Bay,Gelding,Danehill,Secret Truth,Secretariat Same,0,0,0,0,0,0.0,0.0,0.0,0.0,0.0,0.0,7.0,False,False,F Coetzee,A S Cruz,118,1203.0,11.0,3-1/2,1:49.70,8.1,https://racing.hkjc.com/en-us/local/information/otherhorse?horseid=HK_2003_D263&Option=1,2026-09-04T16:39:07Z,https://racing.hkjc.com/en-us/local/information/archive/localresults?racedate=2006/01/31&racecourse=ST&RaceNo=5
ST_20060131_R05_HK_2003_D343,ST_20060131_R05,2006-01-31,ST,Sha Tin,5,354,RED PACKET HANDICAP,4,1800,60-40,GOOD TO FIRM,TURF,"TURF - ""C+3"" Course",570000,15,HK_2003_D343,7.0,FORTUNE GOLD,CD343,AUS,Southern,,47,47,Brown,Gelding,Gold Fever,How Special,Persian Heights Same,3,1,0,0,1,0.3333,0.3333,0.0,0.0,353400.0,353400.0,8.0,False,False,A Delpech,J Size,120,1200.0,1.0,4-1/4,1:49.80,7.2,https://racing.hkjc.com/en-us/local/information/otherhorse?horseid=HK_2003_D343&Option=1,2026-09-04T13:17:30Z,https://racing.hkjc.com/en-us/local/information/archive/localresults?racedate=2006/01/31&racecourse=ST&RaceNo=5
ST_20060131_R05_HK_2004_E337,ST_20060131_R05,2006-01-31,ST,Sha Tin,5,354,RED PACKET HANDICAP,4,1800,60-40,GOOD TO FIRM,TURF,"TURF - ""C+3"" Course",570000,15,HK_2004_E337,3.0,POSA,CE337,NZ,Southern,,50,48,Chestnut,Gelding,Bahhare,The Model,Truly Vain Same,1,0,0,0,0,0.0,0.0,0.0,0.0,0.0,0.0,9.0,False,False,E Saint-Martin,D E Ferraris,123,1020.0,4.0,4-3/4,1:49.90,8.8,https://racing.hkjc.com/en-us/local/information/otherhorse?horseid=HK_2004_E337&Option=1,2026-09-04T16:22:09Z,https://racing.hkjc.com/en-us/local/information/archive/localresults?racedate=2006/01/31&racecourse=ST&RaceNo=5
ST_20060131_R05_HK_2004_E223,ST_20060131_R05,2006-01-31,ST,Sha Tin,5,354,RED PACKET HANDICAP,4,1800,60-40,GOOD TO FIRM,TURF,"TURF - ""C+3"" Course",570000,15,HK_2004_E223,13.0,THAT'S IT,CE223,AUS,Southern,,43,43,Chestnut,Gelding,Snippets,La Plume,Sir Tristram Same,2,1,0,0,1,0.5,0.5,0.0,0.0,279000.0,279000.0,10.0,False,False,H W Lai,T W Leung,109,1138.0,5.0,5,1:49.90,7.8,https://racing.hkjc.com/en-us/local/information/otherhorse?horseid=HK_2004_E223&Option=1,2026-09-04T13:51:51Z,https://racing.hkjc.com/en-us/local/information/archive/localresults?racedate=2006/01/31&racecourse=ST&RaceNo=5
ST_20060131_R05_HK_2002_C029,ST_20060131_R05,2006-01-31,ST,Sha Tin,5,354,RED PACKET HANDICAP,4,1800,60-40,GOOD TO FIRM,TURF,"TURF - ""C+3"" Course",570000,15,HK_2002_C029,2.0,BROWN BEAUTY,CC029,NZ,Southern,,52,51,Bay,Gelding,Shinko King,Jeanne D'Arc,Wolverton Same,1,0,0,1,1,0.0,1.0,0.0,0.0,65550.0,65550.0,11.0,False,False,G Schofield,D Cruz,125,1050.0,10.0,6-1/4,1:50.10,18.0,https://racing.hkjc.com/en-us/local/information/otherhorse?horseid=HK_2002_C029&Option=1,2026-09-04T15:26:40Z,https://racing.hkjc.com/en-us/local/information/archive/localresults?racedate=2006/01/31&racecourse=ST&RaceNo=5
ST_20060131_R05_HK_2001_B166,ST_20060131_R05,2006-01-31,ST,Sha Tin,5,354,RED PACKET HANDICAP,4,1800,60-40,GOOD TO FIRM,TURF,"TURF - ""C+3"" Course",570000,15,HK_2001_B166,11.0,STEP FORWARD,CB166,NZ,Southern,,45.0,43.0,Bay,Gelding,Geiger Counter,Anemone Garden,Dancing Dissident Same,0,0,0,0,0,0.0,0.0,0.0,0.0,0.0,0.0,12.0,False,False,D Whyte,C W Chang,118,1146.0,12.0,6-1/4,1:50.10,41.0,https://racing.hkjc.com/en-us/local/information/otherhorse?horseid=HK_2001_B166&Option=1,2026-09-04T16:39:10Z,https://racing.hkjc.com/en-us/local/information/archive/localresults?racedate=2006/01/31&racecourse=ST&RaceNo=5
ST_20060131_R05_HK_2004_E186,ST_20060131_R05,2006-01-31,ST,Sha Tin,5,354,RED PACKET HANDICAP,4,1800,60-40,GOOD TO FIRM,TURF,"TURF - ""C+3"" Course",570000,15,HK_2004_E186,14.0,CHARMING SPEEDY,CE186,NZ,Southern,,42.0,40,Bay,Gelding,Deputy Governor,Georgia,Grosvenor Same,1,0,0,0,0,0.0,0.0,0.0,0.0,0.0,0.0,13.0,False,False,W M Lai,P F Yiu,113,1059.0,6.0,7-1/2,1:50.30,49.0,https://racing.hkjc.com/en-us/local/information/otherhorse?horseid=HK_2004_E186&Option=1,2026-09-04T13:17:54Z,https://racing.hkjc.com/en-us/local/information/archive/localresults?racedate=2006/01/31&racecourse=ST&RaceNo=5
ST_20060131_R05_HK_1999_V280,ST_20060131_R05,2006-01-31,ST,Sha Tin,5,354,RED PACKET HANDICAP,4,1800,60-40,GOOD TO FIRM,TURF,"TURF - ""C+3"" Course",570000,15,HK_1999_V280,6.0,MONZA KING,BV280,NZ,Southern,,56.0,56,Chestnut,Gelding,Kaapstad,Tres Charmante,Zamazaan Same,0,0,0,0,0,0.0,0.0,0.0,0.0,0.0,0.0,14.0,False,False,Y T Cheng,L Ho,127,1044.0,13.0,22-1/4,1:52.70,73.0,https://racing.hkjc.com/en-us/local/information/otherhorse?horseid=HK_1999_V280&Option=1,2026-09-04T16:39:14Z,https://racing.hkjc.com/en-us/local/information/archive/localresults?racedate=2006/01/31&racecourse=ST&RaceNo=5
ST_20060131_R05_HK_2004_E098,ST_20060131_R05,2006-01-31,ST,Sha Tin,5,354,RED PACKET HANDICAP,4,1800,60-40,GOOD TO FIRM,TURF,"TURF - ""C+3"" Course",570000,15,HK_2004_E098,,GREAT FORTUNE,CE098,NZ,Southern,,48,48,Chestnut,Gelding,Daggers Drawn,Pheroz Flower,Pompeii Court Same,0,0,0,0,0,0.0,0.0,0.0,0.0,0.0,0.0,,False,False,Y T Cheng,K W Lui,119,,,---,---,,https://racing.hkjc.com/en-us/local/information/otherhorse?horseid=HK_2004_E098&Option=1,2026-09-04T16:39:17Z,https://racing.hkjc.com/en-us/local/information/archive/localresults?racedate=2006/01/31&racecourse=ST&RaceNo=5
ST_20060131_R06_HK_2004_E300,ST_20060131_R06,2006-01-31,ST,Sha Tin,6,355,PEACH BLOSSOM HANDICAP,4,1400,60-40,GOOD TO FIRM,TURF,"TURF - ""C+3"" Course",570000,14,HK_2004_E300,3,LUMINOUS,CE300,NZ,Southern,,57,62,Chestnut,Gelding,Spinning World,Gold Cloud,Truly Vain Same,2,1,1,0,2,0.5,1.0,0.56,319200.0,438900.0,758100.0,1,True,True,D Whyte,J Size,129,1235,6,---,1:22.80,3.3,https://racing.hkjc.com/en-us/local/information/otherhorse?horseid=HK_2004_E300&Option=1,2026-09-04T15:24:46Z,https://racing.hkjc.com/en-us/local/information/archive/localresults?racedate=2006/01/31&racecourse=ST&RaceNo=6
ST_20060131_R06_HK_2001_B383,ST_20060131_R06,2006-01-31,ST,Sha Tin,6,355,PEACH BLOSSOM HANDICAP,4,1400,60-40,GOOD TO FIRM,TURF,"TURF - ""C+3"" Course",570000,14,HK_2001_B383,1,THE ONLY ONE,CB383,AUS,Southern,,59.0,61,Bay,Gelding,Strategic,Casanora,Irish Playboy Same,1,0,0,0,0,0.0,0.0,0.21,119700.0,0.0,119700.0,2,False,True,E Saint-Martin,K W Lui,131,1138,4,N,1:22.80,39.0,https://racing.hkjc.com/en-us/local/information/otherhorse?horseid=HK_2001_B383&Option=1,2026-09-04T15:11:33Z,https://racing.hkjc.com/en-us/local/information/archive/localresults?racedate=2006/01/31&racecourse=ST&RaceNo=6
ST_20060131_R06_HK_2004_E240,ST_20060131_R06,2006-01-31,ST,Sha Tin,6,355,PEACH BLOSSOM HANDICAP,4,1400,60-40,GOOD TO FIRM,TURF,"TURF - ""C+3"" Course",570000,14,HK_2004_E240,4,RED WINE SUPREME,CE240,AUS,Southern,,56,58,Bay,Gelding,Hurricane Sky,Glint Of Gold,Danehill Same,2,1,1,0,2,0.5,1.0,0.115,65550.0,438900.0,504450.0,3,False,True,S Dye,C S Shum,128,1070,2,N,1:22.80,2.7,https://racing.hkjc.com/en-us/local/information/otherhorse?horseid=HK_2004_E240&Option=1,2026-09-04T15:27:59Z,https://racing.hkjc.com/en-us/local/information/archive/localresults?racedate=2006/01/31&racecourse=ST&RaceNo=6
ST_20060131_R06_HK_2002_C025,ST_20060131_R06,2006-01-31,ST,Sha Tin,6,355,PEACH BLOSSOM HANDICAP,4,1400,60-40,GOOD TO FIRM,TURF,"TURF - ""C+3"" Course",570000,14,HK_2002_C025,9,AURELIAN,CC025,NZ,Southern,,53,53,Grey,Gelding,O'Reilly,Give It A Whirl,Nassipour Same,1,0,0,0,0,0.0,0.0,0.06,34200.0,0.0,34200.0,4,False,False,C Soumillon,L Ho,125,1131,13,1-1/2,1:23.00,30.0,https://racing.hkjc.com/en-us/local/information/otherhorse?horseid=HK_2002_C025&Option=1,2026-09-04T15:47:47Z,https://racing.hkjc.com/en-us/local/information/archive/localresults?racedate=2006/01/31&racecourse=ST&RaceNo=6
ST_20060131_R06_HK_2004_E200,ST_20060131_R06,2006-01-31,ST,Sha Tin,6,355,PEACH BLOSSOM HANDICAP,4,1400,60-40,GOOD TO FIRM,TURF,"TURF - ""C+3"" Course",570000,14,HK_2004_E200,7,HONEST TREASURE,CE200,IRE,Northern,,54,52,Bay,Gelding,Danehill,Escape To Victory,Salse Same,1,0,0,0,0,0.0,0.0,0.055,31350.0,0.0,31350.0,5,False,False,C W Wong,C H Yip,116,1038,7,2-3/4,1:23.20,83.0,https://racing.hkjc.com/en-us/local/information/otherhorse?horseid=HK_2004_E200&Option=1,2026-09-04T13:17:14Z,https://racing.hkjc.com/en-us/local/information/archive/localresults?racedate=2006/01/31&racecourse=ST&RaceNo=6
ST_20060131_R06_HK_2002_C077,ST_20060131_R06,2006-01-31,ST,Sha Tin,6,355,PEACH BLOSSOM HANDICAP,4,1400,60-40,GOOD TO FIRM,TURF,"TURF - ""C+3"" Course",570000,14,HK_2002_C077,5,PRESENT TREASURE,CC077,NZ,Southern,,55,54,Bay,Gelding,Hunza Court,Lucy Elite,Shahram Same,1,0,0,0,0,0.0,0.0,0.0,0.0,0.0,0.0,6,False,False,R Fradd,C Fownes,127,1082,1,3-1/2,1:23.30,13.0,https://racing.hkjc.com/en-us/local/information/otherhorse?horseid=HK_2002_C077&Option=1,2026-09-04T15:11:30Z,https://racing.hkjc.com/en-us/local/information/archive/localresults?racedate=2006/01/31&racecourse=ST&RaceNo=6
ST_20060131_R06_HK_2003_D240,ST_20060131_R06,2006-01-31,ST,Sha Tin,6,355,PEACH BLOSSOM HANDICAP,4,1400,60-40,GOOD TO FIRM,TURF,"TURF - ""C+3"" Course",570000,14,HK_2003_D240,12,DEVON FLAIR,CD240,SAF,Southern,,43,43,Bay,Gelding,Al Mufti,Jaamanique,Green Dancer Same,2,1,0,0,1,0.5,0.5,0.0,0.0,279000.0,279000.0,7,False,False,C Brown,D Oughton,117,1039,8,3-1/2,1:23.30,27.0,https://racing.hkjc.com/en-us/local/information/otherhorse?horseid=HK_2003_D240&Option=1,2026-09-04T13:16:10Z,https://racing.hkjc.com/en-us/local/information/archive/localresults?racedate=2006/01/31&racecourse=ST&RaceNo=6
ST_20060131_R06_HK_2004_E188,ST_20060131_R06,2006-01-31,ST,Sha Tin,6,355,PEACH BLOSSOM HANDICAP,4,1400,60-40,GOOD TO FIRM,TURF,"TURF - ""C+3"" Course",570000,14,HK_2004_E188,10,CRUSADER OF GOLD,CE188,NZ,Southern,,52,51,Bay,Gelding,Cape Cross,Cladagh,Sir Tristram Same,1,0,0,1,1,0.0,1.0,0.0,0.0,65550.0,65550.0,8,False,False,A Delpech,D E Ferraris,124,1104,3,3-3/4,1:23.30,8.1,https://racing.hkjc.com/en-us/local/information/otherhorse?horseid=HK_2004_E188&Option=1,2026-09-04T16:13:36Z,https://racing.hkjc.com/en-us/local/information/archive/localresults?racedate=2006/01/31&racecourse=ST&RaceNo=6
ST_20060131_R06_HK_2003_D184,ST_20060131_R06,2006-01-31,ST,Sha Tin,6,355,PEACH BLOSSOM HANDICAP,4,1400,60-40,GOOD TO FIRM,TURF,"TURF - ""C+3"" Course",570000,14,HK_2003_D184,8,MR GENKI,CD184,NZ,Southern,,54,53,Bay,Gelding,Pompeii Court,Brauner Miss,Brauner Same,1,0,0,0,0,0.0,0.0,0.0,0.0,34200.0,34200.0,9,False,False,F Coetzee,A S Cruz,126,1076,12,4,1:23.40,12.0,https://racing.hkjc.com/en-us/local/information/otherhorse?horseid=HK_2003_D184&Option=1,2026-09-04T16:01:08Z,https://racing.hkjc.com/en-us/local/information/archive/localresults?racedate=2006/01/31&racecourse=ST&RaceNo=6
ST_20060131_R06_HK_2003_D103,ST_20060131_R06,2006-01-31,ST,Sha Tin,6,355,PEACH BLOSSOM HANDICAP,4,1400,60-40,GOOD TO FIRM,TURF,"TURF - ""C+3"" Course",570000,14,HK_2003_D103,13,MAGNIFICENT HORSE,CD103,NZ,Southern,,43,43,Bay,Gelding,King's Theatre,Ramiya,Dancing Brave Same,2,1,0,0,1,0.5,0.5,0.0,0.0,252000.0,252000.0,10,False,False,Y T Cheng,T W Leung,113,1034,10,4-1/4,1:23.40,68.0,https://racing.hkjc.com/en-us/local/information/otherhorse?horseid=HK_2003_D103&Option=1,2026-09-04T13:14:53Z,https://racing.hkjc.com/en-us/local/information/archive/localresults?racedate=2006/01/31&racecourse=ST&RaceNo=6
ST_20060131_R06_HK_2004_E093,ST_20060131_R06,2006-01-31,ST,Sha Tin,6,355,PEACH BLOSSOM HANDICAP,4,1400,60-40,GOOD TO FIRM,TURF,"TURF - ""C+3"" Course",570000,14,HK_2004_E093,11,SUPERB,CE093,AUS,Southern,,48,46,Brown,Gelding,Bigstone,Pish Kesh,Sure Blade Same,1,0,0,0,0,0.0,0.0,0.0,0.0,34200.0,34200.0,11,False,False,O Doleuze,Y S Tsui,120,1080,14,5-3/4,1:23.70,44.0,https://racing.hkjc.com/en-us/local/information/otherhorse?horseid=HK_2004_E093&Option=1,2026-09-04T13:52:47Z,https://racing.hkjc.com/en-us/local/information/archive/localresults?racedate=2006/01/31&racecourse=ST&RaceNo=6
ST_20060131_R06_HK_2004_E058,ST_20060131_R06,2006-01-31,ST,Sha Tin,6,355,PEACH BLOSSOM HANDICAP,4,1400,60-40,GOOD TO FIRM,TURF,"TURF - ""C+3"" Course",570000,14,HK_2004_E058,6,FIGHT BACK,CE058,AUS,Southern,,54,52,Chestnut,Gelding,King Of Kings,Summer Saga,Sir Tristram Same,0,0,0,0,0,0.0,0.0,0.0,0.0,0.0,0.0,12,False,False,G Mosse,A Lee,126,1219,11,6-3/4,1:23.80,99.0,https://racing.hkjc.com/en-us/local/information/otherhorse?horseid=HK_2004_E058&Option=1,2026-09-04T16:39:22Z,https://racing.hkjc.com/en-us/local/information/archive/localresults?racedate=2006/01/31&racecourse=ST&RaceNo=6
ST_20060131_R06_HK_2004_E014,ST_20060131_R06,2006-01-31,ST,Sha Tin,6,355,PEACH BLOSSOM HANDICAP,4,1400,60-40,GOOD TO FIRM,TURF,"TURF - ""C+3"" Course",570000,14,HK_2004_E014,14,SIMPLY THE BEST,CE014,NZ,Southern,,43,43,Bay,Gelding,Pins,Reasonable,Sound Reason Same,1,0,1,0,1,0.0,1.0,0.0,0.0,119700.0,119700.0,13,False,False,G Schofield,D Cruz,116,1093,9,9,1:24.20,10.0,https://racing.hkjc.com/en-us/local/information/otherhorse?horseid=HK_2004_E014&Option=1,2026-09-04T15:59:09Z,https://racing.hkjc.com/en-us/local/information/archive/localresults?racedate=2006/01/31&racecourse=ST&RaceNo=6
ST_20060131_R06_HK_2000_A040,ST_20060131_R06,2006-01-31,ST,Sha Tin,6,355,PEACH BLOSSOM HANDICAP,4,1400,60-40,GOOD TO FIRM,TURF,"TURF - ""C+3"" Course",570000,14,HK_2000_A040,2,DANRIVA,CA040,AUS,Southern,,57,55,Bay,Gelding,Danehill,Riva,Riverman Same,1,0,0,0,0,0.0,0.0,0.0,0.0,34200.0,34200.0,14,False,False,W M Lai,T K Ng,127,1032,5,9-3/4,1:24.30,74.0,https://racing.hkjc.com/en-us/local/information/otherhorse?horseid=HK_2000_A040&Option=1,2026-09-04T16:14:10Z,https://racing.hkjc.com/en-us/local/information/archive/localresults?racedate=2006/01/31&racecourse=ST&RaceNo=6
ST_20060131_R07_HK_2004_E045,ST_20060131_R07,2006-01-31,ST,Sha Tin,7,356,THE CHINESE NEW YEAR CUP (HANDICAP),1,1400,115-90,GOOD TO FIRM,TURF,"TURF - ""C+3"" Course",1600000,12,HK_2004_E045,5,JOYFUL WINNER,CE045,AUS,Southern,,105,111,Bay,Gelding,El Moxie,Northern Tycoon,Last Tycoon Same,0,0,0,0,0,0.0,0.0,0.56,896000.0,0.0,896000.0,1,True,True,C Soumillon,J Moore,123,1071,1,---,1:21.40,2.2,https://racing.hkjc.com/en-us/local/information/otherhorse?horseid=HK_2004_E045&Option=1,2026-09-04T16:39:27Z,https://racing.hkjc.com/en-us/local/information/archive/localresults?racedate=2006/01/31&racecourse=ST&RaceNo=7
ST_20060131_R07_HK_2002_C238,ST_20060131_R07,2006-01-31,ST,Sha Tin,7,356,THE CHINESE NEW YEAR CUP (HANDICAP),1,1400,115-90,GOOD TO FIRM,TURF,"TURF - ""C+3"" Course",1600000,12,HK_2002_C238,11,BOBO WIN,CC238,AUS,Southern,,95,97,Bay,Gelding,Danehill,Oh So Canny,Sir Tristram Same,1,0,1,0,1,0.0,1.0,0.21,336000.0,210000.0,546000.0,2,False,True,C W Wong,J Moore,103,1134,10,N,1:21.40,11.0,https://racing.hkjc.com/en-us/local/information/otherhorse?horseid=HK_2002_C238&Option=1,2026-09-04T16:00:37Z,https://racing.hkjc.com/en-us/local/information/archive/localresults?racedate=2006/01/31&racecourse=ST&RaceNo=7
ST_20060131_R07_HK_2002_C084,ST_20060131_R07,2006-01-31,ST,Sha Tin,7,356,THE CHINESE NEW YEAR CUP (HANDICAP),1,1400,115-90,GOOD TO FIRM,TURF,"TURF - ""C+3"" Course",1600000,12,HK_2002_C084,1,HELENE PILLAGING,CC084,AUS,Southern,,115,116,Bay,Gelding,Marauding,Preview,Kenmare Same,2,0,0,0,0,0.0,0.0,0.115,184000.0,566500.0,750500.0,3,False,True,C K Tong,A S Cruz,123,1247,5,3/4,1:21.50,10.0,https://racing.hkjc.com/en-us/local/information/otherhorse?horseid=HK_2002_C084&Option=1,2026-09-04T13:18:53Z,https://racing.hkjc.com/en-us/local/information/archive/localresults?racedate=2006/01/31&racecourse=ST&RaceNo=7
ST_20060131_R07_HK_2003_D389,ST_20060131_R07,2006-01-31,ST,Sha Tin,7,356,THE CHINESE NEW YEAR CUP (HANDICAP),1,1400,115-90,GOOD TO FIRM,TURF,"TURF - ""C+3"" Course",1600000,12,HK_2003_D389,9,GOOD PROFIT,CD389,NZ,Southern,,98,97,Bay,Gelding,Haayil,Saving Grace,Take Your Partner Same,2,0,0,0,0,0.0,0.0,0.06,96000.0,151000.0,247000.0,4,False,False,S Dye,C S Shum,116,1067,8,3/4,1:21.50,5.8,https://racing.hkjc.com/en-us/local/information/otherhorse?horseid=HK_2003_D389&Option=1,2026-09-04T13:20:07Z,https://racing.hkjc.com/en-us/local/information/archive/localresults?racedate=2006/01/31&racecourse=ST&RaceNo=7
ST_20060131_R07_HK_2002_C270,ST_20060131_R07,2006-01-31,ST,Sha Tin,7,356,THE CHINESE NEW YEAR CUP (HANDICAP),1,1400,115-90,GOOD TO FIRM,TURF,"TURF - ""C+3"" Course",1600000,12,HK_2002_C270,12,WEALTHY TREASURE,CC270,NZ,Southern,,95,95,Bay,Gelding,Felix The Cat,A Little Fun,Racing Is Fun Same,1,0,0,0,0,0.0,0.0,0.055,88000.0,0.0,88000.0,5,False,False,W M Lai,J Size,111,1041,4,1-1/4,1:21.50,40.0,https://racing.hkjc.com/en-us/local/information/otherhorse?horseid=HK_2002_C270&Option=1,2026-09-04T13:55:11Z,https://racing.hkjc.com/en-us/local/information/archive/localresults?racedate=2006/01/31&racecourse=ST&RaceNo=7
ST_20060131_R07_HK_2002_C283,ST_20060131_R07,2006-01-31,ST,Sha Tin,7,356,THE CHINESE NEW YEAR CUP (HANDICAP),1,1400,115-90,GOOD TO FIRM,TURF,"TURF - ""C+3"" Course",1600000,12,HK_2002_C283,6,MY CHOICE,CC283,NZ,Southern,,104.0,104,Bay,Gelding,Volksraad,Chianina,Super Imposing Same,1,0,0,1,1,0.0,1.0,0.0,0.0,264500.0,264500.0,6,False,False,R Fradd,D J Hall,122,1109,11,1-1/4,1:21.60,12.0,https://racing.hkjc.com/en-us/local/information/otherhorse?horseid=HK_2002_C283&Option=1,2026-09-04T13:18:48Z,https://racing.hkjc.com/en-us/local/information/archive/localresults?racedate=2006/01/31&racecourse=ST&RaceNo=7
ST_20060131_R07_HK_2003_D213,ST_20060131_R07,2006-01-31,ST,Sha Tin,7,356,THE CHINESE NEW YEAR CUP (HANDICAP),1,1400,115-90,GOOD TO FIRM,TURF,"TURF - ""C+3"" Course",1600000,12,HK_2003_D213,10,WHATABOB,CD213,IRE,Northern,,98,97,Bay,Gelding,Indian Ridge,Ma N'Ieme Biche,Key To The Kingdom Same,0,0,0,0,0,0.0,0.0,0.0,0.0,0.0,0.0,7,False,False,C Munce,J Moore,116,1184,7,2-1/4,1:21.70,34.0,https://racing.hkjc.com/en-us/local/information/otherhorse?horseid=HK_2003_D213&Option=1,2026-09-04T16:39:30Z,https://racing.hkjc.com/en-us/local/information/archive/localresults?racedate=2006/01/31&racecourse=ST&RaceNo=7
ST_20060131_R07_HK_2003_D239,ST_20060131_R07,2006-01-31,ST,Sha Tin,7,356,THE CHINESE NEW YEAR CUP (HANDICAP),1,1400,115-90,GOOD TO FIRM,TURF,"TURF - ""C+3"" Course",1600000,12,HK_2003_D239,8,GOODY,CD239,SAF,Southern,,99,98,Chestnut,Gelding,Spaceship,Priceless Party,Rocky Marriage Same,1,0,0,0,0,0.0,0.0,0.0,0.0,0.0,0.0,8,False,False,E Saint-Martin,D E Ferraris,119,1051,6,2-3/4,1:21.80,17.0,https://racing.hkjc.com/en-us/local/information/otherhorse?horseid=HK_2003_D239&Option=1,2026-09-04T13:20:10Z,https://racing.hkjc.com/en-us/local/information/archive/localresults?racedate=2006/01/31&racecourse=ST&RaceNo=7
ST_20060131_R07_HK_2002_C092,ST_20060131_R07,2006-01-31,ST,Sha Tin,7,356,THE CHINESE NEW YEAR CUP (HANDICAP),1,1400,115-90,GOOD TO FIRM,TURF,"TURF - ""C+3"" Course",1600000,12,HK_2002_C092,7,SAN LORENZO,CC092,AUS,Southern,,101,100,Brown,Gelding,Torrential,Tipped To Top,Vain Same,2,0,0,0,0,0.0,0.0,0.0,0.0,138000.0,138000.0,9,False,False,D Whyte,J Size,119,1039,9,3-1/4,1:21.90,6.8,https://racing.hkjc.com/en-us/local/information/otherhorse?horseid=HK_2002_C092&Option=1,2026-09-04T13:18:50Z,https://racing.hkjc.com/en-us/local/information/archive/localresults?racedate=2006/01/31&racecourse=ST&RaceNo=7
ST_20060131_R07_HK_2003_D078,ST_20060131_R07,2006-01-31,ST,Sha Tin,7,356,THE CHINESE NEW YEAR CUP (HANDICAP),1,1400,115-90,GOOD TO FIRM,TURF,"TURF - ""C+3"" Course",1600000,12,HK_2003_D078,4,EXPECTATIONS,CD078,CAN,Northern,,105,104,Chestnut,Gelding,Kingmambo,Tiny Decision,Ogygian Same,0,0,0,0,0,0.0,0.0,0.0,0.0,0.0,0.0,10,False,False,H W Lai,B K Ng,116,1074,2,3-1/2,1:21.90,59.0,https://racing.hkjc.com/en-us/local/information/otherhorse?horseid=HK_2003_D078&Option=1,2026-09-04T16:39:33Z,https://racing.hkjc.com/en-us/local/information/archive/localresults?racedate=2006/01/31&racecourse=ST&RaceNo=7
ST_20060131_R07_HK_2002_C008,ST_20060131_R07,2006-01-31,ST,Sha Tin,7,356,THE CHINESE NEW YEAR CUP (HANDICAP),1,1400,115-90,GOOD TO FIRM,TURF,"TURF - ""C+3"" Course",1600000,12,HK_2002_C008,2,GEM OF INDIA,CC008,NZ,Southern,,113,112,Bay,Gelding,Defensive Play,Whakanui Heights,Centro Same,1,0,0,0,0,0.0,0.0,0.0,0.0,0.0,0.0,11,False,False,O Doleuze,J Size,131,1023,3,7,1:22.50,22.0,https://racing.hkjc.com/en-us/local/information/otherhorse?horseid=HK_2002_C008&Option=1,2026-09-04T13:18:58Z,https://racing.hkjc.com/en-us/local/information/archive/localresults?racedate=2006/01/31&racecourse=ST&RaceNo=7
ST_20060131_R07_HK_2003_D212,ST_20060131_R07,2006-01-31,ST,Sha Tin,7,356,THE CHINESE NEW YEAR CUP (HANDICAP),1,1400,115-90,GOOD TO FIRM,TURF,"TURF - ""C+3"" Course",1600000,12,HK_2003_D212,3,SPECIAL KING PRAWN,CD212,IRE,Northern,,109,107,Bay,Gelding,Danetime,Ceannanas,Magical Wonder Same,1,0,0,0,0,0.0,0.0,0.0,0.0,0.0,0.0,12,False,False,S Sanders,C S Shum,127,1041,12,11-1/4,1:23.10,67.0,https://racing.hkjc.com/en-us/local/information/otherhorse?horseid=HK_2003_D212&Option=1,2026-09-04T13:19:01Z,https://racing.hkjc.com/en-us/local/information/archive/localresults?racedate=2006/01/31&racecourse=ST&RaceNo=7
ST_20060131_R08_HK_2004_E234,ST_20060131_R08,2006-01-31,ST,Sha Tin,8,357,THE 3D-GOLD CUP (HANDICAP),2,1400,90-75,GOOD TO FIRM,TURF,"TURF - ""C+3"" Course",1000000,14,HK_2004_E234,12,ALL'S WELL,CE234,NZ,Southern,,81.0,88.0,Bay,Gelding,City On A Hill,Alot Of Music,Success Express Same,1,0,0,1,1,0.0,1.0,0.56,560000.0,115000.0,675000.0,1,True,True,S Dye,C S Shum,120,1134,7,---,1:21.90,3.6,https://racing.hkjc.com/en-us/local/information/otherhorse?horseid=HK_2004_E234&Option=1,2026-09-04T16:00:40Z,https://racing.hkjc.com/en-us/local/information/archive/localresults?racedate=2006/01/31&racecourse=ST&RaceNo=8
ST_20060131_R08_HK_2004_E272,ST_20060131_R08,2006-01-31,ST,Sha Tin,8,357,THE 3D-GOLD CUP (HANDICAP),2,1400,90-75,GOOD TO FIRM,TURF,"TURF - ""C+3"" Course",1000000,14,HK_2004_E272,3,LIBERAL'S KNIGHT,CE272,IRE,Northern,,87,90,Bay,Gelding,Desert Prince,Return Journey,Pennine Walk Same,2,0,0,0,0,0.0,0.0,0.21,210000.0,60000.0,270000.0,2,False,True,D Whyte,J Size,126,1082,4,N,1:21.90,7.6,https://racing.hkjc.com/en-us/local/information/otherhorse?horseid=HK_2004_E272&Option=1,2026-09-04T13:20:21Z,https://racing.hkjc.com/en-us/local/information/archive/localresults?racedate=2006/01/31&racecourse=ST&RaceNo=8
ST_20060131_R08_HK_2002_C327,ST_20060131_R08,2006-01-31,ST,Sha Tin,8,357,THE 3D-GOLD CUP (HANDICAP),2,1400,90-75,GOOD TO FIRM,TURF,"TURF - ""C+3"" Course",1000000,14,HK_2002_C327,13,FIRST AMONG EQUALS,CC327,NZ,Southern,,81,81,Bay,Gelding,Tale Of The Cat,Fikra,Gulch Same,0,0,0,0,0,0.0,0.0,0.115,115000.0,0.0,115000.0,3,False,True,A Delpech,C W Chang,120,1076,8,2-1/2,1:22.20,18.0,https://racing.hkjc.com/en-us/local/information/otherhorse?horseid=HK_2002_C327&Option=1,2026-09-04T13:55:03Z,https://racing.hkjc.com/en-us/local/information/archive/localresults?racedate=2006/01/31&racecourse=ST&RaceNo=8
ST_20060131_R08_HK_2004_E222,ST_20060131_R08,2006-01-31,ST,Sha Tin,8,357,THE 3D-GOLD CUP (HANDICAP),2,1400,90-75,GOOD TO FIRM,TURF,"TURF - ""C+3"" Course",1000000,14,HK_2004_E222,14,LUCKY UNICORN,CE222,AUS,Southern,,76.0,76.0,Bay,Colt,Redoute's Choice,La Bamba,Last Tycoon Same,1,1,0,0,1,1.0,1.0,0.06,60000.0,420000.0,480000.0,4,False,False,F Coetzee,A S Cruz,115,1193,2,3-1/4,1:22.40,2.0,https://racing.hkjc.com/en-us/local/information/otherhorse?horseid=HK_2004_E222&Option=1,2026-09-04T15:26:02Z,https://racing.hkjc.com/en-us/local/information/archive/localresults?racedate=2006/01/31&racecourse=ST&RaceNo=8
ST_20060131_R08_HK_2001_B305,ST_20060131_R08,2006-01-31,ST,Sha Tin,8,357,THE 3D-GOLD CUP (HANDICAP),2,1400,90-75,GOOD TO FIRM,TURF,"TURF - ""C+3"" Course",1000000,14,HK_2001_B305,8,STRONG SUN,CB305,GB,Northern,,84.0,83,Bay,Gelding,Polish Precedent,Mill Line,Mill Reef Same,1,0,0,0,0,0.0,0.0,0.055,55000.0,0.0,55000.0,5,False,False,G Mosse,J Moore,123,1068,14,3-3/4,1:22.50,46.0,https://racing.hkjc.com/en-us/local/information/otherhorse?horseid=HK_2001_B305&Option=1,2026-09-04T16:03:01Z,https://racing.hkjc.com/en-us/local/information/archive/localresults?racedate=2006/01/31&racecourse=ST&RaceNo=8
ST_20060131_R08_HK_2002_C099,ST_20060131_R08,2006-01-31,ST,Sha Tin,8,357,THE 3D-GOLD CUP (HANDICAP),2,1400,90-75,GOOD TO FIRM,TURF,"TURF - ""C+3"" Course",1000000,14,HK_2002_C099,2,NOBLE MAN,CC099,GB,Northern,,88.0,88.0,Bay,Gelding,Cadeaux Genereux,Showery,Rainbow Quest Same,1,0,0,0,0,0.0,0.0,0.0,0.0,0.0,0.0,6,False,False,Y T Cheng,T K Ng,125,1101,6,3-3/4,1:22.50,15.0,https://racing.hkjc.com/en-us/local/information/otherhorse?horseid=HK_2002_C099&Option=1,2026-09-04T16:14:58Z,https://racing.hkjc.com/en-us/local/information/archive/localresults?racedate=2006/01/31&racecourse=ST&RaceNo=8
ST_20060131_R08_HK_2001_B300,ST_20060131_R08,2006-01-31,ST,Sha Tin,8,357,THE 3D-GOLD CUP (HANDICAP),2,1400,90-75,GOOD TO FIRM,TURF,"TURF - ""C+3"" Course",1000000,14,HK_2001_B300,1,ENGINEERING WONDER,CB300,AUS,Southern,,90,90,Bay,Gelding,Last Tycoon,Orwhina,Vain Same,1,0,0,0,0,0.0,0.0,0.0,0.0,55000.0,55000.0,7,False,False,H W Lai,L Ho,122,1118,9,5,1:22.70,99.0,https://racing.hkjc.com/en-us/local/information/otherhorse?horseid=HK_2001_B300&Option=1,2026-09-04T16:14:55Z,https://racing.hkjc.com/en-us/local/information/archive/localresults?racedate=2006/01/31&racecourse=ST&RaceNo=8
ST_20060131_R08_HK_2001_B378,ST_20060131_R08,2006-01-31,ST,Sha Tin,8,357,THE 3D-GOLD CUP (HANDICAP),2,1400,90-75,GOOD TO FIRM,TURF,"TURF - ""C+3"" Course",1000000,14,HK_2001_B378,9,CZAR OF PRUSSIA,CB378,AUS,Southern,,82,81,Bay,Gelding,Belong To Me,Prefer An Angel,Mi Preferido Same,1,0,0,0,0,0.0,0.0,0.0,0.0,0.0,0.0,8,False,False,S Sanders,D Oughton,121,992,5,5-1/2,1:22.70,99.0,https://racing.hkjc.com/en-us/local/information/otherhorse?horseid=HK_2001_B378&Option=1,2026-09-04T15:14:03Z,https://racing.hkjc.com/en-us/local/information/archive/localresults?racedate=2006/01/31&racecourse=ST&RaceNo=8
ST_20060131_R08_HK_2003_D084,ST_20060131_R08,2006-01-31,ST,Sha Tin,8,357,THE 3D-GOLD CUP (HANDICAP),2,1400,90-75,GOOD TO FIRM,TURF,"TURF - ""C+3"" Course",1000000,14,HK_2003_D084,7,TIGER RIDGE,CD084,IRE,Northern,,85.0,82.0,Bay,Gelding,Indian Ridge,Lishaway,Polish Precedent Same,1,0,0,0,0,0.0,0.0,0.0,0.0,0.0,0.0,9,False,False,C Munce,A T Millard,124,1243,1,5-3/4,1:22.70,58.0,https://racing.hkjc.com/en-us/local/information/otherhorse?horseid=HK_2003_D084&Option=1,2026-09-04T15:29:37Z,https://racing.hkjc.com/en-us/local/information/archive/localresults?racedate=2006/01/31&racecourse=ST&RaceNo=8
ST_20060131_R08_HK_2003_D238,ST_20060131_R08,2006-01-31,ST,Sha Tin,8,357,THE 3D-GOLD CUP (HANDICAP),2,1400,90-75,GOOD TO FIRM,TURF,"TURF - ""C+3"" Course",1000000,14,HK_2003_D238,4,NOBLE SILENCE,CD238,ZIM,Southern,,86,86,Brown,Gelding,Hallgate,Gold Sheen,Tilden Same,1,0,1,0,1,0.0,1.0,0.0,0.0,210000.0,210000.0,10,False,False,E Saint-Martin,D E Ferraris,125,1058,3,6-1/2,1:22.90,29.0,https://racing.hkjc.com/en-us/local/information/otherhorse?horseid=HK_2003_D238&Option=1,2026-09-04T13:54:14Z,https://racing.hkjc.com/en-us/local/information/archive/localresults?racedate=2006/01/31&racecourse=ST&RaceNo=8
ST_20060131_R08_HK_2001_B105,ST_20060131_R08,2006-01-31,ST,Sha Tin,8,357,THE 3D-GOLD CUP (HANDICAP),2,1400,90-75,GOOD TO FIRM,TURF,"TURF - ""C+3"" Course",1000000,14,HK_2001_B105,11,KING OF FISH,CB105,USA,Northern,,82.0,81.0,Chestnut,Gelding,Rahy,Gentle And Bold,Bold Executive Same,0,0,0,0,0,0.0,0.0,0.0,0.0,0.0,0.0,11,False,False,C Brown,K L Man,121,1172,11,7,1:23.00,86.0,https://racing.hkjc.com/en-us/local/information/otherhorse?horseid=HK_2001_B105&Option=1,2026-09-04T16:39:39Z,https://racing.hkjc.com/en-us/local/information/archive/localresults?racedate=2006/01/31&racecourse=ST&RaceNo=8
ST_20060131_R08_HK_2004_E326,ST_20060131_R08,2006-01-31,ST,Sha Tin,8,357,THE 3D-GOLD CUP (HANDICAP),2,1400,90-75,GOOD TO FIRM,TURF,"TURF - ""C+3"" Course",1000000,14,HK_2004_E326,5,SAVUTE,CE326,NZ,Southern,,86,86,Brown,Gelding,Danzero,Wolf,Marscay Same,1,0,0,0,0,0.0,0.0,0.0,0.0,0.0,0.0,12,False,False,O Doleuze,C Fownes,125,1121,13,7-1/2,1:23.00,48.0,https://racing.hkjc.com/en-us/local/information/otherhorse?horseid=HK_2004_E326&Option=1,2026-09-04T13:20:26Z,https://racing.hkjc.com/en-us/local/information/archive/localresults?racedate=2006/01/31&racecourse=ST&RaceNo=8
ST_20060131_R08_HK_2003_D386,ST_20060131_R08,2006-01-31,ST,Sha Tin,8,357,THE 3D-GOLD CUP (HANDICAP),2,1400,90-75,GOOD TO FIRM,TURF,"TURF - ""C+3"" Course",1000000,14,HK_2003_D386,10,GOLDEN SUN,CD386,GB,Northern,,82,80,Chestnut,Gelding,Dr Fong,Apache Star,Arazi Same,1,0,0,0,0,0.0,0.0,0.0,0.0,0.0,0.0,13,False,False,C W Wong,C H Yip,111,1100,10,8-3/4,1:23.20,51.0,https://racing.hkjc.com/en-us/local/information/otherhorse?horseid=HK_2003_D386&Option=1,2026-09-04T13:20:29Z,https://racing.hkjc.com/en-us/local/information/archive/localresults?racedate=2006/01/31&racecourse=ST&RaceNo=8
ST_20060131_R08_HK_2003_D371,ST_20060131_R08,2006-01-31,ST,Sha Tin,8,357,THE 3D-GOLD CUP (HANDICAP),2,1400,90-75,GOOD TO FIRM,TURF,"TURF - ""C+3"" Course",1000000,14,HK_2003_D371,6,WIN AGAIN,CD371,NZ,Southern,,86,86,Chestnut,Gelding,Mellifont,Goodness Me,Kings Island Same,0,0,0,0,0,0.0,0.0,0.0,0.0,0.0,0.0,14,False,False,C Soumillon,J Moore,125,1186,12,10-3/4,1:23.60,21.0,https://racing.hkjc.com/en-us/local/information/otherhorse?horseid=HK_2003_D371&Option=1,2026-09-04T16:39:42Z,https://racing.hkjc.com/en-us/local/information/archive/localresults?racedate=2006/01/31&racecourse=ST&RaceNo=8
ST_20060131_R09_HK_2003_D273,ST_20060131_R09,2006-01-31,ST,Sha Tin,9,358,KUNG HEI HANDICAP,3,1600,80-60,GOOD TO FIRM,TURF,"TURF - ""C+3"" Course",750000,14,HK_2003_D273,3,DON FELIPE,CD273,GB,Northern,,75,83,Bay / Brown,Horse,Danzero,Pearly River,Elegant Air Same,2,1,0,0,1,0.5,0.5,0.56,420000.0,465000.0,885000.0,1,True,True,C Munce,J Size,127,1102,8,---,1:35.80,7.5,https://racing.hkjc.com/en-us/local/information/otherhorse?horseid=HK_2003_D273&Option=1,2026-09-04T13:20:50Z,https://racing.hkjc.com/en-us/local/information/archive/localresults?racedate=2006/01/31&racecourse=ST&RaceNo=9
ST_20060131_R09_HK_2003_D086,ST_20060131_R09,2006-01-31,ST,Sha Tin,9,358,KUNG HEI HANDICAP,3,1600,80-60,GOOD TO FIRM,TURF,"TURF - ""C+3"" Course",750000,14,HK_2003_D086,10,LUCKY PORT,CD086,IRE,Northern,,66.0,68,Brown,Gelding,Marju,Sea Port,Averof Same,0,0,0,0,0,0.0,0.0,0.21,157500.0,0.0,157500.0,2,False,True,F Coetzee,A S Cruz,118,1134,7,1-1/2,1:36.00,10.0,https://racing.hkjc.com/en-us/local/information/otherhorse?horseid=HK_2003_D086&Option=1,2026-09-04T16:39:47Z,https://racing.hkjc.com/en-us/local/information/archive/localresults?racedate=2006/01/31&racecourse=ST&RaceNo=9
ST_20060131_R09_HK_2004_E221,ST_20060131_R09,2006-01-31,ST,Sha Tin,9,358,KUNG HEI HANDICAP,3,1600,80-60,GOOD TO FIRM,TURF,"TURF - ""C+3"" Course",750000,14,HK_2004_E221,14,GOOD PARTNER,CE221,AUS,Southern,,61.0,62.0,Bay,Gelding,Quest For Fame,Beam,Scenic Same,1,0,0,0,0,0.0,0.0,0.115,86250.0,0.0,86250.0,3,False,True,K L Chui,K L Man,103,1162,1,1-3/4,1:36.00,37.0,https://racing.hkjc.com/en-us/local/information/otherhorse?horseid=HK_2004_E221&Option=1,2026-09-04T15:30:18Z,https://racing.hkjc.com/en-us/local/information/archive/localresults?racedate=2006/01/31&racecourse=ST&RaceNo=9
ST_20060131_R09_HK_2003_D194,ST_20060131_R09,2006-01-31,ST,Sha Tin,9,358,KUNG HEI HANDICAP,3,1600,80-60,GOOD TO FIRM,TURF,"TURF - ""C+3"" Course",750000,14,HK_2003_D194,5,GALLANT FALCON,CD194,GB,Northern,,70.0,70.0,Chestnut,Gelding,Polar Falcon,Just Speculation,Ahonoora Same,1,0,0,0,0,0.0,0.0,0.06,45000.0,0.0,45000.0,4,False,False,O Doleuze,A T Millard,122,1124,13,2,1:36.10,11.0,https://racing.hkjc.com/en-us/local/information/otherhorse?horseid=HK_2003_D194&Option=1,2026-09-04T15:30:03Z,https://racing.hkjc.com/en-us/local/information/archive/localresults?racedate=2006/01/31&racecourse=ST&RaceNo=9
ST_20060131_R09_HK_2004_E106,ST_20060131_R09,2006-01-31,ST,Sha Tin,9,358,KUNG HEI HANDICAP,3,1600,80-60,GOOD TO FIRM,TURF,"TURF - ""C+3"" Course",750000,14,HK_2004_E106,2,EVERGREEN,CE106,NZ,Southern,,77,77,Chestnut,Gelding,Danasinga,Ungaro,Centaine Same,0,0,0,0,0,0.0,0.0,0.055,41250.0,0.0,41250.0,5,False,False,A Delpech,C H Yip,129,1095,11,2-3/4,1:36.20,36.0,https://racing.hkjc.com/en-us/local/information/otherhorse?horseid=HK_2004_E106&Option=1,2026-09-04T16:39:50Z,https://racing.hkjc.com/en-us/local/information/archive/localresults?racedate=2006/01/31&racecourse=ST&RaceNo=9
ST_20060131_R09_HK_2004_E140,ST_20060131_R09,2006-01-31,ST,Sha Tin,9,358,KUNG HEI HANDICAP,3,1600,80-60,GOOD TO FIRM,TURF,"TURF - ""C+3"" Course",750000,14,HK_2004_E140,6,AMSTERDAM,CE140,IRE,Northern,,69,68,Bay,Gelding,Danehill,Dathiyna,Kris Same,2,0,0,1,1,0.0,0.5,0.0,0.0,131250.0,131250.0,6,False,False,D Whyte,J Moore,121,1023,6,2-3/4,1:36.20,7.4,https://racing.hkjc.com/en-us/local/information/otherhorse?horseid=HK_2004_E140&Option=1,2026-09-04T13:18:10Z,https://racing.hkjc.com/en-us/local/information/archive/localresults?racedate=2006/01/31&racecourse=ST&RaceNo=9
ST_20060131_R09_HK_2002_C096,ST_20060131_R09,2006-01-31,ST,Sha Tin,9,358,KUNG HEI HANDICAP,3,1600,80-60,GOOD TO FIRM,TURF,"TURF - ""C+3"" Course",750000,14,HK_2002_C096,4,GOLD FIELD,CC096,IRE,Northern,,75,74,Bay,Gelding,Catrail,Razana,Kahyasi Same,0,0,0,0,0,0.0,0.0,0.0,0.0,0.0,0.0,7,False,False,S Sanders,S Woods,127,1176,9,3-1/4,1:36.30,35.0,https://racing.hkjc.com/en-us/local/information/otherhorse?horseid=HK_2002_C096&Option=1,2026-09-04T16:39:53Z,https://racing.hkjc.com/en-us/local/information/archive/localresults?racedate=2006/01/31&racecourse=ST&RaceNo=9
ST_20060131_R09_HK_2004_E193,ST_20060131_R09,2006-01-31,ST,Sha Tin,9,358,KUNG HEI HANDICAP,3,1600,80-60,GOOD TO FIRM,TURF,"TURF - ""C+3"" Course",750000,14,HK_2004_E193,12,PRIME DELIGHT,CE193,NZ,Southern,,62.0,62,Bay,Gelding,Montjeu,Madonna,Rigoletto Same,1,0,1,0,1,0.0,1.0,0.0,0.0,157500.0,157500.0,8,False,False,S Dye,C S Shum,114,1040,3,3-1/2,1:36.30,3.6,https://racing.hkjc.com/en-us/local/information/otherhorse?horseid=HK_2004_E193&Option=1,2026-09-04T15:29:48Z,https://racing.hkjc.com/en-us/local/information/archive/localresults?racedate=2006/01/31&racecourse=ST&RaceNo=9
ST_20060131_R09_HK_2004_E074,ST_20060131_R09,2006-01-31,ST,Sha Tin,9,358,KUNG HEI HANDICAP,3,1600,80-60,GOOD TO FIRM,TURF,"TURF - ""C+3"" Course",750000,14,HK_2004_E074,1,SING FAY FAY,CE074,IRE,Northern,,79,78,Bay,Gelding,Lil's Boy,Alisco,Shalford Same,0,0,0,0,0,0.0,0.0,0.0,0.0,0.0,0.0,9,False,False,G Mosse,A Lee,131,1097,5,4-3/4,1:36.50,99.0,https://racing.hkjc.com/en-us/local/information/otherhorse?horseid=HK_2004_E074&Option=1,2026-09-04T16:39:56Z,https://racing.hkjc.com/en-us/local/information/archive/localresults?racedate=2006/01/31&racecourse=ST&RaceNo=9
ST_20060131_R09_HK_2004_E301,ST_20060131_R09,2006-01-31,ST,Sha Tin,9,358,KUNG HEI HANDICAP,3,1600,80-60,GOOD TO FIRM,TURF,"TURF - ""C+3"" Course",750000,14,HK_2004_E301,9,REAL SURPRISE,CE301,AUS,Southern,,67,67,Bay,Gelding,Flying Spur,Joy,Bluebird Same,1,1,0,0,1,1.0,1.0,0.0,0.0,319200.0,319200.0,10,False,False,C Soumillon,Y O Wong,119,1138,10,5-1/4,1:36.60,3.1,https://racing.hkjc.com/en-us/local/information/otherhorse?horseid=HK_2004_E301&Option=1,2026-09-04T15:27:56Z,https://racing.hkjc.com/en-us/local/information/archive/localresults?racedate=2006/01/31&racecourse=ST&RaceNo=9
ST_20060131_R09_HK_2003_D096,ST_20060131_R09,2006-01-31,ST,Sha Tin,9,358,KUNG HEI HANDICAP,3,1600,80-60,GOOD TO FIRM,TURF,"TURF - ""C+3"" Course",750000,14,HK_2003_D096,7,FORTUNE WARRIOR,CD096,NZ,Southern,,68,68,Bay,Gelding,Bahhare,Shivers,Half Iced Same,1,0,1,0,1,0.0,1.0,0.0,0.0,157500.0,157500.0,11,False,False,E Saint-Martin,T W Leung,120,1043,12,9-1/2,1:37.20,19.0,https://racing.hkjc.com/en-us/local/information/otherhorse?horseid=HK_2003_D096&Option=1,2026-09-04T13:54:29Z,https://racing.hkjc.com/en-us/local/information/archive/localresults?racedate=2006/01/31&racecourse=ST&RaceNo=9
ST_20060131_R09_HK_2001_B278,ST_20060131_R09,2006-01-31,ST,Sha Tin,9,358,KUNG HEI HANDICAP,3,1600,80-60,GOOD TO FIRM,TURF,"TURF - ""C+3"" Course",750000,14,HK_2001_B278,11,CHAMP DRAGON,CB278,NZ,Southern,,65.0,65.0,Bay,Gelding,Maroof,Zonal,Imperial Prince Same,0,0,0,0,0,0.0,0.0,0.0,0.0,0.0,0.0,12,False,False,C Brown,C Fownes,117,1164,2,13-3/4,1:37.90,94.0,https://racing.hkjc.com/en-us/local/information/otherhorse?horseid=HK_2001_B278&Option=1,2026-09-04T16:39:59Z,https://racing.hkjc.com/en-us/local/information/archive/localresults?racedate=2006/01/31&racecourse=ST&RaceNo=9
ST_20060131_R09_HK_2002_C340,ST_20060131_R09,2006-01-31,ST,Sha Tin,9,358,KUNG HEI HANDICAP,3,1600,80-60,GOOD TO FIRM,TURF,"TURF - ""C+3"" Course",750000,14,HK_2002_C340,13,WADADELIGHT,CC340,USA,Northern,,62,61,Bay,Gelding,Awad,Zeeling,Unreal Zeal Same,1,0,0,0,0,0.0,0.0,0.0,0.0,0.0,0.0,13,False,False,S K Sit,T K Ng,111,1052,4,19-3/4,1:38.80,99.0,https://racing.hkjc.com/en-us/local/information/otherhorse?horseid=HK_2002_C340&Option=1,2026-09-04T15:30:24Z,https://racing.hkjc.com/en-us/local/information/archive/localresults?racedate=2006/01/31&racecourse=ST&RaceNo=9
ST_20060131_R09_HK_2004_E139,ST_20060131_R09,2006-01-31,ST,Sha Tin,9,358,KUNG HEI HANDICAP,3,1600,80-60,GOOD TO FIRM,TURF,"TURF - ""C+3"" Course",750000,14,HK_2004_E139,8,OPTIC KING,CE139,IRE,Northern,,68,68,Bay,Gelding,Danehill,Bolshaya,Cadeaux Genereux Same,0,0,0,0,0,0.0,0.0,0.0,0.0,0.0,0.0,14,False,False,H K Yim,B K Ng,118,1089,14,21-1/4,1:39.10,99.0,https://racing.hkjc.com/en-us/local/information/otherhorse?horseid=HK_2004_E139&Option=1,2026-09-04T16:40:02Z,https://racing.hkjc.com/en-us/local/information/archive/localresults?racedate=2006/01/31&racecourse=ST&RaceNo=9
ST_20060131_R10_HK_2004_E153,ST_20060131_R10,2006-01-31,ST,Sha Tin,10,359,DAFFODIL HANDICAP,2,1600,100-80,GOOD TO FIRM,TURF,"TURF - ""C+3"" Course",1000000,14,HK_2004_E153,11,GOOD NATURE,CE153,NZ,Southern,,85,94,Bay,Gelding,Danske,Heaps,Fiesta Star Same,1,0,0,0,0,0.0,0.0,0.56,560000.0,55000.0,615000.0,1,True,True,C Munce,P O'Sullivan,116,1150,4,---,1:35.20,8.4,https://racing.hkjc.com/en-us/local/information/otherhorse?horseid=HK_2004_E153&Option=1,2026-09-04T15:13:42Z,https://racing.hkjc.com/en-us/local/information/archive/localresults?racedate=2006/01/31&racecourse=ST&RaceNo=10
ST_20060131_R10_HK_2004_E201,ST_20060131_R10,2006-01-31,ST,Sha Tin,10,359,DAFFODIL HANDICAP,2,1600,100-80,GOOD TO FIRM,TURF,"TURF - ""C+3"" Course",1000000,14,HK_2004_E201,6,GOOD BA BA,CE201,USA,Northern,,89.0,91.0,Bay,Gelding,Lear Fan,Elle Meme,Zilzal Same,1,1,0,0,1,1.0,1.0,0.21,210000.0,420000.0,630000.0,2,False,True,C Soumillon,Y O Wong,120,1090,2,1-3/4,1:35.50,2.6,https://racing.hkjc.com/en-us/local/information/otherhorse?horseid=HK_2004_E201&Option=1,2026-09-04T15:29:46Z,https://racing.hkjc.com/en-us/local/information/archive/localresults?racedate=2006/01/31&racecourse=ST&RaceNo=10
ST_20060131_R10_HK_2003_D250,ST_20060131_R10,2006-01-31,ST,Sha Tin,10,359,DAFFODIL HANDICAP,2,1600,100-80,GOOD TO FIRM,TURF,"TURF - ""C+3"" Course",1000000,14,HK_2003_D250,3,GREAT ACHIEVEMENT,CD250,AUS,Southern,,94.0,94.0,Bay,Gelding,Danehill,Tamarind Tree,Last Tycoon Same,0,0,0,0,0,0.0,0.0,0.115,115000.0,0.0,115000.0,3,False,True,O Doleuze,K L Man,125,1106,10,2-3/4,1:35.60,27.0,https://racing.hkjc.com/en-us/local/information/otherhorse?horseid=HK_2003_D250&Option=1,2026-09-04T13:54:49Z,https://racing.hkjc.com/en-us/local/information/archive/localresults?racedate=2006/01/31&racecourse=ST&RaceNo=10
ST_20060131_R10_HK_2001_B223,ST_20060131_R10,2006-01-31,ST,Sha Tin,10,359,DAFFODIL HANDICAP,2,1600,100-80,GOOD TO FIRM,TURF,"TURF - ""C+3"" Course",1000000,14,HK_2001_B223,4,PACKING ANGEL,CB223,NZ,Southern,,92,91,Bay,Gelding,Zabeel,Plans Awry,Topsider Same,1,0,0,0,0,0.0,0.0,0.06,60000.0,0.0,60000.0,4,False,False,H W Lai,L Ho,116,1118,3,3-1/4,1:35.70,99.0,https://racing.hkjc.com/en-us/local/information/otherhorse?horseid=HK_2001_B223&Option=1,2026-09-04T15:13:54Z,https://racing.hkjc.com/en-us/local/information/archive/localresults?racedate=2006/01/31&racecourse=ST&RaceNo=10
ST_20060131_R10_HK_2004_E209,ST_20060131_R10,2006-01-31,ST,Sha Tin,10,359,DAFFODIL HANDICAP,2,1600,100-80,GOOD TO FIRM,TURF,"TURF - ""C+3"" Course",1000000,14,HK_2004_E209,14,CRYSTAL,CE209,AUS,Southern,,84,83,Bay,Gelding,Desert Sun,Cloudway,Buena Shore Same,1,0,0,0,0,0.0,0.0,0.055,55000.0,55000.0,110000.0,5,False,False,S Dye,C S Shum,115,1136,13,3-1/4,1:35.70,12.0,https://racing.hkjc.com/en-us/local/information/otherhorse?horseid=HK_2004_E209&Option=1,2026-09-04T16:02:56Z,https://racing.hkjc.com/en-us/local/information/archive/localresults?racedate=2006/01/31&racecourse=ST&RaceNo=10
ST_20060131_R10_HK_2003_D080,ST_20060131_R10,2006-01-31,ST,Sha Tin,10,359,DAFFODIL HANDICAP,2,1600,100-80,GOOD TO FIRM,TURF,"TURF - ""C+3"" Course",1000000,14,HK_2003_D080,9,DASHING THUNDER,CD080,IRE,Northern,,86,86,Chestnut,Gelding,Peintre Celebre,Happy Landing,Homing Same,1,0,1,0,1,0.0,1.0,0.0,0.0,210000.0,210000.0,6,False,False,C Brown,C H Yip,117,1094,14,3-1/2,1:35.80,22.0,https://racing.hkjc.com/en-us/local/information/otherhorse?horseid=HK_2003_D080&Option=1,2026-09-04T16:02:47Z,https://racing.hkjc.com/en-us/local/information/archive/localresults?racedate=2006/01/31&racecourse=ST&RaceNo=10
ST_20060131_R10_HK_2004_E134,ST_20060131_R10,2006-01-31,ST,Sha Tin,10,359,DAFFODIL HANDICAP,2,1600,100-80,GOOD TO FIRM,TURF,"TURF - ""C+3"" Course",1000000,14,HK_2004_E134,7,RICE FIELD,CE134,IRE,Northern,,89,89,Bay,Gelding,Imperial Ballet,Lypharden,Lyphard's Special Same,1,0,0,0,0,0.0,0.0,0.0,0.0,55000.0,55000.0,7,False,False,E Saint-Martin,J Moore,120,1097,7,5-1/4,1:36.00,4.5,https://racing.hkjc.com/en-us/local/information/otherhorse?horseid=HK_2004_E134&Option=1,2026-09-04T15:30:43Z,https://racing.hkjc.com/en-us/local/information/archive/localresults?racedate=2006/01/31&racecourse=ST&RaceNo=10
ST_20060131_R10_HK_2001_B281,ST_20060131_R10,2006-01-31,ST,Sha Tin,10,359,DAFFODIL HANDICAP,2,1600,100-80,GOOD TO FIRM,TURF,"TURF - ""C+3"" Course",1000000,14,HK_2001_B281,5,DYNAMIC FUN,CB281,USA,Northern,,90.0,88.0,Bay,Gelding,Dynaformer,Irish Starlet,Irish River Same,1,0,0,0,0,0.0,0.0,0.0,0.0,0.0,0.0,8,False,False,R Fradd,D J Hall,121,1245,9,5-1/4,1:36.00,99.0,https://racing.hkjc.com/en-us/local/information/otherhorse?horseid=HK_2001_B281&Option=1,2026-09-04T13:20:31Z,https://racing.hkjc.com/en-us/local/information/archive/localresults?racedate=2006/01/31&racecourse=ST&RaceNo=10
ST_20060131_R10_HK_2003_D177,ST_20060131_R10,2006-01-31,ST,Sha Tin,10,359,DAFFODIL HANDICAP,2,1600,100-80,GOOD TO FIRM,TURF,"TURF - ""C+3"" Course",1000000,14,HK_2003_D177,10,FASHION JEWELLERY,CD177,NZ,Southern,,85,85,Bay,Gelding,Entrepreneur,All Night Party,Just A Dancer Same,2,0,1,0,1,0.0,0.5,0.0,0.0,210000.0,210000.0,9,False,False,D Whyte,J Size,116,1079,11,5-3/4,1:36.10,6.3,https://racing.hkjc.com/en-us/local/information/otherhorse?horseid=HK_2003_D177&Option=1,2026-09-04T13:20:13Z,https://racing.hkjc.com/en-us/local/information/archive/localresults?racedate=2006/01/31&racecourse=ST&RaceNo=10
ST_20060131_R10_HK_2003_D018,ST_20060131_R10,2006-01-31,ST,Sha Tin,10,359,DAFFODIL HANDICAP,2,1600,100-80,GOOD TO FIRM,TURF,"TURF - ""C+3"" Course",1000000,14,HK_2003_D018,1,BEING FAMOUS,CD018,NZ,Southern,,100,100,Bay,Gelding,Gold Brose,Chester Square,Grosvenor Same,1,0,0,1,1,0.0,1.0,0.0,0.0,184000.0,184000.0,10,False,False,G Mosse,A Lee,131,1138,6,6-3/4,1:36.30,10.0,https://racing.hkjc.com/en-us/local/information/otherhorse?horseid=HK_2003_D018&Option=1,2026-09-04T16:02:27Z,https://racing.hkjc.com/en-us/local/information/archive/localresults?racedate=2006/01/31&racecourse=ST&RaceNo=10
ST_20060131_R10_HK_2005_G080,ST_20060131_R10,2006-01-31,ST,Sha Tin,10,359,DAFFODIL HANDICAP,2,1600,100-80,GOOD TO FIRM,TURF,"TURF - ""C+3"" Course",1000000,14,HK_2005_G080,8,SIKANDER,CG080,AUS,Southern,,88,86,Bay,Gelding,Quest For Fame,Spirit,Danehill Same,1,0,0,0,0,0.0,0.0,0.0,0.0,0.0,0.0,11,False,False,S Sanders,C Fownes,119,1126,5,6-3/4,1:36.30,99.0,https://racing.hkjc.com/en-us/local/information/otherhorse?horseid=HK_2005_G080&Option=1,2026-09-04T16:00:52Z,https://racing.hkjc.com/en-us/local/information/archive/localresults?racedate=2006/01/31&racecourse=ST&RaceNo=10
ST_20060131_R10_HK_2001_B322,ST_20060131_R10,2006-01-31,ST,Sha Tin,10,359,DAFFODIL HANDICAP,2,1600,100-80,GOOD TO FIRM,TURF,"TURF - ""C+3"" Course",1000000,14,HK_2001_B322,2,SELF FLIT,CB322,NZ,Southern,,97,92,Bay,Gelding,Cicerao,Pretext,Pre Catelan Same,1,0,0,0,0,0.0,0.0,0.0,0.0,0.0,0.0,12,False,False,A Delpech,D E Ferraris,128,1273,1,6-3/4,1:36.30,99.0,https://racing.hkjc.com/en-us/local/information/otherhorse?horseid=HK_2001_B322&Option=1,2026-09-04T16:02:39Z,https://racing.hkjc.com/en-us/local/information/archive/localresults?racedate=2006/01/31&racecourse=ST&RaceNo=10
ST_20060131_R10_HK_2001_B391,ST_20060131_R10,2006-01-31,ST,Sha Tin,10,359,DAFFODIL HANDICAP,2,1600,100-80,GOOD TO FIRM,TURF,"TURF - ""C+3"" Course",1000000,14,HK_2001_B391,13,SUNBELL,CB391,AUS,Southern,,85,85,Brown,Gelding,Clang,Won't Catch Me,Noalcoholic Same,1,1,0,0,1,1.0,1.0,0.0,0.0,420000.0,420000.0,13,False,False,G Schofield,D Cruz,116,1067,12,9,1:36.60,87.0,https://racing.hkjc.com/en-us/local/information/otherhorse?horseid=HK_2001_B391&Option=1,2026-09-04T13:55:08Z,https://racing.hkjc.com/en-us/local/information/archive/localresults?racedate=2006/01/31&racecourse=ST&RaceNo=10
ST_20060131_R10_HK_2005_G019,ST_20060131_R10,2006-01-31,ST,Sha Tin,10,359,DAFFODIL HANDICAP,2,1600,100-80,GOOD TO FIRM,TURF,"TURF - ""C+3"" Course",1000000,14,HK_2005_G019,12,PHANTOM THIEF,CG019,AUS,Southern,,85,82,Bay,Gelding,Jade Robbery,Not On Friday,At Talaq Same,1,0,0,0,0,0.0,0.0,0.0,0.0,0.0,0.0,14,False,False,F Coetzee,A S Cruz,116,1280,8,23-1/4,1:38.80,19.0,https://racing.hkjc.com/en-us/local/information/otherhorse?horseid=HK_2005_G019&Option=1,2026-09-04T16:00:43Z,https://racing.hkjc.com/en-us/local/information/archive/localresults?racedate=2006/01/31&racecourse=ST&RaceNo=10
