horse_id,race_date,race_index,race_class,horse_rating_before,horse_rating_after,rating_source_url,rating_scraped_at
HK_1999_V168,2000-03-01,395,4,49,49,https://racing.hkjc.com/en-us/local/information/otherhorse?horseid=HK_1999_V168&Option=1,2026-09-04T13:23:42Z
HK_1999_V168,2000-05-07,544,4,49,47,https://racing.hkjc.com/en-us/local/information/otherhorse?horseid=HK_1999_V168&Option=1,2026-09-04T13:23:42Z
HK_1999_V168,2000-05-17,568,4,47,42,https://racing.hkjc.com/en-us/local/information/otherhorse?horseid=HK_1999_V168&Option=1,2026-09-04T13:23:42Z
HK_1999_V168,2000-06-25,650,4,42,30,https://racing.hkjc.com/en-us/local/information/otherhorse?horseid=HK_1999_V168&Option=1,2026-09-04T13:23:42Z
HK_1999_V168,2000-09-13,30,5,30,33,https://racing.hkjc.com/en-us/local/information/otherhorse?horseid=HK_1999_V168&Option=1,2026-09-04T13:23:42Z
HK_1999_V168,2000-09-23,54,5,33,33,https://racing.hkjc.com/en-us/local/information/otherhorse?horseid=HK_1999_V168&Option=1,2026-09-04T13:23:42Z
HK_1999_V168,2000-10-22,120,5,33,32,https://racing.hkjc.com/en-us/local/information/otherhorse?horseid=HK_1999_V168&Option=1,2026-09-04T13:23:42Z
HK_1999_V168,2001-01-01,277,5,32,31,https://racing.hkjc.com/en-us/local/information/otherhorse?horseid=HK_1999_V168&Option=1,2026-09-04T13:23:42Z
HK_1999_V168,2001-01-06,298,5,31,36,https://racing.hkjc.com/en-us/local/information/otherhorse?horseid=HK_1999_V168&Option=1,2026-09-04T13:23:42Z
HK_1999_V168,2001-01-17,319,4,36,36,https://racing.hkjc.com/en-us/local/information/otherhorse?horseid=HK_1999_V168&Option=1,2026-09-04T13:23:42Z
HK_1999_V168,2001-02-04,355,5,36,36,https://racing.hkjc.com/en-us/local/information/otherhorse?horseid=HK_1999_V168&Option=1,2026-09-04T13:23:42Z
HK_1999_V168,2001-04-25,543,4,36,35,https://racing.hkjc.com/en-us/local/information/otherhorse?horseid=HK_1999_V168&Option=1,2026-09-04T13:23:42Z
HK_1999_V168,2001-05-20,593,4,35,34,https://racing.hkjc.com/en-us/local/information/otherhorse?horseid=HK_1999_V168&Option=1,2026-09-04T13:23:42Z
HK_1999_V168,2001-05-30,618,4,34,34,https://racing.hkjc.com/en-us/local/information/otherhorse?horseid=HK_1999_V168&Option=1,2026-09-04T13:23:42Z
HK_1999_V168,2001-09-22,53,5,34,34,https://racing.hkjc.com/en-us/local/information/otherhorse?horseid=HK_1999_V168&Option=1,2026-09-04T13:23:42Z
HK_1999_V168,2001-10-07,75,5,34,36,https://racing.hkjc.com/en-us/local/information/otherhorse?horseid=HK_1999_V168&Option=1,2026-09-04T13:23:42Z
HK_1999_V168,2001-10-21,110,5,36,42,https://racing.hkjc.com/en-us/local/information/otherhorse?horseid=HK_1999_V168&Option=1,2026-09-04T13:23:42Z
HK_1999_V168,2001-10-31,130,4,42,42,https://racing.hkjc.com/en-us/local/information/otherhorse?horseid=HK_1999_V168&Option=1,2026-09-04T13:23:42Z
HK_1999_V168,2001-12-01,210,4,42,41,https://racing.hkjc.com/en-us/local/information/otherhorse?horseid=HK_1999_V168&Option=1,2026-09-04T13:23:42Z
HK_1999_V168,2001-12-12,232,4,41,40,https://racing.hkjc.com/en-us/local/information/otherhorse?horseid=HK_1999_V168&Option=1,2026-09-04T13:23:42Z
HK_1999_V168,2001-12-26,258,5,40,39,https://racing.hkjc.com/en-us/local/information/otherhorse?horseid=HK_1999_V168&Option=1,2026-09-04T13:23:42Z
HK_1999_V168,2002-01-12,295,5,39,38,https://racing.hkjc.com/en-us/local/information/otherhorse?horseid=HK_1999_V168&Option=1,2026-09-04T13:23:42Z
HK_1999_V168,2002-02-02,345,5,38,38,https://racing.hkjc.com/en-us/local/information/otherhorse?horseid=HK_1999_V168&Option=1,2026-09-04T13:23:42Z
HK_1999_V168,2002-02-14,362,4,38,37,https://racing.hkjc.com/en-us/local/information/otherhorse?horseid=HK_1999_V168&Option=1,2026-09-04T13:23:42Z
HK_1999_V168,2002-03-09,427,5,37,32,https://racing.hkjc.com/en-us/local/information/otherhorse?horseid=HK_1999_V168&Option=1,2026-09-04T13:23:42Z
HK_1999_V168,2002-09-07,19,5,32,32,https://racing.hkjc.com/en-us/local/information/otherhorse?horseid=HK_1999_V168&Option=1,2026-09-04T13:23:42Z
HK_1999_V168,2002-10-06,74,4,32,31,https://racing.hkjc.com/en-us/local/information/otherhorse?horseid=HK_1999_V168&Option=1,2026-09-04T13:23:42Z
HK_1999_V168,2002-10-20,108,5,31,30,https://racing.hkjc.com/en-us/local/information/otherhorse?horseid=HK_1999_V168&Option=1,2026-09-04T13:23:42Z
HK_1999_V168,2002-11-02,142,5,30,29,https://racing.hkjc.com/en-us/local/information/otherhorse?horseid=HK_1999_V168&Option=1,2026-09-04T13:23:42Z
HK_1999_V168,2002-12-04,226,4,29,36,https://racing.hkjc.com/en-us/local/information/otherhorse?horseid=HK_1999_V168&Option=1,2026-09-04T13:23:42Z
HK_1999_V168,2003-01-11,315,5,36,34,https://racing.hkjc.com/en-us/local/information/otherhorse?horseid=HK_1999_V168&Option=1,2026-09-04T13:23:42Z
HK_1999_V168,2003-12-20,271,5,34,34,https://racing.hkjc.com/en-us/local/information/otherhorse?horseid=HK_1999_V168&Option=1,2026-09-04T13:23:42Z
HK_1999_V168,2004-02-28,425,5,34,28,https://racing.hkjc.com/en-us/local/information/otherhorse?horseid=HK_1999_V168&Option=1,2026-09-04T13:23:42Z
HK_1999_V168,2004-09-05,1,5,28,28,https://racing.hkjc.com/en-us/local/information/otherhorse?horseid=HK_1999_V168&Option=1,2026-09-04T13:23:42Z
HK_1999_V168,2004-09-29,57,5,28,26,https://racing.hkjc.com/en-us/local/information/otherhorse?horseid=HK_1999_V168&Option=1,2026-09-04T13:23:42Z
HK_1999_V168,2004-12-01,213,5,26,23,https://racing.hkjc.com/en-us/local/information/otherhorse?horseid=HK_1999_V168&Option=1,2026-09-04T13:23:42Z
HK_1999_V168,2005-01-16,319,5,23,21,https://racing.hkjc.com/en-us/local/information/otherhorse?horseid=HK_1999_V168&Option=1,2026-09-04T13:23:42Z
HK_1999_V168,2005-01-23,337,5,21,27,https://racing.hkjc.com/en-us/local/information/otherhorse?horseid=HK_1999_V168&Option=1,2026-09-04T13:23:42Z
HK_1999_V168,2005-02-20,403,5,27,29,https://racing.hkjc.com/en-us/local/information/otherhorse?horseid=HK_1999_V168&Option=1,2026-09-04T13:23:42Z
HK_1999_V168,2005-03-16,468,5,29,29,https://racing.hkjc.com/en-us/local/information/otherhorse?horseid=HK_1999_V168&Option=1,2026-09-04T13:23:42Z
HK_1999_V168,2005-04-03,502,5,29,29,https://racing.hkjc.com/en-us/local/information/otherhorse?horseid=HK_1999_V168&Option=1,2026-09-04T13:23:42Z
HK_1999_V168,2005-05-07,584,5,29,29,https://racing.hkjc.com/en-us/local/information/otherhorse?horseid=HK_1999_V168&Option=1,2026-09-04T13:23:42Z
HK_1999_V168,2005-09-11,20,5,29,29,https://racing.hkjc.com/en-us/local/information/otherhorse?horseid=HK_1999_V168&Option=1,2026-09-04T13:23:42Z
HK_1999_V168,2005-09-24,44,5,29,27,https://racing.hkjc.com/en-us/local/information/otherhorse?horseid=HK_1999_V168&Option=1,2026-09-04T13:23:42Z
HK_1999_V168,2005-10-22,109,5,27,25,https://racing.hkjc.com/en-us/local/information/otherhorse?horseid=HK_1999_V168&Option=1,2026-09-04T13:23:42Z
HK_1999_V168,2005-11-05,145,5,25,23,https://racing.hkjc.com/en-us/local/information/otherhorse?horseid=HK_1999_V168&Option=1,2026-09-04T13:23:42Z
HK_1999_V168,2005-11-20,180,5,23,22,https://racing.hkjc.com/en-us/local/information/otherhorse?horseid=HK_1999_V168&Option=1,2026-09-04T13:23:42Z
HK_1999_V168,2005-12-03,216,5,22,20,https://racing.hkjc.com/en-us/local/information/otherhorse?horseid=HK_1999_V168&Option=1,2026-09-04T13:23:42Z
HK_1999_V168,2006-01-01,280,5,20,23,https://racing.hkjc.com/en-us/local/information/otherhorse?horseid=HK_1999_V168&Option=1,2026-09-04T13:23:42Z
HK_1999_V168,2006-01-07,297,5,23,23,https://racing.hkjc.com/en-us/local/information/otherhorse?horseid=HK_1999_V168&Option=1,2026-09-04T13:23:42Z
HK_1999_V168,2006-01-31,353,5,23,22,https://racing.hkjc.com/en-us/local/information/otherhorse?horseid=HK_1999_V168&Option=1,2026-09-04T13:23:42Z
HK_1999_V168,2006-02-26,415,5,22,23,https://racing.hkjc.com/en-us/local/information/otherhorse?horseid=HK_1999_V168&Option=1,2026-09-04T13:23:42Z
HK_1999_V168,2006-03-19,463,5,23,23,https://racing.hkjc.com/en-us/local/information/otherhorse?horseid=HK_1999_V168&Option=1,2026-09-04T13:23:42Z
HK_1999_V168,2006-04-01,499,5,23,22,https://racing.hkjc.com/en-us/local/information/otherhorse?horseid=HK_1999_V168&Option=1,2026-09-04T13:23:42Z
HK_1999_V168,2006-04-12,520,5,22,21,https://racing.hkjc.com/en-us/local/information/otherhorse?horseid=HK_1999_V168&Option=1,2026-09-04T13:23:42Z
HK_1999_V168,2006-04-30,563,5,21,19,https://racing.hkjc.com/en-us/local/information/otherhorse?horseid=HK_1999_V168&Option=1,2026-09-04T13:23:42Z
HK_1999_V168,2006-06-17,672,5,19,18,https://racing.hkjc.com/en-us/local/information/otherhorse?horseid=HK_1999_V168&Option=1,2026-09-04T13:23:42Z
HK_2000_A177,2001-04-14,512,GRIFFIN,,,https://racing.hkjc.com/en-us/local/information/otherhorse?horseid=HK_2000_A177&Option=1,2026-09-04T13:31:39Z
HK_2000_A177,2001-05-12,580,GRIFFIN,,55.0,https://racing.hkjc.com/en-us/local/information/otherhorse?horseid=HK_2000_A177&Option=1,2026-09-04T13:31:39Z
HK_2000_A177,2001-09-08,18,3,55.0,55.0,https://racing.hkjc.com/en-us/local/information/otherhorse?horseid=HK_2000_A177&Option=1,2026-09-04T13:31:39Z
HK_2000_A177,2001-11-03,139,4,55.0,56.0,https://racing.hkjc.com/en-us/local/information/otherhorse?horseid=HK_2000_A177&Option=1,2026-09-04T13:31:39Z
HK_2000_A177,2001-11-18,171,4,56.0,56.0,https://racing.hkjc.com/en-us/local/information/otherhorse?horseid=HK_2000_A177&Option=1,2026-09-04T13:31:39Z
HK_2000_A177,2001-12-05,217,3,56.0,66.0,https://racing.hkjc.com/en-us/local/information/otherhorse?horseid=HK_2000_A177&Option=1,2026-09-04T13:31:39Z
HK_2000_A177,2002-01-26,332,3,66.0,66.0,https://racing.hkjc.com/en-us/local/information/otherhorse?horseid=HK_2000_A177&Option=1,2026-09-04T13:31:39Z
HK_2000_A177,2002-03-02,413,3,66.0,66.0,https://racing.hkjc.com/en-us/local/information/otherhorse?horseid=HK_2000_A177&Option=1,2026-09-04T13:31:39Z
HK_2000_A177,2002-03-30,477,3,66.0,70.0,https://racing.hkjc.com/en-us/local/information/otherhorse?horseid=HK_2000_A177&Option=1,2026-09-04T13:31:39Z
HK_2000_A177,2002-04-27,551,3,70.0,71.0,https://racing.hkjc.com/en-us/local/information/otherhorse?horseid=HK_2000_A177&Option=1,2026-09-04T13:31:39Z
HK_2000_A177,2002-05-25,624,2,71.0,68.0,https://racing.hkjc.com/en-us/local/information/otherhorse?horseid=HK_2000_A177&Option=1,2026-09-04T13:31:39Z
HK_2000_A177,2002-09-14,29,3,68.0,68.0,https://racing.hkjc.com/en-us/local/information/otherhorse?horseid=HK_2000_A177&Option=1,2026-09-04T13:31:39Z
HK_2000_A177,2002-09-25,55,3,68.0,73.0,https://racing.hkjc.com/en-us/local/information/otherhorse?horseid=HK_2000_A177&Option=1,2026-09-04T13:31:39Z
HK_2000_A177,2002-10-30,141,2,73.0,73.0,https://racing.hkjc.com/en-us/local/information/otherhorse?horseid=HK_2000_A177&Option=1,2026-09-04T13:31:39Z
HK_2000_A177,2002-11-24,203,2,73.0,72.0,https://racing.hkjc.com/en-us/local/information/otherhorse?horseid=HK_2000_A177&Option=1,2026-09-04T13:31:39Z
HK_2000_A177,2002-12-26,281,3,72.0,71.0,https://racing.hkjc.com/en-us/local/information/otherhorse?horseid=HK_2000_A177&Option=1,2026-09-04T13:31:39Z
HK_2000_A177,2003-01-04,303,3,71.0,70.0,https://racing.hkjc.com/en-us/local/information/otherhorse?horseid=HK_2000_A177&Option=1,2026-09-04T13:31:39Z
HK_2000_A177,2003-01-25,355,3,70.0,69.0,https://racing.hkjc.com/en-us/local/information/otherhorse?horseid=HK_2000_A177&Option=1,2026-09-04T13:31:39Z
HK_2000_A177,2003-02-08,376,3,69.0,67.0,https://racing.hkjc.com/en-us/local/information/otherhorse?horseid=HK_2000_A177&Option=1,2026-09-04T13:31:39Z
HK_2000_A177,2003-02-19,401,3,67.0,66.0,https://racing.hkjc.com/en-us/local/information/otherhorse?horseid=HK_2000_A177&Option=1,2026-09-04T13:31:39Z
HK_2000_A177,2003-03-15,460,3,66.0,75.0,https://racing.hkjc.com/en-us/local/information/otherhorse?horseid=HK_2000_A177&Option=1,2026-09-04T13:31:39Z
HK_2000_A177,2003-04-16,542,3,75.0,75.0,https://racing.hkjc.com/en-us/local/information/otherhorse?horseid=HK_2000_A177&Option=1,2026-09-04T13:31:39Z
HK_2000_A177,2003-09-06,16,3,75.0,75.0,https://racing.hkjc.com/en-us/local/information/otherhorse?horseid=HK_2000_A177&Option=1,2026-09-04T13:31:39Z
HK_2000_A177,2003-09-17,40,3,75.0,73.0,https://racing.hkjc.com/en-us/local/information/otherhorse?horseid=HK_2000_A177&Option=1,2026-09-04T13:31:39Z
HK_2000_A177,2003-10-01,80,3,73.0,71.0,https://racing.hkjc.com/en-us/local/information/otherhorse?horseid=HK_2000_A177&Option=1,2026-09-04T13:31:39Z
HK_2000_A177,2003-11-02,150,3,71.0,73.0,https://racing.hkjc.com/en-us/local/information/otherhorse?horseid=HK_2000_A177&Option=1,2026-09-04T13:31:39Z
HK_2000_A177,2003-12-03,233,3,73.0,74.0,https://racing.hkjc.com/en-us/local/information/otherhorse?horseid=HK_2000_A177&Option=1,2026-09-04T13:31:39Z
HK_2000_A177,2004-01-01,296,3,74.0,74.0,https://racing.hkjc.com/en-us/local/information/otherhorse?horseid=HK_2000_A177&Option=1,2026-09-04T13:31:39Z
HK_2000_A177,2004-02-11,396,3,74.0,73.0,https://racing.hkjc.com/en-us/local/information/otherhorse?horseid=HK_2000_A177&Option=1,2026-09-04T13:31:39Z
HK_2000_A177,2004-03-13,466,3,73.0,72.0,https://racing.hkjc.com/en-us/local/information/otherhorse?horseid=HK_2000_A177&Option=1,2026-09-04T13:31:39Z
HK_2000_A177,2004-04-14,526,3,72.0,71.0,https://racing.hkjc.com/en-us/local/information/otherhorse?horseid=HK_2000_A177&Option=1,2026-09-04T13:31:39Z
HK_2000_A177,2004-05-12,596,3,71.0,69.0,https://racing.hkjc.com/en-us/local/information/otherhorse?horseid=HK_2000_A177&Option=1,2026-09-04T13:31:39Z
HK_2000_A177,2004-06-06,653,3,69.0,66.0,https://racing.hkjc.com/en-us/local/information/otherhorse?horseid=HK_2000_A177&Option=1,2026-09-04T13:31:39Z
HK_2000_A177,2004-09-15,34,3,66.0,66.0,https://racing.hkjc.com/en-us/local/information/otherhorse?horseid=HK_2000_A177&Option=1,2026-09-04T13:31:39Z
HK_2000_A177,2004-09-29,60,3,66.0,64.0,https://racing.hkjc.com/en-us/local/information/otherhorse?horseid=HK_2000_A177&Option=1,2026-09-04T13:31:39Z
HK_2000_A177,2004-10-17,98,3,64.0,62.0,https://racing.hkjc.com/en-us/local/information/otherhorse?horseid=HK_2000_A177&Option=1,2026-09-04T13:31:39Z
HK_2000_A177,2004-10-30,132,3,62.0,61.0,https://racing.hkjc.com/en-us/local/information/otherhorse?horseid=HK_2000_A177&Option=1,2026-09-04T13:31:39Z
HK_2000_A177,2004-11-17,182,3,61.0,59.0,https://racing.hkjc.com/en-us/local/information/otherhorse?horseid=HK_2000_A177&Option=1,2026-09-04T13:31:39Z
HK_2000_A177,2004-11-28,208,3,59.0,59.0,https://racing.hkjc.com/en-us/local/information/otherhorse?horseid=HK_2000_A177&Option=1,2026-09-04T13:31:39Z
HK_2000_A177,2004-12-01,215,4,59.0,57.0,https://racing.hkjc.com/en-us/local/information/otherhorse?horseid=HK_2000_A177&Option=1,2026-09-04T13:31:39Z
HK_2000_A177,2005-01-01,286,4,57.0,56.0,https://racing.hkjc.com/en-us/local/information/otherhorse?horseid=HK_2000_A177&Option=1,2026-09-04T13:31:39Z
HK_2000_A177,2005-06-01,640,4,56.0,56.0,https://racing.hkjc.com/en-us/local/information/otherhorse?horseid=HK_2000_A177&Option=1,2026-09-04T13:31:39Z
HK_2000_A177,2005-06-12,666,4,56.0,53.0,https://racing.hkjc.com/en-us/local/information/otherhorse?horseid=HK_2000_A177&Option=1,2026-09-04T13:31:39Z
HK_2000_A177,2005-09-14,26,4,53.0,59.0,https://racing.hkjc.com/en-us/local/information/otherhorse?horseid=HK_2000_A177&Option=1,2026-09-04T13:31:39Z
HK_2000_A177,2005-10-09,81,4,59.0,64.0,https://racing.hkjc.com/en-us/local/information/otherhorse?horseid=HK_2000_A177&Option=1,2026-09-04T13:31:39Z
HK_2000_A177,2005-11-09,157,3,64.0,65.0,https://racing.hkjc.com/en-us/local/information/otherhorse?horseid=HK_2000_A177&Option=1,2026-09-04T13:31:39Z
HK_2000_A177,2005-11-30,213,3,65.0,65.0,https://racing.hkjc.com/en-us/local/information/otherhorse?horseid=HK_2000_A177&Option=1,2026-09-04T13:31:39Z
HK_2000_A177,2006-01-01,285,3,65.0,65.0,https://racing.hkjc.com/en-us/local/information/otherhorse?horseid=HK_2000_A177&Option=1,2026-09-04T13:31:39Z
HK_2000_A177,2006-03-04,438,3,65.0,65.0,https://racing.hkjc.com/en-us/local/information/otherhorse?horseid=HK_2000_A177&Option=1,2026-09-04T13:31:39Z
HK_2000_A177,2006-04-12,524,3,65.0,64.0,https://racing.hkjc.com/en-us/local/information/otherhorse?horseid=HK_2000_A177&Option=1,2026-09-04T13:31:39Z
HK_2000_A177,2006-05-21,623,3,64.0,62.0,https://racing.hkjc.com/en-us/local/information/otherhorse?horseid=HK_2000_A177&Option=1,2026-09-04T13:31:39Z
HK_2000_A177,2006-06-10,666,3,62.0,59.0,https://racing.hkjc.com/en-us/local/information/otherhorse?horseid=HK_2000_A177&Option=1,2026-09-04T13:31:39Z
HK_2000_A177,2006-09-20,23,4,59.0,59.0,https://racing.hkjc.com/en-us/local/information/otherhorse?horseid=HK_2000_A177&Option=1,2026-09-04T13:31:39Z
HK_2000_A177,2006-11-01,126,4,59.0,57.0,https://racing.hkjc.com/en-us/local/information/otherhorse?horseid=HK_2000_A177&Option=1,2026-09-04T13:31:39Z
HK_2000_A177,2006-11-15,161,4,57.0,58.0,https://racing.hkjc.com/en-us/local/information/otherhorse?horseid=HK_2000_A177&Option=1,2026-09-04T13:31:39Z
HK_2000_A177,2006-12-02,202,4,58.0,58.0,https://racing.hkjc.com/en-us/local/information/otherhorse?horseid=HK_2000_A177&Option=1,2026-09-04T13:31:39Z
HK_2000_A177,2006-12-20,247,4,58.0,57.0,https://racing.hkjc.com/en-us/local/information/otherhorse?horseid=HK_2000_A177&Option=1,2026-09-04T13:31:39Z
HK_2000_A177,2007-01-07,289,4,57.0,59.0,https://racing.hkjc.com/en-us/local/information/otherhorse?horseid=HK_2000_A177&Option=1,2026-09-04T13:31:39Z
HK_2000_A177,2007-01-31,353,4,59.0,62.0,https://racing.hkjc.com/en-us/local/information/otherhorse?horseid=HK_2000_A177&Option=1,2026-09-04T13:31:39Z
HK_2000_A177,2007-03-10,447,2,62.0,62.0,https://racing.hkjc.com/en-us/local/information/otherhorse?horseid=HK_2000_A177&Option=1,2026-09-04T13:31:39Z
HK_2000_A177,2007-04-22,537,3,62.0,62.0,https://racing.hkjc.com/en-us/local/information/otherhorse?horseid=HK_2000_A177&Option=1,2026-09-04T13:31:39Z
HK_2000_A177,2007-05-12,601,3,62.0,60.0,https://racing.hkjc.com/en-us/local/information/otherhorse?horseid=HK_2000_A177&Option=1,2026-09-04T13:31:39Z
HK_2000_A177,2007-06-03,649,4,60.0,57.0,https://racing.hkjc.com/en-us/local/information/otherhorse?horseid=HK_2000_A177&Option=1,2026-09-04T13:31:39Z
HK_2000_A177,2007-09-19,29,4,57.0,57.0,https://racing.hkjc.com/en-us/local/information/otherhorse?horseid=HK_2000_A177&Option=1,2026-09-04T13:31:39Z
HK_2000_A177,2007-10-28,118,4,57.0,55.0,https://racing.hkjc.com/en-us/local/information/otherhorse?horseid=HK_2000_A177&Option=1,2026-09-04T13:31:39Z
HK_2000_A177,2007-11-14,166,4,55.0,56.0,https://racing.hkjc.com/en-us/local/information/otherhorse?horseid=HK_2000_A177&Option=1,2026-09-04T13:31:39Z
HK_2000_A177,2007-12-01,209,4,56.0,56.0,https://racing.hkjc.com/en-us/local/information/otherhorse?horseid=HK_2000_A177&Option=1,2026-09-04T13:31:39Z
HK_2000_A184,2001-02-24,404,GRIFFIN,,,https://racing.hkjc.com/en-us/local/information/otherhorse?horseid=HK_2000_A184&Option=1,2026-09-04T13:31:12Z
HK_2000_A184,2001-03-10,438,GRIFFIN,,47.0,https://racing.hkjc.com/en-us/local/information/otherhorse?horseid=HK_2000_A184&Option=1,2026-09-04T13:31:12Z
HK_2000_A184,2001-10-01,67,4,47.0,47.0,https://racing.hkjc.com/en-us/local/information/otherhorse?horseid=HK_2000_A184&Option=1,2026-09-04T13:31:12Z
HK_2000_A184,2001-10-31,129,4,47.0,50.0,https://racing.hkjc.com/en-us/local/information/otherhorse?horseid=HK_2000_A184&Option=1,2026-09-04T13:31:12Z
HK_2000_A184,2001-11-18,174,4,50.0,49.0,https://racing.hkjc.com/en-us/local/information/otherhorse?horseid=HK_2000_A184&Option=1,2026-09-04T13:31:12Z
HK_2000_A184,2001-12-08,224,4,49.0,48.0,https://racing.hkjc.com/en-us/local/information/otherhorse?horseid=HK_2000_A184&Option=1,2026-09-04T13:31:12Z
HK_2000_A184,2002-02-06,357,4,48.0,46.0,https://racing.hkjc.com/en-us/local/information/otherhorse?horseid=HK_2000_A184&Option=1,2026-09-04T13:31:12Z
HK_2000_A184,2002-02-27,401,4,46.0,46.0,https://racing.hkjc.com/en-us/local/information/otherhorse?horseid=HK_2000_A184&Option=1,2026-09-04T13:31:12Z
HK_2000_A184,2002-03-20,453,4,46.0,49.0,https://racing.hkjc.com/en-us/local/information/otherhorse?horseid=HK_2000_A184&Option=1,2026-09-04T13:31:12Z
HK_2000_A184,2002-04-10,505,4,49.0,49.0,https://racing.hkjc.com/en-us/local/information/otherhorse?horseid=HK_2000_A184&Option=1,2026-09-04T13:31:12Z
HK_2000_A184,2002-05-01,556,4,49.0,55.0,https://racing.hkjc.com/en-us/local/information/otherhorse?horseid=HK_2000_A184&Option=1,2026-09-04T13:31:12Z
HK_2000_A184,2002-05-19,603,3,55.0,53.0,https://racing.hkjc.com/en-us/local/information/otherhorse?horseid=HK_2000_A184&Option=1,2026-09-04T13:31:12Z
HK_2000_A184,2002-09-25,54,4,53.0,53.0,https://racing.hkjc.com/en-us/local/information/otherhorse?horseid=HK_2000_A184&Option=1,2026-09-04T13:31:12Z
HK_2000_A184,2002-10-20,109,4,53.0,52.0,https://racing.hkjc.com/en-us/local/information/otherhorse?horseid=HK_2000_A184&Option=1,2026-09-04T13:31:12Z
HK_2000_A184,2002-11-10,165,4,52.0,59.0,https://racing.hkjc.com/en-us/local/information/otherhorse?horseid=HK_2000_A184&Option=1,2026-09-04T13:31:12Z
HK_2000_A184,2002-12-21,271,3,59.0,59.0,https://racing.hkjc.com/en-us/local/information/otherhorse?horseid=HK_2000_A184&Option=1,2026-09-04T13:31:12Z
HK_2000_A184,2003-01-04,301,3,59.0,59.0,https://racing.hkjc.com/en-us/local/information/otherhorse?horseid=HK_2000_A184&Option=1,2026-09-04T13:31:12Z
HK_2000_A184,2003-02-19,401,3,59.0,58.0,https://racing.hkjc.com/en-us/local/information/otherhorse?horseid=HK_2000_A184&Option=1,2026-09-04T13:31:12Z
HK_2000_A184,2003-03-26,485,4,58.0,57.0,https://racing.hkjc.com/en-us/local/information/otherhorse?horseid=HK_2000_A184&Option=1,2026-09-04T13:31:12Z
HK_2000_A184,2003-05-01,570,3,57.0,55.0,https://racing.hkjc.com/en-us/local/information/otherhorse?horseid=HK_2000_A184&Option=1,2026-09-04T13:31:12Z
HK_2000_A184,2003-06-07,669,4,55.0,50.0,https://racing.hkjc.com/en-us/local/information/otherhorse?horseid=HK_2000_A184&Option=1,2026-09-04T13:31:12Z
HK_2000_A184,2003-09-13,31,4,50.0,50.0,https://racing.hkjc.com/en-us/local/information/otherhorse?horseid=HK_2000_A184&Option=1,2026-09-04T13:31:12Z
HK_2000_A184,2003-09-21,47,4,50.0,56.0,https://racing.hkjc.com/en-us/local/information/otherhorse?horseid=HK_2000_A184&Option=1,2026-09-04T13:31:12Z
HK_2000_A184,2003-10-11,104,4,56.0,56.0,https://racing.hkjc.com/en-us/local/information/otherhorse?horseid=HK_2000_A184&Option=1,2026-09-04T13:31:12Z
HK_2000_A184,2003-11-08,168,4,56.0,59.0,https://racing.hkjc.com/en-us/local/information/otherhorse?horseid=HK_2000_A184&Option=1,2026-09-04T13:31:12Z
HK_2000_A184,2003-11-30,222,4,59.0,59.0,https://racing.hkjc.com/en-us/local/information/otherhorse?horseid=HK_2000_A184&Option=1,2026-09-04T13:31:12Z
HK_2000_A184,2003-12-20,279,3,59.0,58.0,https://racing.hkjc.com/en-us/local/information/otherhorse?horseid=HK_2000_A184&Option=1,2026-09-04T13:31:12Z
HK_2000_A184,2004-01-04,305,4,58.0,57.0,https://racing.hkjc.com/en-us/local/information/otherhorse?horseid=HK_2000_A184&Option=1,2026-09-04T13:31:12Z
HK_2000_A184,2004-02-07,386,4,57.0,56.0,https://racing.hkjc.com/en-us/local/information/otherhorse?horseid=HK_2000_A184&Option=1,2026-09-04T13:31:12Z
HK_2000_A184,2004-02-22,419,4,56.0,54.0,https://racing.hkjc.com/en-us/local/information/otherhorse?horseid=HK_2000_A184&Option=1,2026-09-04T13:31:12Z
HK_2000_A184,2004-05-26,629,4,54.0,51.0,https://racing.hkjc.com/en-us/local/information/otherhorse?horseid=HK_2000_A184&Option=1,2026-09-04T13:31:12Z
HK_2000_A184,2004-09-19,41,4,51.0,51.0,https://racing.hkjc.com/en-us/local/information/otherhorse?horseid=HK_2000_A184&Option=1,2026-09-04T13:31:12Z
HK_2000_A184,2004-09-29,59,4,51.0,51.0,https://racing.hkjc.com/en-us/local/information/otherhorse?horseid=HK_2000_A184&Option=1,2026-09-04T13:31:12Z
HK_2000_A184,2004-10-09,88,4,51.0,53.0,https://racing.hkjc.com/en-us/local/information/otherhorse?horseid=HK_2000_A184&Option=1,2026-09-04T13:31:12Z
HK_2000_A184,2004-11-10,163,4,53.0,58.0,https://racing.hkjc.com/en-us/local/information/otherhorse?horseid=HK_2000_A184&Option=1,2026-09-04T13:31:12Z
HK_2000_A184,2004-11-21,188,4,58.0,58.0,https://racing.hkjc.com/en-us/local/information/otherhorse?horseid=HK_2000_A184&Option=1,2026-09-04T13:31:12Z
HK_2000_A184,2005-01-01,285,4,58.0,58.0,https://racing.hkjc.com/en-us/local/information/otherhorse?horseid=HK_2000_A184&Option=1,2026-09-04T13:31:12Z
HK_2000_A184,2005-01-23,339,4,58.0,57.0,https://racing.hkjc.com/en-us/local/information/otherhorse?horseid=HK_2000_A184&Option=1,2026-09-04T13:31:12Z
HK_2000_A184,2005-06-12,670,4,57.0,56.0,https://racing.hkjc.com/en-us/local/information/otherhorse?horseid=HK_2000_A184&Option=1,2026-09-04T13:31:12Z
HK_2000_A184,2005-06-26,698,4,56.0,54.0,https://racing.hkjc.com/en-us/local/information/otherhorse?horseid=HK_2000_A184&Option=1,2026-09-04T13:31:12Z
HK_2000_A184,2005-09-04,4,4,54.0,59.0,https://racing.hkjc.com/en-us/local/information/otherhorse?horseid=HK_2000_A184&Option=1,2026-09-04T13:31:12Z
HK_2000_A184,2005-09-24,49,4,59.0,59.0,https://racing.hkjc.com/en-us/local/information/otherhorse?horseid=HK_2000_A184&Option=1,2026-09-04T13:31:12Z
HK_2000_A184,2005-12-14,247,4,59.0,65.0,https://racing.hkjc.com/en-us/local/information/otherhorse?horseid=HK_2000_A184&Option=1,2026-09-04T13:31:12Z
HK_2000_A184,2006-01-01,285,3,65.0,65.0,https://racing.hkjc.com/en-us/local/information/otherhorse?horseid=HK_2000_A184&Option=1,2026-09-04T13:31:12Z
HK_2000_A184,2006-03-12,453,3,65.0,65.0,https://racing.hkjc.com/en-us/local/information/otherhorse?horseid=HK_2000_A184&Option=1,2026-09-04T13:31:12Z
HK_2000_A184,2006-04-01,507,3,65.0,65.0,https://racing.hkjc.com/en-us/local/information/otherhorse?horseid=HK_2000_A184&Option=1,2026-09-04T13:31:12Z
HK_2000_A184,2006-04-23,546,3,65.0,64.0,https://racing.hkjc.com/en-us/local/information/otherhorse?horseid=HK_2000_A184&Option=1,2026-09-04T13:31:12Z
HK_2000_A184,2006-05-07,589,3,64.0,63.0,https://racing.hkjc.com/en-us/local/information/otherhorse?horseid=HK_2000_A184&Option=1,2026-09-04T13:31:12Z
HK_2000_A184,2006-06-04,652,3,63.0,61.0,https://racing.hkjc.com/en-us/local/information/otherhorse?horseid=HK_2000_A184&Option=1,2026-09-04T13:31:12Z
HK_2000_A184,2006-09-16,17,3,61.0,61.0,https://racing.hkjc.com/en-us/local/information/otherhorse?horseid=HK_2000_A184&Option=1,2026-09-04T13:31:12Z
HK_2000_A184,2006-10-01,55,3,61.0,64.0,https://racing.hkjc.com/en-us/local/information/otherhorse?horseid=HK_2000_A184&Option=1,2026-09-04T13:31:12Z
HK_2000_A184,2006-11-04,131,3,64.0,64.0,https://racing.hkjc.com/en-us/local/information/otherhorse?horseid=HK_2000_A184&Option=1,2026-09-04T13:31:12Z
HK_2000_A184,2006-11-19,174,3,64.0,63.0,https://racing.hkjc.com/en-us/local/information/otherhorse?horseid=HK_2000_A184&Option=1,2026-09-04T13:31:12Z
HK_2000_A184,2006-12-16,242,3,63.0,70.0,https://racing.hkjc.com/en-us/local/information/otherhorse?horseid=HK_2000_A184&Option=1,2026-09-04T13:31:12Z
HK_2000_A184,2007-01-14,310,3,70.0,70.0,https://racing.hkjc.com/en-us/local/information/otherhorse?horseid=HK_2000_A184&Option=1,2026-09-04T13:31:12Z
HK_2000_A184,2007-02-10,383,3,70.0,70.0,https://racing.hkjc.com/en-us/local/information/otherhorse?horseid=HK_2000_A184&Option=1,2026-09-04T13:31:12Z
HK_2000_A184,2007-03-04,429,3,70.0,69.0,https://racing.hkjc.com/en-us/local/information/otherhorse?horseid=HK_2000_A184&Option=1,2026-09-04T13:31:12Z
HK_2000_A296,2001-09-26,59,4,52,52,https://racing.hkjc.com/en-us/local/information/otherhorse?horseid=HK_2000_A296&Option=1,2026-09-04T13:28:54Z
HK_2000_A296,2001-10-10,89,4,52,54,https://racing.hkjc.com/en-us/local/information/otherhorse?horseid=HK_2000_A296&Option=1,2026-09-04T13:28:54Z
HK_2000_A296,2001-11-10,159,3,54,54,https://racing.hkjc.com/en-us/local/information/otherhorse?horseid=HK_2000_A296&Option=1,2026-09-04T13:28:54Z
HK_2000_A296,2002-01-12,294,4,54,56,https://racing.hkjc.com/en-us/local/information/otherhorse?horseid=HK_2000_A296&Option=1,2026-09-04T13:28:54Z
HK_2000_A296,2002-03-17,442,4,56,62,https://racing.hkjc.com/en-us/local/information/otherhorse?horseid=HK_2000_A296&Option=1,2026-09-04T13:28:54Z
HK_2000_A296,2002-05-01,557,3,62,71,https://racing.hkjc.com/en-us/local/information/otherhorse?horseid=HK_2000_A296&Option=1,2026-09-04T13:28:54Z
HK_2000_A296,2002-06-01,640,2,71,80,https://racing.hkjc.com/en-us/local/information/otherhorse?horseid=HK_2000_A296&Option=1,2026-09-04T13:28:54Z
HK_2000_A296,2002-09-07,25,2,80,82,https://racing.hkjc.com/en-us/local/information/otherhorse?horseid=HK_2000_A296&Option=1,2026-09-04T13:28:54Z
HK_2000_A296,2002-10-06,81,2,82,82,https://racing.hkjc.com/en-us/local/information/otherhorse?horseid=HK_2000_A296&Option=1,2026-09-04T13:28:54Z
HK_2000_A296,2002-11-24,203,2,82,82,https://racing.hkjc.com/en-us/local/information/otherhorse?horseid=HK_2000_A296&Option=1,2026-09-04T13:28:54Z
HK_2000_A296,2003-01-01,291,2,82,85,https://racing.hkjc.com/en-us/local/information/otherhorse?horseid=HK_2000_A296&Option=1,2026-09-04T13:28:54Z
HK_2000_A296,2003-02-03,369,1,85,85,https://racing.hkjc.com/en-us/local/information/otherhorse?horseid=HK_2000_A296&Option=1,2026-09-04T13:28:54Z
HK_2000_A296,2003-02-19,406,2,85,84,https://racing.hkjc.com/en-us/local/information/otherhorse?horseid=HK_2000_A296&Option=1,2026-09-04T13:28:54Z
HK_2000_A296,2003-03-09,443,2,84,83,https://racing.hkjc.com/en-us/local/information/otherhorse?horseid=HK_2000_A296&Option=1,2026-09-04T13:28:54Z
HK_2000_A296,2003-03-29,498,2,83,82,https://racing.hkjc.com/en-us/local/information/otherhorse?horseid=HK_2000_A296&Option=1,2026-09-04T13:28:54Z
HK_2000_A296,2003-05-01,568,2,82,82,https://racing.hkjc.com/en-us/local/information/otherhorse?horseid=HK_2000_A296&Option=1,2026-09-04T13:28:54Z
HK_2000_A296,2003-05-18,616,1,82,82,https://racing.hkjc.com/en-us/local/information/otherhorse?horseid=HK_2000_A296&Option=1,2026-09-04T13:28:54Z
HK_2000_A296,2003-06-01,654,1,82,79,https://racing.hkjc.com/en-us/local/information/otherhorse?horseid=HK_2000_A296&Option=1,2026-09-04T13:28:54Z
HK_2000_A296,2003-09-06,18,2,79,86,https://racing.hkjc.com/en-us/local/information/otherhorse?horseid=HK_2000_A296&Option=1,2026-09-04T13:28:54Z
HK_2000_A296,2003-09-27,71,2,86,88,https://racing.hkjc.com/en-us/local/information/otherhorse?horseid=HK_2000_A296&Option=1,2026-09-04T13:28:54Z
HK_2000_A296,2003-10-25,137,1,88,91,https://racing.hkjc.com/en-us/local/information/otherhorse?horseid=HK_2000_A296&Option=1,2026-09-04T13:28:54Z
HK_2000_A296,2003-11-19,198,1,91,90,https://racing.hkjc.com/en-us/local/information/otherhorse?horseid=HK_2000_A296&Option=1,2026-09-04T13:28:54Z
HK_2000_A296,2003-12-20,280,2,90,90,https://racing.hkjc.com/en-us/local/information/otherhorse?horseid=HK_2000_A296&Option=1,2026-09-04T13:28:54Z
HK_2000_A296,2004-01-04,309,2,90,92,https://racing.hkjc.com/en-us/local/information/otherhorse?horseid=HK_2000_A296&Option=1,2026-09-04T13:28:54Z
HK_2000_A296,2004-02-01,373,2,92,92,https://racing.hkjc.com/en-us/local/information/otherhorse?horseid=HK_2000_A296&Option=1,2026-09-04T13:28:54Z
HK_2000_A296,2004-02-28,426,1,92,92,https://racing.hkjc.com/en-us/local/information/otherhorse?horseid=HK_2000_A296&Option=1,2026-09-04T13:28:54Z
HK_2000_A296,2004-03-21,483,1,92,92,https://racing.hkjc.com/en-us/local/information/otherhorse?horseid=HK_2000_A296&Option=1,2026-09-04T13:28:54Z
HK_2000_A296,2004-04-28,562,2,92,92,https://racing.hkjc.com/en-us/local/information/otherhorse?horseid=HK_2000_A296&Option=1,2026-09-04T13:28:54Z
HK_2000_A296,2004-05-19,612,2,92,91,https://racing.hkjc.com/en-us/local/information/otherhorse?horseid=HK_2000_A296&Option=1,2026-09-04T13:28:54Z
HK_2000_A296,2004-05-30,640,2,91,90,https://racing.hkjc.com/en-us/local/information/otherhorse?horseid=HK_2000_A296&Option=1,2026-09-04T13:28:54Z
HK_2000_A296,2004-06-20,695,2,90,93,https://racing.hkjc.com/en-us/local/information/otherhorse?horseid=HK_2000_A296&Option=1,2026-09-04T13:28:54Z
HK_2000_A296,2004-09-11,27,2,93,93,https://racing.hkjc.com/en-us/local/information/otherhorse?horseid=HK_2000_A296&Option=1,2026-09-04T13:28:54Z
HK_2000_A296,2004-09-29,64,2,93,91,https://racing.hkjc.com/en-us/local/information/otherhorse?horseid=HK_2000_A296&Option=1,2026-09-04T13:28:54Z
HK_2000_A296,2004-10-17,103,2,91,90,https://racing.hkjc.com/en-us/local/information/otherhorse?horseid=HK_2000_A296&Option=1,2026-09-04T13:28:54Z
HK_2000_A296,2004-11-14,174,1,90,90,https://racing.hkjc.com/en-us/local/information/otherhorse?horseid=HK_2000_A296&Option=1,2026-09-04T13:28:54Z
HK_2000_A296,2004-12-01,219,2,90,89,https://racing.hkjc.com/en-us/local/information/otherhorse?horseid=HK_2000_A296&Option=1,2026-09-04T13:28:54Z
HK_2000_A296,2005-01-01,289,2,89,88,https://racing.hkjc.com/en-us/local/information/otherhorse?horseid=HK_2000_A296&Option=1,2026-09-04T13:28:54Z
HK_2000_A296,2005-01-23,344,2,88,87,https://racing.hkjc.com/en-us/local/information/otherhorse?horseid=HK_2000_A296&Option=1,2026-09-04T13:28:54Z
HK_2000_A296,2005-02-11,391,2,87,87,https://racing.hkjc.com/en-us/local/information/otherhorse?horseid=HK_2000_A296&Option=1,2026-09-04T13:28:54Z
HK_2000_A296,2005-03-05,445,2,87,85,https://racing.hkjc.com/en-us/local/information/otherhorse?horseid=HK_2000_A296&Option=1,2026-09-04T13:28:54Z
HK_2000_A296,2005-03-19,481,2,85,83,https://racing.hkjc.com/en-us/local/information/otherhorse?horseid=HK_2000_A296&Option=1,2026-09-04T13:28:54Z
HK_2000_A296,2005-04-03,510,2,83,81,https://racing.hkjc.com/en-us/local/information/otherhorse?horseid=HK_2000_A296&Option=1,2026-09-04T13:28:54Z
HK_2000_A296,2005-04-13,533,2,81,81,https://racing.hkjc.com/en-us/local/information/otherhorse?horseid=HK_2000_A296&Option=1,2026-09-04T13:28:54Z
HK_2000_A296,2005-05-01,573,2,81,80,https://racing.hkjc.com/en-us/local/information/otherhorse?horseid=HK_2000_A296&Option=1,2026-09-04T13:28:54Z
HK_2000_A296,2005-05-14,607,3,80,78,https://racing.hkjc.com/en-us/local/information/otherhorse?horseid=HK_2000_A296&Option=1,2026-09-04T13:28:54Z
HK_2000_A296,2005-06-29,710,3,78,74,https://racing.hkjc.com/en-us/local/information/otherhorse?horseid=HK_2000_A296&Option=1,2026-09-04T13:28:54Z
HK_2000_A296,2005-09-11,25,3,74,75,https://racing.hkjc.com/en-us/local/information/otherhorse?horseid=HK_2000_A296&Option=1,2026-09-04T13:28:54Z
HK_2000_A296,2005-09-24,53,3,75,75,https://racing.hkjc.com/en-us/local/information/otherhorse?horseid=HK_2000_A296&Option=1,2026-09-04T13:28:54Z
HK_2000_A296,2005-10-02,71,3,75,74,https://racing.hkjc.com/en-us/local/information/otherhorse?horseid=HK_2000_A296&Option=1,2026-09-04T13:28:54Z
HK_2000_A296,2005-11-13,171,3,74,73,https://racing.hkjc.com/en-us/local/information/otherhorse?horseid=HK_2000_A296&Option=1,2026-09-04T13:28:54Z
HK_2000_A296,2005-12-14,249,3,73,71,https://racing.hkjc.com/en-us/local/information/otherhorse?horseid=HK_2000_A296&Option=1,2026-09-04T13:28:54Z
HK_2000_A296,2006-01-01,283,3,71,69,https://racing.hkjc.com/en-us/local/information/otherhorse?horseid=HK_2000_A296&Option=1,2026-09-04T13:28:54Z
HK_2000_A296,2006-01-15,321,3,69,66,https://racing.hkjc.com/en-us/local/information/otherhorse?horseid=HK_2000_A296&Option=1,2026-09-04T13:28:54Z
HK_2000_A296,2006-02-05,362,3,66,65,https://racing.hkjc.com/en-us/local/information/otherhorse?horseid=HK_2000_A296&Option=1,2026-09-04T13:28:54Z
HK_2000_A296,2006-04-01,506,3,65,63,https://racing.hkjc.com/en-us/local/information/otherhorse?horseid=HK_2000_A296&Option=1,2026-09-04T13:28:54Z
HK_2000_A296,2006-04-23,550,3,63,63,https://racing.hkjc.com/en-us/local/information/otherhorse?horseid=HK_2000_A296&Option=1,2026-09-04T13:28:54Z
HK_2000_A296,2006-05-13,601,3,63,58,https://racing.hkjc.com/en-us/local/information/otherhorse?horseid=HK_2000_A296&Option=1,2026-09-04T13:28:54Z
HK_2000_A296,2006-09-10,5,4,58,65,https://racing.hkjc.com/en-us/local/information/otherhorse?horseid=HK_2000_A296&Option=1,2026-09-04T13:28:54Z
HK_2000_A296,2006-09-16,17,3,65,73,https://racing.hkjc.com/en-us/local/information/otherhorse?horseid=HK_2000_A296&Option=1,2026-09-04T13:28:54Z
HK_2000_A296,2006-10-07,67,3,73,79,https://racing.hkjc.com/en-us/local/information/otherhorse?horseid=HK_2000_A296&Option=1,2026-09-04T13:28:54Z
HK_2000_A296,2006-11-04,138,2,79,79,https://racing.hkjc.com/en-us/local/information/otherhorse?horseid=HK_2000_A296&Option=1,2026-09-04T13:28:54Z
HK_2000_A296,2006-12-02,209,3,79,79,https://racing.hkjc.com/en-us/local/information/otherhorse?horseid=HK_2000_A296&Option=1,2026-09-04T13:28:54Z
HK_2000_A296,2007-01-01,280,3,79,78,https://racing.hkjc.com/en-us/local/information/otherhorse?horseid=HK_2000_A296&Option=1,2026-09-04T13:28:54Z
HK_2000_A296,2007-01-28,347,3,78,78,https://racing.hkjc.com/en-us/local/information/otherhorse?horseid=HK_2000_A296&Option=1,2026-09-04T13:28:54Z
HK_2000_A296,2007-02-28,420,3,78,80,https://racing.hkjc.com/en-us/local/information/otherhorse?horseid=HK_2000_A296&Option=1,2026-09-04T13:28:54Z
HK_2000_A296,2007-04-18,530,3,80,80,https://racing.hkjc.com/en-us/local/information/otherhorse?horseid=HK_2000_A296&Option=1,2026-09-04T13:28:54Z
HK_2000_A296,2007-09-23,43,3,80,83,https://racing.hkjc.com/en-us/local/information/otherhorse?horseid=HK_2000_A296&Option=1,2026-09-04T13:28:54Z
HK_2000_A296,2007-10-17,95,2,83,83,https://racing.hkjc.com/en-us/local/information/otherhorse?horseid=HK_2000_A296&Option=1,2026-09-04T13:28:54Z
HK_2000_A304,2001-06-09,641,GRIFFIN,,47,https://racing.hkjc.com/en-us/local/information/otherhorse?horseid=HK_2000_A304&Option=1,2026-09-04T13:30:32Z
HK_2000_A304,2001-10-10,87,4,47.0,45,https://racing.hkjc.com/en-us/local/information/otherhorse?horseid=HK_2000_A304&Option=1,2026-09-04T13:30:32Z
HK_2000_A304,2001-10-31,135,3,45.0,46,https://racing.hkjc.com/en-us/local/information/otherhorse?horseid=HK_2000_A304&Option=1,2026-09-04T13:30:32Z
HK_2000_A304,2001-11-28,200,4,46.0,46,https://racing.hkjc.com/en-us/local/information/otherhorse?horseid=HK_2000_A304&Option=1,2026-09-04T13:30:32Z
HK_2000_A304,2001-12-23,252,4,46.0,44,https://racing.hkjc.com/en-us/local/information/otherhorse?horseid=HK_2000_A304&Option=1,2026-09-04T13:30:32Z
HK_2000_A304,2002-02-14,361,4,44.0,48,https://racing.hkjc.com/en-us/local/information/otherhorse?horseid=HK_2000_A304&Option=1,2026-09-04T13:30:32Z
HK_2000_A304,2002-03-13,433,4,48.0,48,https://racing.hkjc.com/en-us/local/information/otherhorse?horseid=HK_2000_A304&Option=1,2026-09-04T13:30:32Z
HK_2000_A304,2002-04-03,486,4,48.0,51,https://racing.hkjc.com/en-us/local/information/otherhorse?horseid=HK_2000_A304&Option=1,2026-09-04T13:30:32Z
HK_2000_A304,2002-04-27,547,4,51.0,55,https://racing.hkjc.com/en-us/local/information/otherhorse?horseid=HK_2000_A304&Option=1,2026-09-04T13:30:32Z
HK_2000_A304,2002-10-06,75,4,55.0,61,https://racing.hkjc.com/en-us/local/information/otherhorse?horseid=HK_2000_A304&Option=1,2026-09-04T13:30:32Z
HK_2000_A304,2002-11-10,168,3,61.0,61,https://racing.hkjc.com/en-us/local/information/otherhorse?horseid=HK_2000_A304&Option=1,2026-09-04T13:30:32Z
HK_2000_A304,2002-12-15,250,3,61.0,60,https://racing.hkjc.com/en-us/local/information/otherhorse?horseid=HK_2000_A304&Option=1,2026-09-04T13:30:32Z
HK_2000_A304,2003-01-04,300,4,60.0,60,https://racing.hkjc.com/en-us/local/information/otherhorse?horseid=HK_2000_A304&Option=1,2026-09-04T13:30:32Z
HK_2000_A304,2003-02-19,400,4,60.0,59,https://racing.hkjc.com/en-us/local/information/otherhorse?horseid=HK_2000_A304&Option=1,2026-09-04T13:30:32Z
HK_2000_A304,2003-03-29,495,4,59.0,58,https://racing.hkjc.com/en-us/local/information/otherhorse?horseid=HK_2000_A304&Option=1,2026-09-04T13:30:32Z
HK_2000_A304,2003-04-13,529,4,58.0,57,https://racing.hkjc.com/en-us/local/information/otherhorse?horseid=HK_2000_A304&Option=1,2026-09-04T13:30:32Z
HK_2000_A304,2003-04-27,554,4,57.0,63,https://racing.hkjc.com/en-us/local/information/otherhorse?horseid=HK_2000_A304&Option=1,2026-09-04T13:30:32Z
HK_2000_A304,2003-05-10,599,3,63.0,63,https://racing.hkjc.com/en-us/local/information/otherhorse?horseid=HK_2000_A304&Option=1,2026-09-04T13:30:32Z
HK_2000_A304,2003-05-24,632,3,63.0,63,https://racing.hkjc.com/en-us/local/information/otherhorse?horseid=HK_2000_A304&Option=1,2026-09-04T13:30:32Z
HK_2000_A304,2003-06-04,663,3,63.0,60,https://racing.hkjc.com/en-us/local/information/otherhorse?horseid=HK_2000_A304&Option=1,2026-09-04T13:30:32Z
HK_2000_A304,2003-08-31,6,3,60.0,60,https://racing.hkjc.com/en-us/local/information/otherhorse?horseid=HK_2000_A304&Option=1,2026-09-04T13:30:32Z
HK_2000_A304,2003-10-01,78,4,60.0,59,https://racing.hkjc.com/en-us/local/information/otherhorse?horseid=HK_2000_A304&Option=1,2026-09-04T13:30:32Z
HK_2000_A304,2003-10-11,104,4,59.0,59,https://racing.hkjc.com/en-us/local/information/otherhorse?horseid=HK_2000_A304&Option=1,2026-09-04T13:30:32Z
HK_2000_A304,2003-11-08,165,4,59.0,58,https://racing.hkjc.com/en-us/local/information/otherhorse?horseid=HK_2000_A304&Option=1,2026-09-04T13:30:32Z
HK_2000_A304,2003-11-22,205,4,58.0,58,https://racing.hkjc.com/en-us/local/information/otherhorse?horseid=HK_2000_A304&Option=1,2026-09-04T13:30:32Z
HK_2000_A304,2003-12-20,274,4,58.0,59,https://racing.hkjc.com/en-us/local/information/otherhorse?horseid=HK_2000_A304&Option=1,2026-09-04T13:30:32Z
HK_2000_A304,2004-01-01,294,4,59.0,57,https://racing.hkjc.com/en-us/local/information/otherhorse?horseid=HK_2000_A304&Option=1,2026-09-04T13:30:32Z
HK_2000_A304,2004-03-07,446,4,57.0,59,https://racing.hkjc.com/en-us/local/information/otherhorse?horseid=HK_2000_A304&Option=1,2026-09-04T13:30:32Z
HK_2000_A304,2004-04-03,504,4,59.0,65,https://racing.hkjc.com/en-us/local/information/otherhorse?horseid=HK_2000_A304&Option=1,2026-09-04T13:30:32Z
HK_2000_A304,2004-05-22,624,3,65.0,67,https://racing.hkjc.com/en-us/local/information/otherhorse?horseid=HK_2000_A304&Option=1,2026-09-04T13:30:32Z
HK_2000_A304,2004-09-11,26,3,67.0,69,https://racing.hkjc.com/en-us/local/information/otherhorse?horseid=HK_2000_A304&Option=1,2026-09-04T13:30:32Z
HK_2000_A304,2004-10-03,75,3,69.0,70,https://racing.hkjc.com/en-us/local/information/otherhorse?horseid=HK_2000_A304&Option=1,2026-09-04T13:30:32Z
HK_2000_A304,2004-11-06,157,3,70.0,70,https://racing.hkjc.com/en-us/local/information/otherhorse?horseid=HK_2000_A304&Option=1,2026-09-04T13:30:32Z
HK_2000_A304,2005-02-05,380,3,70.0,70,https://racing.hkjc.com/en-us/local/information/otherhorse?horseid=HK_2000_A304&Option=1,2026-09-04T13:30:32Z
HK_2000_A304,2005-02-20,408,3,70.0,69,https://racing.hkjc.com/en-us/local/information/otherhorse?horseid=HK_2000_A304&Option=1,2026-09-04T13:30:32Z
HK_2000_A304,2005-03-19,482,3,69.0,69,https://racing.hkjc.com/en-us/local/information/otherhorse?horseid=HK_2000_A304&Option=1,2026-09-04T13:30:32Z
HK_2000_A304,2005-04-03,509,3,69.0,68,https://racing.hkjc.com/en-us/local/information/otherhorse?horseid=HK_2000_A304&Option=1,2026-09-04T13:30:32Z
HK_2000_A304,2005-04-24,559,3,68.0,67,https://racing.hkjc.com/en-us/local/information/otherhorse?horseid=HK_2000_A304&Option=1,2026-09-04T13:30:32Z
HK_2000_A304,2005-05-14,609,3,67.0,67,https://racing.hkjc.com/en-us/local/information/otherhorse?horseid=HK_2000_A304&Option=1,2026-09-04T13:30:32Z
HK_2000_A304,2005-06-01,646,3,67.0,65,https://racing.hkjc.com/en-us/local/information/otherhorse?horseid=HK_2000_A304&Option=1,2026-09-04T13:30:32Z
HK_2000_A304,2005-09-11,25,3,65.0,65,https://racing.hkjc.com/en-us/local/information/otherhorse?horseid=HK_2000_A304&Option=1,2026-09-04T13:30:32Z
HK_2000_A304,2005-10-02,71,3,65.0,64,https://racing.hkjc.com/en-us/local/information/otherhorse?horseid=HK_2000_A304&Option=1,2026-09-04T13:30:32Z
HK_2000_A304,2005-10-16,93,3,64.0,63,https://racing.hkjc.com/en-us/local/information/otherhorse?horseid=HK_2000_A304&Option=1,2026-09-04T13:30:32Z
HK_2000_A304,2005-11-05,152,3,63.0,66,https://racing.hkjc.com/en-us/local/information/otherhorse?horseid=HK_2000_A304&Option=1,2026-09-04T13:30:32Z
HK_2000_A304,2005-11-27,206,3,66.0,66,https://racing.hkjc.com/en-us/local/information/otherhorse?horseid=HK_2000_A304&Option=1,2026-09-04T13:30:32Z
HK_2000_A304,2006-01-01,285,3,66.0,66,https://racing.hkjc.com/en-us/local/information/otherhorse?horseid=HK_2000_A304&Option=1,2026-09-04T13:30:32Z
HK_2000_A304,2006-02-05,369,3,66.0,66,https://racing.hkjc.com/en-us/local/information/otherhorse?horseid=HK_2000_A304&Option=1,2026-09-04T13:30:32Z
HK_2000_A304,2006-02-26,423,3,66.0,64,https://racing.hkjc.com/en-us/local/information/otherhorse?horseid=HK_2000_A304&Option=1,2026-09-04T13:30:32Z
HK_2000_A304,2006-03-26,488,3,64.0,61,https://racing.hkjc.com/en-us/local/information/otherhorse?horseid=HK_2000_A304&Option=1,2026-09-04T13:30:32Z
HK_2000_A304,2006-04-23,550,3,61.0,58,https://racing.hkjc.com/en-us/local/information/otherhorse?horseid=HK_2000_A304&Option=1,2026-09-04T13:30:32Z
HK_2000_A304,2006-05-13,603,4,58.0,57,https://racing.hkjc.com/en-us/local/information/otherhorse?horseid=HK_2000_A304&Option=1,2026-09-04T13:30:32Z
HK_2000_A304,2006-07-02,699,4,57.0,49,https://racing.hkjc.com/en-us/local/information/otherhorse?horseid=HK_2000_A304&Option=1,2026-09-04T13:30:32Z
HK_2001_B054,2001-11-18,169,4,52,52,https://racing.hkjc.com/en-us/local/information/otherhorse?horseid=HK_2001_B054&Option=1,2026-09-04T13:27:09Z
HK_2001_B054,2001-12-23,250,4,52,50,https://racing.hkjc.com/en-us/local/information/otherhorse?horseid=HK_2001_B054&Option=1,2026-09-04T13:27:09Z
HK_2001_B054,2002-01-20,312,4,50,49,https://racing.hkjc.com/en-us/local/information/otherhorse?horseid=HK_2001_B054&Option=1,2026-09-04T13:27:09Z
HK_2001_B054,2002-02-17,374,4,49,49,https://racing.hkjc.com/en-us/local/information/otherhorse?horseid=HK_2001_B054&Option=1,2026-09-04T13:27:09Z
HK_2001_B054,2002-03-20,455,4,49,49,https://racing.hkjc.com/en-us/local/information/otherhorse?horseid=HK_2001_B054&Option=1,2026-09-04T13:27:09Z
HK_2001_B054,2002-03-24,462,4,49,57,https://racing.hkjc.com/en-us/local/information/otherhorse?horseid=HK_2001_B054&Option=1,2026-09-04T13:27:09Z
HK_2001_B054,2002-04-21,528,4,57,57,https://racing.hkjc.com/en-us/local/information/otherhorse?horseid=HK_2001_B054&Option=1,2026-09-04T13:27:09Z
HK_2001_B054,2002-05-19,600,4,57,53,https://racing.hkjc.com/en-us/local/information/otherhorse?horseid=HK_2001_B054&Option=1,2026-09-04T13:27:09Z
HK_2001_B054,2002-09-22,46,4,53,53,https://racing.hkjc.com/en-us/local/information/otherhorse?horseid=HK_2001_B054&Option=1,2026-09-04T13:27:09Z
HK_2001_B054,2002-10-12,92,4,53,54,https://racing.hkjc.com/en-us/local/information/otherhorse?horseid=HK_2001_B054&Option=1,2026-09-04T13:27:09Z
HK_2001_B054,2002-11-10,165,4,54,54,https://racing.hkjc.com/en-us/local/information/otherhorse?horseid=HK_2001_B054&Option=1,2026-09-04T13:27:09Z
HK_2001_B054,2002-12-21,270,4,54,57,https://racing.hkjc.com/en-us/local/information/otherhorse?horseid=HK_2001_B054&Option=1,2026-09-04T13:27:09Z
HK_2001_B054,2003-01-19,334,4,57,59,https://racing.hkjc.com/en-us/local/information/otherhorse?horseid=HK_2001_B054&Option=1,2026-09-04T13:27:09Z
HK_2001_B054,2003-02-08,375,4,59,59,https://racing.hkjc.com/en-us/local/information/otherhorse?horseid=HK_2001_B054&Option=1,2026-09-04T13:27:09Z
HK_2001_B054,2003-04-13,529,4,59,56,https://racing.hkjc.com/en-us/local/information/otherhorse?horseid=HK_2001_B054&Option=1,2026-09-04T13:27:09Z
HK_2001_B054,2003-10-11,101,4,56,62,https://racing.hkjc.com/en-us/local/information/otherhorse?horseid=HK_2001_B054&Option=1,2026-09-04T13:27:09Z
HK_2001_B054,2003-11-08,173,3,62,62,https://racing.hkjc.com/en-us/local/information/otherhorse?horseid=HK_2001_B054&Option=1,2026-09-04T13:27:09Z
HK_2001_B054,2003-11-30,223,3,62,62,https://racing.hkjc.com/en-us/local/information/otherhorse?horseid=HK_2001_B054&Option=1,2026-09-04T13:27:09Z
HK_2001_B054,2003-12-20,278,3,62,62,https://racing.hkjc.com/en-us/local/information/otherhorse?horseid=HK_2001_B054&Option=1,2026-09-04T13:27:09Z
HK_2001_B054,2004-01-04,308,3,62,62,https://racing.hkjc.com/en-us/local/information/otherhorse?horseid=HK_2001_B054&Option=1,2026-09-04T13:27:09Z
HK_2001_B054,2004-02-04,379,3,62,61,https://racing.hkjc.com/en-us/local/information/otherhorse?horseid=HK_2001_B054&Option=1,2026-09-04T13:27:09Z
HK_2001_B054,2004-03-03,438,3,61,59,https://racing.hkjc.com/en-us/local/information/otherhorse?horseid=HK_2001_B054&Option=1,2026-09-04T13:27:09Z
HK_2001_B054,2004-03-27,495,4,59,59,https://racing.hkjc.com/en-us/local/information/otherhorse?horseid=HK_2001_B054&Option=1,2026-09-04T13:27:09Z
HK_2001_B054,2004-05-12,593,4,59,59,https://racing.hkjc.com/en-us/local/information/otherhorse?horseid=HK_2001_B054&Option=1,2026-09-04T13:27:09Z
HK_2001_B054,2004-05-30,638,4,59,59,https://racing.hkjc.com/en-us/local/information/otherhorse?horseid=HK_2001_B054&Option=1,2026-09-04T13:27:09Z
HK_2001_B054,2004-06-20,691,4,59,56,https://racing.hkjc.com/en-us/local/information/otherhorse?horseid=HK_2001_B054&Option=1,2026-09-04T13:27:09Z
HK_2001_B054,2004-10-09,87,4,56,56,https://racing.hkjc.com/en-us/local/information/otherhorse?horseid=HK_2001_B054&Option=1,2026-09-04T13:27:09Z
HK_2001_B054,2004-11-21,187,4,56,54,https://racing.hkjc.com/en-us/local/information/otherhorse?horseid=HK_2001_B054&Option=1,2026-09-04T13:27:09Z
HK_2001_B054,2005-01-01,285,4,54,51,https://racing.hkjc.com/en-us/local/information/otherhorse?horseid=HK_2001_B054&Option=1,2026-09-04T13:27:09Z
HK_2001_B054,2005-01-12,313,4,51,50,https://racing.hkjc.com/en-us/local/information/otherhorse?horseid=HK_2001_B054&Option=1,2026-09-04T13:27:09Z
HK_2001_B054,2005-02-11,383,4,50,49,https://racing.hkjc.com/en-us/local/information/otherhorse?horseid=HK_2001_B054&Option=1,2026-09-04T13:27:09Z
HK_2001_B054,2005-03-05,442,4,49,49,https://racing.hkjc.com/en-us/local/information/otherhorse?horseid=HK_2001_B054&Option=1,2026-09-04T13:27:09Z
HK_2001_B054,2005-05-11,597,4,49,47,https://racing.hkjc.com/en-us/local/information/otherhorse?horseid=HK_2001_B054&Option=1,2026-09-04T13:27:09Z
HK_2001_B054,2005-06-22,686,4,47,44,https://racing.hkjc.com/en-us/local/information/otherhorse?horseid=HK_2001_B054&Option=1,2026-09-04T13:27:09Z
HK_2001_B054,2005-09-04,5,4,44,44,https://racing.hkjc.com/en-us/local/information/otherhorse?horseid=HK_2001_B054&Option=1,2026-09-04T13:27:09Z
HK_2001_B054,2005-10-26,119,4,44,50,https://racing.hkjc.com/en-us/local/information/otherhorse?horseid=HK_2001_B054&Option=1,2026-09-04T13:27:09Z
HK_2001_B054,2005-11-16,176,4,50,55,https://racing.hkjc.com/en-us/local/information/otherhorse?horseid=HK_2001_B054&Option=1,2026-09-04T13:27:09Z
HK_2001_B054,2005-12-07,230,4,55,55,https://racing.hkjc.com/en-us/local/information/otherhorse?horseid=HK_2001_B054&Option=1,2026-09-04T13:27:09Z
HK_2001_B054,2006-01-01,282,4,55,55,https://racing.hkjc.com/en-us/local/information/otherhorse?horseid=HK_2001_B054&Option=1,2026-09-04T13:27:09Z
HK_2001_B054,2006-01-15,316,4,55,55,https://racing.hkjc.com/en-us/local/information/otherhorse?horseid=HK_2001_B054&Option=1,2026-09-04T13:27:09Z
HK_2001_B054,2006-02-05,365,4,55,54,https://racing.hkjc.com/en-us/local/information/otherhorse?horseid=HK_2001_B054&Option=1,2026-09-04T13:27:09Z
HK_2001_B054,2006-03-15,457,4,54,52,https://racing.hkjc.com/en-us/local/information/otherhorse?horseid=HK_2001_B054&Option=1,2026-09-04T13:27:09Z
HK_2001_B054,2006-04-26,559,4,52,49,https://racing.hkjc.com/en-us/local/information/otherhorse?horseid=HK_2001_B054&Option=1,2026-09-04T13:27:09Z
HK_2001_B054,2006-11-01,125,4,49,49,https://racing.hkjc.com/en-us/local/information/otherhorse?horseid=HK_2001_B054&Option=1,2026-09-04T13:27:09Z
HK_2001_B054,2006-11-29,197,4,49,55,https://racing.hkjc.com/en-us/local/information/otherhorse?horseid=HK_2001_B054&Option=1,2026-09-04T13:27:09Z
HK_2001_B054,2007-01-17,316,4,55,55,https://racing.hkjc.com/en-us/local/information/otherhorse?horseid=HK_2001_B054&Option=1,2026-09-04T13:27:09Z
HK_2001_B090,2001-11-10,161,3,57,57,https://racing.hkjc.com/en-us/local/information/otherhorse?horseid=HK_2001_B090&Option=1,2026-09-04T13:28:27Z
HK_2001_B090,2001-12-16,237,3,57,55,https://racing.hkjc.com/en-us/local/information/otherhorse?horseid=HK_2001_B090&Option=1,2026-09-04T13:28:27Z
HK_2001_B090,2002-01-05,280,4,55,53,https://racing.hkjc.com/en-us/local/information/otherhorse?horseid=HK_2001_B090&Option=1,2026-09-04T13:28:27Z
HK_2001_B090,2002-03-30,476,4,53,52,https://racing.hkjc.com/en-us/local/information/otherhorse?horseid=HK_2001_B090&Option=1,2026-09-04T13:28:27Z
HK_2001_B090,2002-04-06,492,4,52,53,https://racing.hkjc.com/en-us/local/information/otherhorse?horseid=HK_2001_B090&Option=1,2026-09-04T13:28:27Z
HK_2001_B090,2002-04-17,522,4,53,53,https://racing.hkjc.com/en-us/local/information/otherhorse?horseid=HK_2001_B090&Option=1,2026-09-04T13:28:27Z
HK_2001_B090,2002-04-24,541,4,53,53,https://racing.hkjc.com/en-us/local/information/otherhorse?horseid=HK_2001_B090&Option=1,2026-09-04T13:28:27Z
HK_2001_B090,2002-05-11,587,4,53,52,https://racing.hkjc.com/en-us/local/information/otherhorse?horseid=HK_2001_B090&Option=1,2026-09-04T13:28:27Z
HK_2001_B090,2002-05-25,622,4,52,51,https://racing.hkjc.com/en-us/local/information/otherhorse?horseid=HK_2001_B090&Option=1,2026-09-04T13:28:27Z
HK_2001_B090,2002-06-09,654,3,51,48,https://racing.hkjc.com/en-us/local/information/otherhorse?horseid=HK_2001_B090&Option=1,2026-09-04T13:28:27Z
HK_2001_B090,2002-09-14,31,4,48,48,https://racing.hkjc.com/en-us/local/information/otherhorse?horseid=HK_2001_B090&Option=1,2026-09-04T13:28:27Z
HK_2001_B090,2002-09-25,54,4,48,53,https://racing.hkjc.com/en-us/local/information/otherhorse?horseid=HK_2001_B090&Option=1,2026-09-04T13:28:27Z
HK_2001_B090,2002-10-23,118,4,53,53,https://racing.hkjc.com/en-us/local/information/otherhorse?horseid=HK_2001_B090&Option=1,2026-09-04T13:28:27Z
HK_2001_B090,2002-11-02,150,3,53,52,https://racing.hkjc.com/en-us/local/information/otherhorse?horseid=HK_2001_B090&Option=1,2026-09-04T13:28:27Z
HK_2001_B090,2002-12-07,237,4,52,50,https://racing.hkjc.com/en-us/local/information/otherhorse?horseid=HK_2001_B090&Option=1,2026-09-04T13:28:27Z
HK_2001_B090,2003-05-04,576,4,50,53,https://racing.hkjc.com/en-us/local/information/otherhorse?horseid=HK_2001_B090&Option=1,2026-09-04T13:28:27Z
HK_2001_B090,2003-05-14,606,4,53,50,https://racing.hkjc.com/en-us/local/information/otherhorse?horseid=HK_2001_B090&Option=1,2026-09-04T13:28:27Z
HK_2001_B090,2003-09-13,32,4,50,50,https://racing.hkjc.com/en-us/local/information/otherhorse?horseid=HK_2001_B090&Option=1,2026-09-04T13:28:27Z
HK_2001_B090,2003-09-17,41,4,50,50,https://racing.hkjc.com/en-us/local/information/otherhorse?horseid=HK_2001_B090&Option=1,2026-09-04T13:28:27Z
HK_2001_B090,2003-09-24,59,4,50,50,https://racing.hkjc.com/en-us/local/information/otherhorse?horseid=HK_2001_B090&Option=1,2026-09-04T13:28:27Z
HK_2001_B090,2003-10-08,92,4,50,49,https://racing.hkjc.com/en-us/local/information/otherhorse?horseid=HK_2001_B090&Option=1,2026-09-04T13:28:27Z
HK_2001_B090,2003-10-22,123,4,49,48,https://racing.hkjc.com/en-us/local/information/otherhorse?horseid=HK_2001_B090&Option=1,2026-09-04T13:28:27Z
HK_2001_B090,2003-11-08,167,4,48,46,https://racing.hkjc.com/en-us/local/information/otherhorse?horseid=HK_2001_B090&Option=1,2026-09-04T13:28:27Z
HK_2001_B090,2003-11-19,196,4,46,46,https://racing.hkjc.com/en-us/local/information/otherhorse?horseid=HK_2001_B090&Option=1,2026-09-04T13:28:27Z
HK_2001_B090,2003-11-22,203,4,46,43,https://racing.hkjc.com/en-us/local/information/otherhorse?horseid=HK_2001_B090&Option=1,2026-09-04T13:28:27Z
HK_2001_B090,2004-01-07,312,4,43,42,https://racing.hkjc.com/en-us/local/information/otherhorse?horseid=HK_2001_B090&Option=1,2026-09-04T13:28:27Z
HK_2001_B090,2004-01-18,340,4,42,41,https://racing.hkjc.com/en-us/local/information/otherhorse?horseid=HK_2001_B090&Option=1,2026-09-04T13:28:27Z
HK_2001_B090,2004-02-01,368,4,41,40,https://racing.hkjc.com/en-us/local/information/otherhorse?horseid=HK_2001_B090&Option=1,2026-09-04T13:28:27Z
HK_2001_B090,2004-04-03,501,5,40,39,https://racing.hkjc.com/en-us/local/information/otherhorse?horseid=HK_2001_B090&Option=1,2026-09-04T13:28:27Z
HK_2001_B090,2004-04-14,523,4,39,38,https://racing.hkjc.com/en-us/local/information/otherhorse?horseid=HK_2001_B090&Option=1,2026-09-04T13:28:27Z
HK_2001_B090,2004-05-01,565,5,38,38,https://racing.hkjc.com/en-us/local/information/otherhorse?horseid=HK_2001_B090&Option=1,2026-09-04T13:28:27Z
HK_2001_B090,2004-05-08,585,4,38,42,https://racing.hkjc.com/en-us/local/information/otherhorse?horseid=HK_2001_B090&Option=1,2026-09-04T13:28:27Z
HK_2001_B090,2004-05-19,611,4,42,48,https://racing.hkjc.com/en-us/local/information/otherhorse?horseid=HK_2001_B090&Option=1,2026-09-04T13:28:27Z
HK_2001_B090,2004-05-30,638,4,48,47,https://racing.hkjc.com/en-us/local/information/otherhorse?horseid=HK_2001_B090&Option=1,2026-09-04T13:28:27Z
HK_2001_B090,2004-09-08,13,4,47,54,https://racing.hkjc.com/en-us/local/information/otherhorse?horseid=HK_2001_B090&Option=1,2026-09-04T13:28:27Z
HK_2001_B090,2004-09-19,37,4,54,61,https://racing.hkjc.com/en-us/local/information/otherhorse?horseid=HK_2001_B090&Option=1,2026-09-04T13:28:27Z
HK_2001_B090,2004-10-23,120,3,61,61,https://racing.hkjc.com/en-us/local/information/otherhorse?horseid=HK_2001_B090&Option=1,2026-09-04T13:28:27Z
HK_2001_B090,2004-10-30,137,3,61,61,https://racing.hkjc.com/en-us/local/information/otherhorse?horseid=HK_2001_B090&Option=1,2026-09-04T13:28:27Z
HK_2001_B090,2004-11-10,165,3,61,60,https://racing.hkjc.com/en-us/local/information/otherhorse?horseid=HK_2001_B090&Option=1,2026-09-04T13:28:27Z
HK_2001_B090,2004-12-01,218,3,60,60,https://racing.hkjc.com/en-us/local/information/otherhorse?horseid=HK_2001_B090&Option=1,2026-09-04T13:28:27Z
HK_2001_B090,2004-12-18,259,3,60,58,https://racing.hkjc.com/en-us/local/information/otherhorse?horseid=HK_2001_B090&Option=1,2026-09-04T13:28:27Z
HK_2001_B090,2005-01-19,331,3,58,59,https://racing.hkjc.com/en-us/local/information/otherhorse?horseid=HK_2001_B090&Option=1,2026-09-04T13:28:27Z
HK_2001_B090,2005-02-16,395,4,59,60,https://racing.hkjc.com/en-us/local/information/otherhorse?horseid=HK_2001_B090&Option=1,2026-09-04T13:28:27Z
HK_2001_B090,2005-03-02,433,4,60,62,https://racing.hkjc.com/en-us/local/information/otherhorse?horseid=HK_2001_B090&Option=1,2026-09-04T13:28:27Z
HK_2001_B090,2005-03-19,482,3,62,62,https://racing.hkjc.com/en-us/local/information/otherhorse?horseid=HK_2001_B090&Option=1,2026-09-04T13:28:27Z
HK_2001_B090,2005-05-14,608,3,62,62,https://racing.hkjc.com/en-us/local/information/otherhorse?horseid=HK_2001_B090&Option=1,2026-09-04T13:28:27Z
HK_2001_B090,2005-06-22,689,3,62,62,https://racing.hkjc.com/en-us/local/information/otherhorse?horseid=HK_2001_B090&Option=1,2026-09-04T13:28:27Z
HK_2001_B090,2005-09-11,24,3,62,62,https://racing.hkjc.com/en-us/local/information/otherhorse?horseid=HK_2001_B090&Option=1,2026-09-04T13:28:27Z
HK_2001_B090,2005-10-02,70,3,62,64,https://racing.hkjc.com/en-us/local/information/otherhorse?horseid=HK_2001_B090&Option=1,2026-09-04T13:28:27Z
HK_2001_B090,2005-10-09,82,3,64,64,https://racing.hkjc.com/en-us/local/information/otherhorse?horseid=HK_2001_B090&Option=1,2026-09-04T13:28:27Z
HK_2001_B090,2005-11-01,142,3,64,64,https://racing.hkjc.com/en-us/local/information/otherhorse?horseid=HK_2001_B090&Option=1,2026-09-04T13:28:27Z
HK_2001_B090,2005-11-20,189,3,64,62,https://racing.hkjc.com/en-us/local/information/otherhorse?horseid=HK_2001_B090&Option=1,2026-09-04T13:28:27Z
HK_2001_B090,2005-12-17,258,3,62,60,https://racing.hkjc.com/en-us/local/information/otherhorse?horseid=HK_2001_B090&Option=1,2026-09-04T13:28:27Z
HK_2001_B090,2006-01-01,283,3,60,58,https://racing.hkjc.com/en-us/local/information/otherhorse?horseid=HK_2001_B090&Option=1,2026-09-04T13:28:27Z
HK_2001_B090,2006-01-18,326,4,58,56,https://racing.hkjc.com/en-us/local/information/otherhorse?horseid=HK_2001_B090&Option=1,2026-09-04T13:28:27Z
HK_2001_B090,2006-02-05,364,4,56,54,https://racing.hkjc.com/en-us/local/information/otherhorse?horseid=HK_2001_B090&Option=1,2026-09-04T13:28:27Z
HK_2001_B090,2006-04-30,567,4,54,51,https://racing.hkjc.com/en-us/local/information/otherhorse?horseid=HK_2001_B090&Option=1,2026-09-04T13:28:27Z
HK_2001_B090,2006-05-10,590,4,51,45,https://racing.hkjc.com/en-us/local/information/otherhorse?horseid=HK_2001_B090&Option=1,2026-09-04T13:28:27Z
HK_2001_B090,2006-09-20,23,4,45,45,https://racing.hkjc.com/en-us/local/information/otherhorse?horseid=HK_2001_B090&Option=1,2026-09-04T13:28:27Z
HK_2001_B090,2006-10-04,61,4,45,51,https://racing.hkjc.com/en-us/local/information/otherhorse?horseid=HK_2001_B090&Option=1,2026-09-04T13:28:27Z
HK_2001_B090,2006-10-25,108,4,51,52,https://racing.hkjc.com/en-us/local/information/otherhorse?horseid=HK_2001_B090&Option=1,2026-09-04T13:28:27Z
HK_2001_B090,2006-11-22,177,4,52,52,https://racing.hkjc.com/en-us/local/information/otherhorse?horseid=HK_2001_B090&Option=1,2026-09-04T13:28:27Z
HK_2001_B090,2006-12-20,247,4,52,52,https://racing.hkjc.com/en-us/local/information/otherhorse?horseid=HK_2001_B090&Option=1,2026-09-04T13:28:27Z
HK_2001_B090,2007-01-07,289,4,52,51,https://racing.hkjc.com/en-us/local/information/otherhorse?horseid=HK_2001_B090&Option=1,2026-09-04T13:28:27Z
HK_2001_B090,2007-01-17,316,4,51,54,https://racing.hkjc.com/en-us/local/information/otherhorse?horseid=HK_2001_B090&Option=1,2026-09-04T13:28:27Z
HK_2001_B090,2007-03-07,433,4,54,54,https://racing.hkjc.com/en-us/local/information/otherhorse?horseid=HK_2001_B090&Option=1,2026-09-04T13:28:27Z
HK_2001_B090,2007-04-04,501,4,54,53,https://racing.hkjc.com/en-us/local/information/otherhorse?horseid=HK_2001_B090&Option=1,2026-09-04T13:28:27Z
HK_2001_B090,2007-04-25,547,4,53,52,https://racing.hkjc.com/en-us/local/information/otherhorse?horseid=HK_2001_B090&Option=1,2026-09-04T13:28:27Z
HK_2001_B090,2007-06-13,680,4,52,51,https://racing.hkjc.com/en-us/local/information/otherhorse?horseid=HK_2001_B090&Option=1,2026-09-04T13:28:27Z
HK_2001_B090,2007-06-27,712,4,51,52,https://racing.hkjc.com/en-us/local/information/otherhorse?horseid=HK_2001_B090&Option=1,2026-09-04T13:28:27Z
HK_2001_B090,2007-09-12,12,4,52,52,https://racing.hkjc.com/en-us/local/information/otherhorse?horseid=HK_2001_B090&Option=1,2026-09-04T13:28:27Z
HK_2001_B090,2007-10-24,110,4,52,50,https://racing.hkjc.com/en-us/local/information/otherhorse?horseid=HK_2001_B090&Option=1,2026-09-04T13:28:27Z
HK_2001_B090,2007-11-03,137,4,50,48,https://racing.hkjc.com/en-us/local/information/otherhorse?horseid=HK_2001_B090&Option=1,2026-09-04T13:28:27Z
HK_2001_B090,2007-11-17,173,4,48,47,https://racing.hkjc.com/en-us/local/information/otherhorse?horseid=HK_2001_B090&Option=1,2026-09-04T13:28:27Z
HK_2001_B090,2007-12-12,236,4,47,45,https://racing.hkjc.com/en-us/local/information/otherhorse?horseid=HK_2001_B090&Option=1,2026-09-04T13:28:27Z
HK_2001_B090,2007-12-23,263,4,45,43,https://racing.hkjc.com/en-us/local/information/otherhorse?horseid=HK_2001_B090&Option=1,2026-09-04T13:28:27Z
HK_2001_B090,2008-01-01,281,4,43,40,https://racing.hkjc.com/en-us/local/information/otherhorse?horseid=HK_2001_B090&Option=1,2026-09-04T13:28:27Z
HK_2001_B090,2008-01-12,310,4,40,38,https://racing.hkjc.com/en-us/local/information/otherhorse?horseid=HK_2001_B090&Option=1,2026-09-04T13:28:27Z
HK_2001_B090,2008-03-16,464,5,38,35,https://racing.hkjc.com/en-us/local/information/otherhorse?horseid=HK_2001_B090&Option=1,2026-09-04T13:28:27Z
HK_2001_B090,2008-03-30,494,5,35,35,https://racing.hkjc.com/en-us/local/information/otherhorse?horseid=HK_2001_B090&Option=1,2026-09-04T13:28:27Z
HK_2001_B150,2002-09-07,23,3,57,55,https://racing.hkjc.com/en-us/local/information/otherhorse?horseid=HK_2001_B150&Option=1,2026-09-04T13:24:29Z
HK_2001_B150,2002-10-20,115,3,55,53,https://racing.hkjc.com/en-us/local/information/otherhorse?horseid=HK_2001_B150&Option=1,2026-09-04T13:24:29Z
HK_2001_B150,2002-10-30,140,3,53,49,https://racing.hkjc.com/en-us/local/information/otherhorse?horseid=HK_2001_B150&Option=1,2026-09-04T13:24:29Z
HK_2001_B150,2002-11-16,183,3,49,45,https://racing.hkjc.com/en-us/local/information/otherhorse?horseid=HK_2001_B150&Option=1,2026-09-04T13:24:29Z
HK_2001_B150,2002-12-04,229,4,45,43,https://racing.hkjc.com/en-us/local/information/otherhorse?horseid=HK_2001_B150&Option=1,2026-09-04T13:24:29Z
HK_2001_B150,2003-01-01,287,4,43,40,https://racing.hkjc.com/en-us/local/information/otherhorse?horseid=HK_2001_B150&Option=1,2026-09-04T13:24:29Z
HK_2001_B150,2003-02-08,375,4,40,39,https://racing.hkjc.com/en-us/local/information/otherhorse?horseid=HK_2001_B150&Option=1,2026-09-04T13:24:29Z
HK_2001_B150,2003-03-09,436,5,39,41,https://racing.hkjc.com/en-us/local/information/otherhorse?horseid=HK_2001_B150&Option=1,2026-09-04T13:24:29Z
HK_2001_B150,2003-03-26,484,4,41,45,https://racing.hkjc.com/en-us/local/information/otherhorse?horseid=HK_2001_B150&Option=1,2026-09-04T13:24:29Z
HK_2001_B150,2003-05-10,596,4,45,45,https://racing.hkjc.com/en-us/local/information/otherhorse?horseid=HK_2001_B150&Option=1,2026-09-04T13:24:29Z
HK_2001_B150,2003-05-28,641,4,45,52,https://racing.hkjc.com/en-us/local/information/otherhorse?horseid=HK_2001_B150&Option=1,2026-09-04T13:24:29Z
HK_2001_B150,2003-06-18,696,4,52,51,https://racing.hkjc.com/en-us/local/information/otherhorse?horseid=HK_2001_B150&Option=1,2026-09-04T13:24:29Z
HK_2001_B150,2003-09-27,64,4,51,51,https://racing.hkjc.com/en-us/local/information/otherhorse?horseid=HK_2001_B150&Option=1,2026-09-04T13:24:29Z
HK_2001_B150,2003-10-25,129,4,51,49,https://racing.hkjc.com/en-us/local/information/otherhorse?horseid=HK_2001_B150&Option=1,2026-09-04T13:24:29Z
HK_2001_B150,2003-11-08,168,4,49,47,https://racing.hkjc.com/en-us/local/information/otherhorse?horseid=HK_2001_B150&Option=1,2026-09-04T13:24:29Z
HK_2001_B150,2003-11-19,194,4,47,44,https://racing.hkjc.com/en-us/local/information/otherhorse?horseid=HK_2001_B150&Option=1,2026-09-04T13:24:29Z
HK_2001_B150,2004-01-18,339,4,44,40,https://racing.hkjc.com/en-us/local/information/otherhorse?horseid=HK_2001_B150&Option=1,2026-09-04T13:24:29Z
HK_2001_B150,2004-02-18,410,4,40,40,https://racing.hkjc.com/en-us/local/information/otherhorse?horseid=HK_2001_B150&Option=1,2026-09-04T13:24:29Z
HK_2001_B150,2004-03-03,435,5,40,40,https://racing.hkjc.com/en-us/local/information/otherhorse?horseid=HK_2001_B150&Option=1,2026-09-04T13:24:29Z
HK_2001_B150,2004-03-27,493,5,40,48,https://racing.hkjc.com/en-us/local/information/otherhorse?horseid=HK_2001_B150&Option=1,2026-09-04T13:24:29Z
HK_2001_B150,2004-04-11,516,4,48,48,https://racing.hkjc.com/en-us/local/information/otherhorse?horseid=HK_2001_B150&Option=1,2026-09-04T13:24:29Z
HK_2001_B150,2004-05-12,594,4,48,50,https://racing.hkjc.com/en-us/local/information/otherhorse?horseid=HK_2001_B150&Option=1,2026-09-04T13:24:29Z
HK_2001_B150,2004-05-26,630,4,50,50,https://racing.hkjc.com/en-us/local/information/otherhorse?horseid=HK_2001_B150&Option=1,2026-09-04T13:24:29Z
HK_2001_B150,2004-06-09,665,4,50,47,https://racing.hkjc.com/en-us/local/information/otherhorse?horseid=HK_2001_B150&Option=1,2026-09-04T13:24:29Z
HK_2001_B150,2004-10-03,70,4,47,47,https://racing.hkjc.com/en-us/local/information/otherhorse?horseid=HK_2001_B150&Option=1,2026-09-04T13:24:29Z
HK_2001_B150,2004-11-02,143,4,47,49,https://racing.hkjc.com/en-us/local/information/otherhorse?horseid=HK_2001_B150&Option=1,2026-09-04T13:24:29Z
HK_2001_B150,2004-11-24,197,4,49,48,https://racing.hkjc.com/en-us/local/information/otherhorse?horseid=HK_2001_B150&Option=1,2026-09-04T13:24:29Z
HK_2001_B150,2004-12-22,266,4,48,46,https://racing.hkjc.com/en-us/local/information/otherhorse?horseid=HK_2001_B150&Option=1,2026-09-04T13:24:29Z
HK_2001_B150,2005-01-19,332,4,46,44,https://racing.hkjc.com/en-us/local/information/otherhorse?horseid=HK_2001_B150&Option=1,2026-09-04T13:24:29Z
HK_2001_B150,2005-02-02,367,4,44,48,https://racing.hkjc.com/en-us/local/information/otherhorse?horseid=HK_2001_B150&Option=1,2026-09-04T13:24:29Z
HK_2001_B150,2005-02-23,415,4,48,48,https://racing.hkjc.com/en-us/local/information/otherhorse?horseid=HK_2001_B150&Option=1,2026-09-04T13:24:29Z
HK_2001_B150,2005-03-09,450,4,48,48,https://racing.hkjc.com/en-us/local/information/otherhorse?horseid=HK_2001_B150&Option=1,2026-09-04T13:24:29Z
HK_2001_B150,2005-03-23,487,4,48,47,https://racing.hkjc.com/en-us/local/information/otherhorse?horseid=HK_2001_B150&Option=1,2026-09-04T13:24:29Z
HK_2001_B150,2005-04-13,534,4,47,46,https://racing.hkjc.com/en-us/local/information/otherhorse?horseid=HK_2001_B150&Option=1,2026-09-04T13:24:29Z
HK_2001_B150,2005-05-01,570,4,46,44,https://racing.hkjc.com/en-us/local/information/otherhorse?horseid=HK_2001_B150&Option=1,2026-09-04T13:24:29Z
HK_2001_B150,2005-06-05,651,4,44,40,https://racing.hkjc.com/en-us/local/information/otherhorse?horseid=HK_2001_B150&Option=1,2026-09-04T13:24:29Z
HK_2001_B150,2005-09-17,37,5,40,40,https://racing.hkjc.com/en-us/local/information/otherhorse?horseid=HK_2001_B150&Option=1,2026-09-04T13:24:29Z
HK_2001_B150,2005-10-30,127,5,40,38,https://racing.hkjc.com/en-us/local/information/otherhorse?horseid=HK_2001_B150&Option=1,2026-09-04T13:24:29Z
HK_2001_B150,2005-11-23,191,5,38,36,https://racing.hkjc.com/en-us/local/information/otherhorse?horseid=HK_2001_B150&Option=1,2026-09-04T13:24:29Z
HK_2001_B150,2005-12-07,226,5,36,34,https://racing.hkjc.com/en-us/local/information/otherhorse?horseid=HK_2001_B150&Option=1,2026-09-04T13:24:29Z
HK_2001_B150,2006-01-01,280,5,34,32,https://racing.hkjc.com/en-us/local/information/otherhorse?horseid=HK_2001_B150&Option=1,2026-09-04T13:24:29Z
HK_2001_B150,2006-03-12,444,5,32,29,https://racing.hkjc.com/en-us/local/information/otherhorse?horseid=HK_2001_B150&Option=1,2026-09-04T13:24:29Z
HK_2001_B150,2006-04-30,563,5,29,27,https://racing.hkjc.com/en-us/local/information/otherhorse?horseid=HK_2001_B150&Option=1,2026-09-04T13:24:29Z
HK_2001_B150,2006-06-25,682,5,27,25,https://racing.hkjc.com/en-us/local/information/otherhorse?horseid=HK_2001_B150&Option=1,2026-09-04T13:24:29Z
HK_2001_B218,2002-03-30,474,GRIFFIN,,,https://racing.hkjc.com/en-us/local/information/otherhorse?horseid=HK_2001_B218&Option=1,2026-09-04T13:27:18Z
HK_2001_B218,2002-05-05,564,GRIFFIN,,,https://racing.hkjc.com/en-us/local/information/otherhorse?horseid=HK_2001_B218&Option=1,2026-09-04T13:27:18Z
HK_2001_B218,2002-05-11,582,GRIFFIN,,45.0,https://racing.hkjc.com/en-us/local/information/otherhorse?horseid=HK_2001_B218&Option=1,2026-09-04T13:27:18Z
HK_2001_B218,2002-11-30,217,4,45.0,45.0,https://racing.hkjc.com/en-us/local/information/otherhorse?horseid=HK_2001_B218&Option=1,2026-09-04T13:27:18Z
HK_2001_B218,2003-01-01,287,4,45.0,43.0,https://racing.hkjc.com/en-us/local/information/otherhorse?horseid=HK_2001_B218&Option=1,2026-09-04T13:27:18Z
HK_2001_B218,2003-03-29,492,4,43.0,56.0,https://racing.hkjc.com/en-us/local/information/otherhorse?horseid=HK_2001_B218&Option=1,2026-09-04T13:27:18Z
HK_2001_B218,2003-05-01,570,3,56.0,61.0,https://racing.hkjc.com/en-us/local/information/otherhorse?horseid=HK_2001_B218&Option=1,2026-09-04T13:27:18Z
HK_2001_B218,2003-09-06,15,3,61.0,61.0,https://racing.hkjc.com/en-us/local/information/otherhorse?horseid=HK_2001_B218&Option=1,2026-09-04T13:27:18Z
HK_2001_B218,2003-10-01,77,3,61.0,60.0,https://racing.hkjc.com/en-us/local/information/otherhorse?horseid=HK_2001_B218&Option=1,2026-09-04T13:27:18Z
HK_2001_B218,2003-10-11,105,3,60.0,58.0,https://racing.hkjc.com/en-us/local/information/otherhorse?horseid=HK_2001_B218&Option=1,2026-09-04T13:27:18Z
HK_2001_B218,2004-02-22,419,4,58.0,55.0,https://racing.hkjc.com/en-us/local/information/otherhorse?horseid=HK_2001_B218&Option=1,2026-09-04T13:27:18Z
HK_2001_B218,2004-03-27,495,4,55.0,53.0,https://racing.hkjc.com/en-us/local/information/otherhorse?horseid=HK_2001_B218&Option=1,2026-09-04T13:27:18Z
HK_2001_B218,2004-05-16,602,4,53.0,53.0,https://racing.hkjc.com/en-us/local/information/otherhorse?horseid=HK_2001_B218&Option=1,2026-09-04T13:27:18Z
HK_2001_B218,2004-06-06,657,4,53.0,51.0,https://racing.hkjc.com/en-us/local/information/otherhorse?horseid=HK_2001_B218&Option=1,2026-09-04T13:27:18Z
HK_2001_B218,2004-09-25,49,4,51.0,51.0,https://racing.hkjc.com/en-us/local/information/otherhorse?horseid=HK_2001_B218&Option=1,2026-09-04T13:27:18Z
HK_2001_B218,2004-10-03,67,4,51.0,49.0,https://racing.hkjc.com/en-us/local/information/otherhorse?horseid=HK_2001_B218&Option=1,2026-09-04T13:27:18Z
HK_2001_B218,2004-10-20,104,4,49.0,49.0,https://racing.hkjc.com/en-us/local/information/otherhorse?horseid=HK_2001_B218&Option=1,2026-09-04T13:27:18Z
HK_2001_B218,2004-11-02,144,4,49.0,49.0,https://racing.hkjc.com/en-us/local/information/otherhorse?horseid=HK_2001_B218&Option=1,2026-09-04T13:27:18Z
HK_2001_B218,2004-12-01,216,4,49.0,47.0,https://racing.hkjc.com/en-us/local/information/otherhorse?horseid=HK_2001_B218&Option=1,2026-09-04T13:27:18Z
HK_2001_B218,2005-01-16,323,4,47.0,45.0,https://racing.hkjc.com/en-us/local/information/otherhorse?horseid=HK_2001_B218&Option=1,2026-09-04T13:27:18Z
HK_2001_B218,2005-02-11,384,4,45.0,46.0,https://racing.hkjc.com/en-us/local/information/otherhorse?horseid=HK_2001_B218&Option=1,2026-09-04T13:27:18Z
HK_2001_B218,2005-02-20,404,4,46.0,46.0,https://racing.hkjc.com/en-us/local/information/otherhorse?horseid=HK_2001_B218&Option=1,2026-09-04T13:27:18Z
HK_2001_B218,2005-03-19,476,4,46.0,44.0,https://racing.hkjc.com/en-us/local/information/otherhorse?horseid=HK_2001_B218&Option=1,2026-09-04T13:27:18Z
HK_2001_B218,2005-04-09,522,4,44.0,43.0,https://racing.hkjc.com/en-us/local/information/otherhorse?horseid=HK_2001_B218&Option=1,2026-09-04T13:27:18Z
HK_2001_B218,2005-05-01,570,4,43.0,41.0,https://racing.hkjc.com/en-us/local/information/otherhorse?horseid=HK_2001_B218&Option=1,2026-09-04T13:27:18Z
HK_2001_B218,2005-05-14,603,4,41.0,39.0,https://racing.hkjc.com/en-us/local/information/otherhorse?horseid=HK_2001_B218&Option=1,2026-09-04T13:27:18Z
HK_2001_B218,2005-05-21,620,5,39.0,40.0,https://racing.hkjc.com/en-us/local/information/otherhorse?horseid=HK_2001_B218&Option=1,2026-09-04T13:27:18Z
HK_2001_B218,2005-06-01,639,5,40.0,40.0,https://racing.hkjc.com/en-us/local/information/otherhorse?horseid=HK_2001_B218&Option=1,2026-09-04T13:27:18Z
HK_2001_B218,2005-09-17,37,5,40.0,45.0,https://racing.hkjc.com/en-us/local/information/otherhorse?horseid=HK_2001_B218&Option=1,2026-09-04T13:27:18Z
HK_2001_B218,2005-11-05,149,4,45.0,45.0,https://racing.hkjc.com/en-us/local/information/otherhorse?horseid=HK_2001_B218&Option=1,2026-09-04T13:27:18Z
HK_2001_B218,2005-11-27,201,4,45.0,45.0,https://racing.hkjc.com/en-us/local/information/otherhorse?horseid=HK_2001_B218&Option=1,2026-09-04T13:27:18Z
HK_2001_B218,2006-01-01,282,4,45.0,45.0,https://racing.hkjc.com/en-us/local/information/otherhorse?horseid=HK_2001_B218&Option=1,2026-09-04T13:27:18Z
HK_2001_B218,2006-01-15,316,4,45.0,44.0,https://racing.hkjc.com/en-us/local/information/otherhorse?horseid=HK_2001_B218&Option=1,2026-09-04T13:27:18Z
HK_2001_B218,2006-02-11,382,4,44.0,42.0,https://racing.hkjc.com/en-us/local/information/otherhorse?horseid=HK_2001_B218&Option=1,2026-09-04T13:27:18Z
HK_2001_B218,2006-03-01,428,4,42.0,40.0,https://racing.hkjc.com/en-us/local/information/otherhorse?horseid=HK_2001_B218&Option=1,2026-09-04T13:27:18Z
HK_2001_B218,2006-04-01,501,5,40.0,42.0,https://racing.hkjc.com/en-us/local/information/otherhorse?horseid=HK_2001_B218&Option=1,2026-09-04T13:27:18Z
HK_2001_B218,2006-04-19,540,4,42.0,42.0,https://racing.hkjc.com/en-us/local/information/otherhorse?horseid=HK_2001_B218&Option=1,2026-09-04T13:27:18Z
HK_2001_B218,2006-05-07,585,4,42.0,41.0,https://racing.hkjc.com/en-us/local/information/otherhorse?horseid=HK_2001_B218&Option=1,2026-09-04T13:27:18Z
HK_2001_B218,2006-05-28,634,4,41.0,40.0,https://racing.hkjc.com/en-us/local/information/otherhorse?horseid=HK_2001_B218&Option=1,2026-09-04T13:27:18Z
HK_2001_B218,2006-06-25,682,5,40.0,38.0,https://racing.hkjc.com/en-us/local/information/otherhorse?horseid=HK_2001_B218&Option=1,2026-09-04T13:27:18Z
HK_2001_B218,2006-09-16,12,5,38.0,38.0,https://racing.hkjc.com/en-us/local/information/otherhorse?horseid=HK_2001_B218&Option=1,2026-09-04T13:27:18Z
HK_2001_B218,2006-11-19,166,5,38.0,38.0,https://racing.hkjc.com/en-us/local/information/otherhorse?horseid=HK_2001_B218&Option=1,2026-09-04T13:27:18Z
HK_2001_B218,2006-12-26,266,5,38.0,38.0,https://racing.hkjc.com/en-us/local/information/otherhorse?horseid=HK_2001_B218&Option=1,2026-09-04T13:27:18Z
HK_2001_B218,2007-01-14,303,5,38.0,36.0,https://racing.hkjc.com/en-us/local/information/otherhorse?horseid=HK_2001_B218&Option=1,2026-09-04T13:27:18Z
HK_2001_B218,2007-02-04,357,5,36.0,34.0,https://racing.hkjc.com/en-us/local/information/otherhorse?horseid=HK_2001_B218&Option=1,2026-09-04T13:27:18Z
HK_2001_B218,2007-04-14,517,5,34.0,40.0,https://racing.hkjc.com/en-us/local/information/otherhorse?horseid=HK_2001_B218&Option=1,2026-09-04T13:27:18Z
HK_2001_B218,2007-05-24,620,5,40.0,40.0,https://racing.hkjc.com/en-us/local/information/otherhorse?horseid=HK_2001_B218&Option=1,2026-09-04T13:27:18Z
HK_2001_B218,2007-06-06,660,5,40.0,40.0,https://racing.hkjc.com/en-us/local/information/otherhorse?horseid=HK_2001_B218&Option=1,2026-09-04T13:27:18Z
HK_2001_B218,2007-06-17,690,5,40.0,40.0,https://racing.hkjc.com/en-us/local/information/otherhorse?horseid=HK_2001_B218&Option=1,2026-09-04T13:27:18Z
HK_2001_B218,2007-06-24,701,5,40.0,42.0,https://racing.hkjc.com/en-us/local/information/otherhorse?horseid=HK_2001_B218&Option=1,2026-09-04T13:27:18Z
HK_2001_B252,2002-02-02,344,GRIFFIN,,,https://racing.hkjc.com/en-us/local/information/otherhorse?horseid=HK_2001_B252&Option=1,2026-09-04T13:28:39Z
HK_2001_B252,2002-03-02,406,GRIFFIN,,,https://racing.hkjc.com/en-us/local/information/otherhorse?horseid=HK_2001_B252&Option=1,2026-09-04T13:28:39Z
HK_2001_B252,2002-03-24,458,GRIFFIN,,,https://racing.hkjc.com/en-us/local/information/otherhorse?horseid=HK_2001_B252&Option=1,2026-09-04T13:28:39Z
HK_2001_B252,2002-05-11,582,GRIFFIN,,48.0,https://racing.hkjc.com/en-us/local/information/otherhorse?horseid=HK_2001_B252&Option=1,2026-09-04T13:28:39Z
HK_2001_B252,2002-09-07,18,4,48.0,48.0,https://racing.hkjc.com/en-us/local/information/otherhorse?horseid=HK_2001_B252&Option=1,2026-09-04T13:28:39Z
HK_2001_B252,2002-09-22,49,4,48.0,47.0,https://racing.hkjc.com/en-us/local/information/otherhorse?horseid=HK_2001_B252&Option=1,2026-09-04T13:28:39Z
HK_2001_B252,2002-10-06,74,4,47.0,46.0,https://racing.hkjc.com/en-us/local/information/otherhorse?horseid=HK_2001_B252&Option=1,2026-09-04T13:28:39Z
HK_2001_B252,2002-11-10,162,4,46.0,45.0,https://racing.hkjc.com/en-us/local/information/otherhorse?horseid=HK_2001_B252&Option=1,2026-09-04T13:28:39Z
HK_2001_B252,2002-11-30,217,4,45.0,48.0,https://racing.hkjc.com/en-us/local/information/otherhorse?horseid=HK_2001_B252&Option=1,2026-09-04T13:28:39Z
HK_2001_B252,2002-12-26,282,4,48.0,54.0,https://racing.hkjc.com/en-us/local/information/otherhorse?horseid=HK_2001_B252&Option=1,2026-09-04T13:28:39Z
HK_2001_B252,2003-01-11,321,4,54.0,54.0,https://racing.hkjc.com/en-us/local/information/otherhorse?horseid=HK_2001_B252&Option=1,2026-09-04T13:28:39Z
HK_2001_B252,2003-02-03,362,4,54.0,57.0,https://racing.hkjc.com/en-us/local/information/otherhorse?horseid=HK_2001_B252&Option=1,2026-09-04T13:28:39Z
HK_2001_B252,2003-03-09,437,4,57.0,66.0,https://racing.hkjc.com/en-us/local/information/otherhorse?horseid=HK_2001_B252&Option=1,2026-09-04T13:28:39Z
HK_2001_B252,2003-04-13,530,3,66.0,67.0,https://racing.hkjc.com/en-us/local/information/otherhorse?horseid=HK_2001_B252&Option=1,2026-09-04T13:28:39Z
HK_2001_B252,2003-05-04,580,3,67.0,67.0,https://racing.hkjc.com/en-us/local/information/otherhorse?horseid=HK_2001_B252&Option=1,2026-09-04T13:28:39Z
HK_2001_B252,2003-05-24,633,3,67.0,69.0,https://racing.hkjc.com/en-us/local/information/otherhorse?horseid=HK_2001_B252&Option=1,2026-09-04T13:28:39Z
HK_2001_B252,2003-06-22,706,3,69.0,66.0,https://racing.hkjc.com/en-us/local/information/otherhorse?horseid=HK_2001_B252&Option=1,2026-09-04T13:28:39Z
HK_2001_B252,2003-09-21,53,3,66.0,66.0,https://racing.hkjc.com/en-us/local/information/otherhorse?horseid=HK_2001_B252&Option=1,2026-09-04T13:28:39Z
HK_2001_B252,2003-10-05,87,3,66.0,68.0,https://racing.hkjc.com/en-us/local/information/otherhorse?horseid=HK_2001_B252&Option=1,2026-09-04T13:28:39Z
HK_2001_B252,2003-11-08,173,3,68.0,67.0,https://racing.hkjc.com/en-us/local/information/otherhorse?horseid=HK_2001_B252&Option=1,2026-09-04T13:28:39Z
HK_2001_B252,2003-11-22,204,3,67.0,66.0,https://racing.hkjc.com/en-us/local/information/otherhorse?horseid=HK_2001_B252&Option=1,2026-09-04T13:28:39Z
HK_2001_B252,2003-11-30,227,3,66.0,71.0,https://racing.hkjc.com/en-us/local/information/otherhorse?horseid=HK_2001_B252&Option=1,2026-09-04T13:28:39Z
HK_2001_B252,2004-01-04,308,3,71.0,71.0,https://racing.hkjc.com/en-us/local/information/otherhorse?horseid=HK_2001_B252&Option=1,2026-09-04T13:28:39Z
HK_2001_B252,2004-01-18,345,3,71.0,70.0,https://racing.hkjc.com/en-us/local/information/otherhorse?horseid=HK_2001_B252&Option=1,2026-09-04T13:28:39Z
HK_2001_B252,2004-03-24,491,3,70.0,73.0,https://racing.hkjc.com/en-us/local/information/otherhorse?horseid=HK_2001_B252&Option=1,2026-09-04T13:28:39Z
HK_2001_B252,2004-04-25,550,3,73.0,73.0,https://racing.hkjc.com/en-us/local/information/otherhorse?horseid=HK_2001_B252&Option=1,2026-09-04T13:28:39Z
HK_2001_B252,2004-05-22,624,3,73.0,70.0,https://racing.hkjc.com/en-us/local/information/otherhorse?horseid=HK_2001_B252&Option=1,2026-09-04T13:28:39Z
HK_2001_B252,2004-09-05,9,3,70.0,70.0,https://racing.hkjc.com/en-us/local/information/otherhorse?horseid=HK_2001_B252&Option=1,2026-09-04T13:28:39Z
HK_2001_B252,2004-09-25,50,3,70.0,71.0,https://racing.hkjc.com/en-us/local/information/otherhorse?horseid=HK_2001_B252&Option=1,2026-09-04T13:28:39Z
HK_2001_B252,2004-10-23,121,3,71.0,71.0,https://racing.hkjc.com/en-us/local/information/otherhorse?horseid=HK_2001_B252&Option=1,2026-09-04T13:28:39Z
HK_2001_B252,2004-11-14,173,3,71.0,71.0,https://racing.hkjc.com/en-us/local/information/otherhorse?horseid=HK_2001_B252&Option=1,2026-09-04T13:28:39Z
HK_2001_B252,2004-11-28,205,3,71.0,71.0,https://racing.hkjc.com/en-us/local/information/otherhorse?horseid=HK_2001_B252&Option=1,2026-09-04T13:28:39Z
HK_2001_B252,2005-01-08,305,3,71.0,72.0,https://racing.hkjc.com/en-us/local/information/otherhorse?horseid=HK_2001_B252&Option=1,2026-09-04T13:28:39Z
HK_2001_B252,2005-01-23,345,3,72.0,72.0,https://racing.hkjc.com/en-us/local/information/otherhorse?horseid=HK_2001_B252&Option=1,2026-09-04T13:28:39Z
HK_2001_B252,2005-02-20,408,3,72.0,71.0,https://racing.hkjc.com/en-us/local/information/otherhorse?horseid=HK_2001_B252&Option=1,2026-09-04T13:28:39Z
HK_2001_B252,2005-04-24,559,3,71.0,70.0,https://racing.hkjc.com/en-us/local/information/otherhorse?horseid=HK_2001_B252&Option=1,2026-09-04T13:28:39Z
HK_2001_B252,2005-05-14,607,3,70.0,69.0,https://racing.hkjc.com/en-us/local/information/otherhorse?horseid=HK_2001_B252&Option=1,2026-09-04T13:28:39Z
HK_2001_B252,2005-06-18,682,3,69.0,67.0,https://racing.hkjc.com/en-us/local/information/otherhorse?horseid=HK_2001_B252&Option=1,2026-09-04T13:28:39Z
HK_2001_B252,2005-12-11,234,3,67.0,68.0,https://racing.hkjc.com/en-us/local/information/otherhorse?horseid=HK_2001_B252&Option=1,2026-09-04T13:28:39Z
HK_2001_B252,2006-01-01,283,3,68.0,68.0,https://racing.hkjc.com/en-us/local/information/otherhorse?horseid=HK_2001_B252&Option=1,2026-09-04T13:28:39Z
HK_2001_B252,2006-01-31,352,3,68.0,68.0,https://racing.hkjc.com/en-us/local/information/otherhorse?horseid=HK_2001_B252&Option=1,2026-09-04T13:28:39Z
HK_2001_B252,2006-02-11,387,3,68.0,68.0,https://racing.hkjc.com/en-us/local/information/otherhorse?horseid=HK_2001_B252&Option=1,2026-09-04T13:28:39Z
HK_2001_B252,2006-03-12,451,3,68.0,68.0,https://racing.hkjc.com/en-us/local/information/otherhorse?horseid=HK_2001_B252&Option=1,2026-09-04T13:28:39Z
HK_2001_B252,2006-03-15,460,3,68.0,70.0,https://racing.hkjc.com/en-us/local/information/otherhorse?horseid=HK_2001_B252&Option=1,2026-09-04T13:28:39Z
HK_2001_B252,2006-06-17,677,3,70.0,77.0,https://racing.hkjc.com/en-us/local/information/otherhorse?horseid=HK_2001_B252&Option=1,2026-09-04T13:28:39Z
HK_2001_B281,2002-04-27,544,GRIFFIN,,,https://racing.hkjc.com/en-us/local/information/otherhorse?horseid=HK_2001_B281&Option=1,2026-09-04T13:32:49Z
HK_2001_B281,2002-05-25,616,GRIFFIN,,,https://racing.hkjc.com/en-us/local/information/otherhorse?horseid=HK_2001_B281&Option=1,2026-09-04T13:32:49Z
HK_2001_B281,2002-06-01,632,GRIFFIN,,55.0,https://racing.hkjc.com/en-us/local/information/otherhorse?horseid=HK_2001_B281&Option=1,2026-09-04T13:32:49Z
HK_2001_B281,2002-10-16,103,3,55.0,55.0,https://racing.hkjc.com/en-us/local/information/otherhorse?horseid=HK_2001_B281&Option=1,2026-09-04T13:32:49Z
HK_2001_B281,2002-11-13,173,4,55.0,57.0,https://racing.hkjc.com/en-us/local/information/otherhorse?horseid=HK_2001_B281&Option=1,2026-09-04T13:32:49Z
HK_2001_B281,2002-11-27,212,3,57.0,57.0,https://racing.hkjc.com/en-us/local/information/otherhorse?horseid=HK_2001_B281&Option=1,2026-09-04T13:32:49Z
HK_2001_B281,2002-12-04,227,3,57.0,57.0,https://racing.hkjc.com/en-us/local/information/otherhorse?horseid=HK_2001_B281&Option=1,2026-09-04T13:32:49Z
HK_2001_B281,2002-12-26,281,3,57.0,67.0,https://racing.hkjc.com/en-us/local/information/otherhorse?horseid=HK_2001_B281&Option=1,2026-09-04T13:32:49Z
HK_2001_B281,2003-01-04,301,3,67.0,79.0,https://racing.hkjc.com/en-us/local/information/otherhorse?horseid=HK_2001_B281&Option=1,2026-09-04T13:32:49Z
HK_2001_B281,2003-01-15,331,2,79.0,87.0,https://racing.hkjc.com/en-us/local/information/otherhorse?horseid=HK_2001_B281&Option=1,2026-09-04T13:32:49Z
HK_2001_B281,2003-02-03,369,1,87.0,94.0,https://racing.hkjc.com/en-us/local/information/otherhorse?horseid=HK_2001_B281&Option=1,2026-09-04T13:32:49Z
HK_2001_B281,2003-02-16,396,4YO,94.0,94.0,https://racing.hkjc.com/en-us/local/information/otherhorse?horseid=HK_2001_B281&Option=1,2026-09-04T13:32:49Z
HK_2001_B281,2003-03-01,432,1,94.0,90.0,https://racing.hkjc.com/en-us/local/information/otherhorse?horseid=HK_2001_B281&Option=1,2026-09-04T13:32:49Z
HK_2001_B281,2003-10-11,107,2,90.0,90.0,https://racing.hkjc.com/en-us/local/information/otherhorse?horseid=HK_2001_B281&Option=1,2026-09-04T13:32:49Z
HK_2001_B281,2003-10-29,145,2,90.0,88.0,https://racing.hkjc.com/en-us/local/information/otherhorse?horseid=HK_2001_B281&Option=1,2026-09-04T13:32:49Z
HK_2001_B281,2003-11-08,172,2,88.0,88.0,https://racing.hkjc.com/en-us/local/information/otherhorse?horseid=HK_2001_B281&Option=1,2026-09-04T13:32:49Z
HK_2001_B281,2003-11-22,209,2,88.0,87.0,https://racing.hkjc.com/en-us/local/information/otherhorse?horseid=HK_2001_B281&Option=1,2026-09-04T13:32:49Z
HK_2001_B281,2003-12-10,252,2,87.0,86.0,https://racing.hkjc.com/en-us/local/information/otherhorse?horseid=HK_2001_B281&Option=1,2026-09-04T13:32:49Z
HK_2001_B281,2003-12-17,270,2,86.0,91.0,https://racing.hkjc.com/en-us/local/information/otherhorse?horseid=HK_2001_B281&Option=1,2026-09-04T13:32:49Z
HK_2001_B281,2004-01-07,317,1,91.0,93.0,https://racing.hkjc.com/en-us/local/information/otherhorse?horseid=HK_2001_B281&Option=1,2026-09-04T13:32:49Z
HK_2001_B281,2004-01-28,363,2,93.0,93.0,https://racing.hkjc.com/en-us/local/information/otherhorse?horseid=HK_2001_B281&Option=1,2026-09-04T13:32:49Z
HK_2001_B281,2004-02-11,394,2,93.0,93.0,https://racing.hkjc.com/en-us/local/information/otherhorse?horseid=HK_2001_B281&Option=1,2026-09-04T13:32:49Z
HK_2001_B281,2004-05-01,566,2,93.0,93.0,https://racing.hkjc.com/en-us/local/information/otherhorse?horseid=HK_2001_B281&Option=1,2026-09-04T13:32:49Z
HK_2001_B281,2004-05-16,603,2,93.0,92.0,https://racing.hkjc.com/en-us/local/information/otherhorse?horseid=HK_2001_B281&Option=1,2026-09-04T13:32:49Z
HK_2001_B281,2004-05-30,640,2,92.0,99.0,https://racing.hkjc.com/en-us/local/information/otherhorse?horseid=HK_2001_B281&Option=1,2026-09-04T13:32:49Z
HK_2001_B281,2004-06-12,677,1,99.0,98.0,https://racing.hkjc.com/en-us/local/information/otherhorse?horseid=HK_2001_B281&Option=1,2026-09-04T13:32:49Z
HK_2001_B281,2004-09-19,45,1,98.0,98.0,https://racing.hkjc.com/en-us/local/information/otherhorse?horseid=HK_2001_B281&Option=1,2026-09-04T13:32:49Z
HK_2001_B281,2004-10-17,102,1,98.0,96.0,https://racing.hkjc.com/en-us/local/information/otherhorse?horseid=HK_2001_B281&Option=1,2026-09-04T13:32:49Z
HK_2001_B281,2004-11-02,147,1,96.0,101.0,https://racing.hkjc.com/en-us/local/information/otherhorse?horseid=HK_2001_B281&Option=1,2026-09-04T13:32:49Z
HK_2001_B281,2004-12-12,240,1,101.0,102.0,https://racing.hkjc.com/en-us/local/information/otherhorse?horseid=HK_2001_B281&Option=1,2026-09-04T13:32:49Z
HK_2001_B281,2005-01-05,298,1,102.0,102.0,https://racing.hkjc.com/en-us/local/information/otherhorse?horseid=HK_2001_B281&Option=1,2026-09-04T13:32:49Z
HK_2001_B281,2005-05-01,571,1,102.0,102.0,https://racing.hkjc.com/en-us/local/information/otherhorse?horseid=HK_2001_B281&Option=1,2026-09-04T13:32:49Z
HK_2001_B281,2005-05-14,610,1,102.0,101.0,https://racing.hkjc.com/en-us/local/information/otherhorse?horseid=HK_2001_B281&Option=1,2026-09-04T13:32:49Z
HK_2001_B281,2005-06-05,656,1,101.0,99.0,https://racing.hkjc.com/en-us/local/information/otherhorse?horseid=HK_2001_B281&Option=1,2026-09-04T13:32:49Z
HK_2001_B281,2005-06-18,681,1,99.0,96.0,https://racing.hkjc.com/en-us/local/information/otherhorse?horseid=HK_2001_B281&Option=1,2026-09-04T13:32:49Z
HK_2001_B281,2005-11-05,150,1,96.0,96.0,https://racing.hkjc.com/en-us/local/information/otherhorse?horseid=HK_2001_B281&Option=1,2026-09-04T13:32:49Z
HK_2001_B281,2005-12-11,241,1,96.0,94.0,https://racing.hkjc.com/en-us/local/information/otherhorse?horseid=HK_2001_B281&Option=1,2026-09-04T13:32:49Z
HK_2001_B281,2005-12-17,259,2,94.0,92.0,https://racing.hkjc.com/en-us/local/information/otherhorse?horseid=HK_2001_B281&Option=1,2026-09-04T13:32:49Z
HK_2001_B281,2006-01-01,286,2,92.0,90.0,https://racing.hkjc.com/en-us/local/information/otherhorse?horseid=HK_2001_B281&Option=1,2026-09-04T13:32:49Z
HK_2001_B281,2006-01-31,359,2,90.0,88.0,https://racing.hkjc.com/en-us/local/information/otherhorse?horseid=HK_2001_B281&Option=1,2026-09-04T13:32:49Z
HK_2001_B281,2006-02-08,375,2,88.0,91.0,https://racing.hkjc.com/en-us/local/information/otherhorse?horseid=HK_2001_B281&Option=1,2026-09-04T13:32:49Z
HK_2001_B281,2006-02-26,424,2,91.0,91.0,https://racing.hkjc.com/en-us/local/information/otherhorse?horseid=HK_2001_B281&Option=1,2026-09-04T13:32:49Z
HK_2001_B281,2006-03-15,459,2,91.0,90.0,https://racing.hkjc.com/en-us/local/information/otherhorse?horseid=HK_2001_B281&Option=1,2026-09-04T13:32:49Z
HK_2001_B320,2002-04-27,547,4,52,52,https://racing.hkjc.com/en-us/local/information/otherhorse?horseid=HK_2001_B320&Option=1,2026-09-04T13:26:06Z
HK_2001_B320,2002-05-11,584,4,52,50,https://racing.hkjc.com/en-us/local/information/otherhorse?horseid=HK_2001_B320&Option=1,2026-09-04T13:26:06Z
HK_2001_B320,2002-06-01,635,4,50,46,https://racing.hkjc.com/en-us/local/information/otherhorse?horseid=HK_2001_B320&Option=1,2026-09-04T13:26:06Z
HK_2001_B320,2002-10-01,64,4,46,46,https://racing.hkjc.com/en-us/local/information/otherhorse?horseid=HK_2001_B320&Option=1,2026-09-04T13:26:06Z
HK_2001_B320,2002-10-20,109,4,46,44,https://racing.hkjc.com/en-us/local/information/otherhorse?horseid=HK_2001_B320&Option=1,2026-09-04T13:26:06Z
HK_2001_B320,2002-11-24,199,4,44,43,https://racing.hkjc.com/en-us/local/information/otherhorse?horseid=HK_2001_B320&Option=1,2026-09-04T13:26:06Z
HK_2001_B320,2002-12-18,260,4,43,49,https://racing.hkjc.com/en-us/local/information/otherhorse?horseid=HK_2001_B320&Option=1,2026-09-04T13:26:06Z
HK_2001_B320,2003-01-22,346,4,49,49,https://racing.hkjc.com/en-us/local/information/otherhorse?horseid=HK_2001_B320&Option=1,2026-09-04T13:26:06Z
HK_2001_B320,2003-02-26,420,4,49,49,https://racing.hkjc.com/en-us/local/information/otherhorse?horseid=HK_2001_B320&Option=1,2026-09-04T13:26:06Z
HK_2001_B320,2003-03-09,441,4,49,48,https://racing.hkjc.com/en-us/local/information/otherhorse?horseid=HK_2001_B320&Option=1,2026-09-04T13:26:06Z
HK_2001_B320,2003-04-13,527,4,48,47,https://racing.hkjc.com/en-us/local/information/otherhorse?horseid=HK_2001_B320&Option=1,2026-09-04T13:26:06Z
HK_2001_B320,2003-05-07,586,4,47,46,https://racing.hkjc.com/en-us/local/information/otherhorse?horseid=HK_2001_B320&Option=1,2026-09-04T13:26:06Z
HK_2001_B320,2003-05-28,639,4,46,45,https://racing.hkjc.com/en-us/local/information/otherhorse?horseid=HK_2001_B320&Option=1,2026-09-04T13:26:06Z
HK_2001_B320,2003-06-11,676,4,45,40,https://racing.hkjc.com/en-us/local/information/otherhorse?horseid=HK_2001_B320&Option=1,2026-09-04T13:26:06Z
HK_2001_B320,2003-11-04,156,5,40,40,https://racing.hkjc.com/en-us/local/information/otherhorse?horseid=HK_2001_B320&Option=1,2026-09-04T13:26:06Z
HK_2001_B320,2003-11-15,184,4,40,38,https://racing.hkjc.com/en-us/local/information/otherhorse?horseid=HK_2001_B320&Option=1,2026-09-04T13:26:06Z
HK_2001_B320,2003-12-06,236,5,38,39,https://racing.hkjc.com/en-us/local/information/otherhorse?horseid=HK_2001_B320&Option=1,2026-09-04T13:26:06Z
HK_2001_B320,2004-01-01,292,5,39,45,https://racing.hkjc.com/en-us/local/information/otherhorse?horseid=HK_2001_B320&Option=1,2026-09-04T13:26:06Z
HK_2001_B320,2004-01-18,339,4,45,45,https://racing.hkjc.com/en-us/local/information/otherhorse?horseid=HK_2001_B320&Option=1,2026-09-04T13:26:06Z
HK_2001_B320,2004-03-10,454,4,45,44,https://racing.hkjc.com/en-us/local/information/otherhorse?horseid=HK_2001_B320&Option=1,2026-09-04T13:26:06Z
HK_2001_B320,2004-04-03,504,4,44,41,https://racing.hkjc.com/en-us/local/information/otherhorse?horseid=HK_2001_B320&Option=1,2026-09-04T13:26:06Z
HK_2001_B320,2004-09-15,33,4,41,41,https://racing.hkjc.com/en-us/local/information/otherhorse?horseid=HK_2001_B320&Option=1,2026-09-04T13:26:06Z
HK_2001_B320,2004-09-25,49,4,41,45,https://racing.hkjc.com/en-us/local/information/otherhorse?horseid=HK_2001_B320&Option=1,2026-09-04T13:26:06Z
HK_2001_B320,2004-10-03,67,4,45,46,https://racing.hkjc.com/en-us/local/information/otherhorse?horseid=HK_2001_B320&Option=1,2026-09-04T13:26:06Z
HK_2001_B320,2004-10-20,109,4,46,49,https://racing.hkjc.com/en-us/local/information/otherhorse?horseid=HK_2001_B320&Option=1,2026-09-04T13:26:06Z
HK_2001_B320,2004-11-21,188,4,49,54,https://racing.hkjc.com/en-us/local/information/otherhorse?horseid=HK_2001_B320&Option=1,2026-09-04T13:26:06Z
HK_2001_B320,2004-12-08,235,4,54,56,https://racing.hkjc.com/en-us/local/information/otherhorse?horseid=HK_2001_B320&Option=1,2026-09-04T13:26:06Z
HK_2001_B320,2005-01-01,285,4,56,56,https://racing.hkjc.com/en-us/local/information/otherhorse?horseid=HK_2001_B320&Option=1,2026-09-04T13:26:06Z
HK_2001_B320,2005-03-13,458,4,56,56,https://racing.hkjc.com/en-us/local/information/otherhorse?horseid=HK_2001_B320&Option=1,2026-09-04T13:26:06Z
HK_2001_B320,2005-03-23,487,4,56,55,https://racing.hkjc.com/en-us/local/information/otherhorse?horseid=HK_2001_B320&Option=1,2026-09-04T13:26:06Z
HK_2001_B320,2005-04-13,534,4,55,54,https://racing.hkjc.com/en-us/local/information/otherhorse?horseid=HK_2001_B320&Option=1,2026-09-04T13:26:06Z
HK_2001_B320,2005-05-11,595,4,54,51,https://racing.hkjc.com/en-us/local/information/otherhorse?horseid=HK_2001_B320&Option=1,2026-09-04T13:26:06Z
HK_2001_B320,2005-09-04,4,4,51,51,https://racing.hkjc.com/en-us/local/information/otherhorse?horseid=HK_2001_B320&Option=1,2026-09-04T13:26:06Z
HK_2001_B320,2005-09-14,28,4,51,49,https://racing.hkjc.com/en-us/local/information/otherhorse?horseid=HK_2001_B320&Option=1,2026-09-04T13:26:06Z
HK_2001_B320,2005-10-19,102,4,49,47,https://racing.hkjc.com/en-us/local/information/otherhorse?horseid=HK_2001_B320&Option=1,2026-09-04T13:26:06Z
HK_2001_B320,2005-10-30,126,4,47,45,https://racing.hkjc.com/en-us/local/information/otherhorse?horseid=HK_2001_B320&Option=1,2026-09-04T13:26:06Z
HK_2001_B320,2005-11-27,201,4,45,43,https://racing.hkjc.com/en-us/local/information/otherhorse?horseid=HK_2001_B320&Option=1,2026-09-04T13:26:06Z
HK_2001_B320,2005-12-17,255,4,43,40,https://racing.hkjc.com/en-us/local/information/otherhorse?horseid=HK_2001_B320&Option=1,2026-09-04T13:26:06Z
HK_2001_B320,2006-01-01,282,4,40,47,https://racing.hkjc.com/en-us/local/information/otherhorse?horseid=HK_2001_B320&Option=1,2026-09-04T13:26:06Z
HK_2001_B320,2006-01-18,327,4,47,48,https://racing.hkjc.com/en-us/local/information/otherhorse?horseid=HK_2001_B320&Option=1,2026-09-04T13:26:06Z
HK_2001_B320,2006-02-08,372,4,48,48,https://racing.hkjc.com/en-us/local/information/otherhorse?horseid=HK_2001_B320&Option=1,2026-09-04T13:26:06Z
HK_2001_B320,2006-03-26,482,4,48,48,https://racing.hkjc.com/en-us/local/information/otherhorse?horseid=HK_2001_B320&Option=1,2026-09-04T13:26:06Z
HK_2001_B320,2006-05-07,581,4,48,53,https://racing.hkjc.com/en-us/local/information/otherhorse?horseid=HK_2001_B320&Option=1,2026-09-04T13:26:06Z
HK_2001_B320,2006-09-20,26,4,53,53,https://racing.hkjc.com/en-us/local/information/otherhorse?horseid=HK_2001_B320&Option=1,2026-09-04T13:26:06Z
HK_2001_B320,2006-09-27,42,4,53,60,https://racing.hkjc.com/en-us/local/information/otherhorse?horseid=HK_2001_B320&Option=1,2026-09-04T13:26:06Z
HK_2001_B320,2006-10-15,80,3,60,60,https://racing.hkjc.com/en-us/local/information/otherhorse?horseid=HK_2001_B320&Option=1,2026-09-04T13:26:06Z
HK_2001_B320,2006-10-29,114,4,60,60,https://racing.hkjc.com/en-us/local/information/otherhorse?horseid=HK_2001_B320&Option=1,2026-09-04T13:26:06Z
HK_2001_B320,2006-11-07,141,4,60,59,https://racing.hkjc.com/en-us/local/information/otherhorse?horseid=HK_2001_B320&Option=1,2026-09-04T13:26:06Z
HK_2001_B320,2006-11-26,188,4,59,57,https://racing.hkjc.com/en-us/local/information/otherhorse?horseid=HK_2001_B320&Option=1,2026-09-04T13:26:06Z
HK_2001_B320,2006-12-06,213,4,57,55,https://racing.hkjc.com/en-us/local/information/otherhorse?horseid=HK_2001_B320&Option=1,2026-09-04T13:26:06Z
HK_2001_B320,2006-12-23,256,4,55,54,https://racing.hkjc.com/en-us/local/information/otherhorse?horseid=HK_2001_B320&Option=1,2026-09-04T13:26:06Z
HK_2001_B320,2007-01-01,278,4,54,52,https://racing.hkjc.com/en-us/local/information/otherhorse?horseid=HK_2001_B320&Option=1,2026-09-04T13:26:06Z
HK_2001_B320,2007-01-17,314,4,52,50,https://racing.hkjc.com/en-us/local/information/otherhorse?horseid=HK_2001_B320&Option=1,2026-09-04T13:26:06Z
HK_2001_B320,2007-01-31,350,4,50,48,https://racing.hkjc.com/en-us/local/information/otherhorse?horseid=HK_2001_B320&Option=1,2026-09-04T13:26:06Z
HK_2001_B320,2007-02-20,392,4,48,48,https://racing.hkjc.com/en-us/local/information/otherhorse?horseid=HK_2001_B320&Option=1,2026-09-04T13:26:06Z
HK_2001_B320,2007-03-10,445,4,48,46,https://racing.hkjc.com/en-us/local/information/otherhorse?horseid=HK_2001_B320&Option=1,2026-09-04T13:26:06Z
HK_2001_B320,2007-03-18,459,4,46,46,https://racing.hkjc.com/en-us/local/information/otherhorse?horseid=HK_2001_B320&Option=1,2026-09-04T13:26:06Z
HK_2001_B320,2007-03-31,490,4,46,47,https://racing.hkjc.com/en-us/local/information/otherhorse?horseid=HK_2001_B320&Option=1,2026-09-04T13:26:06Z
HK_2001_B320,2007-05-12,596,4,47,47,https://racing.hkjc.com/en-us/local/information/otherhorse?horseid=HK_2001_B320&Option=1,2026-09-04T13:26:06Z
HK_2001_B320,2007-06-09,672,4,47,46,https://racing.hkjc.com/en-us/local/information/otherhorse?horseid=HK_2001_B320&Option=1,2026-09-04T13:26:06Z
HK_2001_B320,2007-09-15,21,4,46,46,https://racing.hkjc.com/en-us/local/information/otherhorse?horseid=HK_2001_B320&Option=1,2026-09-04T13:26:06Z
HK_2001_B320,2007-09-23,42,4,46,44,https://racing.hkjc.com/en-us/local/information/otherhorse?horseid=HK_2001_B320&Option=1,2026-09-04T13:26:06Z
HK_2001_B320,2007-10-07,71,4,44,42,https://racing.hkjc.com/en-us/local/information/otherhorse?horseid=HK_2001_B320&Option=1,2026-09-04T13:26:06Z
HK_2001_B320,2007-10-21,97,4,42,43,https://racing.hkjc.com/en-us/local/information/otherhorse?horseid=HK_2001_B320&Option=1,2026-09-04T13:26:06Z
HK_2001_B320,2007-11-06,146,4,43,43,https://racing.hkjc.com/en-us/local/information/otherhorse?horseid=HK_2001_B320&Option=1,2026-09-04T13:26:06Z
HK_2001_B320,2007-11-17,171,4,43,42,https://racing.hkjc.com/en-us/local/information/otherhorse?horseid=HK_2001_B320&Option=1,2026-09-04T13:26:06Z
HK_2001_B320,2007-11-25,189,4,42,41,https://racing.hkjc.com/en-us/local/information/otherhorse?horseid=HK_2001_B320&Option=1,2026-09-04T13:26:06Z
HK_2001_B320,2007-12-26,275,4,41,43,https://racing.hkjc.com/en-us/local/information/otherhorse?horseid=HK_2001_B320&Option=1,2026-09-04T13:26:06Z
HK_2001_B320,2008-01-12,313,4,43,43,https://racing.hkjc.com/en-us/local/information/otherhorse?horseid=HK_2001_B320&Option=1,2026-09-04T13:26:06Z
HK_2001_B320,2008-01-30,359,4,43,42,https://racing.hkjc.com/en-us/local/information/otherhorse?horseid=HK_2001_B320&Option=1,2026-09-04T13:26:06Z
HK_2001_B320,2008-02-27,422,4,42,40,https://racing.hkjc.com/en-us/local/information/otherhorse?horseid=HK_2001_B320&Option=1,2026-09-04T13:26:06Z
HK_2001_B320,2008-03-30,496,4,40,38,https://racing.hkjc.com/en-us/local/information/otherhorse?horseid=HK_2001_B320&Option=1,2026-09-04T13:26:06Z
HK_2001_B320,2008-04-09,522,5,38,36,https://racing.hkjc.com/en-us/local/information/otherhorse?horseid=HK_2001_B320&Option=1,2026-09-04T13:26:06Z
HK_2001_B320,2008-05-18,609,5,36,39,https://racing.hkjc.com/en-us/local/information/otherhorse?horseid=HK_2001_B320&Option=1,2026-09-04T13:26:06Z
HK_2001_B320,2008-06-08,657,5,39,39,https://racing.hkjc.com/en-us/local/information/otherhorse?horseid=HK_2001_B320&Option=1,2026-09-04T13:26:06Z
HK_2001_B320,2008-06-28,703,5,39,38,https://racing.hkjc.com/en-us/local/information/otherhorse?horseid=HK_2001_B320&Option=1,2026-09-04T13:26:06Z
HK_2001_B327,2002-11-30,221,4,52,50,https://racing.hkjc.com/en-us/local/information/otherhorse?horseid=HK_2001_B327&Option=1,2026-09-04T13:26:37Z
HK_2001_B327,2003-02-08,373,4,50,47,https://racing.hkjc.com/en-us/local/information/otherhorse?horseid=HK_2001_B327&Option=1,2026-09-04T13:26:37Z
HK_2001_B327,2003-05-04,576,4,47,42,https://racing.hkjc.com/en-us/local/information/otherhorse?horseid=HK_2001_B327&Option=1,2026-09-04T13:26:37Z
HK_2001_B327,2003-06-14,689,4,42,30,https://racing.hkjc.com/en-us/local/information/otherhorse?horseid=HK_2001_B327&Option=1,2026-09-04T13:26:37Z
HK_2001_B327,2003-09-21,44,5,30,30,https://racing.hkjc.com/en-us/local/information/otherhorse?horseid=HK_2001_B327&Option=1,2026-09-04T13:26:37Z
HK_2001_B327,2003-11-08,166,5,30,27,https://racing.hkjc.com/en-us/local/information/otherhorse?horseid=HK_2001_B327&Option=1,2026-09-04T13:26:37Z
HK_2001_B327,2003-11-30,218,5,27,25,https://racing.hkjc.com/en-us/local/information/otherhorse?horseid=HK_2001_B327&Option=1,2026-09-04T13:26:37Z
HK_2001_B327,2003-12-26,282,5,25,30,https://racing.hkjc.com/en-us/local/information/otherhorse?horseid=HK_2001_B327&Option=1,2026-09-04T13:26:37Z
HK_2001_B327,2004-01-10,321,5,30,30,https://racing.hkjc.com/en-us/local/information/otherhorse?horseid=HK_2001_B327&Option=1,2026-09-04T13:26:37Z
HK_2001_B327,2004-01-18,338,5,30,30,https://racing.hkjc.com/en-us/local/information/otherhorse?horseid=HK_2001_B327&Option=1,2026-09-04T13:26:37Z
HK_2001_B327,2004-02-28,425,5,30,29,https://racing.hkjc.com/en-us/local/information/otherhorse?horseid=HK_2001_B327&Option=1,2026-09-04T13:26:37Z
HK_2001_B327,2004-03-27,493,5,29,28,https://racing.hkjc.com/en-us/local/information/otherhorse?horseid=HK_2001_B327&Option=1,2026-09-04T13:26:37Z
HK_2001_B327,2004-05-05,574,5,28,30,https://racing.hkjc.com/en-us/local/information/otherhorse?horseid=HK_2001_B327&Option=1,2026-09-04T13:26:37Z
HK_2001_B327,2004-06-02,646,5,30,30,https://racing.hkjc.com/en-us/local/information/otherhorse?horseid=HK_2001_B327&Option=1,2026-09-04T13:26:37Z
HK_2001_B327,2004-06-09,662,5,30,28,https://racing.hkjc.com/en-us/local/information/otherhorse?horseid=HK_2001_B327&Option=1,2026-09-04T13:26:37Z
HK_2001_B327,2004-09-05,3,5,28,33,https://racing.hkjc.com/en-us/local/information/otherhorse?horseid=HK_2001_B327&Option=1,2026-09-04T13:26:37Z
HK_2001_B327,2004-09-15,28,5,33,34,https://racing.hkjc.com/en-us/local/information/otherhorse?horseid=HK_2001_B327&Option=1,2026-09-04T13:26:37Z
HK_2001_B327,2004-09-29,57,5,34,34,https://racing.hkjc.com/en-us/local/information/otherhorse?horseid=HK_2001_B327&Option=1,2026-09-04T13:26:37Z
HK_2001_B327,2004-10-20,105,5,34,35,https://racing.hkjc.com/en-us/local/information/otherhorse?horseid=HK_2001_B327&Option=1,2026-09-04T13:26:37Z
HK_2001_B327,2004-11-17,177,5,35,38,https://racing.hkjc.com/en-us/local/information/otherhorse?horseid=HK_2001_B327&Option=1,2026-09-04T13:26:37Z
HK_2001_B327,2004-12-15,247,5,38,40,https://racing.hkjc.com/en-us/local/information/otherhorse?horseid=HK_2001_B327&Option=1,2026-09-04T13:26:37Z
HK_2001_B327,2004-12-22,266,4,40,42,https://racing.hkjc.com/en-us/local/information/otherhorse?horseid=HK_2001_B327&Option=1,2026-09-04T13:26:37Z
HK_2001_B327,2005-01-05,295,4,42,48,https://racing.hkjc.com/en-us/local/information/otherhorse?horseid=HK_2001_B327&Option=1,2026-09-04T13:26:37Z
HK_2001_B327,2005-02-11,387,4,48,48,https://racing.hkjc.com/en-us/local/information/otherhorse?horseid=HK_2001_B327&Option=1,2026-09-04T13:26:37Z
HK_2001_B327,2005-02-16,394,4,48,48,https://racing.hkjc.com/en-us/local/information/otherhorse?horseid=HK_2001_B327&Option=1,2026-09-04T13:26:37Z
HK_2001_B327,2005-03-13,458,4,48,48,https://racing.hkjc.com/en-us/local/information/otherhorse?horseid=HK_2001_B327&Option=1,2026-09-04T13:26:37Z
HK_2001_B327,2005-04-13,534,4,48,47,https://racing.hkjc.com/en-us/local/information/otherhorse?horseid=HK_2001_B327&Option=1,2026-09-04T13:26:37Z
HK_2001_B327,2005-06-08,662,4,47,46,https://racing.hkjc.com/en-us/local/information/otherhorse?horseid=HK_2001_B327&Option=1,2026-09-04T13:26:37Z
HK_2001_B327,2005-06-22,688,4,46,45,https://racing.hkjc.com/en-us/local/information/otherhorse?horseid=HK_2001_B327&Option=1,2026-09-04T13:26:37Z
HK_2001_B327,2005-09-04,4,4,45,45,https://racing.hkjc.com/en-us/local/information/otherhorse?horseid=HK_2001_B327&Option=1,2026-09-04T13:26:37Z
HK_2001_B327,2005-09-14,28,4,45,44,https://racing.hkjc.com/en-us/local/information/otherhorse?horseid=HK_2001_B327&Option=1,2026-09-04T13:26:37Z
HK_2001_B327,2005-09-28,57,4,44,43,https://racing.hkjc.com/en-us/local/information/otherhorse?horseid=HK_2001_B327&Option=1,2026-09-04T13:26:37Z
HK_2001_B327,2005-10-05,76,4,43,43,https://racing.hkjc.com/en-us/local/information/otherhorse?horseid=HK_2001_B327&Option=1,2026-09-04T13:26:37Z
HK_2001_B327,2005-10-19,102,4,43,46,https://racing.hkjc.com/en-us/local/information/otherhorse?horseid=HK_2001_B327&Option=1,2026-09-04T13:26:37Z
HK_2001_B327,2005-11-01,139,4,46,46,https://racing.hkjc.com/en-us/local/information/otherhorse?horseid=HK_2001_B327&Option=1,2026-09-04T13:26:37Z
HK_2001_B327,2005-11-23,195,4,46,46,https://racing.hkjc.com/en-us/local/information/otherhorse?horseid=HK_2001_B327&Option=1,2026-09-04T13:26:37Z
HK_2001_B327,2005-12-17,253,4,46,45,https://racing.hkjc.com/en-us/local/information/otherhorse?horseid=HK_2001_B327&Option=1,2026-09-04T13:26:37Z
HK_2001_B327,2006-01-01,282,4,45,44,https://racing.hkjc.com/en-us/local/information/otherhorse?horseid=HK_2001_B327&Option=1,2026-09-04T13:26:37Z
HK_2001_B327,2006-01-11,310,4,44,50,https://racing.hkjc.com/en-us/local/information/otherhorse?horseid=HK_2001_B327&Option=1,2026-09-04T13:26:37Z
HK_2001_B327,2006-01-31,354,4,50,50,https://racing.hkjc.com/en-us/local/information/otherhorse?horseid=HK_2001_B327&Option=1,2026-09-04T13:26:37Z
HK_2001_B327,2006-02-22,410,4,50,50,https://racing.hkjc.com/en-us/local/information/otherhorse?horseid=HK_2001_B327&Option=1,2026-09-04T13:26:37Z
HK_2001_B327,2006-03-26,482,4,50,49,https://racing.hkjc.com/en-us/local/information/otherhorse?horseid=HK_2001_B327&Option=1,2026-09-04T13:26:37Z
HK_2001_B327,2006-04-23,544,4,49,47,https://racing.hkjc.com/en-us/local/information/otherhorse?horseid=HK_2001_B327&Option=1,2026-09-04T13:26:37Z
HK_2001_B327,2006-05-13,603,4,47,50,https://racing.hkjc.com/en-us/local/information/otherhorse?horseid=HK_2001_B327&Option=1,2026-09-04T13:26:37Z
HK_2001_B327,2006-05-24,630,4,50,49,https://racing.hkjc.com/en-us/local/information/otherhorse?horseid=HK_2001_B327&Option=1,2026-09-04T13:26:37Z
HK_2001_B327,2006-09-20,23,4,49,49,https://racing.hkjc.com/en-us/local/information/otherhorse?horseid=HK_2001_B327&Option=1,2026-09-04T13:26:37Z
HK_2001_B327,2006-09-27,42,4,49,47,https://racing.hkjc.com/en-us/local/information/otherhorse?horseid=HK_2001_B327&Option=1,2026-09-04T13:26:37Z
HK_2001_B327,2006-10-18,88,4,47,46,https://racing.hkjc.com/en-us/local/information/otherhorse?horseid=HK_2001_B327&Option=1,2026-09-04T13:26:37Z
HK_2001_B327,2006-11-01,125,4,46,46,https://racing.hkjc.com/en-us/local/information/otherhorse?horseid=HK_2001_B327&Option=1,2026-09-04T13:26:37Z
HK_2001_B327,2006-11-22,179,4,46,45,https://racing.hkjc.com/en-us/local/information/otherhorse?horseid=HK_2001_B327&Option=1,2026-09-04T13:26:37Z
HK_2001_B327,2006-11-29,197,4,45,44,https://racing.hkjc.com/en-us/local/information/otherhorse?horseid=HK_2001_B327&Option=1,2026-09-04T13:26:37Z
HK_2001_B327,2006-12-20,249,4,44,42,https://racing.hkjc.com/en-us/local/information/otherhorse?horseid=HK_2001_B327&Option=1,2026-09-04T13:26:37Z
HK_2001_B327,2007-01-01,275,4,42,40,https://racing.hkjc.com/en-us/local/information/otherhorse?horseid=HK_2001_B327&Option=1,2026-09-04T13:26:37Z
HK_2001_B327,2007-01-14,303,5,40,38,https://racing.hkjc.com/en-us/local/information/otherhorse?horseid=HK_2001_B327&Option=1,2026-09-04T13:26:37Z
HK_2001_B327,2007-02-07,366,5,38,39,https://racing.hkjc.com/en-us/local/information/otherhorse?horseid=HK_2001_B327&Option=1,2026-09-04T13:26:37Z
HK_2001_B327,2007-03-07,434,5,39,39,https://racing.hkjc.com/en-us/local/information/otherhorse?horseid=HK_2001_B327&Option=1,2026-09-04T13:26:37Z
HK_2001_B327,2007-03-14,452,5,39,42,https://racing.hkjc.com/en-us/local/information/otherhorse?horseid=HK_2001_B327&Option=1,2026-09-04T13:26:37Z
HK_2001_B327,2007-04-04,500,4,42,42,https://racing.hkjc.com/en-us/local/information/otherhorse?horseid=HK_2001_B327&Option=1,2026-09-04T13:26:37Z
HK_2001_B327,2007-05-09,585,4,42,41,https://racing.hkjc.com/en-us/local/information/otherhorse?horseid=HK_2001_B327&Option=1,2026-09-04T13:26:37Z
HK_2001_B327,2007-05-16,602,4,41,41,https://racing.hkjc.com/en-us/local/information/otherhorse?horseid=HK_2001_B327&Option=1,2026-09-04T13:26:37Z
HK_2001_B327,2007-05-30,644,4,41,38,https://racing.hkjc.com/en-us/local/information/otherhorse?horseid=HK_2001_B327&Option=1,2026-09-04T13:26:37Z
HK_2001_B327,2007-09-15,20,5,38,38,https://racing.hkjc.com/en-us/local/information/otherhorse?horseid=HK_2001_B327&Option=1,2026-09-04T13:26:37Z
HK_2001_B327,2007-09-26,50,5,38,36,https://racing.hkjc.com/en-us/local/information/otherhorse?horseid=HK_2001_B327&Option=1,2026-09-04T13:26:37Z
HK_2001_B327,2007-10-14,81,5,36,41,https://racing.hkjc.com/en-us/local/information/otherhorse?horseid=HK_2001_B327&Option=1,2026-09-04T13:26:37Z
HK_2001_B327,2007-10-31,126,4,41,41,https://racing.hkjc.com/en-us/local/information/otherhorse?horseid=HK_2001_B327&Option=1,2026-09-04T13:26:37Z
HK_2001_B327,2007-12-05,217,4,41,41,https://racing.hkjc.com/en-us/local/information/otherhorse?horseid=HK_2001_B327&Option=1,2026-09-04T13:26:37Z
HK_2001_B327,2007-12-23,261,4,41,40,https://racing.hkjc.com/en-us/local/information/otherhorse?horseid=HK_2001_B327&Option=1,2026-09-04T13:26:37Z
HK_2001_B327,2008-01-12,311,5,40,38,https://racing.hkjc.com/en-us/local/information/otherhorse?horseid=HK_2001_B327&Option=1,2026-09-04T13:26:37Z
HK_2001_B327,2008-02-02,366,5,38,36,https://racing.hkjc.com/en-us/local/information/otherhorse?horseid=HK_2001_B327&Option=1,2026-09-04T13:26:37Z
HK_2001_B327,2008-02-20,402,5,36,34,https://racing.hkjc.com/en-us/local/information/otherhorse?horseid=HK_2001_B327&Option=1,2026-09-04T13:26:37Z
HK_2001_B327,2008-03-01,430,5,34,33,https://racing.hkjc.com/en-us/local/information/otherhorse?horseid=HK_2001_B327&Option=1,2026-09-04T13:26:37Z
HK_2001_B327,2008-03-16,464,5,33,31,https://racing.hkjc.com/en-us/local/information/otherhorse?horseid=HK_2001_B327&Option=1,2026-09-04T13:26:37Z
HK_2001_B327,2008-04-12,533,5,31,30,https://racing.hkjc.com/en-us/local/information/otherhorse?horseid=HK_2001_B327&Option=1,2026-09-04T13:26:37Z
HK_2001_B327,2008-05-01,562,5,30,28,https://racing.hkjc.com/en-us/local/information/otherhorse?horseid=HK_2001_B327&Option=1,2026-09-04T13:26:37Z
HK_2001_B327,2008-06-05,646,5,28,33,https://racing.hkjc.com/en-us/local/information/otherhorse?horseid=HK_2001_B327&Option=1,2026-09-04T13:26:37Z
HK_2001_B327,2008-06-28,703,5,33,33,https://racing.hkjc.com/en-us/local/information/otherhorse?horseid=HK_2001_B327&Option=1,2026-09-04T13:26:37Z
HK_2001_B327,2008-09-17,11,5,33,33,https://racing.hkjc.com/en-us/local/information/otherhorse?horseid=HK_2001_B327&Option=1,2026-09-04T13:26:37Z
HK_2001_B327,2008-09-24,32,5,33,33,https://racing.hkjc.com/en-us/local/information/otherhorse?horseid=HK_2001_B327&Option=1,2026-09-04T13:26:37Z
HK_2001_B327,2008-10-15,86,5,33,32,https://racing.hkjc.com/en-us/local/information/otherhorse?horseid=HK_2001_B327&Option=1,2026-09-04T13:26:37Z
HK_2001_B327,2008-11-26,182,5,32,33,https://racing.hkjc.com/en-us/local/information/otherhorse?horseid=HK_2001_B327&Option=1,2026-09-04T13:26:37Z
HK_2001_B327,2008-12-10,218,5,33,33,https://racing.hkjc.com/en-us/local/information/otherhorse?horseid=HK_2001_B327&Option=1,2026-09-04T13:26:37Z
HK_2001_B327,2009-01-01,266,5,33,32,https://racing.hkjc.com/en-us/local/information/otherhorse?horseid=HK_2001_B327&Option=1,2026-09-04T13:26:37Z
HK_2001_B327,2009-01-28,339,5,32,32,https://racing.hkjc.com/en-us/local/information/otherhorse?horseid=HK_2001_B327&Option=1,2026-09-04T13:26:37Z
HK_2001_B377,2002-05-25,615,GRIFFIN,,47,https://racing.hkjc.com/en-us/local/information/otherhorse?horseid=HK_2001_B377&Option=1,2026-09-04T13:21:41Z
HK_2001_B377,2002-09-25,57,4,47.0,47,https://racing.hkjc.com/en-us/local/information/otherhorse?horseid=HK_2001_B377&Option=1,2026-09-04T13:21:41Z
HK_2001_B377,2002-10-23,117,4,47.0,49,https://racing.hkjc.com/en-us/local/information/otherhorse?horseid=HK_2001_B377&Option=1,2026-09-04T13:21:41Z
HK_2001_B377,2002-11-05,154,4,49.0,48,https://racing.hkjc.com/en-us/local/information/otherhorse?horseid=HK_2001_B377&Option=1,2026-09-04T13:21:41Z
HK_2001_B377,2002-12-04,228,4,48.0,47,https://racing.hkjc.com/en-us/local/information/otherhorse?horseid=HK_2001_B377&Option=1,2026-09-04T13:21:41Z
HK_2001_B377,2002-12-26,282,4,47.0,46,https://racing.hkjc.com/en-us/local/information/otherhorse?horseid=HK_2001_B377&Option=1,2026-09-04T13:21:41Z
HK_2001_B377,2003-01-22,345,4,46.0,50,https://racing.hkjc.com/en-us/local/information/otherhorse?horseid=HK_2001_B377&Option=1,2026-09-04T13:21:41Z
HK_2001_B377,2003-02-19,403,4,50.0,50,https://racing.hkjc.com/en-us/local/information/otherhorse?horseid=HK_2001_B377&Option=1,2026-09-04T13:21:41Z
HK_2001_B377,2003-03-12,448,4,50.0,49,https://racing.hkjc.com/en-us/local/information/otherhorse?horseid=HK_2001_B377&Option=1,2026-09-04T13:21:41Z
HK_2001_B377,2003-04-09,517,4,49.0,47,https://racing.hkjc.com/en-us/local/information/otherhorse?horseid=HK_2001_B377&Option=1,2026-09-04T13:21:41Z
HK_2001_B377,2003-05-07,584,4,47.0,46,https://racing.hkjc.com/en-us/local/information/otherhorse?horseid=HK_2001_B377&Option=1,2026-09-04T13:21:41Z
HK_2001_B377,2003-06-11,680,4,46.0,43,https://racing.hkjc.com/en-us/local/information/otherhorse?horseid=HK_2001_B377&Option=1,2026-09-04T13:21:41Z
HK_2001_B377,2003-09-17,39,4,43.0,43,https://racing.hkjc.com/en-us/local/information/otherhorse?horseid=HK_2001_B377&Option=1,2026-09-04T13:21:41Z
HK_2001_B377,2003-09-27,66,4,43.0,42,https://racing.hkjc.com/en-us/local/information/otherhorse?horseid=HK_2001_B377&Option=1,2026-09-04T13:21:41Z
HK_2001_B377,2003-10-05,86,4,42.0,41,https://racing.hkjc.com/en-us/local/information/otherhorse?horseid=HK_2001_B377&Option=1,2026-09-04T13:21:41Z
HK_2001_B377,2003-10-29,141,4,41.0,40,https://racing.hkjc.com/en-us/local/information/otherhorse?horseid=HK_2001_B377&Option=1,2026-09-04T13:21:41Z
HK_2001_B377,2003-12-10,246,5,40.0,40,https://racing.hkjc.com/en-us/local/information/otherhorse?horseid=HK_2001_B377&Option=1,2026-09-04T13:21:41Z
HK_2001_B377,2004-05-05,573,4,40.0,37,https://racing.hkjc.com/en-us/local/information/otherhorse?horseid=HK_2001_B377&Option=1,2026-09-04T13:21:41Z
HK_2001_B377,2004-05-26,625,5,37.0,38,https://racing.hkjc.com/en-us/local/information/otherhorse?horseid=HK_2001_B377&Option=1,2026-09-04T13:21:41Z
HK_2001_B377,2004-06-09,664,5,38.0,41,https://racing.hkjc.com/en-us/local/information/otherhorse?horseid=HK_2001_B377&Option=1,2026-09-04T13:21:41Z
HK_2001_B377,2004-06-20,689,4,41.0,40,https://racing.hkjc.com/en-us/local/information/otherhorse?horseid=HK_2001_B377&Option=1,2026-09-04T13:21:41Z
HK_2001_B377,2004-12-18,257,5,40.0,40,https://racing.hkjc.com/en-us/local/information/otherhorse?horseid=HK_2001_B377&Option=1,2026-09-04T13:21:41Z
HK_2001_B377,2005-01-01,282,5,40.0,39,https://racing.hkjc.com/en-us/local/information/otherhorse?horseid=HK_2001_B377&Option=1,2026-09-04T13:21:41Z
HK_2001_B377,2005-02-05,372,5,39.0,37,https://racing.hkjc.com/en-us/local/information/otherhorse?horseid=HK_2001_B377&Option=1,2026-09-04T13:21:41Z
HK_2001_B377,2005-03-02,429,5,37.0,42,https://racing.hkjc.com/en-us/local/information/otherhorse?horseid=HK_2001_B377&Option=1,2026-09-04T13:21:41Z
HK_2001_B377,2005-03-16,465,4,42.0,42,https://racing.hkjc.com/en-us/local/information/otherhorse?horseid=HK_2001_B377&Option=1,2026-09-04T13:21:41Z
HK_2001_B377,2005-03-26,496,4,42.0,42,https://racing.hkjc.com/en-us/local/information/otherhorse?horseid=HK_2001_B377&Option=1,2026-09-04T13:21:41Z
HK_2001_B377,2005-04-16,538,4,42.0,41,https://racing.hkjc.com/en-us/local/information/otherhorse?horseid=HK_2001_B377&Option=1,2026-09-04T13:21:41Z
HK_2001_B377,2005-05-04,576,4,41.0,40,https://racing.hkjc.com/en-us/local/information/otherhorse?horseid=HK_2001_B377&Option=1,2026-09-04T13:21:41Z
HK_2001_B377,2005-05-29,629,5,40.0,40,https://racing.hkjc.com/en-us/local/information/otherhorse?horseid=HK_2001_B377&Option=1,2026-09-04T13:21:41Z
HK_2001_B377,2005-06-08,657,4,40.0,40,https://racing.hkjc.com/en-us/local/information/otherhorse?horseid=HK_2001_B377&Option=1,2026-09-04T13:21:41Z
HK_2001_B377,2005-11-05,145,5,40.0,40,https://racing.hkjc.com/en-us/local/information/otherhorse?horseid=HK_2001_B377&Option=1,2026-09-04T13:21:41Z
HK_2001_B377,2005-12-03,217,5,40.0,38,https://racing.hkjc.com/en-us/local/information/otherhorse?horseid=HK_2001_B377&Option=1,2026-09-04T13:21:41Z
HK_2001_B377,2005-12-21,260,5,38.0,38,https://racing.hkjc.com/en-us/local/information/otherhorse?horseid=HK_2001_B377&Option=1,2026-09-04T13:21:41Z
HK_2001_B377,2006-01-01,278,5,38.0,38,https://racing.hkjc.com/en-us/local/information/otherhorse?horseid=HK_2001_B377&Option=1,2026-09-04T13:21:41Z
HK_2001_B377,2006-01-11,307,5,38.0,38,https://racing.hkjc.com/en-us/local/information/otherhorse?horseid=HK_2001_B377&Option=1,2026-09-04T13:21:41Z
HK_2001_B377,2006-02-15,391,5,38.0,37,https://racing.hkjc.com/en-us/local/information/otherhorse?horseid=HK_2001_B377&Option=1,2026-09-04T13:21:41Z
HK_2001_B377,2006-03-15,455,5,37.0,42,https://racing.hkjc.com/en-us/local/information/otherhorse?horseid=HK_2001_B377&Option=1,2026-09-04T13:21:41Z
HK_2001_B377,2006-03-22,473,4,42.0,42,https://racing.hkjc.com/en-us/local/information/otherhorse?horseid=HK_2001_B377&Option=1,2026-09-04T13:21:41Z
HK_2001_B377,2006-04-01,500,4,42.0,42,https://racing.hkjc.com/en-us/local/information/otherhorse?horseid=HK_2001_B377&Option=1,2026-09-04T13:21:41Z
HK_2001_B377,2006-04-08,510,4,42.0,42,https://racing.hkjc.com/en-us/local/information/otherhorse?horseid=HK_2001_B377&Option=1,2026-09-04T13:21:41Z
HK_2001_B377,2006-04-19,539,4,42.0,47,https://racing.hkjc.com/en-us/local/information/otherhorse?horseid=HK_2001_B377&Option=1,2026-09-04T13:21:41Z
HK_2001_B377,2006-05-10,592,4,47.0,47,https://racing.hkjc.com/en-us/local/information/otherhorse?horseid=HK_2001_B377&Option=1,2026-09-04T13:21:41Z
HK_2001_B377,2006-06-07,656,4,47.0,47,https://racing.hkjc.com/en-us/local/information/otherhorse?horseid=HK_2001_B377&Option=1,2026-09-04T13:21:41Z
HK_2001_B377,2006-06-25,685,4,47.0,53,https://racing.hkjc.com/en-us/local/information/otherhorse?horseid=HK_2001_B377&Option=1,2026-09-04T13:21:41Z
HK_2001_B377,2006-07-02,700,4,53.0,52,https://racing.hkjc.com/en-us/local/information/otherhorse?horseid=HK_2001_B377&Option=1,2026-09-04T13:21:41Z
HK_2001_B377,2006-09-16,14,4,52.0,52,https://racing.hkjc.com/en-us/local/information/otherhorse?horseid=HK_2001_B377&Option=1,2026-09-04T13:21:41Z
HK_2001_B377,2006-09-27,43,4,52.0,52,https://racing.hkjc.com/en-us/local/information/otherhorse?horseid=HK_2001_B377&Option=1,2026-09-04T13:21:41Z
HK_2001_B377,2006-10-01,48,4,52.0,49,https://racing.hkjc.com/en-us/local/information/otherhorse?horseid=HK_2001_B377&Option=1,2026-09-04T13:21:41Z
HK_2001_B377,2006-12-06,211,4,49.0,47,https://racing.hkjc.com/en-us/local/information/otherhorse?horseid=HK_2001_B377&Option=1,2026-09-04T13:21:41Z
HK_2001_B377,2006-12-26,268,4,47.0,45,https://racing.hkjc.com/en-us/local/information/otherhorse?horseid=HK_2001_B377&Option=1,2026-09-04T13:21:41Z
HK_2001_B377,2007-01-01,275,4,45.0,43,https://racing.hkjc.com/en-us/local/information/otherhorse?horseid=HK_2001_B377&Option=1,2026-09-04T13:21:41Z
HK_2001_B377,2007-01-07,287,4,43.0,41,https://racing.hkjc.com/en-us/local/information/otherhorse?horseid=HK_2001_B377&Option=1,2026-09-04T13:21:41Z
HK_2001_B377,2007-01-14,306,4,41.0,39,https://racing.hkjc.com/en-us/local/information/otherhorse?horseid=HK_2001_B377&Option=1,2026-09-04T13:21:41Z
HK_2001_B377,2007-01-28,338,5,39.0,37,https://racing.hkjc.com/en-us/local/information/otherhorse?horseid=HK_2001_B377&Option=1,2026-09-04T13:21:41Z
HK_2001_B377,2007-03-07,431,5,37.0,35,https://racing.hkjc.com/en-us/local/information/otherhorse?horseid=HK_2001_B377&Option=1,2026-09-04T13:21:41Z
HK_2001_B377,2007-03-14,451,5,35.0,34,https://racing.hkjc.com/en-us/local/information/otherhorse?horseid=HK_2001_B377&Option=1,2026-09-04T13:21:41Z
HK_2001_B377,2007-04-25,545,5,34.0,32,https://racing.hkjc.com/en-us/local/information/otherhorse?horseid=HK_2001_B377&Option=1,2026-09-04T13:21:41Z
HK_2001_B377,2007-05-06,574,5,32.0,30,https://racing.hkjc.com/en-us/local/information/otherhorse?horseid=HK_2001_B377&Option=1,2026-09-04T13:21:41Z
HK_2001_B377,2007-05-16,606,5,30.0,30,https://racing.hkjc.com/en-us/local/information/otherhorse?horseid=HK_2001_B377&Option=1,2026-09-04T13:21:41Z
HK_2001_B377,2007-06-06,660,5,30.0,29,https://racing.hkjc.com/en-us/local/information/otherhorse?horseid=HK_2001_B377&Option=1,2026-09-04T13:21:41Z
HK_2001_B377,2007-06-24,698,5,29.0,28,https://racing.hkjc.com/en-us/local/information/otherhorse?horseid=HK_2001_B377&Option=1,2026-09-04T13:21:41Z
HK_2002_C008,2003-01-01,289,3,71,76,https://racing.hkjc.com/en-us/local/information/otherhorse?horseid=HK_2002_C008&Option=1,2026-09-04T13:29:40Z
HK_2002_C008,2003-01-19,340,2,76,83,https://racing.hkjc.com/en-us/local/information/otherhorse?horseid=HK_2002_C008&Option=1,2026-09-04T13:29:40Z
HK_2002_C008,2003-02-03,367,2,83,88,https://racing.hkjc.com/en-us/local/information/otherhorse?horseid=HK_2002_C008&Option=1,2026-09-04T13:29:40Z
HK_2002_C008,2003-02-16,398,2,88,93,https://racing.hkjc.com/en-us/local/information/otherhorse?horseid=HK_2002_C008&Option=1,2026-09-04T13:29:40Z
HK_2002_C008,2003-02-23,415,1,93,94,https://racing.hkjc.com/en-us/local/information/otherhorse?horseid=HK_2002_C008&Option=1,2026-09-04T13:29:40Z
HK_2002_C008,2003-03-09,444,1,94,91,https://racing.hkjc.com/en-us/local/information/otherhorse?horseid=HK_2002_C008&Option=1,2026-09-04T13:29:40Z
HK_2002_C008,2003-11-15,191,2,91,92,https://racing.hkjc.com/en-us/local/information/otherhorse?horseid=HK_2002_C008&Option=1,2026-09-04T13:29:40Z
HK_2002_C008,2003-12-14,258,1,92,100,https://racing.hkjc.com/en-us/local/information/otherhorse?horseid=HK_2002_C008&Option=1,2026-09-04T13:29:40Z
HK_2002_C008,2004-01-01,299,GROUP-3,100,104,https://racing.hkjc.com/en-us/local/information/otherhorse?horseid=HK_2002_C008&Option=1,2026-09-04T13:29:40Z
HK_2002_C008,2004-01-24,355,1,104,107,https://racing.hkjc.com/en-us/local/information/otherhorse?horseid=HK_2002_C008&Option=1,2026-09-04T13:29:40Z
HK_2002_C008,2004-02-07,389,1,107,113,https://racing.hkjc.com/en-us/local/information/otherhorse?horseid=HK_2002_C008&Option=1,2026-09-04T13:29:40Z
HK_2002_C008,2004-02-22,420,1,113,115,https://racing.hkjc.com/en-us/local/information/otherhorse?horseid=HK_2002_C008&Option=1,2026-09-04T13:29:40Z
HK_2002_C008,2004-03-07,443,P,115,120,https://racing.hkjc.com/en-us/local/information/otherhorse?horseid=HK_2002_C008&Option=1,2026-09-04T13:29:40Z
HK_2002_C008,2004-03-21,481,3YO+,120,120,https://racing.hkjc.com/en-us/local/information/otherhorse?horseid=HK_2002_C008&Option=1,2026-09-04T13:29:40Z
HK_2002_C008,2004-04-03,509,P,120,120,https://racing.hkjc.com/en-us/local/information/otherhorse?horseid=HK_2002_C008&Option=1,2026-09-04T13:29:40Z
HK_2002_C008,2004-05-01,570,3YO+,120,117,https://racing.hkjc.com/en-us/local/information/otherhorse?horseid=HK_2002_C008&Option=1,2026-09-04T13:29:40Z
HK_2002_C008,2005-02-27,426,1,117,119,https://racing.hkjc.com/en-us/local/information/otherhorse?horseid=HK_2002_C008&Option=1,2026-09-04T13:29:40Z
HK_2002_C008,2005-03-19,480,3YO+,119,119,https://racing.hkjc.com/en-us/local/information/otherhorse?horseid=HK_2002_C008&Option=1,2026-09-04T13:29:40Z
HK_2002_C008,2005-04-03,507,3YO+,119,118,https://racing.hkjc.com/en-us/local/information/otherhorse?horseid=HK_2002_C008&Option=1,2026-09-04T13:29:40Z
HK_2002_C008,2005-04-24,561,3YO+,118,116,https://racing.hkjc.com/en-us/local/information/otherhorse?horseid=HK_2002_C008&Option=1,2026-09-04T13:29:40Z
HK_2002_C008,2005-05-14,610,1,116,112,https://racing.hkjc.com/en-us/local/information/otherhorse?horseid=HK_2002_C008&Option=1,2026-09-04T13:29:40Z
HK_2002_C008,2005-10-02,69,P,112,112,https://racing.hkjc.com/en-us/local/information/otherhorse?horseid=HK_2002_C008&Option=1,2026-09-04T13:29:40Z
HK_2002_C008,2005-10-16,97,GROUP-3,112,110,https://racing.hkjc.com/en-us/local/information/otherhorse?horseid=HK_2002_C008&Option=1,2026-09-04T13:29:40Z
HK_2002_C008,2005-10-30,130,1,110,108,https://racing.hkjc.com/en-us/local/information/otherhorse?horseid=HK_2002_C008&Option=1,2026-09-04T13:29:40Z
HK_2002_C008,2005-11-05,150,1,108,114,https://racing.hkjc.com/en-us/local/information/otherhorse?horseid=HK_2002_C008&Option=1,2026-09-04T13:29:40Z
HK_2002_C008,2005-11-20,187,3YO+,114,114,https://racing.hkjc.com/en-us/local/information/otherhorse?horseid=HK_2002_C008&Option=1,2026-09-04T13:29:40Z
HK_2002_C008,2005-12-11,241,1,114,114,https://racing.hkjc.com/en-us/local/information/otherhorse?horseid=HK_2002_C008&Option=1,2026-09-04T13:29:40Z
HK_2002_C008,2006-01-01,284,GROUP-3,114,113,https://racing.hkjc.com/en-us/local/information/otherhorse?horseid=HK_2002_C008&Option=1,2026-09-04T13:29:40Z
HK_2002_C008,2006-01-31,356,1,113,112,https://racing.hkjc.com/en-us/local/information/otherhorse?horseid=HK_2002_C008&Option=1,2026-09-04T13:29:40Z
HK_2002_C008,2006-02-11,386,P,112,110,https://racing.hkjc.com/en-us/local/information/otherhorse?horseid=HK_2002_C008&Option=1,2026-09-04T13:29:40Z
HK_2002_C008,2006-02-26,419,1,110,110,https://racing.hkjc.com/en-us/local/information/otherhorse?horseid=HK_2002_C008&Option=1,2026-09-04T13:29:40Z
HK_2002_C008,2006-03-19,468,3YO+,110,110,https://racing.hkjc.com/en-us/local/information/otherhorse?horseid=HK_2002_C008&Option=1,2026-09-04T13:29:40Z
HK_2002_C008,2006-03-26,484,1,110,109,https://racing.hkjc.com/en-us/local/information/otherhorse?horseid=HK_2002_C008&Option=1,2026-09-04T13:29:40Z
HK_2002_C008,2006-05-13,605,1,109,107,https://racing.hkjc.com/en-us/local/information/otherhorse?horseid=HK_2002_C008&Option=1,2026-09-04T13:29:40Z
HK_2002_C008,2006-06-04,651,1,107,105,https://racing.hkjc.com/en-us/local/information/otherhorse?horseid=HK_2002_C008&Option=1,2026-09-04T13:29:40Z
HK_2002_C009,2002-11-16,187,1,93,94,https://racing.hkjc.com/en-us/local/information/otherhorse?horseid=HK_2002_C009&Option=1,2026-09-04T13:33:00Z
HK_2002_C009,2002-12-21,273,1,94,101,https://racing.hkjc.com/en-us/local/information/otherhorse?horseid=HK_2002_C009&Option=1,2026-09-04T13:33:00Z
HK_2002_C009,2003-01-19,336,1,101,106,https://racing.hkjc.com/en-us/local/information/otherhorse?horseid=HK_2002_C009&Option=1,2026-09-04T13:33:00Z
HK_2002_C009,2003-02-03,364,P,106,111,https://racing.hkjc.com/en-us/local/information/otherhorse?horseid=HK_2002_C009&Option=1,2026-09-04T13:33:00Z
HK_2002_C009,2003-04-06,516,P,111,114,https://racing.hkjc.com/en-us/local/information/otherhorse?horseid=HK_2002_C009&Option=1,2026-09-04T13:33:00Z
HK_2002_C009,2003-04-27,559,3YO+,114,114,https://racing.hkjc.com/en-us/local/information/otherhorse?horseid=HK_2002_C009&Option=1,2026-09-04T13:33:00Z
HK_2002_C009,2003-05-24,634,3YO+,114,110,https://racing.hkjc.com/en-us/local/information/otherhorse?horseid=HK_2002_C009&Option=1,2026-09-04T13:33:00Z
HK_2002_C009,2003-10-19,118,GROUP-3,110,110,https://racing.hkjc.com/en-us/local/information/otherhorse?horseid=HK_2002_C009&Option=1,2026-09-04T13:33:00Z
HK_2002_C009,2003-11-15,188,3YO+,110,113,https://racing.hkjc.com/en-us/local/information/otherhorse?horseid=HK_2002_C009&Option=1,2026-09-04T13:33:00Z
HK_2002_C009,2004-01-24,353,GROUP-3,113,113,https://racing.hkjc.com/en-us/local/information/otherhorse?horseid=HK_2002_C009&Option=1,2026-09-04T13:33:00Z
HK_2002_C009,2004-02-22,421,3YO+,113,113,https://racing.hkjc.com/en-us/local/information/otherhorse?horseid=HK_2002_C009&Option=1,2026-09-04T13:33:00Z
HK_2002_C009,2004-03-21,482,4YO,113,113,https://racing.hkjc.com/en-us/local/information/otherhorse?horseid=HK_2002_C009&Option=1,2026-09-04T13:33:00Z
HK_2002_C009,2004-04-03,509,P,113,111,https://racing.hkjc.com/en-us/local/information/otherhorse?horseid=HK_2002_C009&Option=1,2026-09-04T13:33:00Z
HK_2002_C009,2004-10-17,101,GROUP-3,111,111,https://racing.hkjc.com/en-us/local/information/otherhorse?horseid=HK_2002_C009&Option=1,2026-09-04T13:33:00Z
HK_2002_C009,2004-11-06,153,1,111,110,https://racing.hkjc.com/en-us/local/information/otherhorse?horseid=HK_2002_C009&Option=1,2026-09-04T13:33:00Z
HK_2002_C009,2004-11-28,209,1,110,111,https://racing.hkjc.com/en-us/local/information/otherhorse?horseid=HK_2002_C009&Option=1,2026-09-04T13:33:00Z
HK_2002_C009,2004-12-12,245,1,111,111,https://racing.hkjc.com/en-us/local/information/otherhorse?horseid=HK_2002_C009&Option=1,2026-09-04T13:33:00Z
HK_2002_C009,2005-01-01,290,GROUP-3,111,110,https://racing.hkjc.com/en-us/local/information/otherhorse?horseid=HK_2002_C009&Option=1,2026-09-04T13:33:00Z
HK_2002_C009,2005-01-30,359,4YO+,110,109,https://racing.hkjc.com/en-us/local/information/otherhorse?horseid=HK_2002_C009&Option=1,2026-09-04T13:33:00Z
HK_2002_C009,2005-02-27,426,1,109,107,https://racing.hkjc.com/en-us/local/information/otherhorse?horseid=HK_2002_C009&Option=1,2026-09-04T13:33:00Z
HK_2002_C009,2005-04-09,527,1,107,105,https://racing.hkjc.com/en-us/local/information/otherhorse?horseid=HK_2002_C009&Option=1,2026-09-04T13:33:00Z
HK_2002_C009,2005-04-24,563,1,105,105,https://racing.hkjc.com/en-us/local/information/otherhorse?horseid=HK_2002_C009&Option=1,2026-09-04T13:33:00Z
HK_2002_C009,2005-05-29,635,1,105,103,https://racing.hkjc.com/en-us/local/information/otherhorse?horseid=HK_2002_C009&Option=1,2026-09-04T13:33:00Z
HK_2002_C009,2005-10-09,86,GROUP-3,103,103,https://racing.hkjc.com/en-us/local/information/otherhorse?horseid=HK_2002_C009&Option=1,2026-09-04T13:33:00Z
HK_2002_C009,2005-10-30,132,P,103,101,https://racing.hkjc.com/en-us/local/information/otherhorse?horseid=HK_2002_C009&Option=1,2026-09-04T13:33:00Z
HK_2002_C009,2005-11-27,205,1,101,99,https://racing.hkjc.com/en-us/local/information/otherhorse?horseid=HK_2002_C009&Option=1,2026-09-04T13:33:00Z
HK_2002_C009,2005-12-03,224,2,99,97,https://racing.hkjc.com/en-us/local/information/otherhorse?horseid=HK_2002_C009&Option=1,2026-09-04T13:33:00Z
HK_2002_C009,2006-01-01,286,2,97,97,https://racing.hkjc.com/en-us/local/information/otherhorse?horseid=HK_2002_C009&Option=1,2026-09-04T13:33:00Z
HK_2002_C021,2002-12-07,233,4,52,52,https://racing.hkjc.com/en-us/local/information/otherhorse?horseid=HK_2002_C021&Option=1,2026-09-04T13:27:27Z
HK_2002_C021,2003-01-11,318,4,52,51,https://racing.hkjc.com/en-us/local/information/otherhorse?horseid=HK_2002_C021&Option=1,2026-09-04T13:27:27Z
HK_2002_C021,2003-03-09,440,3,51,53,https://racing.hkjc.com/en-us/local/information/otherhorse?horseid=HK_2002_C021&Option=1,2026-09-04T13:27:27Z
HK_2002_C021,2003-03-29,492,4,53,53,https://racing.hkjc.com/en-us/local/information/otherhorse?horseid=HK_2002_C021&Option=1,2026-09-04T13:27:27Z
HK_2002_C021,2003-05-01,570,3,53,53,https://racing.hkjc.com/en-us/local/information/otherhorse?horseid=HK_2002_C021&Option=1,2026-09-04T13:27:27Z
HK_2002_C021,2003-05-28,639,4,53,50,https://racing.hkjc.com/en-us/local/information/otherhorse?horseid=HK_2002_C021&Option=1,2026-09-04T13:27:27Z
HK_2002_C021,2003-09-10,23,4,50,50,https://racing.hkjc.com/en-us/local/information/otherhorse?horseid=HK_2002_C021&Option=1,2026-09-04T13:27:27Z
HK_2002_C021,2003-10-08,92,4,50,50,https://racing.hkjc.com/en-us/local/information/otherhorse?horseid=HK_2002_C021&Option=1,2026-09-04T13:27:27Z
HK_2002_C021,2003-11-08,167,4,50,48,https://racing.hkjc.com/en-us/local/information/otherhorse?horseid=HK_2002_C021&Option=1,2026-09-04T13:27:27Z
HK_2002_C021,2003-12-17,267,4,48,45,https://racing.hkjc.com/en-us/local/information/otherhorse?horseid=HK_2002_C021&Option=1,2026-09-04T13:27:27Z
HK_2002_C021,2004-01-10,323,4,45,44,https://racing.hkjc.com/en-us/local/information/otherhorse?horseid=HK_2002_C021&Option=1,2026-09-04T13:27:27Z
HK_2002_C021,2004-03-07,445,4,44,44,https://racing.hkjc.com/en-us/local/information/otherhorse?horseid=HK_2002_C021&Option=1,2026-09-04T13:27:27Z
HK_2002_C021,2004-04-03,504,4,44,44,https://racing.hkjc.com/en-us/local/information/otherhorse?horseid=HK_2002_C021&Option=1,2026-09-04T13:27:27Z
HK_2002_C021,2004-04-28,557,4,44,46,https://racing.hkjc.com/en-us/local/information/otherhorse?horseid=HK_2002_C021&Option=1,2026-09-04T13:27:27Z
HK_2002_C021,2004-05-30,638,4,46,50,https://racing.hkjc.com/en-us/local/information/otherhorse?horseid=HK_2002_C021&Option=1,2026-09-04T13:27:27Z
HK_2002_C021,2004-09-25,49,4,50,50,https://racing.hkjc.com/en-us/local/information/otherhorse?horseid=HK_2002_C021&Option=1,2026-09-04T13:27:27Z
HK_2002_C021,2004-10-03,67,4,50,48,https://racing.hkjc.com/en-us/local/information/otherhorse?horseid=HK_2002_C021&Option=1,2026-09-04T13:27:27Z
HK_2002_C021,2004-10-23,117,4,48,45,https://racing.hkjc.com/en-us/local/information/otherhorse?horseid=HK_2002_C021&Option=1,2026-09-04T13:27:27Z
HK_2002_C021,2004-11-21,187,4,45,44,https://racing.hkjc.com/en-us/local/information/otherhorse?horseid=HK_2002_C021&Option=1,2026-09-04T13:27:27Z
HK_2002_C021,2004-12-04,226,4,44,44,https://racing.hkjc.com/en-us/local/information/otherhorse?horseid=HK_2002_C021&Option=1,2026-09-04T13:27:27Z
HK_2002_C021,2005-01-01,285,4,44,47,https://racing.hkjc.com/en-us/local/information/otherhorse?horseid=HK_2002_C021&Option=1,2026-09-04T13:27:27Z
HK_2002_C021,2005-01-16,322,4,47,47,https://racing.hkjc.com/en-us/local/information/otherhorse?horseid=HK_2002_C021&Option=1,2026-09-04T13:27:27Z
HK_2002_C021,2005-01-23,339,4,47,47,https://racing.hkjc.com/en-us/local/information/otherhorse?horseid=HK_2002_C021&Option=1,2026-09-04T13:27:27Z
HK_2002_C021,2005-02-20,401,4,47,47,https://racing.hkjc.com/en-us/local/information/otherhorse?horseid=HK_2002_C021&Option=1,2026-09-04T13:27:27Z
HK_2002_C021,2005-03-05,442,4,47,46,https://racing.hkjc.com/en-us/local/information/otherhorse?horseid=HK_2002_C021&Option=1,2026-09-04T13:27:27Z
HK_2002_C021,2005-03-16,466,4,46,45,https://racing.hkjc.com/en-us/local/information/otherhorse?horseid=HK_2002_C021&Option=1,2026-09-04T13:27:27Z
HK_2002_C021,2005-04-13,531,4,45,44,https://racing.hkjc.com/en-us/local/information/otherhorse?horseid=HK_2002_C021&Option=1,2026-09-04T13:27:27Z
HK_2002_C021,2005-05-14,605,4,44,49,https://racing.hkjc.com/en-us/local/information/otherhorse?horseid=HK_2002_C021&Option=1,2026-09-04T13:27:27Z
HK_2002_C021,2005-05-29,632,4,49,49,https://racing.hkjc.com/en-us/local/information/otherhorse?horseid=HK_2002_C021&Option=1,2026-09-04T13:27:27Z
HK_2002_C021,2005-06-26,698,4,49,49,https://racing.hkjc.com/en-us/local/information/otherhorse?horseid=HK_2002_C021&Option=1,2026-09-04T13:27:27Z
HK_2002_C021,2005-09-04,4,4,49,49,https://racing.hkjc.com/en-us/local/information/otherhorse?horseid=HK_2002_C021&Option=1,2026-09-04T13:27:27Z
HK_2002_C021,2005-09-24,46,4,49,48,https://racing.hkjc.com/en-us/local/information/otherhorse?horseid=HK_2002_C021&Option=1,2026-09-04T13:27:27Z
HK_2002_C021,2005-11-05,149,4,48,47,https://racing.hkjc.com/en-us/local/information/otherhorse?horseid=HK_2002_C021&Option=1,2026-09-04T13:27:27Z
HK_2002_C021,2005-11-27,201,4,47,45,https://racing.hkjc.com/en-us/local/information/otherhorse?horseid=HK_2002_C021&Option=1,2026-09-04T13:27:27Z
HK_2002_C021,2006-01-01,282,4,45,43,https://racing.hkjc.com/en-us/local/information/otherhorse?horseid=HK_2002_C021&Option=1,2026-09-04T13:27:27Z
HK_2002_C021,2006-01-22,336,4,43,45,https://racing.hkjc.com/en-us/local/information/otherhorse?horseid=HK_2002_C021&Option=1,2026-09-04T13:27:27Z
HK_2002_C021,2006-02-05,364,4,45,46,https://racing.hkjc.com/en-us/local/information/otherhorse?horseid=HK_2002_C021&Option=1,2026-09-04T13:27:27Z
HK_2002_C021,2006-02-26,420,4,46,46,https://racing.hkjc.com/en-us/local/information/otherhorse?horseid=HK_2002_C021&Option=1,2026-09-04T13:27:27Z
HK_2002_C021,2006-03-26,482,4,46,45,https://racing.hkjc.com/en-us/local/information/otherhorse?horseid=HK_2002_C021&Option=1,2026-09-04T13:27:27Z
HK_2002_C021,2006-04-08,512,4,45,44,https://racing.hkjc.com/en-us/local/information/otherhorse?horseid=HK_2002_C021&Option=1,2026-09-04T13:27:27Z
HK_2002_C021,2006-04-26,556,4,44,42,https://racing.hkjc.com/en-us/local/information/otherhorse?horseid=HK_2002_C021&Option=1,2026-09-04T13:27:27Z
HK_2002_C021,2006-05-13,603,4,42,40,https://racing.hkjc.com/en-us/local/information/otherhorse?horseid=HK_2002_C021&Option=1,2026-09-04T13:27:27Z
HK_2002_C021,2006-06-07,654,4,40,34,https://racing.hkjc.com/en-us/local/information/otherhorse?horseid=HK_2002_C021&Option=1,2026-09-04T13:27:27Z
HK_2002_C021,2006-11-29,194,5,34,34,https://racing.hkjc.com/en-us/local/information/otherhorse?horseid=HK_2002_C021&Option=1,2026-09-04T13:27:27Z
HK_2002_C021,2007-01-14,303,5,34,35,https://racing.hkjc.com/en-us/local/information/otherhorse?horseid=HK_2002_C021&Option=1,2026-09-04T13:27:27Z
HK_2002_C021,2007-01-20,321,5,35,35,https://racing.hkjc.com/en-us/local/information/otherhorse?horseid=HK_2002_C021&Option=1,2026-09-04T13:27:27Z
HK_2002_C021,2007-02-10,376,5,35,36,https://racing.hkjc.com/en-us/local/information/otherhorse?horseid=HK_2002_C021&Option=1,2026-09-04T13:27:27Z
HK_2002_C021,2007-02-20,395,5,36,36,https://racing.hkjc.com/en-us/local/information/otherhorse?horseid=HK_2002_C021&Option=1,2026-09-04T13:27:27Z
HK_2002_C021,2007-04-14,517,5,36,35,https://racing.hkjc.com/en-us/local/information/otherhorse?horseid=HK_2002_C021&Option=1,2026-09-04T13:27:27Z
HK_2002_C021,2007-05-01,564,5,35,35,https://racing.hkjc.com/en-us/local/information/otherhorse?horseid=HK_2002_C021&Option=1,2026-09-04T13:27:27Z
HK_2002_C021,2007-05-20,613,5,35,33,https://racing.hkjc.com/en-us/local/information/otherhorse?horseid=HK_2002_C021&Option=1,2026-09-04T13:27:27Z
HK_2002_C021,2007-05-27,634,5,33,31,https://racing.hkjc.com/en-us/local/information/otherhorse?horseid=HK_2002_C021&Option=1,2026-09-04T13:27:27Z
HK_2002_C021,2007-06-17,690,5,31,27,https://racing.hkjc.com/en-us/local/information/otherhorse?horseid=HK_2002_C021&Option=1,2026-09-04T13:27:27Z
HK_2002_C021,2007-09-12,13,5,27,27,https://racing.hkjc.com/en-us/local/information/otherhorse?horseid=HK_2002_C021&Option=1,2026-09-04T13:27:27Z
HK_2002_C021,2007-09-26,50,5,27,27,https://racing.hkjc.com/en-us/local/information/otherhorse?horseid=HK_2002_C021&Option=1,2026-09-04T13:27:27Z
HK_2002_C021,2007-10-17,88,5,27,26,https://racing.hkjc.com/en-us/local/information/otherhorse?horseid=HK_2002_C021&Option=1,2026-09-04T13:27:27Z
HK_2002_C021,2007-10-31,127,5,26,24,https://racing.hkjc.com/en-us/local/information/otherhorse?horseid=HK_2002_C021&Option=1,2026-09-04T13:27:27Z
HK_2002_C021,2007-11-28,200,5,24,22,https://racing.hkjc.com/en-us/local/information/otherhorse?horseid=HK_2002_C021&Option=1,2026-09-04T13:27:27Z
HK_2002_C021,2007-12-12,234,5,22,20,https://racing.hkjc.com/en-us/local/information/otherhorse?horseid=HK_2002_C021&Option=1,2026-09-04T13:27:27Z
HK_2002_C046,2003-03-19,463,4,52,52,https://racing.hkjc.com/en-us/local/information/otherhorse?horseid=HK_2002_C046&Option=1,2026-09-04T13:29:01Z
HK_2002_C046,2003-04-06,509,4,52,49,https://racing.hkjc.com/en-us/local/information/otherhorse?horseid=HK_2002_C046&Option=1,2026-09-04T13:29:01Z
HK_2002_C046,2003-05-04,574,4,49,50,https://racing.hkjc.com/en-us/local/information/otherhorse?horseid=HK_2002_C046&Option=1,2026-09-04T13:29:01Z
HK_2002_C046,2003-05-24,629,4,50,46,https://racing.hkjc.com/en-us/local/information/otherhorse?horseid=HK_2002_C046&Option=1,2026-09-04T13:29:01Z
HK_2002_C046,2003-09-10,20,4,46,46,https://racing.hkjc.com/en-us/local/information/otherhorse?horseid=HK_2002_C046&Option=1,2026-09-04T13:29:01Z
HK_2002_C046,2003-10-11,103,4,46,44,https://racing.hkjc.com/en-us/local/information/otherhorse?horseid=HK_2002_C046&Option=1,2026-09-04T13:29:01Z
HK_2002_C046,2003-11-04,158,4,44,42,https://racing.hkjc.com/en-us/local/information/otherhorse?horseid=HK_2002_C046&Option=1,2026-09-04T13:29:01Z
HK_2002_C046,2003-11-26,214,4,42,40,https://racing.hkjc.com/en-us/local/information/otherhorse?horseid=HK_2002_C046&Option=1,2026-09-04T13:29:01Z
HK_2002_C046,2003-12-26,281,5,40,39,https://racing.hkjc.com/en-us/local/information/otherhorse?horseid=HK_2002_C046&Option=1,2026-09-04T13:29:01Z
HK_2002_C046,2004-01-04,302,5,39,45,https://racing.hkjc.com/en-us/local/information/otherhorse?horseid=HK_2002_C046&Option=1,2026-09-04T13:29:01Z
HK_2002_C046,2004-01-24,352,4,45,45,https://racing.hkjc.com/en-us/local/information/otherhorse?horseid=HK_2002_C046&Option=1,2026-09-04T13:29:01Z
HK_2002_C046,2004-02-01,369,4,45,45,https://racing.hkjc.com/en-us/local/information/otherhorse?horseid=HK_2002_C046&Option=1,2026-09-04T13:29:01Z
HK_2002_C046,2004-02-18,410,4,45,48,https://racing.hkjc.com/en-us/local/information/otherhorse?horseid=HK_2002_C046&Option=1,2026-09-04T13:29:01Z
HK_2002_C046,2004-03-10,453,4,48,48,https://racing.hkjc.com/en-us/local/information/otherhorse?horseid=HK_2002_C046&Option=1,2026-09-04T13:29:01Z
HK_2002_C046,2004-03-24,489,4,48,48,https://racing.hkjc.com/en-us/local/information/otherhorse?horseid=HK_2002_C046&Option=1,2026-09-04T13:29:01Z
HK_2002_C046,2004-04-17,533,4,48,48,https://racing.hkjc.com/en-us/local/information/otherhorse?horseid=HK_2002_C046&Option=1,2026-09-04T13:29:01Z
HK_2002_C046,2004-05-05,577,4,48,45,https://racing.hkjc.com/en-us/local/information/otherhorse?horseid=HK_2002_C046&Option=1,2026-09-04T13:29:01Z
HK_2002_C046,2004-09-08,16,4,45,45,https://racing.hkjc.com/en-us/local/information/otherhorse?horseid=HK_2002_C046&Option=1,2026-09-04T13:29:01Z
HK_2002_C046,2004-09-25,47,4,45,47,https://racing.hkjc.com/en-us/local/information/otherhorse?horseid=HK_2002_C046&Option=1,2026-09-04T13:29:01Z
HK_2002_C046,2004-10-03,70,4,47,53,https://racing.hkjc.com/en-us/local/information/otherhorse?horseid=HK_2002_C046&Option=1,2026-09-04T13:29:01Z
HK_2002_C046,2004-10-17,97,4,53,53,https://racing.hkjc.com/en-us/local/information/otherhorse?horseid=HK_2002_C046&Option=1,2026-09-04T13:29:01Z
HK_2002_C046,2004-10-27,126,4,53,61,https://racing.hkjc.com/en-us/local/information/otherhorse?horseid=HK_2002_C046&Option=1,2026-09-04T13:29:01Z
HK_2002_C046,2004-11-14,173,3,61,69,https://racing.hkjc.com/en-us/local/information/otherhorse?horseid=HK_2002_C046&Option=1,2026-09-04T13:29:01Z
HK_2002_C046,2004-11-28,205,3,69,69,https://racing.hkjc.com/en-us/local/information/otherhorse?horseid=HK_2002_C046&Option=1,2026-09-04T13:29:01Z
HK_2002_C046,2004-12-15,253,3,69,69,https://racing.hkjc.com/en-us/local/information/otherhorse?horseid=HK_2002_C046&Option=1,2026-09-04T13:29:01Z
HK_2002_C046,2005-01-01,287,3,69,76,https://racing.hkjc.com/en-us/local/information/otherhorse?horseid=HK_2002_C046&Option=1,2026-09-04T13:29:01Z
HK_2002_C046,2005-01-08,309,2,76,79,https://racing.hkjc.com/en-us/local/information/otherhorse?horseid=HK_2002_C046&Option=1,2026-09-04T13:29:01Z
HK_2002_C046,2005-01-30,363,3,79,79,https://racing.hkjc.com/en-us/local/information/otherhorse?horseid=HK_2002_C046&Option=1,2026-09-04T13:29:01Z
HK_2002_C046,2005-03-09,451,2,79,79,https://racing.hkjc.com/en-us/local/information/otherhorse?horseid=HK_2002_C046&Option=1,2026-09-04T13:29:01Z
HK_2002_C046,2005-03-19,479,3,79,78,https://racing.hkjc.com/en-us/local/information/otherhorse?horseid=HK_2002_C046&Option=1,2026-09-04T13:29:01Z
HK_2002_C046,2005-04-03,510,2,78,77,https://racing.hkjc.com/en-us/local/information/otherhorse?horseid=HK_2002_C046&Option=1,2026-09-04T13:29:01Z
HK_2002_C046,2005-04-24,555,3,77,76,https://racing.hkjc.com/en-us/local/information/otherhorse?horseid=HK_2002_C046&Option=1,2026-09-04T13:29:01Z
HK_2002_C046,2005-06-05,655,3,76,74,https://racing.hkjc.com/en-us/local/information/otherhorse?horseid=HK_2002_C046&Option=1,2026-09-04T13:29:01Z
HK_2002_C046,2005-09-04,8,3,74,74,https://racing.hkjc.com/en-us/local/information/otherhorse?horseid=HK_2002_C046&Option=1,2026-09-04T13:29:01Z
HK_2002_C046,2005-10-16,99,3,74,72,https://racing.hkjc.com/en-us/local/information/otherhorse?horseid=HK_2002_C046&Option=1,2026-09-04T13:29:01Z
HK_2002_C046,2005-11-20,184,3,72,70,https://racing.hkjc.com/en-us/local/information/otherhorse?horseid=HK_2002_C046&Option=1,2026-09-04T13:29:01Z
HK_2002_C046,2005-12-11,238,3,70,68,https://racing.hkjc.com/en-us/local/information/otherhorse?horseid=HK_2002_C046&Option=1,2026-09-04T13:29:01Z
HK_2002_C046,2006-01-01,283,3,68,66,https://racing.hkjc.com/en-us/local/information/otherhorse?horseid=HK_2002_C046&Option=1,2026-09-04T13:29:01Z
HK_2002_C046,2006-01-31,352,3,66,63,https://racing.hkjc.com/en-us/local/information/otherhorse?horseid=HK_2002_C046&Option=1,2026-09-04T13:29:01Z
HK_2002_C046,2006-02-19,402,3,63,61,https://racing.hkjc.com/en-us/local/information/otherhorse?horseid=HK_2002_C046&Option=1,2026-09-04T13:29:01Z
HK_2002_C046,2006-03-01,431,3,61,59,https://racing.hkjc.com/en-us/local/information/otherhorse?horseid=HK_2002_C046&Option=1,2026-09-04T13:29:01Z
HK_2002_C046,2006-03-15,456,4,59,56,https://racing.hkjc.com/en-us/local/information/otherhorse?horseid=HK_2002_C046&Option=1,2026-09-04T13:29:01Z
HK_2002_C056,2003-02-03,361,4,52,52,https://racing.hkjc.com/en-us/local/information/otherhorse?horseid=HK_2002_C056&Option=1,2026-09-04T13:26:51Z
HK_2002_C056,2003-03-01,429,4,52,50,https://racing.hkjc.com/en-us/local/information/otherhorse?horseid=HK_2002_C056&Option=1,2026-09-04T13:26:51Z
HK_2002_C056,2003-03-29,493,4,50,48,https://racing.hkjc.com/en-us/local/information/otherhorse?horseid=HK_2002_C056&Option=1,2026-09-04T13:26:51Z
HK_2002_C056,2003-05-04,576,4,48,49,https://racing.hkjc.com/en-us/local/information/otherhorse?horseid=HK_2002_C056&Option=1,2026-09-04T13:26:51Z
HK_2002_C056,2003-06-01,649,4,49,49,https://racing.hkjc.com/en-us/local/information/otherhorse?horseid=HK_2002_C056&Option=1,2026-09-04T13:26:51Z
HK_2002_C056,2003-06-22,704,4,49,47,https://racing.hkjc.com/en-us/local/information/otherhorse?horseid=HK_2002_C056&Option=1,2026-09-04T13:26:51Z
HK_2002_C056,2003-09-06,14,4,47,47,https://racing.hkjc.com/en-us/local/information/otherhorse?horseid=HK_2002_C056&Option=1,2026-09-04T13:26:51Z
HK_2002_C056,2003-09-21,47,4,47,45,https://racing.hkjc.com/en-us/local/information/otherhorse?horseid=HK_2002_C056&Option=1,2026-09-04T13:26:51Z
HK_2002_C056,2003-10-19,112,4,45,48,https://racing.hkjc.com/en-us/local/information/otherhorse?horseid=HK_2002_C056&Option=1,2026-09-04T13:26:51Z
HK_2002_C056,2003-10-29,139,4,48,51,https://racing.hkjc.com/en-us/local/information/otherhorse?horseid=HK_2002_C056&Option=1,2026-09-04T13:26:51Z
HK_2002_C056,2003-12-03,231,4,51,51,https://racing.hkjc.com/en-us/local/information/otherhorse?horseid=HK_2002_C056&Option=1,2026-09-04T13:26:51Z
HK_2002_C056,2003-12-26,285,4,51,50,https://racing.hkjc.com/en-us/local/information/otherhorse?horseid=HK_2002_C056&Option=1,2026-09-04T13:26:51Z
HK_2002_C056,2004-01-07,316,3,50,49,https://racing.hkjc.com/en-us/local/information/otherhorse?horseid=HK_2002_C056&Option=1,2026-09-04T13:26:51Z
HK_2002_C056,2004-02-01,368,4,49,48,https://racing.hkjc.com/en-us/local/information/otherhorse?horseid=HK_2002_C056&Option=1,2026-09-04T13:26:51Z
HK_2002_C056,2004-03-07,446,4,48,46,https://racing.hkjc.com/en-us/local/information/otherhorse?horseid=HK_2002_C056&Option=1,2026-09-04T13:26:51Z
HK_2002_C056,2004-04-03,505,4,46,45,https://racing.hkjc.com/en-us/local/information/otherhorse?horseid=HK_2002_C056&Option=1,2026-09-04T13:26:51Z
HK_2002_C056,2004-04-17,529,4,45,45,https://racing.hkjc.com/en-us/local/information/otherhorse?horseid=HK_2002_C056&Option=1,2026-09-04T13:26:51Z
HK_2002_C056,2004-05-08,585,4,45,44,https://racing.hkjc.com/en-us/local/information/otherhorse?horseid=HK_2002_C056&Option=1,2026-09-04T13:26:51Z
HK_2002_C056,2004-05-16,599,4,44,41,https://racing.hkjc.com/en-us/local/information/otherhorse?horseid=HK_2002_C056&Option=1,2026-09-04T13:26:51Z
HK_2002_C056,2004-06-12,673,4,41,47,https://racing.hkjc.com/en-us/local/information/otherhorse?horseid=HK_2002_C056&Option=1,2026-09-04T13:26:51Z
HK_2002_C056,2004-06-20,691,4,47,45,https://racing.hkjc.com/en-us/local/information/otherhorse?horseid=HK_2002_C056&Option=1,2026-09-04T13:26:51Z
HK_2002_C056,2004-09-05,4,4,45,45,https://racing.hkjc.com/en-us/local/information/otherhorse?horseid=HK_2002_C056&Option=1,2026-09-04T13:26:51Z
HK_2002_C056,2004-10-03,70,4,45,44,https://racing.hkjc.com/en-us/local/information/otherhorse?horseid=HK_2002_C056&Option=1,2026-09-04T13:26:51Z
HK_2002_C056,2004-10-17,97,4,44,43,https://racing.hkjc.com/en-us/local/information/otherhorse?horseid=HK_2002_C056&Option=1,2026-09-04T13:26:51Z
HK_2002_C056,2004-11-02,143,4,43,42,https://racing.hkjc.com/en-us/local/information/otherhorse?horseid=HK_2002_C056&Option=1,2026-09-04T13:26:51Z
HK_2002_C056,2004-11-17,180,4,42,44,https://racing.hkjc.com/en-us/local/information/otherhorse?horseid=HK_2002_C056&Option=1,2026-09-04T13:26:51Z
HK_2002_C056,2004-12-04,224,4,44,46,https://racing.hkjc.com/en-us/local/information/otherhorse?horseid=HK_2002_C056&Option=1,2026-09-04T13:26:51Z
HK_2002_C056,2004-12-15,248,4,46,46,https://racing.hkjc.com/en-us/local/information/otherhorse?horseid=HK_2002_C056&Option=1,2026-09-04T13:26:51Z
HK_2002_C056,2005-01-12,314,4,46,46,https://racing.hkjc.com/en-us/local/information/otherhorse?horseid=HK_2002_C056&Option=1,2026-09-04T13:26:51Z
HK_2002_C056,2005-02-02,367,4,46,45,https://racing.hkjc.com/en-us/local/information/otherhorse?horseid=HK_2002_C056&Option=1,2026-09-04T13:26:51Z
HK_2002_C056,2005-02-11,386,4,45,44,https://racing.hkjc.com/en-us/local/information/otherhorse?horseid=HK_2002_C056&Option=1,2026-09-04T13:26:51Z
HK_2002_C056,2005-02-23,414,4,44,43,https://racing.hkjc.com/en-us/local/information/otherhorse?horseid=HK_2002_C056&Option=1,2026-09-04T13:26:51Z
HK_2002_C056,2005-03-05,442,4,43,42,https://racing.hkjc.com/en-us/local/information/otherhorse?horseid=HK_2002_C056&Option=1,2026-09-04T13:26:51Z
HK_2002_C056,2005-03-13,458,4,42,41,https://racing.hkjc.com/en-us/local/information/otherhorse?horseid=HK_2002_C056&Option=1,2026-09-04T13:26:51Z
HK_2002_C056,2005-03-23,487,4,41,39,https://racing.hkjc.com/en-us/local/information/otherhorse?horseid=HK_2002_C056&Option=1,2026-09-04T13:26:51Z
HK_2002_C056,2005-04-16,540,4,39,37,https://racing.hkjc.com/en-us/local/information/otherhorse?horseid=HK_2002_C056&Option=1,2026-09-04T13:26:51Z
HK_2002_C056,2005-05-04,576,4,37,36,https://racing.hkjc.com/en-us/local/information/otherhorse?horseid=HK_2002_C056&Option=1,2026-09-04T13:26:51Z
HK_2002_C056,2005-06-01,639,5,36,38,https://racing.hkjc.com/en-us/local/information/otherhorse?horseid=HK_2002_C056&Option=1,2026-09-04T13:26:51Z
HK_2002_C056,2005-06-12,669,5,38,39,https://racing.hkjc.com/en-us/local/information/otherhorse?horseid=HK_2002_C056&Option=1,2026-09-04T13:26:51Z
HK_2002_C056,2005-09-14,27,5,39,45,https://racing.hkjc.com/en-us/local/information/otherhorse?horseid=HK_2002_C056&Option=1,2026-09-04T13:26:51Z
HK_2002_C056,2005-09-28,57,4,45,46,https://racing.hkjc.com/en-us/local/information/otherhorse?horseid=HK_2002_C056&Option=1,2026-09-04T13:26:51Z
HK_2002_C056,2005-10-05,76,4,46,46,https://racing.hkjc.com/en-us/local/information/otherhorse?horseid=HK_2002_C056&Option=1,2026-09-04T13:26:51Z
HK_2002_C056,2005-10-19,105,4,46,46,https://racing.hkjc.com/en-us/local/information/otherhorse?horseid=HK_2002_C056&Option=1,2026-09-04T13:26:51Z
HK_2002_C056,2005-11-01,139,4,46,45,https://racing.hkjc.com/en-us/local/information/otherhorse?horseid=HK_2002_C056&Option=1,2026-09-04T13:26:51Z
HK_2002_C056,2005-11-13,165,4,45,44,https://racing.hkjc.com/en-us/local/information/otherhorse?horseid=HK_2002_C056&Option=1,2026-09-04T13:26:51Z
HK_2002_C056,2005-11-27,200,4,44,43,https://racing.hkjc.com/en-us/local/information/otherhorse?horseid=HK_2002_C056&Option=1,2026-09-04T13:26:51Z
HK_2002_C056,2005-12-07,229,4,43,43,https://racing.hkjc.com/en-us/local/information/otherhorse?horseid=HK_2002_C056&Option=1,2026-09-04T13:26:51Z
HK_2002_C056,2005-12-21,262,4,43,42,https://racing.hkjc.com/en-us/local/information/otherhorse?horseid=HK_2002_C056&Option=1,2026-09-04T13:26:51Z
HK_2002_C056,2006-01-01,282,4,42,41,https://racing.hkjc.com/en-us/local/information/otherhorse?horseid=HK_2002_C056&Option=1,2026-09-04T13:26:51Z
HK_2002_C056,2006-01-18,327,4,41,40,https://racing.hkjc.com/en-us/local/information/otherhorse?horseid=HK_2002_C056&Option=1,2026-09-04T13:26:51Z
HK_2002_C056,2006-01-31,353,5,40,38,https://racing.hkjc.com/en-us/local/information/otherhorse?horseid=HK_2002_C056&Option=1,2026-09-04T13:26:51Z
HK_2002_C056,2006-02-11,381,5,38,45,https://racing.hkjc.com/en-us/local/information/otherhorse?horseid=HK_2002_C056&Option=1,2026-09-04T13:26:51Z
HK_2002_C056,2006-02-19,400,4,45,45,https://racing.hkjc.com/en-us/local/information/otherhorse?horseid=HK_2002_C056&Option=1,2026-09-04T13:26:51Z
HK_2002_C056,2006-03-15,457,4,45,46,https://racing.hkjc.com/en-us/local/information/otherhorse?horseid=HK_2002_C056&Option=1,2026-09-04T13:26:51Z
HK_2002_C056,2006-04-08,509,4,46,46,https://racing.hkjc.com/en-us/local/information/otherhorse?horseid=HK_2002_C056&Option=1,2026-09-04T13:26:51Z
HK_2002_C056,2006-04-26,559,4,46,46,https://racing.hkjc.com/en-us/local/information/otherhorse?horseid=HK_2002_C056&Option=1,2026-09-04T13:26:51Z
HK_2002_C056,2006-05-13,603,4,46,45,https://racing.hkjc.com/en-us/local/information/otherhorse?horseid=HK_2002_C056&Option=1,2026-09-04T13:26:51Z
HK_2002_C056,2006-06-04,647,4,45,45,https://racing.hkjc.com/en-us/local/information/otherhorse?horseid=HK_2002_C056&Option=1,2026-09-04T13:26:51Z
HK_2002_C056,2006-06-25,684,4,45,43,https://racing.hkjc.com/en-us/local/information/otherhorse?horseid=HK_2002_C056&Option=1,2026-09-04T13:26:51Z
HK_2002_C056,2006-07-02,699,4,43,45,https://racing.hkjc.com/en-us/local/information/otherhorse?horseid=HK_2002_C056&Option=1,2026-09-04T13:26:51Z
HK_2002_C056,2006-09-10,5,4,45,45,https://racing.hkjc.com/en-us/local/information/otherhorse?horseid=HK_2002_C056&Option=1,2026-09-04T13:26:51Z
HK_2002_C056,2006-09-16,13,4,45,44,https://racing.hkjc.com/en-us/local/information/otherhorse?horseid=HK_2002_C056&Option=1,2026-09-04T13:26:51Z
HK_2002_C056,2006-10-01,51,4,44,43,https://racing.hkjc.com/en-us/local/information/otherhorse?horseid=HK_2002_C056&Option=1,2026-09-04T13:26:51Z
HK_2002_C056,2006-10-21,99,4,43,42,https://racing.hkjc.com/en-us/local/information/otherhorse?horseid=HK_2002_C056&Option=1,2026-09-04T13:26:51Z
HK_2002_C056,2006-11-04,134,4,42,41,https://racing.hkjc.com/en-us/local/information/otherhorse?horseid=HK_2002_C056&Option=1,2026-09-04T13:26:51Z
HK_2002_C056,2006-11-12,150,4,41,40,https://racing.hkjc.com/en-us/local/information/otherhorse?horseid=HK_2002_C056&Option=1,2026-09-04T13:26:51Z
HK_2002_C056,2006-11-19,169,4,40,42,https://racing.hkjc.com/en-us/local/information/otherhorse?horseid=HK_2002_C056&Option=1,2026-09-04T13:26:51Z
HK_2002_C056,2006-11-29,198,4,42,42,https://racing.hkjc.com/en-us/local/information/otherhorse?horseid=HK_2002_C056&Option=1,2026-09-04T13:26:51Z
HK_2002_C056,2006-12-16,240,4,42,41,https://racing.hkjc.com/en-us/local/information/otherhorse?horseid=HK_2002_C056&Option=1,2026-09-04T13:26:51Z
HK_2002_C056,2006-12-26,268,4,41,40,https://racing.hkjc.com/en-us/local/information/otherhorse?horseid=HK_2002_C056&Option=1,2026-09-04T13:26:51Z
HK_2002_C056,2007-01-14,305,5,40,38,https://racing.hkjc.com/en-us/local/information/otherhorse?horseid=HK_2002_C056&Option=1,2026-09-04T13:26:51Z
HK_2002_C056,2007-03-14,452,5,38,36,https://racing.hkjc.com/en-us/local/information/otherhorse?horseid=HK_2002_C056&Option=1,2026-09-04T13:26:51Z
HK_2002_C056,2007-03-25,478,5,36,34,https://racing.hkjc.com/en-us/local/information/otherhorse?horseid=HK_2002_C056&Option=1,2026-09-04T13:26:51Z
HK_2002_C056,2007-04-14,519,5,34,33,https://racing.hkjc.com/en-us/local/information/otherhorse?horseid=HK_2002_C056&Option=1,2026-09-04T13:26:51Z
HK_2002_C056,2007-05-12,594,5,33,32,https://racing.hkjc.com/en-us/local/information/otherhorse?horseid=HK_2002_C056&Option=1,2026-09-04T13:26:51Z
HK_2002_C056,2007-05-24,620,5,32,31,https://racing.hkjc.com/en-us/local/information/otherhorse?horseid=HK_2002_C056&Option=1,2026-09-04T13:26:51Z
HK_2002_C056,2007-06-03,650,5,31,36,https://racing.hkjc.com/en-us/local/information/otherhorse?horseid=HK_2002_C056&Option=1,2026-09-04T13:26:51Z
HK_2002_C056,2007-06-17,690,5,36,36,https://racing.hkjc.com/en-us/local/information/otherhorse?horseid=HK_2002_C056&Option=1,2026-09-04T13:26:51Z
HK_2002_C056,2007-09-15,20,5,36,36,https://racing.hkjc.com/en-us/local/information/otherhorse?horseid=HK_2002_C056&Option=1,2026-09-04T13:26:51Z
HK_2002_C056,2007-09-23,37,5,36,45,https://racing.hkjc.com/en-us/local/information/otherhorse?horseid=HK_2002_C056&Option=1,2026-09-04T13:26:51Z
HK_2002_C056,2007-10-07,72,4,45,45,https://racing.hkjc.com/en-us/local/information/otherhorse?horseid=HK_2002_C056&Option=1,2026-09-04T13:26:51Z
HK_2002_C056,2007-10-21,96,4,45,45,https://racing.hkjc.com/en-us/local/information/otherhorse?horseid=HK_2002_C056&Option=1,2026-09-04T13:26:51Z
HK_2002_C056,2007-11-03,133,4,45,45,https://racing.hkjc.com/en-us/local/information/otherhorse?horseid=HK_2002_C056&Option=1,2026-09-04T13:26:51Z
HK_2002_C056,2007-11-25,191,4,45,44,https://racing.hkjc.com/en-us/local/information/otherhorse?horseid=HK_2002_C056&Option=1,2026-09-04T13:26:51Z
HK_2002_C056,2007-12-01,205,4,44,43,https://racing.hkjc.com/en-us/local/information/otherhorse?horseid=HK_2002_C056&Option=1,2026-09-04T13:26:51Z
HK_2002_C056,2007-12-23,263,4,43,41,https://racing.hkjc.com/en-us/local/information/otherhorse?horseid=HK_2002_C056&Option=1,2026-09-04T13:26:51Z
HK_2002_C056,2008-01-06,291,4,41,40,https://racing.hkjc.com/en-us/local/information/otherhorse?horseid=HK_2002_C056&Option=1,2026-09-04T13:26:51Z
HK_2002_C056,2008-01-20,331,4,40,39,https://racing.hkjc.com/en-us/local/information/otherhorse?horseid=HK_2002_C056&Option=1,2026-09-04T13:26:51Z
HK_2002_C056,2008-02-09,372,5,39,38,https://racing.hkjc.com/en-us/local/information/otherhorse?horseid=HK_2002_C056&Option=1,2026-09-04T13:26:51Z
HK_2002_C056,2008-02-17,394,5,38,44,https://racing.hkjc.com/en-us/local/information/otherhorse?horseid=HK_2002_C056&Option=1,2026-09-04T13:26:51Z
HK_2002_C056,2008-03-09,450,4,44,44,https://racing.hkjc.com/en-us/local/information/otherhorse?horseid=HK_2002_C056&Option=1,2026-09-04T13:26:51Z
HK_2002_C056,2008-03-16,467,4,44,44,https://racing.hkjc.com/en-us/local/information/otherhorse?horseid=HK_2002_C056&Option=1,2026-09-04T13:26:51Z
HK_2002_C056,2008-04-02,507,4,44,44,https://racing.hkjc.com/en-us/local/information/otherhorse?horseid=HK_2002_C056&Option=1,2026-09-04T13:26:51Z
HK_2002_C056,2008-05-04,573,4,44,43,https://racing.hkjc.com/en-us/local/information/otherhorse?horseid=HK_2002_C056&Option=1,2026-09-04T13:26:51Z
HK_2002_C056,2008-05-12,589,4,43,42,https://racing.hkjc.com/en-us/local/information/otherhorse?horseid=HK_2002_C056&Option=1,2026-09-04T13:26:51Z
HK_2002_C056,2008-06-01,640,4,42,41,https://racing.hkjc.com/en-us/local/information/otherhorse?horseid=HK_2002_C056&Option=1,2026-09-04T13:26:51Z
HK_2002_C056,2008-06-15,677,4,41,40,https://racing.hkjc.com/en-us/local/information/otherhorse?horseid=HK_2002_C056&Option=1,2026-09-04T13:26:51Z
HK_2002_C056,2008-07-01,714,4,40,40,https://racing.hkjc.com/en-us/local/information/otherhorse?horseid=HK_2002_C056&Option=1,2026-09-04T13:26:51Z
HK_2002_C056,2008-07-03,724,5,40,45,https://racing.hkjc.com/en-us/local/information/otherhorse?horseid=HK_2002_C056&Option=1,2026-09-04T13:26:51Z
HK_2002_C057,2002-10-20,113,1,96,94,https://racing.hkjc.com/en-us/local/information/otherhorse?horseid=HK_2002_C057&Option=1,2026-09-04T13:31:19Z
HK_2002_C057,2002-11-02,151,1,94,91,https://racing.hkjc.com/en-us/local/information/otherhorse?horseid=HK_2002_C057&Option=1,2026-09-04T13:31:19Z
HK_2002_C057,2002-11-30,223,1,91,86,https://racing.hkjc.com/en-us/local/information/otherhorse?horseid=HK_2002_C057&Option=1,2026-09-04T13:31:19Z
HK_2002_C057,2002-12-26,285,1,86,86,https://racing.hkjc.com/en-us/local/information/otherhorse?horseid=HK_2002_C057&Option=1,2026-09-04T13:31:19Z
HK_2002_C057,2003-01-19,335,2,86,84,https://racing.hkjc.com/en-us/local/information/otherhorse?horseid=HK_2002_C057&Option=1,2026-09-04T13:31:19Z
HK_2002_C057,2003-02-23,416,2,84,83,https://racing.hkjc.com/en-us/local/information/otherhorse?horseid=HK_2002_C057&Option=1,2026-09-04T13:31:19Z
HK_2002_C057,2003-03-09,443,2,83,82,https://racing.hkjc.com/en-us/local/information/otherhorse?horseid=HK_2002_C057&Option=1,2026-09-04T13:31:19Z
HK_2002_C057,2003-03-29,498,2,82,81,https://racing.hkjc.com/en-us/local/information/otherhorse?horseid=HK_2002_C057&Option=1,2026-09-04T13:31:19Z
HK_2002_C057,2003-04-06,514,2,81,83,https://racing.hkjc.com/en-us/local/information/otherhorse?horseid=HK_2002_C057&Option=1,2026-09-04T13:31:19Z
HK_2002_C057,2003-05-07,588,2,83,83,https://racing.hkjc.com/en-us/local/information/otherhorse?horseid=HK_2002_C057&Option=1,2026-09-04T13:31:19Z
HK_2002_C057,2003-05-18,617,2,83,81,https://racing.hkjc.com/en-us/local/information/otherhorse?horseid=HK_2002_C057&Option=1,2026-09-04T13:31:19Z
HK_2002_C057,2003-10-01,81,2,81,81,https://racing.hkjc.com/en-us/local/information/otherhorse?horseid=HK_2002_C057&Option=1,2026-09-04T13:31:19Z
HK_2002_C057,2003-10-19,117,2,81,82,https://racing.hkjc.com/en-us/local/information/otherhorse?horseid=HK_2002_C057&Option=1,2026-09-04T13:31:19Z
HK_2002_C057,2003-10-29,145,2,82,82,https://racing.hkjc.com/en-us/local/information/otherhorse?horseid=HK_2002_C057&Option=1,2026-09-04T13:31:19Z
HK_2002_C057,2003-11-30,225,2,82,81,https://racing.hkjc.com/en-us/local/information/otherhorse?horseid=HK_2002_C057&Option=1,2026-09-04T13:31:19Z
HK_2002_C057,2003-12-20,280,2,81,80,https://racing.hkjc.com/en-us/local/information/otherhorse?horseid=HK_2002_C057&Option=1,2026-09-04T13:31:19Z
HK_2002_C057,2004-01-10,322,3,80,79,https://racing.hkjc.com/en-us/local/information/otherhorse?horseid=HK_2002_C057&Option=1,2026-09-04T13:31:19Z
HK_2002_C057,2004-01-18,341,2,79,84,https://racing.hkjc.com/en-us/local/information/otherhorse?horseid=HK_2002_C057&Option=1,2026-09-04T13:31:19Z
HK_2002_C057,2004-02-04,380,2,84,84,https://racing.hkjc.com/en-us/local/information/otherhorse?horseid=HK_2002_C057&Option=1,2026-09-04T13:31:19Z
HK_2002_C057,2004-04-03,510,2,84,83,https://racing.hkjc.com/en-us/local/information/otherhorse?horseid=HK_2002_C057&Option=1,2026-09-04T13:31:19Z
HK_2002_C057,2004-04-25,554,2,83,79,https://racing.hkjc.com/en-us/local/information/otherhorse?horseid=HK_2002_C057&Option=1,2026-09-04T13:31:19Z
HK_2002_C057,2004-10-09,93,3,79,79,https://racing.hkjc.com/en-us/local/information/otherhorse?horseid=HK_2002_C057&Option=1,2026-09-04T13:31:19Z
HK_2002_C057,2004-10-20,107,2,79,80,https://racing.hkjc.com/en-us/local/information/otherhorse?horseid=HK_2002_C057&Option=1,2026-09-04T13:31:19Z
HK_2002_C057,2004-11-06,155,2,80,80,https://racing.hkjc.com/en-us/local/information/otherhorse?horseid=HK_2002_C057&Option=1,2026-09-04T13:31:19Z
HK_2002_C057,2004-11-21,192,3,80,80,https://racing.hkjc.com/en-us/local/information/otherhorse?horseid=HK_2002_C057&Option=1,2026-09-04T13:31:19Z
HK_2002_C057,2004-11-28,211,2,80,77,https://racing.hkjc.com/en-us/local/information/otherhorse?horseid=HK_2002_C057&Option=1,2026-09-04T13:31:19Z
HK_2002_C057,2005-05-07,591,2,77,75,https://racing.hkjc.com/en-us/local/information/otherhorse?horseid=HK_2002_C057&Option=1,2026-09-04T13:31:19Z
HK_2002_C057,2005-05-14,609,3,75,68,https://racing.hkjc.com/en-us/local/information/otherhorse?horseid=HK_2002_C057&Option=1,2026-09-04T13:31:19Z
HK_2002_C057,2005-11-20,188,3,68,68,https://racing.hkjc.com/en-us/local/information/otherhorse?horseid=HK_2002_C057&Option=1,2026-09-04T13:31:19Z
HK_2002_C057,2005-12-14,248,3,68,66,https://racing.hkjc.com/en-us/local/information/otherhorse?horseid=HK_2002_C057&Option=1,2026-09-04T13:31:19Z
HK_2002_C057,2006-01-01,285,3,66,64,https://racing.hkjc.com/en-us/local/information/otherhorse?horseid=HK_2002_C057&Option=1,2026-09-04T13:31:19Z
HK_2002_C057,2006-02-19,402,3,64,62,https://racing.hkjc.com/en-us/local/information/otherhorse?horseid=HK_2002_C057&Option=1,2026-09-04T13:31:19Z
HK_2002_C057,2006-03-04,435,3,62,59,https://racing.hkjc.com/en-us/local/information/otherhorse?horseid=HK_2002_C057&Option=1,2026-09-04T13:31:19Z
HK_2002_C057,2006-03-19,466,4,59,57,https://racing.hkjc.com/en-us/local/information/otherhorse?horseid=HK_2002_C057&Option=1,2026-09-04T13:31:19Z
HK_2002_C057,2006-04-23,544,4,57,57,https://racing.hkjc.com/en-us/local/information/otherhorse?horseid=HK_2002_C057&Option=1,2026-09-04T13:31:19Z
HK_2002_C062,2003-05-04,582,1,97,97,https://racing.hkjc.com/en-us/local/information/otherhorse?horseid=HK_2002_C062&Option=1,2026-09-04T13:32:34Z
HK_2002_C062,2003-06-18,699,1,97,91,https://racing.hkjc.com/en-us/local/information/otherhorse?horseid=HK_2002_C062&Option=1,2026-09-04T13:32:34Z
HK_2002_C062,2003-09-13,33,2,91,93,https://racing.hkjc.com/en-us/local/information/otherhorse?horseid=HK_2002_C062&Option=1,2026-09-04T13:32:34Z
HK_2002_C062,2003-10-01,81,2,93,96,https://racing.hkjc.com/en-us/local/information/otherhorse?horseid=HK_2002_C062&Option=1,2026-09-04T13:32:34Z
HK_2002_C062,2003-10-19,119,2,96,96,https://racing.hkjc.com/en-us/local/information/otherhorse?horseid=HK_2002_C062&Option=1,2026-09-04T13:32:34Z
HK_2002_C062,2003-11-15,191,2,96,96,https://racing.hkjc.com/en-us/local/information/otherhorse?horseid=HK_2002_C062&Option=1,2026-09-04T13:32:34Z
HK_2002_C062,2003-12-14,258,1,96,96,https://racing.hkjc.com/en-us/local/information/otherhorse?horseid=HK_2002_C062&Option=1,2026-09-04T13:32:34Z
HK_2002_C062,2004-01-10,328,1,96,95,https://racing.hkjc.com/en-us/local/information/otherhorse?horseid=HK_2002_C062&Option=1,2026-09-04T13:32:34Z
HK_2002_C062,2004-01-24,349,2,95,94,https://racing.hkjc.com/en-us/local/information/otherhorse?horseid=HK_2002_C062&Option=1,2026-09-04T13:32:34Z
HK_2002_C062,2004-02-22,416,1,94,87,https://racing.hkjc.com/en-us/local/information/otherhorse?horseid=HK_2002_C062&Option=1,2026-09-04T13:32:34Z
HK_2002_C062,2004-10-23,118,2,87,87,https://racing.hkjc.com/en-us/local/information/otherhorse?horseid=HK_2002_C062&Option=1,2026-09-04T13:32:34Z
HK_2002_C062,2004-11-10,164,2,87,85,https://racing.hkjc.com/en-us/local/information/otherhorse?horseid=HK_2002_C062&Option=1,2026-09-04T13:32:34Z
HK_2002_C062,2004-11-28,210,2,85,85,https://racing.hkjc.com/en-us/local/information/otherhorse?horseid=HK_2002_C062&Option=1,2026-09-04T13:32:34Z
HK_2002_C062,2004-12-12,242,2,85,84,https://racing.hkjc.com/en-us/local/information/otherhorse?horseid=HK_2002_C062&Option=1,2026-09-04T13:32:34Z
HK_2002_C062,2004-12-22,271,2,84,83,https://racing.hkjc.com/en-us/local/information/otherhorse?horseid=HK_2002_C062&Option=1,2026-09-04T13:32:34Z
HK_2002_C062,2005-01-01,288,2,83,89,https://racing.hkjc.com/en-us/local/information/otherhorse?horseid=HK_2002_C062&Option=1,2026-09-04T13:32:34Z
HK_2002_C062,2005-02-05,381,2,89,89,https://racing.hkjc.com/en-us/local/information/otherhorse?horseid=HK_2002_C062&Option=1,2026-09-04T13:32:34Z
HK_2002_C062,2005-02-20,410,2,89,88,https://racing.hkjc.com/en-us/local/information/otherhorse?horseid=HK_2002_C062&Option=1,2026-09-04T13:32:34Z
HK_2002_C062,2005-02-27,428,2,88,95,https://racing.hkjc.com/en-us/local/information/otherhorse?horseid=HK_2002_C062&Option=1,2026-09-04T13:32:34Z
HK_2002_C062,2005-03-19,481,2,95,95,https://racing.hkjc.com/en-us/local/information/otherhorse?horseid=HK_2002_C062&Option=1,2026-09-04T13:32:34Z
HK_2002_C062,2005-03-26,498,2,95,95,https://racing.hkjc.com/en-us/local/information/otherhorse?horseid=HK_2002_C062&Option=1,2026-09-04T13:32:34Z
HK_2002_C062,2005-04-24,564,2,95,94,https://racing.hkjc.com/en-us/local/information/otherhorse?horseid=HK_2002_C062&Option=1,2026-09-04T13:32:34Z
HK_2002_C062,2005-05-07,591,2,94,93,https://racing.hkjc.com/en-us/local/information/otherhorse?horseid=HK_2002_C062&Option=1,2026-09-04T13:32:34Z
HK_2002_C062,2005-05-29,638,2,93,92,https://racing.hkjc.com/en-us/local/information/otherhorse?horseid=HK_2002_C062&Option=1,2026-09-04T13:32:34Z
HK_2002_C062,2005-06-18,684,2,92,90,https://racing.hkjc.com/en-us/local/information/otherhorse?horseid=HK_2002_C062&Option=1,2026-09-04T13:32:34Z
HK_2002_C062,2005-09-17,42,2,90,90,https://racing.hkjc.com/en-us/local/information/otherhorse?horseid=HK_2002_C062&Option=1,2026-09-04T13:32:34Z
HK_2002_C062,2005-10-22,115,2,90,88,https://racing.hkjc.com/en-us/local/information/otherhorse?horseid=HK_2002_C062&Option=1,2026-09-04T13:32:34Z
HK_2002_C062,2005-11-13,167,2,88,86,https://racing.hkjc.com/en-us/local/information/otherhorse?horseid=HK_2002_C062&Option=1,2026-09-04T13:32:34Z
HK_2002_C062,2005-11-27,203,2,86,85,https://racing.hkjc.com/en-us/local/information/otherhorse?horseid=HK_2002_C062&Option=1,2026-09-04T13:32:34Z
HK_2002_C062,2005-12-17,259,2,85,83,https://racing.hkjc.com/en-us/local/information/otherhorse?horseid=HK_2002_C062&Option=1,2026-09-04T13:32:34Z
HK_2002_C062,2006-01-01,286,2,83,81,https://racing.hkjc.com/en-us/local/information/otherhorse?horseid=HK_2002_C062&Option=1,2026-09-04T13:32:34Z
HK_2002_C062,2006-01-15,318,2,81,79,https://racing.hkjc.com/en-us/local/information/otherhorse?horseid=HK_2002_C062&Option=1,2026-09-04T13:32:34Z
HK_2002_C062,2006-01-25,346,3,79,77,https://racing.hkjc.com/en-us/local/information/otherhorse?horseid=HK_2002_C062&Option=1,2026-09-04T13:32:34Z
HK_2002_C062,2006-02-19,398,3,77,75,https://racing.hkjc.com/en-us/local/information/otherhorse?horseid=HK_2002_C062&Option=1,2026-09-04T13:32:34Z
HK_2002_C066,2003-01-25,350,GRIFFIN,,,https://racing.hkjc.com/en-us/local/information/otherhorse?horseid=HK_2002_C066&Option=1,2026-09-04T13:33:50Z
HK_2002_C066,2003-02-16,388,GRIFFIN,,,https://racing.hkjc.com/en-us/local/information/otherhorse?horseid=HK_2002_C066&Option=1,2026-09-04T13:33:50Z
HK_2002_C066,2003-03-09,435,GRIFFIN,,,https://racing.hkjc.com/en-us/local/information/otherhorse?horseid=HK_2002_C066&Option=1,2026-09-04T13:33:50Z
HK_2002_C066,2003-03-29,489,GRIFFIN,,64.0,https://racing.hkjc.com/en-us/local/information/otherhorse?horseid=HK_2002_C066&Option=1,2026-09-04T13:33:50Z
HK_2002_C066,2003-04-27,558,3,64.0,64.0,https://racing.hkjc.com/en-us/local/information/otherhorse?horseid=HK_2002_C066&Option=1,2026-09-04T13:33:50Z
HK_2002_C066,2003-05-18,615,3,64.0,63.0,https://racing.hkjc.com/en-us/local/information/otherhorse?horseid=HK_2002_C066&Option=1,2026-09-04T13:33:50Z
HK_2002_C066,2003-06-07,671,23YO,63.0,62.0,https://racing.hkjc.com/en-us/local/information/otherhorse?horseid=HK_2002_C066&Option=1,2026-09-04T13:33:50Z
HK_2002_C066,2004-01-14,336,3,62.0,63.0,https://racing.hkjc.com/en-us/local/information/otherhorse?horseid=HK_2002_C066&Option=1,2026-09-04T13:33:50Z
HK_2002_C066,2004-02-07,383,3,63.0,67.0,https://racing.hkjc.com/en-us/local/information/otherhorse?horseid=HK_2002_C066&Option=1,2026-09-04T13:33:50Z
HK_2002_C066,2004-03-13,466,3,67.0,67.0,https://racing.hkjc.com/en-us/local/information/otherhorse?horseid=HK_2002_C066&Option=1,2026-09-04T13:33:50Z
HK_2002_C066,2004-03-27,494,3,67.0,67.0,https://racing.hkjc.com/en-us/local/information/otherhorse?horseid=HK_2002_C066&Option=1,2026-09-04T13:33:50Z
HK_2002_C066,2004-05-01,569,3,67.0,66.0,https://racing.hkjc.com/en-us/local/information/otherhorse?horseid=HK_2002_C066&Option=1,2026-09-04T13:33:50Z
HK_2002_C066,2004-05-08,586,3,66.0,65.0,https://racing.hkjc.com/en-us/local/information/otherhorse?horseid=HK_2002_C066&Option=1,2026-09-04T13:33:50Z
HK_2002_C066,2004-06-02,650,3,65.0,62.0,https://racing.hkjc.com/en-us/local/information/otherhorse?horseid=HK_2002_C066&Option=1,2026-09-04T13:33:50Z
HK_2002_C066,2004-10-20,110,3,62.0,62.0,https://racing.hkjc.com/en-us/local/information/otherhorse?horseid=HK_2002_C066&Option=1,2026-09-04T13:33:50Z
HK_2002_C066,2004-11-17,181,3,62.0,60.0,https://racing.hkjc.com/en-us/local/information/otherhorse?horseid=HK_2002_C066&Option=1,2026-09-04T13:33:50Z
HK_2002_C066,2004-12-01,212,4,60.0,58.0,https://racing.hkjc.com/en-us/local/information/otherhorse?horseid=HK_2002_C066&Option=1,2026-09-04T13:33:50Z
HK_2002_C066,2004-12-15,249,4,58.0,66.0,https://racing.hkjc.com/en-us/local/information/otherhorse?horseid=HK_2002_C066&Option=1,2026-09-04T13:33:50Z
HK_2002_C066,2005-02-02,370,3,66.0,73.0,https://racing.hkjc.com/en-us/local/information/otherhorse?horseid=HK_2002_C066&Option=1,2026-09-04T13:33:50Z
HK_2002_C066,2005-03-02,435,3,73.0,74.0,https://racing.hkjc.com/en-us/local/information/otherhorse?horseid=HK_2002_C066&Option=1,2026-09-04T13:33:50Z
HK_2002_C066,2005-03-23,489,3,74.0,74.0,https://racing.hkjc.com/en-us/local/information/otherhorse?horseid=HK_2002_C066&Option=1,2026-09-04T13:33:50Z
HK_2002_C066,2005-04-06,517,3,74.0,79.0,https://racing.hkjc.com/en-us/local/information/otherhorse?horseid=HK_2002_C066&Option=1,2026-09-04T13:33:50Z
HK_2002_C066,2005-05-07,590,2,79.0,79.0,https://racing.hkjc.com/en-us/local/information/otherhorse?horseid=HK_2002_C066&Option=1,2026-09-04T13:33:50Z
HK_2002_C066,2005-06-22,692,3,79.0,79.0,https://racing.hkjc.com/en-us/local/information/otherhorse?horseid=HK_2002_C066&Option=1,2026-09-04T13:33:50Z
HK_2002_C066,2005-06-29,709,2,79.0,79.0,https://racing.hkjc.com/en-us/local/information/otherhorse?horseid=HK_2002_C066&Option=1,2026-09-04T13:33:50Z
HK_2002_C066,2005-10-26,124,3,79.0,79.0,https://racing.hkjc.com/en-us/local/information/otherhorse?horseid=HK_2002_C066&Option=1,2026-09-04T13:33:50Z
HK_2002_C066,2005-11-30,215,3,79.0,78.0,https://racing.hkjc.com/en-us/local/information/otherhorse?horseid=HK_2002_C066&Option=1,2026-09-04T13:33:50Z
HK_2002_C066,2006-01-01,287,3,78.0,76.0,https://racing.hkjc.com/en-us/local/information/otherhorse?horseid=HK_2002_C066&Option=1,2026-09-04T13:33:50Z
HK_2002_C066,2006-02-08,376,3,76.0,75.0,https://racing.hkjc.com/en-us/local/information/otherhorse?horseid=HK_2002_C066&Option=1,2026-09-04T13:33:50Z
HK_2002_C066,2006-02-22,409,3,75.0,77.0,https://racing.hkjc.com/en-us/local/information/otherhorse?horseid=HK_2002_C066&Option=1,2026-09-04T13:33:50Z
HK_2002_C066,2006-03-01,430,3,77.0,77.0,https://racing.hkjc.com/en-us/local/information/otherhorse?horseid=HK_2002_C066&Option=1,2026-09-04T13:33:50Z
HK_2002_C066,2006-03-22,477,3,77.0,76.0,https://racing.hkjc.com/en-us/local/information/otherhorse?horseid=HK_2002_C066&Option=1,2026-09-04T13:33:50Z
HK_2002_C066,2006-04-19,542,3,76.0,70.0,https://racing.hkjc.com/en-us/local/information/otherhorse?horseid=HK_2002_C066&Option=1,2026-09-04T13:33:50Z
HK_2002_C066,2007-02-28,415,3,70.0,70.0,https://racing.hkjc.com/en-us/local/information/otherhorse?horseid=HK_2002_C066&Option=1,2026-09-04T13:33:50Z
HK_2002_C066,2007-03-07,435,3,70.0,68.0,https://racing.hkjc.com/en-us/local/information/otherhorse?horseid=HK_2002_C066&Option=1,2026-09-04T13:33:50Z
HK_2002_C066,2007-03-21,474,3,68.0,70.0,https://racing.hkjc.com/en-us/local/information/otherhorse?horseid=HK_2002_C066&Option=1,2026-09-04T13:33:50Z
HK_2002_C066,2007-04-18,532,2,70.0,71.0,https://racing.hkjc.com/en-us/local/information/otherhorse?horseid=HK_2002_C066&Option=1,2026-09-04T13:33:50Z
HK_2002_C066,2007-05-09,590,3,71.0,71.0,https://racing.hkjc.com/en-us/local/information/otherhorse?horseid=HK_2002_C066&Option=1,2026-09-04T13:33:50Z
HK_2002_C066,2007-05-16,608,3,71.0,71.0,https://racing.hkjc.com/en-us/local/information/otherhorse?horseid=HK_2002_C066&Option=1,2026-09-04T13:33:50Z
HK_2002_C066,2007-05-30,645,3,71.0,71.0,https://racing.hkjc.com/en-us/local/information/otherhorse?horseid=HK_2002_C066&Option=1,2026-09-04T13:33:50Z
HK_2002_C066,2007-06-13,683,3,71.0,69.0,https://racing.hkjc.com/en-us/local/information/otherhorse?horseid=HK_2002_C066&Option=1,2026-09-04T13:33:50Z
HK_2002_C066,2007-09-19,33,3,69.0,69.0,https://racing.hkjc.com/en-us/local/information/otherhorse?horseid=HK_2002_C066&Option=1,2026-09-04T13:33:50Z
HK_2002_C066,2007-10-17,94,3,69.0,67.0,https://racing.hkjc.com/en-us/local/information/otherhorse?horseid=HK_2002_C066&Option=1,2026-09-04T13:33:50Z
HK_2002_C066,2007-10-24,111,3,67.0,72.0,https://racing.hkjc.com/en-us/local/information/otherhorse?horseid=HK_2002_C066&Option=1,2026-09-04T13:33:50Z
HK_2002_C066,2007-11-21,184,3,72.0,72.0,https://racing.hkjc.com/en-us/local/information/otherhorse?horseid=HK_2002_C066&Option=1,2026-09-04T13:33:50Z
HK_2002_C066,2007-12-09,223,3,72.0,72.0,https://racing.hkjc.com/en-us/local/information/otherhorse?horseid=HK_2002_C066&Option=1,2026-09-04T13:33:50Z
HK_2002_C066,2007-12-23,267,3,72.0,71.0,https://racing.hkjc.com/en-us/local/information/otherhorse?horseid=HK_2002_C066&Option=1,2026-09-04T13:33:50Z
HK_2002_C066,2008-01-09,304,3,71.0,70.0,https://racing.hkjc.com/en-us/local/information/otherhorse?horseid=HK_2002_C066&Option=1,2026-09-04T13:33:50Z
HK_2002_C066,2008-01-23,337,3,70.0,70.0,https://racing.hkjc.com/en-us/local/information/otherhorse?horseid=HK_2002_C066&Option=1,2026-09-04T13:33:50Z
HK_2002_C066,2008-01-30,360,3,70.0,70.0,https://racing.hkjc.com/en-us/local/information/otherhorse?horseid=HK_2002_C066&Option=1,2026-09-04T13:33:50Z
HK_2002_C066,2008-02-20,406,3,70.0,72.0,https://racing.hkjc.com/en-us/local/information/otherhorse?horseid=HK_2002_C066&Option=1,2026-09-04T13:33:50Z
HK_2002_C066,2008-03-05,443,3,72.0,72.0,https://racing.hkjc.com/en-us/local/information/otherhorse?horseid=HK_2002_C066&Option=1,2026-09-04T13:33:50Z
HK_2002_C066,2008-03-19,479,3,72.0,72.0,https://racing.hkjc.com/en-us/local/information/otherhorse?horseid=HK_2002_C066&Option=1,2026-09-04T13:33:50Z
HK_2002_C066,2008-05-07,584,3,72.0,71.0,https://racing.hkjc.com/en-us/local/information/otherhorse?horseid=HK_2002_C066&Option=1,2026-09-04T13:33:50Z
HK_2002_C066,2008-06-11,669,3,71.0,71.0,https://racing.hkjc.com/en-us/local/information/otherhorse?horseid=HK_2002_C066&Option=1,2026-09-04T13:33:50Z
HK_2002_C066,2008-07-03,729,3,71.0,71.0,https://racing.hkjc.com/en-us/local/information/otherhorse?horseid=HK_2002_C066&Option=1,2026-09-04T13:33:50Z
HK_2002_C066,2008-10-15,92,3,71.0,71.0,https://racing.hkjc.com/en-us/local/information/otherhorse?horseid=HK_2002_C066&Option=1,2026-09-04T13:33:50Z
HK_2002_C066,2008-11-04,139,3,71.0,69.0,https://racing.hkjc.com/en-us/local/information/otherhorse?horseid=HK_2002_C066&Option=1,2026-09-04T13:33:50Z
HK_2002_C066,2009-01-07,290,3,69.0,67.0,https://racing.hkjc.com/en-us/local/information/otherhorse?horseid=HK_2002_C066&Option=1,2026-09-04T13:33:50Z
HK_2002_C066,2009-01-24,338,3B,67.0,65.0,https://racing.hkjc.com/en-us/local/information/otherhorse?horseid=HK_2002_C066&Option=1,2026-09-04T13:33:50Z
HK_2002_C066,2009-02-18,403,3,65.0,63.0,https://racing.hkjc.com/en-us/local/information/otherhorse?horseid=HK_2002_C066&Option=1,2026-09-04T13:33:50Z
HK_2002_C066,2009-03-11,458,3S,63.0,61.0,https://racing.hkjc.com/en-us/local/information/otherhorse?horseid=HK_2002_C066&Option=1,2026-09-04T13:33:50Z
HK_2002_C066,2009-03-18,474,4,61.0,59.0,https://racing.hkjc.com/en-us/local/information/otherhorse?horseid=HK_2002_C066&Option=1,2026-09-04T13:33:50Z
HK_2002_C079,2003-02-08,371,4,52,52,https://racing.hkjc.com/en-us/local/information/otherhorse?horseid=HK_2002_C079&Option=1,2026-09-04T13:22:40Z
HK_2002_C079,2003-03-15,456,4,52,54,https://racing.hkjc.com/en-us/local/information/otherhorse?horseid=HK_2002_C079&Option=1,2026-09-04T13:22:40Z
HK_2002_C079,2003-04-06,509,4,54,56,https://racing.hkjc.com/en-us/local/information/otherhorse?horseid=HK_2002_C079&Option=1,2026-09-04T13:22:40Z
HK_2002_C079,2003-05-01,564,4,56,58,https://racing.hkjc.com/en-us/local/information/otherhorse?horseid=HK_2002_C079&Option=1,2026-09-04T13:22:40Z
HK_2002_C079,2003-05-28,637,4,58,60,https://racing.hkjc.com/en-us/local/information/otherhorse?horseid=HK_2002_C079&Option=1,2026-09-04T13:22:40Z
HK_2002_C079,2003-06-22,706,3,60,57,https://racing.hkjc.com/en-us/local/information/otherhorse?horseid=HK_2002_C079&Option=1,2026-09-04T13:22:40Z
HK_2002_C079,2003-09-10,26,3,57,57,https://racing.hkjc.com/en-us/local/information/otherhorse?horseid=HK_2002_C079&Option=1,2026-09-04T13:22:40Z
HK_2002_C079,2003-09-21,49,3,57,59,https://racing.hkjc.com/en-us/local/information/otherhorse?horseid=HK_2002_C079&Option=1,2026-09-04T13:22:40Z
HK_2002_C079,2003-10-19,113,4,59,65,https://racing.hkjc.com/en-us/local/information/otherhorse?horseid=HK_2002_C079&Option=1,2026-09-04T13:22:40Z
HK_2002_C079,2003-12-14,253,3,65,69,https://racing.hkjc.com/en-us/local/information/otherhorse?horseid=HK_2002_C079&Option=1,2026-09-04T13:22:40Z
HK_2002_C079,2004-01-01,298,3,69,69,https://racing.hkjc.com/en-us/local/information/otherhorse?horseid=HK_2002_C079&Option=1,2026-09-04T13:22:40Z
HK_2002_C079,2004-03-10,455,3,69,69,https://racing.hkjc.com/en-us/local/information/otherhorse?horseid=HK_2002_C079&Option=1,2026-09-04T13:22:40Z
HK_2002_C079,2004-04-21,543,3,69,68,https://racing.hkjc.com/en-us/local/information/otherhorse?horseid=HK_2002_C079&Option=1,2026-09-04T13:22:40Z
HK_2002_C079,2004-06-16,684,3,68,64,https://racing.hkjc.com/en-us/local/information/otherhorse?horseid=HK_2002_C079&Option=1,2026-09-04T13:22:40Z
HK_2002_C079,2004-10-03,72,3,64,64,https://racing.hkjc.com/en-us/local/information/otherhorse?horseid=HK_2002_C079&Option=1,2026-09-04T13:22:40Z
HK_2002_C079,2004-10-20,110,3,64,62,https://racing.hkjc.com/en-us/local/information/otherhorse?horseid=HK_2002_C079&Option=1,2026-09-04T13:22:40Z
HK_2002_C079,2004-11-17,181,3,62,59,https://racing.hkjc.com/en-us/local/information/otherhorse?horseid=HK_2002_C079&Option=1,2026-09-04T13:22:40Z
HK_2002_C079,2004-12-18,254,4,59,57,https://racing.hkjc.com/en-us/local/information/otherhorse?horseid=HK_2002_C079&Option=1,2026-09-04T13:22:40Z
HK_2002_C079,2005-01-01,284,4,57,56,https://racing.hkjc.com/en-us/local/information/otherhorse?horseid=HK_2002_C079&Option=1,2026-09-04T13:22:40Z
HK_2002_C079,2005-01-12,312,4,56,54,https://racing.hkjc.com/en-us/local/information/otherhorse?horseid=HK_2002_C079&Option=1,2026-09-04T13:22:40Z
HK_2002_C079,2005-02-20,404,4,54,51,https://racing.hkjc.com/en-us/local/information/otherhorse?horseid=HK_2002_C079&Option=1,2026-09-04T13:22:40Z
HK_2002_C079,2005-04-09,525,4,51,51,https://racing.hkjc.com/en-us/local/information/otherhorse?horseid=HK_2002_C079&Option=1,2026-09-04T13:22:40Z
HK_2002_C079,2005-05-07,586,4,51,51,https://racing.hkjc.com/en-us/local/information/otherhorse?horseid=HK_2002_C079&Option=1,2026-09-04T13:22:40Z
HK_2002_C079,2005-06-26,694,4,51,47,https://racing.hkjc.com/en-us/local/information/otherhorse?horseid=HK_2002_C079&Option=1,2026-09-04T13:22:40Z
HK_2002_C079,2005-09-04,2,4,47,48,https://racing.hkjc.com/en-us/local/information/otherhorse?horseid=HK_2002_C079&Option=1,2026-09-04T13:22:40Z
HK_2002_C079,2005-09-17,41,4,48,48,https://racing.hkjc.com/en-us/local/information/otherhorse?horseid=HK_2002_C079&Option=1,2026-09-04T13:22:40Z
HK_2002_C079,2005-10-16,95,4,48,47,https://racing.hkjc.com/en-us/local/information/otherhorse?horseid=HK_2002_C079&Option=1,2026-09-04T13:22:40Z
HK_2002_C079,2005-11-16,172,4,47,45,https://racing.hkjc.com/en-us/local/information/otherhorse?horseid=HK_2002_C079&Option=1,2026-09-04T13:22:40Z
HK_2002_C079,2005-12-17,250,4,45,44,https://racing.hkjc.com/en-us/local/information/otherhorse?horseid=HK_2002_C079&Option=1,2026-09-04T13:22:40Z
HK_2002_C079,2006-01-01,279,4,44,44,https://racing.hkjc.com/en-us/local/information/otherhorse?horseid=HK_2002_C079&Option=1,2026-09-04T13:22:40Z
HK_2002_C079,2006-01-25,343,4,44,42,https://racing.hkjc.com/en-us/local/information/otherhorse?horseid=HK_2002_C079&Option=1,2026-09-04T13:22:40Z
HK_2002_C079,2006-02-08,373,4,42,40,https://racing.hkjc.com/en-us/local/information/otherhorse?horseid=HK_2002_C079&Option=1,2026-09-04T13:22:40Z
HK_2002_C079,2006-02-19,401,4,40,38,https://racing.hkjc.com/en-us/local/information/otherhorse?horseid=HK_2002_C079&Option=1,2026-09-04T13:22:40Z
HK_2002_C079,2006-04-12,520,5,38,35,https://racing.hkjc.com/en-us/local/information/otherhorse?horseid=HK_2002_C079&Option=1,2026-09-04T13:22:40Z
HK_2002_C079,2006-06-17,672,5,35,39,https://racing.hkjc.com/en-us/local/information/otherhorse?horseid=HK_2002_C079&Option=1,2026-09-04T13:22:40Z
HK_2002_C079,2006-09-10,2,5,39,39,https://racing.hkjc.com/en-us/local/information/otherhorse?horseid=HK_2002_C079&Option=1,2026-09-04T13:22:40Z
HK_2002_C079,2006-09-24,32,5,39,39,https://racing.hkjc.com/en-us/local/information/otherhorse?horseid=HK_2002_C079&Option=1,2026-09-04T13:22:40Z
HK_2002_C079,2006-11-12,151,5,39,38,https://racing.hkjc.com/en-us/local/information/otherhorse?horseid=HK_2002_C079&Option=1,2026-09-04T13:22:40Z
HK_2002_C079,2006-12-13,229,5,38,36,https://racing.hkjc.com/en-us/local/information/otherhorse?horseid=HK_2002_C079&Option=1,2026-09-04T13:22:40Z
HK_2002_C079,2007-01-20,323,5,36,34,https://racing.hkjc.com/en-us/local/information/otherhorse?horseid=HK_2002_C079&Option=1,2026-09-04T13:22:40Z
HK_2002_C079,2007-02-25,406,5,34,32,https://racing.hkjc.com/en-us/local/information/otherhorse?horseid=HK_2002_C079&Option=1,2026-09-04T13:22:40Z
HK_2002_C079,2007-04-09,506,5,32,30,https://racing.hkjc.com/en-us/local/information/otherhorse?horseid=HK_2002_C079&Option=1,2026-09-04T13:22:40Z
HK_2002_C079,2007-05-27,630,5,30,25,https://racing.hkjc.com/en-us/local/information/otherhorse?horseid=HK_2002_C079&Option=1,2026-09-04T13:22:40Z
HK_2002_C079,2007-09-09,1,5,25,25,https://racing.hkjc.com/en-us/local/information/otherhorse?horseid=HK_2002_C079&Option=1,2026-09-04T13:22:40Z
HK_2002_C079,2007-09-23,37,5,25,26,https://racing.hkjc.com/en-us/local/information/otherhorse?horseid=HK_2002_C079&Option=1,2026-09-04T13:22:40Z
HK_2002_C079,2007-10-14,81,5,26,26,https://racing.hkjc.com/en-us/local/information/otherhorse?horseid=HK_2002_C079&Option=1,2026-09-04T13:22:40Z
HK_2002_C079,2007-11-21,179,5,26,25,https://racing.hkjc.com/en-us/local/information/otherhorse?horseid=HK_2002_C079&Option=1,2026-09-04T13:22:40Z
HK_2002_C079,2007-12-15,244,5,25,23,https://racing.hkjc.com/en-us/local/information/otherhorse?horseid=HK_2002_C079&Option=1,2026-09-04T13:22:40Z
HK_2002_C079,2007-12-23,262,5,23,23,https://racing.hkjc.com/en-us/local/information/otherhorse?horseid=HK_2002_C079&Option=1,2026-09-04T13:22:40Z
HK_2002_C079,2008-01-01,279,5,23,23,https://racing.hkjc.com/en-us/local/information/otherhorse?horseid=HK_2002_C079&Option=1,2026-09-04T13:22:40Z
HK_2002_C079,2008-01-23,336,5,23,21,https://racing.hkjc.com/en-us/local/information/otherhorse?horseid=HK_2002_C079&Option=1,2026-09-04T13:22:40Z
HK_2002_C082,2003-02-08,378,2,88,88,https://racing.hkjc.com/en-us/local/information/otherhorse?horseid=HK_2002_C082&Option=1,2026-09-04T13:21:27Z
HK_2002_C082,2003-02-23,411,2,88,85,https://racing.hkjc.com/en-us/local/information/otherhorse?horseid=HK_2002_C082&Option=1,2026-09-04T13:21:27Z
HK_2002_C082,2003-04-02,506,2,85,80,https://racing.hkjc.com/en-us/local/information/otherhorse?horseid=HK_2002_C082&Option=1,2026-09-04T13:21:27Z
HK_2002_C082,2003-04-27,561,2,80,75,https://racing.hkjc.com/en-us/local/information/otherhorse?horseid=HK_2002_C082&Option=1,2026-09-04T13:21:27Z
HK_2002_C082,2003-05-14,607,2,75,70,https://racing.hkjc.com/en-us/local/information/otherhorse?horseid=HK_2002_C082&Option=1,2026-09-04T13:21:27Z
HK_2002_C082,2003-06-14,690,2,70,62,https://racing.hkjc.com/en-us/local/information/otherhorse?horseid=HK_2002_C082&Option=1,2026-09-04T13:21:27Z
HK_2002_C082,2003-09-06,16,3,62,62,https://racing.hkjc.com/en-us/local/information/otherhorse?horseid=HK_2002_C082&Option=1,2026-09-04T13:21:27Z
HK_2002_C082,2003-09-21,49,3,62,61,https://racing.hkjc.com/en-us/local/information/otherhorse?horseid=HK_2002_C082&Option=1,2026-09-04T13:21:27Z
HK_2002_C082,2003-10-05,88,3,61,60,https://racing.hkjc.com/en-us/local/information/otherhorse?horseid=HK_2002_C082&Option=1,2026-09-04T13:21:27Z
HK_2002_C082,2003-11-02,149,4,60,58,https://racing.hkjc.com/en-us/local/information/otherhorse?horseid=HK_2002_C082&Option=1,2026-09-04T13:21:27Z
HK_2002_C082,2003-11-22,201,4,58,54,https://racing.hkjc.com/en-us/local/information/otherhorse?horseid=HK_2002_C082&Option=1,2026-09-04T13:21:27Z
HK_2002_C082,2004-03-21,476,4,54,52,https://racing.hkjc.com/en-us/local/information/otherhorse?horseid=HK_2002_C082&Option=1,2026-09-04T13:21:27Z
HK_2002_C082,2004-04-17,529,4,52,57,https://racing.hkjc.com/en-us/local/information/otherhorse?horseid=HK_2002_C082&Option=1,2026-09-04T13:21:27Z
HK_2002_C082,2004-05-12,593,4,57,64,https://racing.hkjc.com/en-us/local/information/otherhorse?horseid=HK_2002_C082&Option=1,2026-09-04T13:21:27Z
HK_2002_C082,2004-06-09,663,3,64,64,https://racing.hkjc.com/en-us/local/information/otherhorse?horseid=HK_2002_C082&Option=1,2026-09-04T13:21:27Z
HK_2002_C082,2004-06-20,693,3,64,62,https://racing.hkjc.com/en-us/local/information/otherhorse?horseid=HK_2002_C082&Option=1,2026-09-04T13:21:27Z
HK_2002_C082,2004-09-08,18,3,62,62,https://racing.hkjc.com/en-us/local/information/otherhorse?horseid=HK_2002_C082&Option=1,2026-09-04T13:21:27Z
HK_2002_C082,2004-10-06,82,3,62,60,https://racing.hkjc.com/en-us/local/information/otherhorse?horseid=HK_2002_C082&Option=1,2026-09-04T13:21:27Z
HK_2002_C082,2004-12-15,248,4,60,57,https://racing.hkjc.com/en-us/local/information/otherhorse?horseid=HK_2002_C082&Option=1,2026-09-04T13:21:27Z
HK_2002_C082,2005-01-01,284,4,57,56,https://racing.hkjc.com/en-us/local/information/otherhorse?horseid=HK_2002_C082&Option=1,2026-09-04T13:21:27Z
HK_2002_C082,2005-01-26,353,3,56,53,https://racing.hkjc.com/en-us/local/information/otherhorse?horseid=HK_2002_C082&Option=1,2026-09-04T13:21:27Z
HK_2002_C082,2005-03-09,450,4,53,51,https://racing.hkjc.com/en-us/local/information/otherhorse?horseid=HK_2002_C082&Option=1,2026-09-04T13:21:27Z
HK_2002_C082,2005-03-23,483,4,51,49,https://racing.hkjc.com/en-us/local/information/otherhorse?horseid=HK_2002_C082&Option=1,2026-09-04T13:21:27Z
HK_2002_C082,2005-04-06,515,4,49,47,https://racing.hkjc.com/en-us/local/information/otherhorse?horseid=HK_2002_C082&Option=1,2026-09-04T13:21:27Z
HK_2002_C082,2005-04-24,558,4,47,45,https://racing.hkjc.com/en-us/local/information/otherhorse?horseid=HK_2002_C082&Option=1,2026-09-04T13:21:27Z
HK_2002_C082,2005-06-08,662,4,45,43,https://racing.hkjc.com/en-us/local/information/otherhorse?horseid=HK_2002_C082&Option=1,2026-09-04T13:21:27Z
HK_2002_C082,2005-06-26,694,4,43,39,https://racing.hkjc.com/en-us/local/information/otherhorse?horseid=HK_2002_C082&Option=1,2026-09-04T13:21:27Z
HK_2002_C082,2005-09-14,27,5,39,40,https://racing.hkjc.com/en-us/local/information/otherhorse?horseid=HK_2002_C082&Option=1,2026-09-04T13:21:27Z
HK_2002_C082,2005-10-19,100,5,40,40,https://racing.hkjc.com/en-us/local/information/otherhorse?horseid=HK_2002_C082&Option=1,2026-09-04T13:21:27Z
HK_2002_C082,2005-11-16,173,5,40,39,https://racing.hkjc.com/en-us/local/information/otherhorse?horseid=HK_2002_C082&Option=1,2026-09-04T13:21:27Z
HK_2002_C082,2006-01-01,278,5,39,41,https://racing.hkjc.com/en-us/local/information/otherhorse?horseid=HK_2002_C082&Option=1,2026-09-04T13:21:27Z
HK_2002_C082,2006-01-22,333,4,41,48,https://racing.hkjc.com/en-us/local/information/otherhorse?horseid=HK_2002_C082&Option=1,2026-09-04T13:21:27Z
HK_2002_C082,2006-02-05,360,4,48,48,https://racing.hkjc.com/en-us/local/information/otherhorse?horseid=HK_2002_C082&Option=1,2026-09-04T13:21:27Z
HK_2002_C082,2006-03-26,480,4,48,48,https://racing.hkjc.com/en-us/local/information/otherhorse?horseid=HK_2002_C082&Option=1,2026-09-04T13:21:27Z
HK_2002_C082,2006-04-08,509,4,48,47,https://racing.hkjc.com/en-us/local/information/otherhorse?horseid=HK_2002_C082&Option=1,2026-09-04T13:21:27Z
HK_2002_C082,2006-04-15,529,4,47,46,https://racing.hkjc.com/en-us/local/information/otherhorse?horseid=HK_2002_C082&Option=1,2026-09-04T13:21:27Z
HK_2002_C082,2006-05-03,575,4,46,45,https://racing.hkjc.com/en-us/local/information/otherhorse?horseid=HK_2002_C082&Option=1,2026-09-04T13:21:27Z
HK_2002_C082,2006-06-25,685,4,45,42,https://racing.hkjc.com/en-us/local/information/otherhorse?horseid=HK_2002_C082&Option=1,2026-09-04T13:21:27Z
HK_2002_C082,2006-09-27,43,4,42,42,https://racing.hkjc.com/en-us/local/information/otherhorse?horseid=HK_2002_C082&Option=1,2026-09-04T13:21:27Z
HK_2002_C082,2006-11-01,122,4,42,41,https://racing.hkjc.com/en-us/local/information/otherhorse?horseid=HK_2002_C082&Option=1,2026-09-04T13:21:27Z
HK_2002_C082,2006-11-12,150,4,41,40,https://racing.hkjc.com/en-us/local/information/otherhorse?horseid=HK_2002_C082&Option=1,2026-09-04T13:21:27Z
HK_2002_C082,2006-11-26,183,5,40,38,https://racing.hkjc.com/en-us/local/information/otherhorse?horseid=HK_2002_C082&Option=1,2026-09-04T13:21:27Z
HK_2002_C082,2006-12-13,229,5,38,36,https://racing.hkjc.com/en-us/local/information/otherhorse?horseid=HK_2002_C082&Option=1,2026-09-04T13:21:27Z
HK_2002_C082,2007-01-28,338,5,36,34,https://racing.hkjc.com/en-us/local/information/otherhorse?horseid=HK_2002_C082&Option=1,2026-09-04T13:21:27Z
HK_2002_C084,2003-01-22,349,1,93,93,https://racing.hkjc.com/en-us/local/information/otherhorse?horseid=HK_2002_C084&Option=1,2026-09-04T13:29:32Z
HK_2002_C084,2003-02-23,415,1,93,91,https://racing.hkjc.com/en-us/local/information/otherhorse?horseid=HK_2002_C084&Option=1,2026-09-04T13:29:32Z
HK_2002_C084,2003-03-23,472,1,91,88,https://racing.hkjc.com/en-us/local/information/otherhorse?horseid=HK_2002_C084&Option=1,2026-09-04T13:29:32Z
HK_2002_C084,2003-04-13,531,2,88,86,https://racing.hkjc.com/en-us/local/information/otherhorse?horseid=HK_2002_C084&Option=1,2026-09-04T13:29:32Z
HK_2002_C084,2003-05-04,581,2,86,80,https://racing.hkjc.com/en-us/local/information/otherhorse?horseid=HK_2002_C084&Option=1,2026-09-04T13:29:32Z
HK_2002_C084,2003-12-26,289,2,80,82,https://racing.hkjc.com/en-us/local/information/otherhorse?horseid=HK_2002_C084&Option=1,2026-09-04T13:29:32Z
HK_2002_C084,2004-01-04,307,2,82,82,https://racing.hkjc.com/en-us/local/information/otherhorse?horseid=HK_2002_C084&Option=1,2026-09-04T13:29:32Z
HK_2002_C084,2004-01-24,349,2,82,81,https://racing.hkjc.com/en-us/local/information/otherhorse?horseid=HK_2002_C084&Option=1,2026-09-04T13:29:32Z
HK_2002_C084,2004-02-28,429,2,81,81,https://racing.hkjc.com/en-us/local/information/otherhorse?horseid=HK_2002_C084&Option=1,2026-09-04T13:29:32Z
HK_2002_C084,2004-03-07,450,2,81,80,https://racing.hkjc.com/en-us/local/information/otherhorse?horseid=HK_2002_C084&Option=1,2026-09-04T13:29:32Z
HK_2002_C084,2004-03-13,466,3,80,80,https://racing.hkjc.com/en-us/local/information/otherhorse?horseid=HK_2002_C084&Option=1,2026-09-04T13:29:32Z
HK_2002_C084,2004-03-21,478,2,80,79,https://racing.hkjc.com/en-us/local/information/otherhorse?horseid=HK_2002_C084&Option=1,2026-09-04T13:29:32Z
HK_2002_C084,2004-04-21,541,3,79,76,https://racing.hkjc.com/en-us/local/information/otherhorse?horseid=HK_2002_C084&Option=1,2026-09-04T13:29:32Z
HK_2002_C084,2004-05-16,601,3,76,79,https://racing.hkjc.com/en-us/local/information/otherhorse?horseid=HK_2002_C084&Option=1,2026-09-04T13:29:32Z
HK_2002_C084,2004-05-26,631,3,79,79,https://racing.hkjc.com/en-us/local/information/otherhorse?horseid=HK_2002_C084&Option=1,2026-09-04T13:29:32Z
HK_2002_C084,2004-06-06,655,2,79,77,https://racing.hkjc.com/en-us/local/information/otherhorse?horseid=HK_2002_C084&Option=1,2026-09-04T13:29:32Z
HK_2002_C084,2004-09-29,58,3,77,79,https://racing.hkjc.com/en-us/local/information/otherhorse?horseid=HK_2002_C084&Option=1,2026-09-04T13:29:32Z
HK_2002_C084,2004-11-10,164,2,79,89,https://racing.hkjc.com/en-us/local/information/otherhorse?horseid=HK_2002_C084&Option=1,2026-09-04T13:29:32Z
HK_2002_C084,2004-12-26,281,2,89,96,https://racing.hkjc.com/en-us/local/information/otherhorse?horseid=HK_2002_C084&Option=1,2026-09-04T13:29:32Z
HK_2002_C084,2005-01-08,307,1,96,97,https://racing.hkjc.com/en-us/local/information/otherhorse?horseid=HK_2002_C084&Option=1,2026-09-04T13:29:32Z
HK_2002_C084,2005-01-30,359,4YO+,97,108,https://racing.hkjc.com/en-us/local/information/otherhorse?horseid=HK_2002_C084&Option=1,2026-09-04T13:29:32Z
HK_2002_C084,2005-05-14,610,1,108,114,https://racing.hkjc.com/en-us/local/information/otherhorse?horseid=HK_2002_C084&Option=1,2026-09-04T13:29:32Z
HK_2002_C084,2005-10-02,69,P,114,114,https://racing.hkjc.com/en-us/local/information/otherhorse?horseid=HK_2002_C084&Option=1,2026-09-04T13:29:32Z
HK_2002_C084,2006-01-01,284,GROUP-3,114,113,https://racing.hkjc.com/en-us/local/information/otherhorse?horseid=HK_2002_C084&Option=1,2026-09-04T13:29:32Z
HK_2002_C084,2006-01-22,339,3YO+,113,115,https://racing.hkjc.com/en-us/local/information/otherhorse?horseid=HK_2002_C084&Option=1,2026-09-04T13:29:32Z
HK_2002_C084,2006-01-31,356,1,115,116,https://racing.hkjc.com/en-us/local/information/otherhorse?horseid=HK_2002_C084&Option=1,2026-09-04T13:29:32Z
HK_2002_C084,2006-02-11,386,P,116,116,https://racing.hkjc.com/en-us/local/information/otherhorse?horseid=HK_2002_C084&Option=1,2026-09-04T13:29:32Z
HK_2002_C084,2006-03-19,468,3YO+,116,118,https://racing.hkjc.com/en-us/local/information/otherhorse?horseid=HK_2002_C084&Option=1,2026-09-04T13:29:32Z
HK_2002_C084,2006-05-21,622,P,118,118,https://racing.hkjc.com/en-us/local/information/otherhorse?horseid=HK_2002_C084&Option=1,2026-09-04T13:29:32Z
HK_2002_C084,2006-09-10,4,1,118,118,https://racing.hkjc.com/en-us/local/information/otherhorse?horseid=HK_2002_C084&Option=1,2026-09-04T13:29:32Z
HK_2002_C084,2006-10-01,54,GROUP-3,118,120,https://racing.hkjc.com/en-us/local/information/otherhorse?horseid=HK_2002_C084&Option=1,2026-09-04T13:29:32Z
HK_2002_C084,2006-10-29,119,GROUP-3,120,120,https://racing.hkjc.com/en-us/local/information/otherhorse?horseid=HK_2002_C084&Option=1,2026-09-04T13:29:32Z
HK_2002_C084,2006-11-19,170,3YO+,120,119,https://racing.hkjc.com/en-us/local/information/otherhorse?horseid=HK_2002_C084&Option=1,2026-09-04T13:29:32Z
HK_2002_C084,2006-12-10,222,1,119,119,https://racing.hkjc.com/en-us/local/information/otherhorse?horseid=HK_2002_C084&Option=1,2026-09-04T13:29:32Z
HK_2002_C084,2007-01-01,281,GROUP-3,119,118,https://racing.hkjc.com/en-us/local/information/otherhorse?horseid=HK_2002_C084&Option=1,2026-09-04T13:29:32Z
HK_2002_C084,2007-01-28,345,3YO+,118,117,https://racing.hkjc.com/en-us/local/information/otherhorse?horseid=HK_2002_C084&Option=1,2026-09-04T13:29:32Z
HK_2002_C084,2007-02-20,398,1,117,115,https://racing.hkjc.com/en-us/local/information/otherhorse?horseid=HK_2002_C084&Option=1,2026-09-04T13:29:32Z
HK_2002_C084,2007-03-18,464,3YO+,115,113,https://racing.hkjc.com/en-us/local/information/otherhorse?horseid=HK_2002_C084&Option=1,2026-09-04T13:29:32Z
HK_2002_C084,2007-04-09,512,3YO+,113,112,https://racing.hkjc.com/en-us/local/information/otherhorse?horseid=HK_2002_C084&Option=1,2026-09-04T13:29:32Z
HK_2002_C084,2007-05-01,570,1,112,110,https://racing.hkjc.com/en-us/local/information/otherhorse?horseid=HK_2002_C084&Option=1,2026-09-04T13:29:32Z
HK_2002_C084,2007-06-09,674,GROUP-3,110,108,https://racing.hkjc.com/en-us/local/information/otherhorse?horseid=HK_2002_C084&Option=1,2026-09-04T13:29:32Z
HK_2002_C084,2007-11-03,139,1,108,107,https://racing.hkjc.com/en-us/local/information/otherhorse?horseid=HK_2002_C084&Option=1,2026-09-04T13:29:32Z
HK_2002_C084,2007-11-25,195,1,107,104,https://racing.hkjc.com/en-us/local/information/otherhorse?horseid=HK_2002_C084&Option=1,2026-09-04T13:29:32Z
HK_2002_C084,2007-12-09,224,1,104,101,https://racing.hkjc.com/en-us/local/information/otherhorse?horseid=HK_2002_C084&Option=1,2026-09-04T13:29:32Z
HK_2002_C084,2008-01-01,288,GROUP-3,101,98,https://racing.hkjc.com/en-us/local/information/otherhorse?horseid=HK_2002_C084&Option=1,2026-09-04T13:29:32Z
HK_2002_C084,2008-01-27,352,1,98,95,https://racing.hkjc.com/en-us/local/information/otherhorse?horseid=HK_2002_C084&Option=1,2026-09-04T13:29:32Z
HK_2002_C084,2008-02-17,400,2,95,92,https://racing.hkjc.com/en-us/local/information/otherhorse?horseid=HK_2002_C084&Option=1,2026-09-04T13:29:32Z
HK_2002_C084,2008-03-01,436,2,92,91,https://racing.hkjc.com/en-us/local/information/otherhorse?horseid=HK_2002_C084&Option=1,2026-09-04T13:29:32Z
HK_2002_C084,2008-03-16,473,2,91,88,https://racing.hkjc.com/en-us/local/information/otherhorse?horseid=HK_2002_C084&Option=1,2026-09-04T13:29:32Z
HK_2002_C084,2008-06-15,680,2,88,80,https://racing.hkjc.com/en-us/local/information/otherhorse?horseid=HK_2002_C084&Option=1,2026-09-04T13:29:32Z
HK_2002_C092,2003-02-16,395,3,52,59,https://racing.hkjc.com/en-us/local/information/otherhorse?horseid=HK_2002_C092&Option=1,2026-09-04T13:29:23Z
HK_2002_C092,2003-03-26,487,3,59,62,https://racing.hkjc.com/en-us/local/information/otherhorse?horseid=HK_2002_C092&Option=1,2026-09-04T13:29:23Z
HK_2002_C092,2003-04-27,558,3,62,59,https://racing.hkjc.com/en-us/local/information/otherhorse?horseid=HK_2002_C092&Option=1,2026-09-04T13:29:23Z
HK_2002_C092,2003-10-11,100,4,59,59,https://racing.hkjc.com/en-us/local/information/otherhorse?horseid=HK_2002_C092&Option=1,2026-09-04T13:29:23Z
HK_2002_C092,2003-11-12,178,3,59,66,https://racing.hkjc.com/en-us/local/information/otherhorse?horseid=HK_2002_C092&Option=1,2026-09-04T13:29:23Z
HK_2002_C092,2003-12-14,256,3,66,73,https://racing.hkjc.com/en-us/local/information/otherhorse?horseid=HK_2002_C092&Option=1,2026-09-04T13:29:23Z
HK_2002_C092,2004-02-01,370,3,73,83,https://racing.hkjc.com/en-us/local/information/otherhorse?horseid=HK_2002_C092&Option=1,2026-09-04T13:29:23Z
HK_2002_C092,2004-03-07,450,2,83,93,https://racing.hkjc.com/en-us/local/information/otherhorse?horseid=HK_2002_C092&Option=1,2026-09-04T13:29:23Z
HK_2002_C092,2004-04-03,510,2,93,91,https://racing.hkjc.com/en-us/local/information/otherhorse?horseid=HK_2002_C092&Option=1,2026-09-04T13:29:23Z
HK_2002_C092,2004-09-05,10,2,91,91,https://racing.hkjc.com/en-us/local/information/otherhorse?horseid=HK_2002_C092&Option=1,2026-09-04T13:29:23Z
HK_2002_C092,2005-01-16,326,2,91,90,https://racing.hkjc.com/en-us/local/information/otherhorse?horseid=HK_2002_C092&Option=1,2026-09-04T13:29:23Z
HK_2002_C092,2005-02-16,399,2,90,89,https://racing.hkjc.com/en-us/local/information/otherhorse?horseid=HK_2002_C092&Option=1,2026-09-04T13:29:23Z
HK_2002_C092,2005-03-26,499,2,89,88,https://racing.hkjc.com/en-us/local/information/otherhorse?horseid=HK_2002_C092&Option=1,2026-09-04T13:29:23Z
HK_2002_C092,2005-04-24,564,2,88,91,https://racing.hkjc.com/en-us/local/information/otherhorse?horseid=HK_2002_C092&Option=1,2026-09-04T13:29:23Z
HK_2002_C092,2005-05-29,638,2,91,98,https://racing.hkjc.com/en-us/local/information/otherhorse?horseid=HK_2002_C092&Option=1,2026-09-04T13:29:23Z
HK_2002_C092,2005-06-26,702,1,98,98,https://racing.hkjc.com/en-us/local/information/otherhorse?horseid=HK_2002_C092&Option=1,2026-09-04T13:29:23Z
HK_2002_C092,2005-10-09,89,1,98,98,https://racing.hkjc.com/en-us/local/information/otherhorse?horseid=HK_2002_C092&Option=1,2026-09-04T13:29:23Z
HK_2002_C092,2005-11-05,150,1,98,98,https://racing.hkjc.com/en-us/local/information/otherhorse?horseid=HK_2002_C092&Option=1,2026-09-04T13:29:23Z
HK_2002_C092,2005-11-27,205,1,98,97,https://racing.hkjc.com/en-us/local/information/otherhorse?horseid=HK_2002_C092&Option=1,2026-09-04T13:29:23Z
HK_2002_C092,2005-12-11,241,1,97,102,https://racing.hkjc.com/en-us/local/information/otherhorse?horseid=HK_2002_C092&Option=1,2026-09-04T13:29:23Z
HK_2002_C092,2006-01-01,284,GROUP-3,102,102,https://racing.hkjc.com/en-us/local/information/otherhorse?horseid=HK_2002_C092&Option=1,2026-09-04T13:29:23Z
HK_2002_C092,2006-01-15,322,1,102,101,https://racing.hkjc.com/en-us/local/information/otherhorse?horseid=HK_2002_C092&Option=1,2026-09-04T13:29:23Z
HK_2002_C092,2006-01-31,356,1,101,100,https://racing.hkjc.com/en-us/local/information/otherhorse?horseid=HK_2002_C092&Option=1,2026-09-04T13:29:23Z
HK_2002_C092,2006-04-30,570,1,100,103,https://racing.hkjc.com/en-us/local/information/otherhorse?horseid=HK_2002_C092&Option=1,2026-09-04T13:29:23Z
HK_2002_C092,2006-06-04,651,1,103,108,https://racing.hkjc.com/en-us/local/information/otherhorse?horseid=HK_2002_C092&Option=1,2026-09-04T13:29:23Z
HK_2002_C092,2006-06-25,688,1,108,107,https://racing.hkjc.com/en-us/local/information/otherhorse?horseid=HK_2002_C092&Option=1,2026-09-04T13:29:23Z
HK_2002_C092,2007-02-04,360,1,107,107,https://racing.hkjc.com/en-us/local/information/otherhorse?horseid=HK_2002_C092&Option=1,2026-09-04T13:29:23Z
HK_2002_C092,2007-02-20,398,1,107,104,https://racing.hkjc.com/en-us/local/information/otherhorse?horseid=HK_2002_C092&Option=1,2026-09-04T13:29:23Z
HK_2002_C092,2007-09-09,8,1,104,104,https://racing.hkjc.com/en-us/local/information/otherhorse?horseid=HK_2002_C092&Option=1,2026-09-04T13:29:23Z
HK_2002_C092,2007-10-01,65,GROUP-3,104,102,https://racing.hkjc.com/en-us/local/information/otherhorse?horseid=HK_2002_C092&Option=1,2026-09-04T13:29:23Z
HK_2002_C092,2007-10-21,102,GROUP-3,102,100,https://racing.hkjc.com/en-us/local/information/otherhorse?horseid=HK_2002_C092&Option=1,2026-09-04T13:29:23Z
HK_2002_C092,2007-11-17,172,2,100,100,https://racing.hkjc.com/en-us/local/information/otherhorse?horseid=HK_2002_C092&Option=1,2026-09-04T13:29:23Z
HK_2002_C109,2003-02-03,364,P,103,103,https://racing.hkjc.com/en-us/local/information/otherhorse?horseid=HK_2002_C109&Option=1,2026-09-04T13:29:58Z
HK_2002_C109,2003-02-16,396,4YO,103,101,https://racing.hkjc.com/en-us/local/information/otherhorse?horseid=HK_2002_C109&Option=1,2026-09-04T13:29:58Z
HK_2002_C109,2003-03-01,433,P,101,104,https://racing.hkjc.com/en-us/local/information/otherhorse?horseid=HK_2002_C109&Option=1,2026-09-04T13:29:58Z
HK_2002_C109,2003-03-23,478,4YO,104,105,https://racing.hkjc.com/en-us/local/information/otherhorse?horseid=HK_2002_C109&Option=1,2026-09-04T13:29:58Z
HK_2002_C109,2003-04-06,516,P,105,115,https://racing.hkjc.com/en-us/local/information/otherhorse?horseid=HK_2002_C109&Option=1,2026-09-04T13:29:58Z
HK_2002_C109,2003-04-27,560,3YO+,115,119,https://racing.hkjc.com/en-us/local/information/otherhorse?horseid=HK_2002_C109&Option=1,2026-09-04T13:29:58Z
HK_2002_C109,2003-05-10,598,GROUP-2,119,119,https://racing.hkjc.com/en-us/local/information/otherhorse?horseid=HK_2002_C109&Option=1,2026-09-04T13:29:58Z
HK_2002_C109,2003-06-01,651,3YO+,119,119,https://racing.hkjc.com/en-us/local/information/otherhorse?horseid=HK_2002_C109&Option=1,2026-09-04T13:29:58Z
HK_2002_C109,2003-06-14,685,3YO+,119,116,https://racing.hkjc.com/en-us/local/information/otherhorse?horseid=HK_2002_C109&Option=1,2026-09-04T13:29:58Z
HK_2002_C109,2003-10-01,79,P,116,116,https://racing.hkjc.com/en-us/local/information/otherhorse?horseid=HK_2002_C109&Option=1,2026-09-04T13:29:58Z
HK_2002_C109,2003-10-19,118,GROUP-3,116,114,https://racing.hkjc.com/en-us/local/information/otherhorse?horseid=HK_2002_C109&Option=1,2026-09-04T13:29:58Z
HK_2002_C109,2003-11-15,188,3YO+,114,114,https://racing.hkjc.com/en-us/local/information/otherhorse?horseid=HK_2002_C109&Option=1,2026-09-04T13:29:58Z
HK_2002_C109,2003-11-22,207,3YO+,114,114,https://racing.hkjc.com/en-us/local/information/otherhorse?horseid=HK_2002_C109&Option=1,2026-09-04T13:29:58Z
HK_2002_C109,2003-12-14,255,3YO+,114,114,https://racing.hkjc.com/en-us/local/information/otherhorse?horseid=HK_2002_C109&Option=1,2026-09-04T13:29:58Z
HK_2002_C109,2004-01-18,343,3YO+,114,114,https://racing.hkjc.com/en-us/local/information/otherhorse?horseid=HK_2002_C109&Option=1,2026-09-04T13:29:58Z
HK_2002_C109,2004-01-24,353,GROUP-3,114,115,https://racing.hkjc.com/en-us/local/information/otherhorse?horseid=HK_2002_C109&Option=1,2026-09-04T13:29:58Z
HK_2002_C109,2004-02-15,402,5YO+,115,115,https://racing.hkjc.com/en-us/local/information/otherhorse?horseid=HK_2002_C109&Option=1,2026-09-04T13:29:58Z
HK_2002_C109,2004-02-22,421,3YO+,115,115,https://racing.hkjc.com/en-us/local/information/otherhorse?horseid=HK_2002_C109&Option=1,2026-09-04T13:29:58Z
HK_2002_C109,2004-03-21,481,3YO+,115,115,https://racing.hkjc.com/en-us/local/information/otherhorse?horseid=HK_2002_C109&Option=1,2026-09-04T13:29:58Z
HK_2002_C109,2004-04-03,509,P,115,114,https://racing.hkjc.com/en-us/local/information/otherhorse?horseid=HK_2002_C109&Option=1,2026-09-04T13:29:58Z
HK_2002_C109,2004-04-25,553,3YO+,114,123,https://racing.hkjc.com/en-us/local/information/otherhorse?horseid=HK_2002_C109&Option=1,2026-09-04T13:29:58Z
HK_2002_C109,2004-05-30,641,3YO+,123,120,https://racing.hkjc.com/en-us/local/information/otherhorse?horseid=HK_2002_C109&Option=1,2026-09-04T13:29:58Z
HK_2002_C109,2005-11-20,187,3YO+,120,120,https://racing.hkjc.com/en-us/local/information/otherhorse?horseid=HK_2002_C109&Option=1,2026-09-04T13:29:58Z
HK_2002_C109,2005-12-11,240,3YO+,120,117,https://racing.hkjc.com/en-us/local/information/otherhorse?horseid=HK_2002_C109&Option=1,2026-09-04T13:29:58Z
HK_2002_C109,2006-01-01,284,GROUP-3,117,115,https://racing.hkjc.com/en-us/local/information/otherhorse?horseid=HK_2002_C109&Option=1,2026-09-04T13:29:58Z
HK_2002_C109,2006-02-05,361,GROUP-3,115,115,https://racing.hkjc.com/en-us/local/information/otherhorse?horseid=HK_2002_C109&Option=1,2026-09-04T13:29:58Z
HK_2002_C109,2006-02-26,422,3YO+,115,114,https://racing.hkjc.com/en-us/local/information/otherhorse?horseid=HK_2002_C109&Option=1,2026-09-04T13:29:58Z
HK_2002_C109,2006-03-19,468,3YO+,114,112,https://racing.hkjc.com/en-us/local/information/otherhorse?horseid=HK_2002_C109&Option=1,2026-09-04T13:29:58Z
HK_2002_C109,2006-04-01,505,P,112,111,https://racing.hkjc.com/en-us/local/information/otherhorse?horseid=HK_2002_C109&Option=1,2026-09-04T13:29:58Z
HK_2002_C109,2006-04-23,551,3YO+,111,110,https://racing.hkjc.com/en-us/local/information/otherhorse?horseid=HK_2002_C109&Option=1,2026-09-04T13:29:58Z
HK_2002_C109,2006-05-07,584,GROUP-3,110,108,https://racing.hkjc.com/en-us/local/information/otherhorse?horseid=HK_2002_C109&Option=1,2026-09-04T13:29:58Z
HK_2002_C109,2006-05-28,639,3YO+,108,108,https://racing.hkjc.com/en-us/local/information/otherhorse?horseid=HK_2002_C109&Option=1,2026-09-04T13:29:58Z
HK_2002_C115,2003-01-19,340,2,75,75,https://racing.hkjc.com/en-us/local/information/otherhorse?horseid=HK_2002_C115&Option=1,2026-09-04T13:23:33Z
HK_2002_C115,2003-02-12,387,2,75,72,https://racing.hkjc.com/en-us/local/information/otherhorse?horseid=HK_2002_C115&Option=1,2026-09-04T13:23:33Z
HK_2002_C115,2003-02-19,405,3,72,68,https://racing.hkjc.com/en-us/local/information/otherhorse?horseid=HK_2002_C115&Option=1,2026-09-04T13:23:33Z
HK_2002_C115,2003-03-01,431,3,68,65,https://racing.hkjc.com/en-us/local/information/otherhorse?horseid=HK_2002_C115&Option=1,2026-09-04T13:23:33Z
HK_2002_C115,2003-03-23,479,2,65,65,https://racing.hkjc.com/en-us/local/information/otherhorse?horseid=HK_2002_C115&Option=1,2026-09-04T13:23:33Z
HK_2002_C115,2003-05-01,570,3,65,70,https://racing.hkjc.com/en-us/local/information/otherhorse?horseid=HK_2002_C115&Option=1,2026-09-04T13:23:33Z
HK_2002_C115,2003-05-24,632,3,70,77,https://racing.hkjc.com/en-us/local/information/otherhorse?horseid=HK_2002_C115&Option=1,2026-09-04T13:23:33Z
HK_2002_C115,2003-06-22,710,2,77,74,https://racing.hkjc.com/en-us/local/information/otherhorse?horseid=HK_2002_C115&Option=1,2026-09-04T13:23:33Z
HK_2002_C115,2003-09-17,40,3,74,74,https://racing.hkjc.com/en-us/local/information/otherhorse?horseid=HK_2002_C115&Option=1,2026-09-04T13:23:33Z
HK_2002_C115,2003-09-27,70,3,74,73,https://racing.hkjc.com/en-us/local/information/otherhorse?horseid=HK_2002_C115&Option=1,2026-09-04T13:23:33Z
HK_2002_C115,2003-10-05,87,3,73,72,https://racing.hkjc.com/en-us/local/information/otherhorse?horseid=HK_2002_C115&Option=1,2026-09-04T13:23:33Z
HK_2002_C115,2003-10-19,116,3,72,71,https://racing.hkjc.com/en-us/local/information/otherhorse?horseid=HK_2002_C115&Option=1,2026-09-04T13:23:33Z
HK_2002_C115,2003-11-04,163,3,71,69,https://racing.hkjc.com/en-us/local/information/otherhorse?horseid=HK_2002_C115&Option=1,2026-09-04T13:23:33Z
HK_2002_C115,2003-11-12,179,3,69,67,https://racing.hkjc.com/en-us/local/information/otherhorse?horseid=HK_2002_C115&Option=1,2026-09-04T13:23:33Z
HK_2002_C115,2003-11-22,208,3,67,65,https://racing.hkjc.com/en-us/local/information/otherhorse?horseid=HK_2002_C115&Option=1,2026-09-04T13:23:33Z
HK_2002_C115,2004-01-07,316,3,65,68,https://racing.hkjc.com/en-us/local/information/otherhorse?horseid=HK_2002_C115&Option=1,2026-09-04T13:23:33Z
HK_2002_C115,2004-02-04,379,3,68,68,https://racing.hkjc.com/en-us/local/information/otherhorse?horseid=HK_2002_C115&Option=1,2026-09-04T13:23:33Z
HK_2002_C115,2004-02-22,423,3,68,68,https://racing.hkjc.com/en-us/local/information/otherhorse?horseid=HK_2002_C115&Option=1,2026-09-04T13:23:33Z
HK_2002_C115,2004-03-03,438,3,68,67,https://racing.hkjc.com/en-us/local/information/otherhorse?horseid=HK_2002_C115&Option=1,2026-09-04T13:23:33Z
HK_2002_C115,2004-05-26,631,3,67,65,https://racing.hkjc.com/en-us/local/information/otherhorse?horseid=HK_2002_C115&Option=1,2026-09-04T13:23:33Z
HK_2002_C115,2004-06-20,697,3,65,57,https://racing.hkjc.com/en-us/local/information/otherhorse?horseid=HK_2002_C115&Option=1,2026-09-04T13:23:33Z
HK_2002_C115,2004-09-11,22,4,57,57,https://racing.hkjc.com/en-us/local/information/otherhorse?horseid=HK_2002_C115&Option=1,2026-09-04T13:23:33Z
HK_2002_C115,2004-09-25,52,4,57,55,https://racing.hkjc.com/en-us/local/information/otherhorse?horseid=HK_2002_C115&Option=1,2026-09-04T13:23:33Z
HK_2002_C115,2004-10-06,78,4,55,54,https://racing.hkjc.com/en-us/local/information/otherhorse?horseid=HK_2002_C115&Option=1,2026-09-04T13:23:33Z
HK_2002_C115,2004-11-06,150,4,54,51,https://racing.hkjc.com/en-us/local/information/otherhorse?horseid=HK_2002_C115&Option=1,2026-09-04T13:23:33Z
HK_2002_C115,2004-11-24,195,4,51,49,https://racing.hkjc.com/en-us/local/information/otherhorse?horseid=HK_2002_C115&Option=1,2026-09-04T13:23:33Z
HK_2002_C115,2004-12-01,214,4,49,47,https://racing.hkjc.com/en-us/local/information/otherhorse?horseid=HK_2002_C115&Option=1,2026-09-04T13:23:33Z
HK_2002_C115,2004-12-22,265,4,47,45,https://racing.hkjc.com/en-us/local/information/otherhorse?horseid=HK_2002_C115&Option=1,2026-09-04T13:23:33Z
HK_2002_C115,2005-02-02,367,4,45,43,https://racing.hkjc.com/en-us/local/information/otherhorse?horseid=HK_2002_C115&Option=1,2026-09-04T13:23:33Z
HK_2002_C115,2005-02-16,395,4,43,40,https://racing.hkjc.com/en-us/local/information/otherhorse?horseid=HK_2002_C115&Option=1,2026-09-04T13:23:33Z
HK_2002_C115,2005-05-21,621,4,40,33,https://racing.hkjc.com/en-us/local/information/otherhorse?horseid=HK_2002_C115&Option=1,2026-09-04T13:23:33Z
HK_2002_C115,2005-10-22,108,5,33,33,https://racing.hkjc.com/en-us/local/information/otherhorse?horseid=HK_2002_C115&Option=1,2026-09-04T13:23:33Z
HK_2002_C115,2005-12-03,216,5,33,31,https://racing.hkjc.com/en-us/local/information/otherhorse?horseid=HK_2002_C115&Option=1,2026-09-04T13:23:33Z
HK_2002_C115,2006-01-01,280,5,31,37,https://racing.hkjc.com/en-us/local/information/otherhorse?horseid=HK_2002_C115&Option=1,2026-09-04T13:23:33Z
HK_2002_C115,2006-01-31,353,5,37,37,https://racing.hkjc.com/en-us/local/information/otherhorse?horseid=HK_2002_C115&Option=1,2026-09-04T13:23:33Z
HK_2002_C115,2006-04-01,501,5,37,37,https://racing.hkjc.com/en-us/local/information/otherhorse?horseid=HK_2002_C115&Option=1,2026-09-04T13:23:33Z
HK_2002_C121,2003-10-11,100,4,52,50,https://racing.hkjc.com/en-us/local/information/otherhorse?horseid=HK_2002_C121&Option=1,2026-09-04T13:21:32Z
HK_2002_C121,2003-10-25,133,4,50,47,https://racing.hkjc.com/en-us/local/information/otherhorse?horseid=HK_2002_C121&Option=1,2026-09-04T13:21:32Z
HK_2002_C121,2003-11-15,185,4,47,47,https://racing.hkjc.com/en-us/local/information/otherhorse?horseid=HK_2002_C121&Option=1,2026-09-04T13:21:32Z
HK_2002_C121,2003-12-20,273,4,47,49,https://racing.hkjc.com/en-us/local/information/otherhorse?horseid=HK_2002_C121&Option=1,2026-09-04T13:21:32Z
HK_2002_C121,2004-01-10,323,4,49,49,https://racing.hkjc.com/en-us/local/information/otherhorse?horseid=HK_2002_C121&Option=1,2026-09-04T13:21:32Z
HK_2002_C121,2004-01-24,350,4,49,48,https://racing.hkjc.com/en-us/local/information/otherhorse?horseid=HK_2002_C121&Option=1,2026-09-04T13:21:32Z
HK_2002_C121,2004-03-24,489,4,48,47,https://racing.hkjc.com/en-us/local/information/otherhorse?horseid=HK_2002_C121&Option=1,2026-09-04T13:21:32Z
HK_2002_C121,2004-04-25,546,4,47,45,https://racing.hkjc.com/en-us/local/information/otherhorse?horseid=HK_2002_C121&Option=1,2026-09-04T13:21:32Z
HK_2002_C121,2004-05-16,599,4,45,43,https://racing.hkjc.com/en-us/local/information/otherhorse?horseid=HK_2002_C121&Option=1,2026-09-04T13:21:32Z
HK_2002_C121,2004-05-26,626,4,43,43,https://racing.hkjc.com/en-us/local/information/otherhorse?horseid=HK_2002_C121&Option=1,2026-09-04T13:21:32Z
HK_2002_C121,2004-06-06,658,4,43,40,https://racing.hkjc.com/en-us/local/information/otherhorse?horseid=HK_2002_C121&Option=1,2026-09-04T13:21:32Z
HK_2002_C121,2004-09-05,6,4,40,40,https://racing.hkjc.com/en-us/local/information/otherhorse?horseid=HK_2002_C121&Option=1,2026-09-04T13:21:32Z
HK_2002_C121,2004-09-19,36,5,40,38,https://racing.hkjc.com/en-us/local/information/otherhorse?horseid=HK_2002_C121&Option=1,2026-09-04T13:21:32Z
HK_2002_C121,2004-10-03,66,5,38,37,https://racing.hkjc.com/en-us/local/information/otherhorse?horseid=HK_2002_C121&Option=1,2026-09-04T13:21:32Z
HK_2002_C121,2004-10-23,112,5,37,35,https://racing.hkjc.com/en-us/local/information/otherhorse?horseid=HK_2002_C121&Option=1,2026-09-04T13:21:32Z
HK_2002_C121,2004-12-18,257,5,35,33,https://racing.hkjc.com/en-us/local/information/otherhorse?horseid=HK_2002_C121&Option=1,2026-09-04T13:21:32Z
HK_2002_C121,2005-01-16,319,5,33,33,https://racing.hkjc.com/en-us/local/information/otherhorse?horseid=HK_2002_C121&Option=1,2026-09-04T13:21:32Z
HK_2002_C121,2005-03-05,440,5,33,33,https://racing.hkjc.com/en-us/local/information/otherhorse?horseid=HK_2002_C121&Option=1,2026-09-04T13:21:32Z
HK_2002_C121,2005-03-26,494,5,33,33,https://racing.hkjc.com/en-us/local/information/otherhorse?horseid=HK_2002_C121&Option=1,2026-09-04T13:21:32Z
HK_2002_C121,2005-05-14,602,5,33,40,https://racing.hkjc.com/en-us/local/information/otherhorse?horseid=HK_2002_C121&Option=1,2026-09-04T13:21:32Z
HK_2002_C121,2005-06-01,642,5,40,40,https://racing.hkjc.com/en-us/local/information/otherhorse?horseid=HK_2002_C121&Option=1,2026-09-04T13:21:32Z
HK_2002_C121,2005-09-07,12,4,40,40,https://racing.hkjc.com/en-us/local/information/otherhorse?horseid=HK_2002_C121&Option=1,2026-09-04T13:21:32Z
HK_2002_C121,2005-12-14,243,4,40,39,https://racing.hkjc.com/en-us/local/information/otherhorse?horseid=HK_2002_C121&Option=1,2026-09-04T13:21:32Z
HK_2002_C121,2006-01-01,278,5,39,40,https://racing.hkjc.com/en-us/local/information/otherhorse?horseid=HK_2002_C121&Option=1,2026-09-04T13:21:32Z
HK_2002_C121,2006-01-15,317,5,40,40,https://racing.hkjc.com/en-us/local/information/otherhorse?horseid=HK_2002_C121&Option=1,2026-09-04T13:21:32Z
HK_2002_C121,2006-02-15,391,5,40,39,https://racing.hkjc.com/en-us/local/information/otherhorse?horseid=HK_2002_C121&Option=1,2026-09-04T13:21:32Z
HK_2002_C139,2003-02-23,407,4,52,52,https://racing.hkjc.com/en-us/local/information/otherhorse?horseid=HK_2002_C139&Option=1,2026-09-04T13:22:25Z
HK_2002_C139,2003-04-13,529,4,52,49,https://racing.hkjc.com/en-us/local/information/otherhorse?horseid=HK_2002_C139&Option=1,2026-09-04T13:22:25Z
HK_2002_C139,2003-05-07,584,4,49,47,https://racing.hkjc.com/en-us/local/information/otherhorse?horseid=HK_2002_C139&Option=1,2026-09-04T13:22:25Z
HK_2002_C139,2003-05-21,620,4,47,50,https://racing.hkjc.com/en-us/local/information/otherhorse?horseid=HK_2002_C139&Option=1,2026-09-04T13:22:25Z
HK_2002_C139,2003-06-11,678,4,50,47,https://racing.hkjc.com/en-us/local/information/otherhorse?horseid=HK_2002_C139&Option=1,2026-09-04T13:22:25Z
HK_2002_C139,2003-09-06,12,4,47,57,https://racing.hkjc.com/en-us/local/information/otherhorse?horseid=HK_2002_C139&Option=1,2026-09-04T13:22:25Z
HK_2002_C139,2003-10-29,141,4,57,57,https://racing.hkjc.com/en-us/local/information/otherhorse?horseid=HK_2002_C139&Option=1,2026-09-04T13:22:25Z
HK_2002_C139,2003-11-30,224,4,57,56,https://racing.hkjc.com/en-us/local/information/otherhorse?horseid=HK_2002_C139&Option=1,2026-09-04T13:22:25Z
HK_2002_C139,2003-12-20,272,4,56,57,https://racing.hkjc.com/en-us/local/information/otherhorse?horseid=HK_2002_C139&Option=1,2026-09-04T13:22:25Z
HK_2002_C139,2004-02-04,376,4,57,57,https://racing.hkjc.com/en-us/local/information/otherhorse?horseid=HK_2002_C139&Option=1,2026-09-04T13:22:25Z
HK_2002_C139,2004-03-13,460,4,57,56,https://racing.hkjc.com/en-us/local/information/otherhorse?horseid=HK_2002_C139&Option=1,2026-09-04T13:22:25Z
HK_2002_C139,2004-04-11,513,4,56,55,https://racing.hkjc.com/en-us/local/information/otherhorse?horseid=HK_2002_C139&Option=1,2026-09-04T13:22:25Z
HK_2002_C139,2004-05-08,583,4,55,55,https://racing.hkjc.com/en-us/local/information/otherhorse?horseid=HK_2002_C139&Option=1,2026-09-04T13:22:25Z
HK_2002_C139,2004-06-20,689,4,55,52,https://racing.hkjc.com/en-us/local/information/otherhorse?horseid=HK_2002_C139&Option=1,2026-09-04T13:22:25Z
HK_2002_C139,2004-09-19,38,4,52,52,https://racing.hkjc.com/en-us/local/information/otherhorse?horseid=HK_2002_C139&Option=1,2026-09-04T13:22:25Z
HK_2002_C139,2004-10-09,87,4,52,50,https://racing.hkjc.com/en-us/local/information/otherhorse?horseid=HK_2002_C139&Option=1,2026-09-04T13:22:25Z
HK_2002_C139,2004-11-10,161,4,50,48,https://racing.hkjc.com/en-us/local/information/otherhorse?horseid=HK_2002_C139&Option=1,2026-09-04T13:22:25Z
HK_2002_C139,2004-12-26,273,4,48,45,https://racing.hkjc.com/en-us/local/information/otherhorse?horseid=HK_2002_C139&Option=1,2026-09-04T13:22:25Z
HK_2002_C139,2005-01-16,318,4,45,43,https://racing.hkjc.com/en-us/local/information/otherhorse?horseid=HK_2002_C139&Option=1,2026-09-04T13:22:25Z
HK_2002_C139,2005-02-11,386,4,43,41,https://racing.hkjc.com/en-us/local/information/otherhorse?horseid=HK_2002_C139&Option=1,2026-09-04T13:22:25Z
HK_2002_C139,2005-02-27,419,4,41,43,https://racing.hkjc.com/en-us/local/information/otherhorse?horseid=HK_2002_C139&Option=1,2026-09-04T13:22:25Z
HK_2002_C139,2005-03-19,476,4,43,50,https://racing.hkjc.com/en-us/local/information/otherhorse?horseid=HK_2002_C139&Option=1,2026-09-04T13:22:25Z
HK_2002_C139,2005-04-03,503,4,50,50,https://racing.hkjc.com/en-us/local/information/otherhorse?horseid=HK_2002_C139&Option=1,2026-09-04T13:22:25Z
HK_2002_C139,2005-05-01,566,4,50,50,https://racing.hkjc.com/en-us/local/information/otherhorse?horseid=HK_2002_C139&Option=1,2026-09-04T13:22:25Z
HK_2002_C139,2005-05-29,630,4,50,49,https://racing.hkjc.com/en-us/local/information/otherhorse?horseid=HK_2002_C139&Option=1,2026-09-04T13:22:25Z
HK_2002_C139,2005-06-08,657,4,49,47,https://racing.hkjc.com/en-us/local/information/otherhorse?horseid=HK_2002_C139&Option=1,2026-09-04T13:22:25Z
HK_2002_C139,2005-09-04,5,4,47,47,https://racing.hkjc.com/en-us/local/information/otherhorse?horseid=HK_2002_C139&Option=1,2026-09-04T13:22:25Z
HK_2002_C139,2005-09-14,29,4,47,45,https://racing.hkjc.com/en-us/local/information/otherhorse?horseid=HK_2002_C139&Option=1,2026-09-04T13:22:25Z
HK_2002_C139,2005-10-02,66,4,45,43,https://racing.hkjc.com/en-us/local/information/otherhorse?horseid=HK_2002_C139&Option=1,2026-09-04T13:22:25Z
HK_2002_C139,2005-10-16,91,4,43,41,https://racing.hkjc.com/en-us/local/information/otherhorse?horseid=HK_2002_C139&Option=1,2026-09-04T13:22:25Z
HK_2002_C139,2005-11-05,146,4,41,40,https://racing.hkjc.com/en-us/local/information/otherhorse?horseid=HK_2002_C139&Option=1,2026-09-04T13:22:25Z
HK_2002_C139,2005-12-14,243,4,40,38,https://racing.hkjc.com/en-us/local/information/otherhorse?horseid=HK_2002_C139&Option=1,2026-09-04T13:22:25Z
HK_2002_C139,2006-01-01,278,5,38,36,https://racing.hkjc.com/en-us/local/information/otherhorse?horseid=HK_2002_C139&Option=1,2026-09-04T13:22:25Z
HK_2002_C139,2006-03-22,472,5,36,34,https://racing.hkjc.com/en-us/local/information/otherhorse?horseid=HK_2002_C139&Option=1,2026-09-04T13:22:25Z
HK_2002_C139,2006-03-29,490,5,34,25,https://racing.hkjc.com/en-us/local/information/otherhorse?horseid=HK_2002_C139&Option=1,2026-09-04T13:22:25Z
HK_2002_C139,2006-10-07,66,5,25,25,https://racing.hkjc.com/en-us/local/information/otherhorse?horseid=HK_2002_C139&Option=1,2026-09-04T13:22:25Z
HK_2002_C139,2006-12-16,237,5,25,22,https://racing.hkjc.com/en-us/local/information/otherhorse?horseid=HK_2002_C139&Option=1,2026-09-04T13:22:25Z
HK_2002_C139,2007-01-17,312,5,22,19,https://racing.hkjc.com/en-us/local/information/otherhorse?horseid=HK_2002_C139&Option=1,2026-09-04T13:22:25Z
HK_2002_C139,2007-03-07,431,5,19,15,https://racing.hkjc.com/en-us/local/information/otherhorse?horseid=HK_2002_C139&Option=1,2026-09-04T13:22:25Z
HK_2002_C139,2007-05-12,594,5,15,12,https://racing.hkjc.com/en-us/local/information/otherhorse?horseid=HK_2002_C139&Option=1,2026-09-04T13:22:25Z
HK_2002_C171,2003-04-06,507,GRIFFIN,,,https://racing.hkjc.com/en-us/local/information/otherhorse?horseid=HK_2002_C171&Option=1,2026-09-04T13:24:05Z
HK_2002_C171,2003-05-01,563,GRIFFIN,,,https://racing.hkjc.com/en-us/local/information/otherhorse?horseid=HK_2002_C171&Option=1,2026-09-04T13:24:05Z
HK_2002_C171,2003-06-14,683,GRIFFIN,,42.0,https://racing.hkjc.com/en-us/local/information/otherhorse?horseid=HK_2002_C171&Option=1,2026-09-04T13:24:05Z
HK_2002_C171,2003-09-21,51,4,42.0,40.0,https://racing.hkjc.com/en-us/local/information/otherhorse?horseid=HK_2002_C171&Option=1,2026-09-04T13:24:05Z
HK_2002_C171,2003-10-05,86,4,40.0,37.0,https://racing.hkjc.com/en-us/local/information/otherhorse?horseid=HK_2002_C171&Option=1,2026-09-04T13:24:05Z
HK_2002_C171,2003-12-20,271,5,37.0,33.0,https://racing.hkjc.com/en-us/local/information/otherhorse?horseid=HK_2002_C171&Option=1,2026-09-04T13:24:05Z
HK_2002_C171,2004-01-04,304,5,33.0,31.0,https://racing.hkjc.com/en-us/local/information/otherhorse?horseid=HK_2002_C171&Option=1,2026-09-04T13:24:05Z
HK_2002_C171,2004-02-01,365,5,31.0,29.0,https://racing.hkjc.com/en-us/local/information/otherhorse?horseid=HK_2002_C171&Option=1,2026-09-04T13:24:05Z
HK_2002_C171,2004-02-07,382,5,29.0,28.0,https://racing.hkjc.com/en-us/local/information/otherhorse?horseid=HK_2002_C171&Option=1,2026-09-04T13:24:05Z
HK_2002_C171,2004-03-07,444,5,28.0,34.0,https://racing.hkjc.com/en-us/local/information/otherhorse?horseid=HK_2002_C171&Option=1,2026-09-04T13:24:05Z
HK_2002_C171,2004-03-24,486,5,34.0,34.0,https://racing.hkjc.com/en-us/local/information/otherhorse?horseid=HK_2002_C171&Option=1,2026-09-04T13:24:05Z
HK_2002_C171,2004-04-17,528,5,34.0,43.0,https://racing.hkjc.com/en-us/local/information/otherhorse?horseid=HK_2002_C171&Option=1,2026-09-04T13:24:05Z
HK_2002_C171,2004-05-12,594,4,43.0,41.0,https://racing.hkjc.com/en-us/local/information/otherhorse?horseid=HK_2002_C171&Option=1,2026-09-04T13:24:05Z
HK_2002_C171,2004-12-18,255,4,41.0,41.0,https://racing.hkjc.com/en-us/local/information/otherhorse?horseid=HK_2002_C171&Option=1,2026-09-04T13:24:05Z
HK_2002_C171,2005-01-05,294,4,41.0,41.0,https://racing.hkjc.com/en-us/local/information/otherhorse?horseid=HK_2002_C171&Option=1,2026-09-04T13:24:05Z
HK_2002_C171,2005-01-16,320,4,41.0,40.0,https://racing.hkjc.com/en-us/local/information/otherhorse?horseid=HK_2002_C171&Option=1,2026-09-04T13:24:05Z
HK_2002_C171,2005-02-02,366,5,40.0,39.0,https://racing.hkjc.com/en-us/local/information/otherhorse?horseid=HK_2002_C171&Option=1,2026-09-04T13:24:05Z
HK_2002_C171,2005-02-27,422,5,39.0,38.0,https://racing.hkjc.com/en-us/local/information/otherhorse?horseid=HK_2002_C171&Option=1,2026-09-04T13:24:05Z
HK_2002_C171,2005-03-19,477,4,38.0,37.0,https://racing.hkjc.com/en-us/local/information/otherhorse?horseid=HK_2002_C171&Option=1,2026-09-04T13:24:05Z
HK_2002_C171,2005-04-06,514,5,37.0,35.0,https://racing.hkjc.com/en-us/local/information/otherhorse?horseid=HK_2002_C171&Option=1,2026-09-04T13:24:05Z
HK_2002_C171,2005-06-18,676,5,35.0,30.0,https://racing.hkjc.com/en-us/local/information/otherhorse?horseid=HK_2002_C171&Option=1,2026-09-04T13:24:05Z
HK_2002_C171,2006-01-01,280,5,30.0,30.0,https://racing.hkjc.com/en-us/local/information/otherhorse?horseid=HK_2002_C171&Option=1,2026-09-04T13:24:05Z
HK_2002_C171,2006-01-22,332,5,30.0,28.0,https://racing.hkjc.com/en-us/local/information/otherhorse?horseid=HK_2002_C171&Option=1,2026-09-04T13:24:05Z
HK_2002_C206,2003-05-24,627,GRIFFIN,,,https://racing.hkjc.com/en-us/local/information/otherhorse?horseid=HK_2002_C206&Option=1,2026-09-04T13:30:07Z
HK_2002_C206,2003-06-04,655,GRIFFIN,,42.0,https://racing.hkjc.com/en-us/local/information/otherhorse?horseid=HK_2002_C206&Option=1,2026-09-04T13:30:07Z
HK_2002_C206,2003-10-05,84,4,42.0,43.0,https://racing.hkjc.com/en-us/local/information/otherhorse?horseid=HK_2002_C206&Option=1,2026-09-04T13:30:07Z
HK_2002_C206,2003-10-19,115,4,43.0,43.0,https://racing.hkjc.com/en-us/local/information/otherhorse?horseid=HK_2002_C206&Option=1,2026-09-04T13:30:07Z
HK_2002_C206,2003-11-08,167,4,43.0,46.0,https://racing.hkjc.com/en-us/local/information/otherhorse?horseid=HK_2002_C206&Option=1,2026-09-04T13:30:07Z
HK_2002_C206,2003-11-30,222,4,46.0,46.0,https://racing.hkjc.com/en-us/local/information/otherhorse?horseid=HK_2002_C206&Option=1,2026-09-04T13:30:07Z
HK_2002_C206,2003-12-26,285,4,46.0,54.0,https://racing.hkjc.com/en-us/local/information/otherhorse?horseid=HK_2002_C206&Option=1,2026-09-04T13:30:07Z
HK_2002_C206,2004-01-18,339,4,54.0,56.0,https://racing.hkjc.com/en-us/local/information/otherhorse?horseid=HK_2002_C206&Option=1,2026-09-04T13:30:07Z
HK_2002_C206,2004-02-18,410,4,56.0,61.0,https://racing.hkjc.com/en-us/local/information/otherhorse?horseid=HK_2002_C206&Option=1,2026-09-04T13:30:07Z
HK_2002_C206,2004-04-17,535,3,61.0,61.0,https://racing.hkjc.com/en-us/local/information/otherhorse?horseid=HK_2002_C206&Option=1,2026-09-04T13:30:07Z
HK_2002_C206,2004-05-08,590,3,61.0,61.0,https://racing.hkjc.com/en-us/local/information/otherhorse?horseid=HK_2002_C206&Option=1,2026-09-04T13:30:07Z
HK_2002_C206,2004-05-22,624,3,61.0,59.0,https://racing.hkjc.com/en-us/local/information/otherhorse?horseid=HK_2002_C206&Option=1,2026-09-04T13:30:07Z
HK_2002_C206,2004-10-09,89,4,59.0,59.0,https://racing.hkjc.com/en-us/local/information/otherhorse?horseid=HK_2002_C206&Option=1,2026-09-04T13:30:07Z
HK_2002_C206,2004-10-20,109,4,59.0,61.0,https://racing.hkjc.com/en-us/local/information/otherhorse?horseid=HK_2002_C206&Option=1,2026-09-04T13:30:07Z
HK_2002_C206,2004-11-21,192,3,61.0,61.0,https://racing.hkjc.com/en-us/local/information/otherhorse?horseid=HK_2002_C206&Option=1,2026-09-04T13:30:07Z
HK_2002_C206,2004-12-15,253,3,61.0,61.0,https://racing.hkjc.com/en-us/local/information/otherhorse?horseid=HK_2002_C206&Option=1,2026-09-04T13:30:07Z
HK_2002_C206,2005-01-12,316,3,61.0,67.0,https://racing.hkjc.com/en-us/local/information/otherhorse?horseid=HK_2002_C206&Option=1,2026-09-04T13:30:07Z
HK_2002_C206,2005-01-30,361,3,67.0,70.0,https://racing.hkjc.com/en-us/local/information/otherhorse?horseid=HK_2002_C206&Option=1,2026-09-04T13:30:07Z
HK_2002_C206,2005-02-16,397,3,70.0,70.0,https://racing.hkjc.com/en-us/local/information/otherhorse?horseid=HK_2002_C206&Option=1,2026-09-04T13:30:07Z
HK_2002_C206,2005-04-06,518,3,70.0,70.0,https://racing.hkjc.com/en-us/local/information/otherhorse?horseid=HK_2002_C206&Option=1,2026-09-04T13:30:07Z
HK_2002_C206,2005-05-01,569,3,70.0,70.0,https://racing.hkjc.com/en-us/local/information/otherhorse?horseid=HK_2002_C206&Option=1,2026-09-04T13:30:07Z
HK_2002_C206,2005-06-01,646,3,70.0,71.0,https://racing.hkjc.com/en-us/local/information/otherhorse?horseid=HK_2002_C206&Option=1,2026-09-04T13:30:07Z
HK_2002_C206,2005-10-05,77,3,71.0,71.0,https://racing.hkjc.com/en-us/local/information/otherhorse?horseid=HK_2002_C206&Option=1,2026-09-04T13:30:07Z
HK_2002_C206,2005-11-16,177,3,71.0,70.0,https://racing.hkjc.com/en-us/local/information/otherhorse?horseid=HK_2002_C206&Option=1,2026-09-04T13:30:07Z
HK_2002_C206,2005-12-07,228,3,70.0,68.0,https://racing.hkjc.com/en-us/local/information/otherhorse?horseid=HK_2002_C206&Option=1,2026-09-04T13:30:07Z
HK_2002_C206,2006-01-01,285,3,68.0,70.0,https://racing.hkjc.com/en-us/local/information/otherhorse?horseid=HK_2002_C206&Option=1,2026-09-04T13:30:07Z
HK_2002_C206,2006-01-11,312,3,70.0,70.0,https://racing.hkjc.com/en-us/local/information/otherhorse?horseid=HK_2002_C206&Option=1,2026-09-04T13:30:07Z
HK_2002_C206,2006-02-05,369,3,70.0,69.0,https://racing.hkjc.com/en-us/local/information/otherhorse?horseid=HK_2002_C206&Option=1,2026-09-04T13:30:07Z
HK_2002_C206,2006-02-22,412,3,69.0,68.0,https://racing.hkjc.com/en-us/local/information/otherhorse?horseid=HK_2002_C206&Option=1,2026-09-04T13:30:07Z
HK_2002_C206,2006-03-19,471,3,68.0,66.0,https://racing.hkjc.com/en-us/local/information/otherhorse?horseid=HK_2002_C206&Option=1,2026-09-04T13:30:07Z
HK_2002_C206,2006-03-29,494,3,66.0,64.0,https://racing.hkjc.com/en-us/local/information/otherhorse?horseid=HK_2002_C206&Option=1,2026-09-04T13:30:07Z
HK_2002_C206,2006-04-19,541,3,64.0,68.0,https://racing.hkjc.com/en-us/local/information/otherhorse?horseid=HK_2002_C206&Option=1,2026-09-04T13:30:07Z
HK_2002_C206,2006-10-25,105,3,68.0,68.0,https://racing.hkjc.com/en-us/local/information/otherhorse?horseid=HK_2002_C206&Option=1,2026-09-04T13:30:07Z
HK_2002_C206,2006-12-06,216,3,68.0,66.0,https://racing.hkjc.com/en-us/local/information/otherhorse?horseid=HK_2002_C206&Option=1,2026-09-04T13:30:07Z
HK_2002_C206,2006-12-23,262,3,66.0,64.0,https://racing.hkjc.com/en-us/local/information/otherhorse?horseid=HK_2002_C206&Option=1,2026-09-04T13:30:07Z
HK_2002_C206,2007-01-07,292,3,64.0,62.0,https://racing.hkjc.com/en-us/local/information/otherhorse?horseid=HK_2002_C206&Option=1,2026-09-04T13:30:07Z
HK_2002_C206,2007-02-04,364,3,62.0,60.0,https://racing.hkjc.com/en-us/local/information/otherhorse?horseid=HK_2002_C206&Option=1,2026-09-04T13:30:07Z
HK_2002_C206,2007-02-28,416,4,60.0,58.0,https://racing.hkjc.com/en-us/local/information/otherhorse?horseid=HK_2002_C206&Option=1,2026-09-04T13:30:07Z
HK_2002_C206,2007-03-31,490,4,58.0,56.0,https://racing.hkjc.com/en-us/local/information/otherhorse?horseid=HK_2002_C206&Option=1,2026-09-04T13:30:07Z
HK_2002_C206,2007-05-06,579,4,56.0,58.0,https://racing.hkjc.com/en-us/local/information/otherhorse?horseid=HK_2002_C206&Option=1,2026-09-04T13:30:07Z
HK_2002_C206,2007-05-24,624,4,58.0,58.0,https://racing.hkjc.com/en-us/local/information/otherhorse?horseid=HK_2002_C206&Option=1,2026-09-04T13:30:07Z
HK_2002_C206,2007-06-09,672,4,58.0,56.0,https://racing.hkjc.com/en-us/local/information/otherhorse?horseid=HK_2002_C206&Option=1,2026-09-04T13:30:07Z
HK_2002_C206,2007-09-23,39,4,56.0,56.0,https://racing.hkjc.com/en-us/local/information/otherhorse?horseid=HK_2002_C206&Option=1,2026-09-04T13:30:07Z
HK_2002_C206,2007-10-21,97,4,56.0,54.0,https://racing.hkjc.com/en-us/local/information/otherhorse?horseid=HK_2002_C206&Option=1,2026-09-04T13:30:07Z
HK_2002_C206,2007-11-06,146,4,54.0,54.0,https://racing.hkjc.com/en-us/local/information/otherhorse?horseid=HK_2002_C206&Option=1,2026-09-04T13:30:07Z
HK_2002_C206,2007-11-21,182,4,54.0,52.0,https://racing.hkjc.com/en-us/local/information/otherhorse?horseid=HK_2002_C206&Option=1,2026-09-04T13:30:07Z
HK_2002_C206,2007-12-19,252,4,52.0,54.0,https://racing.hkjc.com/en-us/local/information/otherhorse?horseid=HK_2002_C206&Option=1,2026-09-04T13:30:07Z
HK_2002_C206,2008-01-16,322,4,54.0,55.0,https://racing.hkjc.com/en-us/local/information/otherhorse?horseid=HK_2002_C206&Option=1,2026-09-04T13:30:07Z
HK_2002_C206,2008-03-19,475,4,55.0,55.0,https://racing.hkjc.com/en-us/local/information/otherhorse?horseid=HK_2002_C206&Option=1,2026-09-04T13:30:07Z
HK_2002_C206,2008-05-04,572,4,55.0,54.0,https://racing.hkjc.com/en-us/local/information/otherhorse?horseid=HK_2002_C206&Option=1,2026-09-04T13:30:07Z
HK_2002_C206,2008-06-08,658,4,54.0,52.0,https://racing.hkjc.com/en-us/local/information/otherhorse?horseid=HK_2002_C206&Option=1,2026-09-04T13:30:07Z
HK_2002_C206,2008-06-18,686,4,52.0,50.0,https://racing.hkjc.com/en-us/local/information/otherhorse?horseid=HK_2002_C206&Option=1,2026-09-04T13:30:07Z
HK_2002_C214,2003-03-09,435,GRIFFIN,,,https://racing.hkjc.com/en-us/local/information/otherhorse?horseid=HK_2002_C214&Option=1,2026-09-04T13:30:58Z
HK_2002_C214,2003-03-29,489,GRIFFIN,,,https://racing.hkjc.com/en-us/local/information/otherhorse?horseid=HK_2002_C214&Option=1,2026-09-04T13:30:58Z
HK_2002_C214,2003-04-13,525,GRIFFIN,,55.0,https://racing.hkjc.com/en-us/local/information/otherhorse?horseid=HK_2002_C214&Option=1,2026-09-04T13:30:58Z
HK_2002_C214,2003-05-24,630,4,55.0,55.0,https://racing.hkjc.com/en-us/local/information/otherhorse?horseid=HK_2002_C214&Option=1,2026-09-04T13:30:58Z
HK_2002_C214,2003-06-14,686,4,55.0,51.0,https://racing.hkjc.com/en-us/local/information/otherhorse?horseid=HK_2002_C214&Option=1,2026-09-04T13:30:58Z
HK_2002_C214,2003-08-31,4,4,51.0,51.0,https://racing.hkjc.com/en-us/local/information/otherhorse?horseid=HK_2002_C214&Option=1,2026-09-04T13:30:58Z
HK_2002_C214,2003-09-27,65,4,51.0,49.0,https://racing.hkjc.com/en-us/local/information/otherhorse?horseid=HK_2002_C214&Option=1,2026-09-04T13:30:58Z
HK_2002_C214,2003-11-15,186,4,49.0,48.0,https://racing.hkjc.com/en-us/local/information/otherhorse?horseid=HK_2002_C214&Option=1,2026-09-04T13:30:58Z
HK_2002_C214,2003-11-30,222,4,48.0,48.0,https://racing.hkjc.com/en-us/local/information/otherhorse?horseid=HK_2002_C214&Option=1,2026-09-04T13:30:58Z
HK_2002_C214,2004-01-01,294,4,48.0,50.0,https://racing.hkjc.com/en-us/local/information/otherhorse?horseid=HK_2002_C214&Option=1,2026-09-04T13:30:58Z
HK_2002_C214,2004-01-24,350,4,50.0,53.0,https://racing.hkjc.com/en-us/local/information/otherhorse?horseid=HK_2002_C214&Option=1,2026-09-04T13:30:58Z
HK_2002_C214,2004-02-07,386,4,53.0,56.0,https://racing.hkjc.com/en-us/local/information/otherhorse?horseid=HK_2002_C214&Option=1,2026-09-04T13:30:58Z
HK_2002_C214,2004-03-27,495,4,56.0,56.0,https://racing.hkjc.com/en-us/local/information/otherhorse?horseid=HK_2002_C214&Option=1,2026-09-04T13:30:58Z
HK_2002_C214,2004-04-21,542,4,56.0,59.0,https://racing.hkjc.com/en-us/local/information/otherhorse?horseid=HK_2002_C214&Option=1,2026-09-04T13:30:58Z
HK_2002_C214,2004-05-19,613,4,59.0,56.0,https://racing.hkjc.com/en-us/local/information/otherhorse?horseid=HK_2002_C214&Option=1,2026-09-04T13:30:58Z
HK_2002_C214,2004-09-05,4,4,56.0,56.0,https://racing.hkjc.com/en-us/local/information/otherhorse?horseid=HK_2002_C214&Option=1,2026-09-04T13:30:58Z
HK_2002_C214,2004-09-29,65,3,56.0,59.0,https://racing.hkjc.com/en-us/local/information/otherhorse?horseid=HK_2002_C214&Option=1,2026-09-04T13:30:58Z
HK_2002_C214,2004-10-06,82,3,59.0,59.0,https://racing.hkjc.com/en-us/local/information/otherhorse?horseid=HK_2002_C214&Option=1,2026-09-04T13:30:58Z
HK_2002_C214,2004-10-20,109,4,59.0,58.0,https://racing.hkjc.com/en-us/local/information/otherhorse?horseid=HK_2002_C214&Option=1,2026-09-04T13:30:58Z
HK_2002_C214,2004-12-01,215,4,58.0,56.0,https://racing.hkjc.com/en-us/local/information/otherhorse?horseid=HK_2002_C214&Option=1,2026-09-04T13:30:58Z
HK_2002_C214,2004-12-26,276,4,56.0,54.0,https://racing.hkjc.com/en-us/local/information/otherhorse?horseid=HK_2002_C214&Option=1,2026-09-04T13:30:58Z
HK_2002_C214,2005-01-08,301,4,54.0,52.0,https://racing.hkjc.com/en-us/local/information/otherhorse?horseid=HK_2002_C214&Option=1,2026-09-04T13:30:58Z
HK_2002_C214,2005-03-05,439,4,52.0,52.0,https://racing.hkjc.com/en-us/local/information/otherhorse?horseid=HK_2002_C214&Option=1,2026-09-04T13:30:58Z
HK_2002_C214,2005-03-26,492,4,52.0,52.0,https://racing.hkjc.com/en-us/local/information/otherhorse?horseid=HK_2002_C214&Option=1,2026-09-04T13:30:58Z
HK_2002_C214,2005-04-13,534,4,52.0,51.0,https://racing.hkjc.com/en-us/local/information/otherhorse?horseid=HK_2002_C214&Option=1,2026-09-04T13:30:58Z
HK_2002_C214,2005-05-14,605,4,51.0,51.0,https://racing.hkjc.com/en-us/local/information/otherhorse?horseid=HK_2002_C214&Option=1,2026-09-04T13:30:58Z
HK_2002_C214,2005-06-05,651,4,51.0,51.0,https://racing.hkjc.com/en-us/local/information/otherhorse?horseid=HK_2002_C214&Option=1,2026-09-04T13:30:58Z
HK_2002_C214,2005-06-29,706,4,51.0,58.0,https://racing.hkjc.com/en-us/local/information/otherhorse?horseid=HK_2002_C214&Option=1,2026-09-04T13:30:58Z
HK_2002_C214,2005-09-07,13,4,58.0,60.0,https://racing.hkjc.com/en-us/local/information/otherhorse?horseid=HK_2002_C214&Option=1,2026-09-04T13:30:58Z
HK_2002_C214,2005-09-14,28,4,60.0,63.0,https://racing.hkjc.com/en-us/local/information/otherhorse?horseid=HK_2002_C214&Option=1,2026-09-04T13:30:58Z
HK_2002_C214,2005-10-05,79,3,63.0,63.0,https://racing.hkjc.com/en-us/local/information/otherhorse?horseid=HK_2002_C214&Option=1,2026-09-04T13:30:58Z
HK_2002_C214,2005-10-16,93,3,63.0,63.0,https://racing.hkjc.com/en-us/local/information/otherhorse?horseid=HK_2002_C214&Option=1,2026-09-04T13:30:58Z
HK_2002_C214,2005-12-07,231,3,63.0,62.0,https://racing.hkjc.com/en-us/local/information/otherhorse?horseid=HK_2002_C214&Option=1,2026-09-04T13:30:58Z
HK_2002_C214,2005-12-26,273,3,62.0,61.0,https://racing.hkjc.com/en-us/local/information/otherhorse?horseid=HK_2002_C214&Option=1,2026-09-04T13:30:58Z
HK_2002_C214,2006-01-01,285,3,61.0,60.0,https://racing.hkjc.com/en-us/local/information/otherhorse?horseid=HK_2002_C214&Option=1,2026-09-04T13:30:58Z
HK_2002_C214,2006-02-08,372,4,60.0,60.0,https://racing.hkjc.com/en-us/local/information/otherhorse?horseid=HK_2002_C214&Option=1,2026-09-04T13:30:58Z
HK_2002_C214,2006-02-11,382,4,60.0,60.0,https://racing.hkjc.com/en-us/local/information/otherhorse?horseid=HK_2002_C214&Option=1,2026-09-04T13:30:58Z
HK_2002_C214,2006-03-04,434,4,60.0,59.0,https://racing.hkjc.com/en-us/local/information/otherhorse?horseid=HK_2002_C214&Option=1,2026-09-04T13:30:58Z
HK_2002_C214,2006-03-12,448,4,59.0,58.0,https://racing.hkjc.com/en-us/local/information/otherhorse?horseid=HK_2002_C214&Option=1,2026-09-04T13:30:58Z
HK_2002_C214,2006-04-26,556,4,58.0,57.0,https://racing.hkjc.com/en-us/local/information/otherhorse?horseid=HK_2002_C214&Option=1,2026-09-04T13:30:58Z
HK_2002_C214,2006-05-24,628,4,57.0,55.0,https://racing.hkjc.com/en-us/local/information/otherhorse?horseid=HK_2002_C214&Option=1,2026-09-04T13:30:58Z
HK_2002_C214,2006-06-07,655,4,55.0,53.0,https://racing.hkjc.com/en-us/local/information/otherhorse?horseid=HK_2002_C214&Option=1,2026-09-04T13:30:58Z
HK_2002_C214,2006-06-25,684,4,53.0,48.0,https://racing.hkjc.com/en-us/local/information/otherhorse?horseid=HK_2002_C214&Option=1,2026-09-04T13:30:58Z
HK_2002_C214,2006-09-20,23,4,48.0,48.0,https://racing.hkjc.com/en-us/local/information/otherhorse?horseid=HK_2002_C214&Option=1,2026-09-04T13:30:58Z
HK_2002_C214,2006-10-04,60,4,48.0,48.0,https://racing.hkjc.com/en-us/local/information/otherhorse?horseid=HK_2002_C214&Option=1,2026-09-04T13:30:58Z
HK_2002_C214,2006-10-18,88,4,48.0,51.0,https://racing.hkjc.com/en-us/local/information/otherhorse?horseid=HK_2002_C214&Option=1,2026-09-04T13:30:58Z
HK_2002_C214,2006-11-01,126,4,51.0,58.0,https://racing.hkjc.com/en-us/local/information/otherhorse?horseid=HK_2002_C214&Option=1,2026-09-04T13:30:58Z
HK_2002_C214,2006-11-07,142,4,58.0,61.0,https://racing.hkjc.com/en-us/local/information/otherhorse?horseid=HK_2002_C214&Option=1,2026-09-04T13:30:58Z
HK_2002_C214,2006-12-13,235,3,61.0,62.0,https://racing.hkjc.com/en-us/local/information/otherhorse?horseid=HK_2002_C214&Option=1,2026-09-04T13:30:58Z
HK_2002_C214,2006-12-20,253,3,62.0,62.0,https://racing.hkjc.com/en-us/local/information/otherhorse?horseid=HK_2002_C214&Option=1,2026-09-04T13:30:58Z
HK_2002_C214,2007-01-10,298,3,62.0,62.0,https://racing.hkjc.com/en-us/local/information/otherhorse?horseid=HK_2002_C214&Option=1,2026-09-04T13:30:58Z
HK_2002_C214,2007-01-24,335,3,62.0,61.0,https://racing.hkjc.com/en-us/local/information/otherhorse?horseid=HK_2002_C214&Option=1,2026-09-04T13:30:58Z
HK_2002_C214,2007-02-07,372,3,61.0,59.0,https://racing.hkjc.com/en-us/local/information/otherhorse?horseid=HK_2002_C214&Option=1,2026-09-04T13:30:58Z
HK_2002_C214,2007-02-25,407,4,59.0,57.0,https://racing.hkjc.com/en-us/local/information/otherhorse?horseid=HK_2002_C214&Option=1,2026-09-04T13:30:58Z
HK_2002_C214,2007-03-10,445,4,57.0,55.0,https://racing.hkjc.com/en-us/local/information/otherhorse?horseid=HK_2002_C214&Option=1,2026-09-04T13:30:58Z
HK_2002_C214,2007-03-18,459,4,55.0,53.0,https://racing.hkjc.com/en-us/local/information/otherhorse?horseid=HK_2002_C214&Option=1,2026-09-04T13:30:58Z
HK_2002_C214,2007-03-25,479,4,53.0,52.0,https://racing.hkjc.com/en-us/local/information/otherhorse?horseid=HK_2002_C214&Option=1,2026-09-04T13:30:58Z
HK_2002_C214,2007-04-18,529,4,52.0,50.0,https://racing.hkjc.com/en-us/local/information/otherhorse?horseid=HK_2002_C214&Option=1,2026-09-04T13:30:58Z
HK_2002_C214,2007-05-06,578,4,50.0,48.0,https://racing.hkjc.com/en-us/local/information/otherhorse?horseid=HK_2002_C214&Option=1,2026-09-04T13:30:58Z
HK_2002_C214,2007-05-16,607,4,48.0,46.0,https://racing.hkjc.com/en-us/local/information/otherhorse?horseid=HK_2002_C214&Option=1,2026-09-04T13:30:58Z
HK_2002_C214,2007-06-03,652,4,46.0,44.0,https://racing.hkjc.com/en-us/local/information/otherhorse?horseid=HK_2002_C214&Option=1,2026-09-04T13:30:58Z
HK_2002_C214,2007-06-13,680,4,44.0,41.0,https://racing.hkjc.com/en-us/local/information/otherhorse?horseid=HK_2002_C214&Option=1,2026-09-04T13:30:58Z
HK_2002_C214,2007-09-19,32,4,41.0,41.0,https://racing.hkjc.com/en-us/local/information/otherhorse?horseid=HK_2002_C214&Option=1,2026-09-04T13:30:58Z
HK_2002_C214,2007-09-23,42,4,41.0,42.0,https://racing.hkjc.com/en-us/local/information/otherhorse?horseid=HK_2002_C214&Option=1,2026-09-04T13:30:58Z
HK_2002_C214,2007-10-17,91,4,42.0,47.0,https://racing.hkjc.com/en-us/local/information/otherhorse?horseid=HK_2002_C214&Option=1,2026-09-04T13:30:58Z
HK_2002_C214,2007-11-06,145,4,47.0,48.0,https://racing.hkjc.com/en-us/local/information/otherhorse?horseid=HK_2002_C214&Option=1,2026-09-04T13:30:58Z
HK_2002_C214,2007-11-21,180,4,48.0,48.0,https://racing.hkjc.com/en-us/local/information/otherhorse?horseid=HK_2002_C214&Option=1,2026-09-04T13:30:58Z
HK_2002_C214,2007-12-23,263,4,48.0,48.0,https://racing.hkjc.com/en-us/local/information/otherhorse?horseid=HK_2002_C214&Option=1,2026-09-04T13:30:58Z
HK_2002_C214,2007-12-26,269,4,48.0,50.0,https://racing.hkjc.com/en-us/local/information/otherhorse?horseid=HK_2002_C214&Option=1,2026-09-04T13:30:58Z
HK_2002_C214,2008-01-16,323,4,50.0,50.0,https://racing.hkjc.com/en-us/local/information/otherhorse?horseid=HK_2002_C214&Option=1,2026-09-04T13:30:58Z
HK_2002_C214,2008-02-09,373,4,50.0,49.0,https://racing.hkjc.com/en-us/local/information/otherhorse?horseid=HK_2002_C214&Option=1,2026-09-04T13:30:58Z
HK_2002_C214,2008-02-20,405,4,49.0,47.0,https://racing.hkjc.com/en-us/local/information/otherhorse?horseid=HK_2002_C214&Option=1,2026-09-04T13:30:58Z
HK_2002_C214,2008-03-19,475,4,47.0,45.0,https://racing.hkjc.com/en-us/local/information/otherhorse?horseid=HK_2002_C214&Option=1,2026-09-04T13:30:58Z
HK_2002_C214,2008-04-06,514,4,45.0,45.0,https://racing.hkjc.com/en-us/local/information/otherhorse?horseid=HK_2002_C214&Option=1,2026-09-04T13:30:58Z
HK_2002_C214,2008-05-07,580,4,45.0,47.0,https://racing.hkjc.com/en-us/local/information/otherhorse?horseid=HK_2002_C214&Option=1,2026-09-04T13:30:58Z
HK_2002_C214,2008-06-05,650,4,47.0,47.0,https://racing.hkjc.com/en-us/local/information/otherhorse?horseid=HK_2002_C214&Option=1,2026-09-04T13:30:58Z
HK_2002_C214,2008-07-03,725,4,47.0,47.0,https://racing.hkjc.com/en-us/local/information/otherhorse?horseid=HK_2002_C214&Option=1,2026-09-04T13:30:58Z
HK_2002_C214,2008-09-17,15,4,47.0,47.0,https://racing.hkjc.com/en-us/local/information/otherhorse?horseid=HK_2002_C214&Option=1,2026-09-04T13:30:58Z
HK_2002_C214,2008-09-21,20,4,47.0,52.0,https://racing.hkjc.com/en-us/local/information/otherhorse?horseid=HK_2002_C214&Option=1,2026-09-04T13:30:58Z
HK_2002_C214,2008-10-01,47,4,52.0,52.0,https://racing.hkjc.com/en-us/local/information/otherhorse?horseid=HK_2002_C214&Option=1,2026-09-04T13:30:58Z
HK_2002_C214,2008-10-15,90,4,52.0,52.0,https://racing.hkjc.com/en-us/local/information/otherhorse?horseid=HK_2002_C214&Option=1,2026-09-04T13:30:58Z
HK_2002_C214,2008-11-26,183,4,52.0,51.0,https://racing.hkjc.com/en-us/local/information/otherhorse?horseid=HK_2002_C214&Option=1,2026-09-04T13:30:58Z
HK_2002_C214,2008-12-10,220,4,51.0,51.0,https://racing.hkjc.com/en-us/local/information/otherhorse?horseid=HK_2002_C214&Option=1,2026-09-04T13:30:58Z
HK_2002_C214,2009-01-14,307,4,51.0,49.0,https://racing.hkjc.com/en-us/local/information/otherhorse?horseid=HK_2002_C214&Option=1,2026-09-04T13:30:58Z
HK_2002_C214,2009-01-28,344,4B,49.0,48.0,https://racing.hkjc.com/en-us/local/information/otherhorse?horseid=HK_2002_C214&Option=1,2026-09-04T13:30:58Z
HK_2002_C222,2003-03-01,425,GRIFFIN,,,https://racing.hkjc.com/en-us/local/information/otherhorse?horseid=HK_2002_C222&Option=1,2026-09-04T13:24:47Z
HK_2002_C222,2003-03-15,453,GRIFFIN,,,https://racing.hkjc.com/en-us/local/information/otherhorse?horseid=HK_2002_C222&Option=1,2026-09-04T13:24:47Z
HK_2002_C222,2003-05-01,563,GRIFFIN,,,https://racing.hkjc.com/en-us/local/information/otherhorse?horseid=HK_2002_C222&Option=1,2026-09-04T13:24:47Z
HK_2002_C222,2003-05-18,609,GRIFFIN,,,https://racing.hkjc.com/en-us/local/information/otherhorse?horseid=HK_2002_C222&Option=1,2026-09-04T13:24:47Z
HK_2002_C222,2003-06-04,655,GRIFFIN,,49.0,https://racing.hkjc.com/en-us/local/information/otherhorse?horseid=HK_2002_C222&Option=1,2026-09-04T13:24:47Z
HK_2002_C222,2003-09-06,10,4,49.0,50.0,https://racing.hkjc.com/en-us/local/information/otherhorse?horseid=HK_2002_C222&Option=1,2026-09-04T13:24:47Z
HK_2002_C222,2003-09-27,68,4,50.0,50.0,https://racing.hkjc.com/en-us/local/information/otherhorse?horseid=HK_2002_C222&Option=1,2026-09-04T13:24:47Z
HK_2002_C222,2003-10-11,101,4,50.0,49.0,https://racing.hkjc.com/en-us/local/information/otherhorse?horseid=HK_2002_C222&Option=1,2026-09-04T13:24:47Z
HK_2002_C222,2003-10-29,142,4,49.0,48.0,https://racing.hkjc.com/en-us/local/information/otherhorse?horseid=HK_2002_C222&Option=1,2026-09-04T13:24:47Z
HK_2002_C222,2003-11-22,203,4,48.0,46.0,https://racing.hkjc.com/en-us/local/information/otherhorse?horseid=HK_2002_C222&Option=1,2026-09-04T13:24:47Z
HK_2002_C222,2003-12-20,275,4,46.0,46.0,https://racing.hkjc.com/en-us/local/information/otherhorse?horseid=HK_2002_C222&Option=1,2026-09-04T13:24:47Z
HK_2002_C222,2004-01-24,350,4,46.0,48.0,https://racing.hkjc.com/en-us/local/information/otherhorse?horseid=HK_2002_C222&Option=1,2026-09-04T13:24:47Z
HK_2002_C222,2004-02-15,401,4,48.0,48.0,https://racing.hkjc.com/en-us/local/information/otherhorse?horseid=HK_2002_C222&Option=1,2026-09-04T13:24:47Z
HK_2002_C222,2004-03-07,446,4,48.0,48.0,https://racing.hkjc.com/en-us/local/information/otherhorse?horseid=HK_2002_C222&Option=1,2026-09-04T13:24:47Z
HK_2002_C222,2004-04-03,503,4,48.0,50.0,https://racing.hkjc.com/en-us/local/information/otherhorse?horseid=HK_2002_C222&Option=1,2026-09-04T13:24:47Z
HK_2002_C222,2004-05-01,567,4,50.0,49.0,https://racing.hkjc.com/en-us/local/information/otherhorse?horseid=HK_2002_C222&Option=1,2026-09-04T13:24:47Z
HK_2002_C222,2004-06-06,657,4,49.0,47.0,https://racing.hkjc.com/en-us/local/information/otherhorse?horseid=HK_2002_C222&Option=1,2026-09-04T13:24:47Z
HK_2002_C222,2004-09-29,59,4,47.0,47.0,https://racing.hkjc.com/en-us/local/information/otherhorse?horseid=HK_2002_C222&Option=1,2026-09-04T13:24:47Z
HK_2002_C222,2004-10-30,134,4,47.0,45.0,https://racing.hkjc.com/en-us/local/information/otherhorse?horseid=HK_2002_C222&Option=1,2026-09-04T13:24:47Z
HK_2002_C222,2004-11-06,151,4,45.0,42.0,https://racing.hkjc.com/en-us/local/information/otherhorse?horseid=HK_2002_C222&Option=1,2026-09-04T13:24:47Z
HK_2002_C222,2005-03-26,492,4,42.0,40.0,https://racing.hkjc.com/en-us/local/information/otherhorse?horseid=HK_2002_C222&Option=1,2026-09-04T13:24:47Z
HK_2002_C222,2005-04-16,540,4,40.0,38.0,https://racing.hkjc.com/en-us/local/information/otherhorse?horseid=HK_2002_C222&Option=1,2026-09-04T13:24:47Z
HK_2002_C222,2005-05-14,602,5,38.0,36.0,https://racing.hkjc.com/en-us/local/information/otherhorse?horseid=HK_2002_C222&Option=1,2026-09-04T13:24:47Z
HK_2002_C222,2005-06-12,669,5,36.0,35.0,https://racing.hkjc.com/en-us/local/information/otherhorse?horseid=HK_2002_C222&Option=1,2026-09-04T13:24:47Z
HK_2002_C222,2005-09-11,18,5,35.0,35.0,https://racing.hkjc.com/en-us/local/information/otherhorse?horseid=HK_2002_C222&Option=1,2026-09-04T13:24:47Z
HK_2002_C222,2005-09-17,35,5,35.0,35.0,https://racing.hkjc.com/en-us/local/information/otherhorse?horseid=HK_2002_C222&Option=1,2026-09-04T13:24:47Z
HK_2002_C222,2005-10-02,63,5,35.0,35.0,https://racing.hkjc.com/en-us/local/information/otherhorse?horseid=HK_2002_C222&Option=1,2026-09-04T13:24:47Z
HK_2002_C222,2005-12-17,252,5,35.0,33.0,https://racing.hkjc.com/en-us/local/information/otherhorse?horseid=HK_2002_C222&Option=1,2026-09-04T13:24:47Z
HK_2002_C222,2006-01-01,280,5,33.0,31.0,https://racing.hkjc.com/en-us/local/information/otherhorse?horseid=HK_2002_C222&Option=1,2026-09-04T13:24:47Z
HK_2002_C222,2006-01-25,342,5,31.0,31.0,https://racing.hkjc.com/en-us/local/information/otherhorse?horseid=HK_2002_C222&Option=1,2026-09-04T13:24:47Z
HK_2002_C223,2003-04-06,507,GRIFFIN,,,https://racing.hkjc.com/en-us/local/information/otherhorse?horseid=HK_2002_C223&Option=1,2026-09-04T13:26:27Z
HK_2002_C223,2003-05-18,609,GRIFFIN,,,https://racing.hkjc.com/en-us/local/information/otherhorse?horseid=HK_2002_C223&Option=1,2026-09-04T13:26:27Z
HK_2002_C223,2003-06-14,683,GRIFFIN,,56.0,https://racing.hkjc.com/en-us/local/information/otherhorse?horseid=HK_2002_C223&Option=1,2026-09-04T13:26:27Z
HK_2002_C223,2003-08-31,4,4,56.0,56.0,https://racing.hkjc.com/en-us/local/information/otherhorse?horseid=HK_2002_C223&Option=1,2026-09-04T13:26:27Z
HK_2002_C223,2003-09-13,32,4,56.0,59.0,https://racing.hkjc.com/en-us/local/information/otherhorse?horseid=HK_2002_C223&Option=1,2026-09-04T13:26:27Z
HK_2002_C223,2003-09-27,65,4,59.0,62.0,https://racing.hkjc.com/en-us/local/information/otherhorse?horseid=HK_2002_C223&Option=1,2026-09-04T13:26:27Z
HK_2002_C223,2003-11-08,173,3,62.0,62.0,https://racing.hkjc.com/en-us/local/information/otherhorse?horseid=HK_2002_C223&Option=1,2026-09-04T13:26:27Z
HK_2002_C223,2003-11-22,208,3,62.0,61.0,https://racing.hkjc.com/en-us/local/information/otherhorse?horseid=HK_2002_C223&Option=1,2026-09-04T13:26:27Z
HK_2002_C223,2004-01-04,308,3,61.0,64.0,https://racing.hkjc.com/en-us/local/information/otherhorse?horseid=HK_2002_C223&Option=1,2026-09-04T13:26:27Z
HK_2002_C223,2004-02-15,406,3,64.0,64.0,https://racing.hkjc.com/en-us/local/information/otherhorse?horseid=HK_2002_C223&Option=1,2026-09-04T13:26:27Z
HK_2002_C223,2004-02-28,433,3,64.0,70.0,https://racing.hkjc.com/en-us/local/information/otherhorse?horseid=HK_2002_C223&Option=1,2026-09-04T13:26:27Z
HK_2002_C223,2004-03-27,499,3,70.0,72.0,https://racing.hkjc.com/en-us/local/information/otherhorse?horseid=HK_2002_C223&Option=1,2026-09-04T13:26:27Z
HK_2002_C223,2004-09-25,54,3,72.0,72.0,https://racing.hkjc.com/en-us/local/information/otherhorse?horseid=HK_2002_C223&Option=1,2026-09-04T13:26:27Z
HK_2002_C223,2004-10-09,93,3,72.0,72.0,https://racing.hkjc.com/en-us/local/information/otherhorse?horseid=HK_2002_C223&Option=1,2026-09-04T13:26:27Z
HK_2002_C223,2004-10-17,99,3,72.0,72.0,https://racing.hkjc.com/en-us/local/information/otherhorse?horseid=HK_2002_C223&Option=1,2026-09-04T13:26:27Z
HK_2002_C223,2004-12-18,263,3,72.0,72.0,https://racing.hkjc.com/en-us/local/information/otherhorse?horseid=HK_2002_C223&Option=1,2026-09-04T13:26:27Z
HK_2002_C223,2005-01-01,287,3,72.0,71.0,https://racing.hkjc.com/en-us/local/information/otherhorse?horseid=HK_2002_C223&Option=1,2026-09-04T13:26:27Z
HK_2002_C223,2005-01-30,361,3,71.0,70.0,https://racing.hkjc.com/en-us/local/information/otherhorse?horseid=HK_2002_C223&Option=1,2026-09-04T13:26:27Z
HK_2002_C223,2005-03-05,446,3,70.0,68.0,https://racing.hkjc.com/en-us/local/information/otherhorse?horseid=HK_2002_C223&Option=1,2026-09-04T13:26:27Z
HK_2002_C223,2005-04-24,559,3,68.0,66.0,https://racing.hkjc.com/en-us/local/information/otherhorse?horseid=HK_2002_C223&Option=1,2026-09-04T13:26:27Z
HK_2002_C223,2005-05-18,617,3,66.0,63.0,https://racing.hkjc.com/en-us/local/information/otherhorse?horseid=HK_2002_C223&Option=1,2026-09-04T13:26:27Z
HK_2002_C223,2005-06-26,701,3,63.0,59.0,https://racing.hkjc.com/en-us/local/information/otherhorse?horseid=HK_2002_C223&Option=1,2026-09-04T13:26:27Z
HK_2002_C223,2005-10-02,64,4,59.0,59.0,https://racing.hkjc.com/en-us/local/information/otherhorse?horseid=HK_2002_C223&Option=1,2026-09-04T13:26:27Z
HK_2002_C223,2005-10-22,111,4,59.0,57.0,https://racing.hkjc.com/en-us/local/information/otherhorse?horseid=HK_2002_C223&Option=1,2026-09-04T13:26:27Z
HK_2002_C223,2005-11-05,149,4,57.0,55.0,https://racing.hkjc.com/en-us/local/information/otherhorse?horseid=HK_2002_C223&Option=1,2026-09-04T13:26:27Z
HK_2002_C223,2005-11-27,201,4,55.0,56.0,https://racing.hkjc.com/en-us/local/information/otherhorse?horseid=HK_2002_C223&Option=1,2026-09-04T13:26:27Z
HK_2002_C223,2006-01-01,282,4,56.0,56.0,https://racing.hkjc.com/en-us/local/information/otherhorse?horseid=HK_2002_C223&Option=1,2026-09-04T13:26:27Z
HK_2002_C223,2006-01-15,316,4,56.0,56.0,https://racing.hkjc.com/en-us/local/information/otherhorse?horseid=HK_2002_C223&Option=1,2026-09-04T13:26:27Z
HK_2002_C223,2006-02-26,420,4,56.0,55.0,https://racing.hkjc.com/en-us/local/information/otherhorse?horseid=HK_2002_C223&Option=1,2026-09-04T13:26:27Z
HK_2002_C223,2006-03-26,482,4,55.0,55.0,https://racing.hkjc.com/en-us/local/information/otherhorse?horseid=HK_2002_C223&Option=1,2026-09-04T13:26:27Z
HK_2002_C223,2006-07-02,702,4,55.0,48.0,https://racing.hkjc.com/en-us/local/information/otherhorse?horseid=HK_2002_C223&Option=1,2026-09-04T13:26:27Z
HK_2002_C223,2006-09-10,5,4,48.0,48.0,https://racing.hkjc.com/en-us/local/information/otherhorse?horseid=HK_2002_C223&Option=1,2026-09-04T13:26:27Z
HK_2002_C223,2006-10-01,50,4,48.0,49.0,https://racing.hkjc.com/en-us/local/information/otherhorse?horseid=HK_2002_C223&Option=1,2026-09-04T13:26:27Z
HK_2002_C223,2007-04-09,511,4,49.0,49.0,https://racing.hkjc.com/en-us/local/information/otherhorse?horseid=HK_2002_C223&Option=1,2026-09-04T13:26:27Z
HK_2002_C223,2007-04-29,554,4,49.0,54.0,https://racing.hkjc.com/en-us/local/information/otherhorse?horseid=HK_2002_C223&Option=1,2026-09-04T13:26:27Z
HK_2002_C223,2007-05-27,632,4,54.0,54.0,https://racing.hkjc.com/en-us/local/information/otherhorse?horseid=HK_2002_C223&Option=1,2026-09-04T13:26:27Z
HK_2002_C223,2007-06-09,673,4,54.0,55.0,https://racing.hkjc.com/en-us/local/information/otherhorse?horseid=HK_2002_C223&Option=1,2026-09-04T13:26:27Z
HK_2002_C223,2007-06-24,702,4,55.0,56.0,https://racing.hkjc.com/en-us/local/information/otherhorse?horseid=HK_2002_C223&Option=1,2026-09-04T13:26:27Z
HK_2002_C223,2007-09-09,4,4,56.0,56.0,https://racing.hkjc.com/en-us/local/information/otherhorse?horseid=HK_2002_C223&Option=1,2026-09-04T13:26:27Z
HK_2002_C223,2007-10-01,59,4,56.0,55.0,https://racing.hkjc.com/en-us/local/information/otherhorse?horseid=HK_2002_C223&Option=1,2026-09-04T13:26:27Z
HK_2002_C223,2007-11-03,137,4,55.0,54.0,https://racing.hkjc.com/en-us/local/information/otherhorse?horseid=HK_2002_C223&Option=1,2026-09-04T13:26:27Z
HK_2002_C223,2007-11-17,173,4,54.0,52.0,https://racing.hkjc.com/en-us/local/information/otherhorse?horseid=HK_2002_C223&Option=1,2026-09-04T13:26:27Z
HK_2002_C223,2007-12-23,261,4,52.0,50.0,https://racing.hkjc.com/en-us/local/information/otherhorse?horseid=HK_2002_C223&Option=1,2026-09-04T13:26:27Z
HK_2002_C223,2008-01-06,294,4,50.0,48.0,https://racing.hkjc.com/en-us/local/information/otherhorse?horseid=HK_2002_C223&Option=1,2026-09-04T13:26:27Z
HK_2002_C223,2008-02-09,373,4,48.0,48.0,https://racing.hkjc.com/en-us/local/information/otherhorse?horseid=HK_2002_C223&Option=1,2026-09-04T13:26:27Z
HK_2002_C223,2008-05-12,589,4,48.0,45.0,https://racing.hkjc.com/en-us/local/information/otherhorse?horseid=HK_2002_C223&Option=1,2026-09-04T13:26:27Z
HK_2002_C223,2008-05-28,628,4,45.0,42.0,https://racing.hkjc.com/en-us/local/information/otherhorse?horseid=HK_2002_C223&Option=1,2026-09-04T13:26:27Z
HK_2002_C223,2008-06-15,675,4,42.0,39.0,https://racing.hkjc.com/en-us/local/information/otherhorse?horseid=HK_2002_C223&Option=1,2026-09-04T13:26:27Z
HK_2002_C223,2008-06-22,694,5,39.0,38.0,https://racing.hkjc.com/en-us/local/information/otherhorse?horseid=HK_2002_C223&Option=1,2026-09-04T13:26:27Z
HK_2002_C223,2008-07-01,712,5,38.0,34.0,https://racing.hkjc.com/en-us/local/information/otherhorse?horseid=HK_2002_C223&Option=1,2026-09-04T13:26:27Z
HK_2002_C223,2008-11-30,191,5,34.0,34.0,https://racing.hkjc.com/en-us/local/information/otherhorse?horseid=HK_2002_C223&Option=1,2026-09-04T13:26:27Z
HK_2002_C223,2009-01-01,266,5,34.0,33.0,https://racing.hkjc.com/en-us/local/information/otherhorse?horseid=HK_2002_C223&Option=1,2026-09-04T13:26:27Z
HK_2002_C223,2009-02-08,369,5,33.0,31.0,https://racing.hkjc.com/en-us/local/information/otherhorse?horseid=HK_2002_C223&Option=1,2026-09-04T13:26:27Z
HK_2002_C223,2009-04-13,527,5,31.0,28.0,https://racing.hkjc.com/en-us/local/information/otherhorse?horseid=HK_2002_C223&Option=1,2026-09-04T13:26:27Z
HK_2002_C223,2009-04-22,547,5,28.0,33.0,https://racing.hkjc.com/en-us/local/information/otherhorse?horseid=HK_2002_C223&Option=1,2026-09-04T13:26:27Z
HK_2002_C223,2009-05-21,623,5,33.0,33.0,https://racing.hkjc.com/en-us/local/information/otherhorse?horseid=HK_2002_C223&Option=1,2026-09-04T13:26:27Z
HK_2002_C223,2009-06-03,659,5,33.0,38.0,https://racing.hkjc.com/en-us/local/information/otherhorse?horseid=HK_2002_C223&Option=1,2026-09-04T13:26:27Z
HK_2002_C223,2009-06-24,704,5,38.0,38.0,https://racing.hkjc.com/en-us/local/information/otherhorse?horseid=HK_2002_C223&Option=1,2026-09-04T13:26:27Z
HK_2002_C223,2009-09-16,11,5,38.0,38.0,https://racing.hkjc.com/en-us/local/information/otherhorse?horseid=HK_2002_C223&Option=1,2026-09-04T13:26:27Z
HK_2002_C223,2009-10-07,67,5,38.0,38.0,https://racing.hkjc.com/en-us/local/information/otherhorse?horseid=HK_2002_C223&Option=1,2026-09-04T13:26:27Z
HK_2002_C223,2009-10-21,105,5,38.0,39.0,https://racing.hkjc.com/en-us/local/information/otherhorse?horseid=HK_2002_C223&Option=1,2026-09-04T13:26:27Z
HK_2002_C223,2009-11-01,121,5,39.0,39.0,https://racing.hkjc.com/en-us/local/information/otherhorse?horseid=HK_2002_C223&Option=1,2026-09-04T13:26:27Z
HK_2002_C223,2009-11-07,140,5,39.0,38.0,https://racing.hkjc.com/en-us/local/information/otherhorse?horseid=HK_2002_C223&Option=1,2026-09-04T13:26:27Z
HK_2002_C223,2009-11-22,175,5,38.0,36.0,https://racing.hkjc.com/en-us/local/information/otherhorse?horseid=HK_2002_C223&Option=1,2026-09-04T13:26:27Z
HK_2002_C223,2009-12-02,206,5,36.0,35.0,https://racing.hkjc.com/en-us/local/information/otherhorse?horseid=HK_2002_C223&Option=1,2026-09-04T13:26:27Z
HK_2002_C223,2009-12-09,221,5,35.0,33.0,https://racing.hkjc.com/en-us/local/information/otherhorse?horseid=HK_2002_C223&Option=1,2026-09-04T13:26:27Z
HK_2002_C223,2010-03-21,469,5,33.0,31.0,https://racing.hkjc.com/en-us/local/information/otherhorse?horseid=HK_2002_C223&Option=1,2026-09-04T13:26:27Z
HK_2002_C223,2010-04-28,561,5,31.0,31.0,https://racing.hkjc.com/en-us/local/information/otherhorse?horseid=HK_2002_C223&Option=1,2026-09-04T13:26:27Z
HK_2002_C223,2010-06-12,681,5,31.0,29.0,https://racing.hkjc.com/en-us/local/information/otherhorse?horseid=HK_2002_C223&Option=1,2026-09-04T13:26:27Z
HK_2002_C225,2003-05-18,609,GRIFFIN,,47,https://racing.hkjc.com/en-us/local/information/otherhorse?horseid=HK_2002_C225&Option=1,2026-09-04T13:27:01Z
HK_2002_C225,2003-09-27,68,4,47.0,47,https://racing.hkjc.com/en-us/local/information/otherhorse?horseid=HK_2002_C225&Option=1,2026-09-04T13:27:01Z
HK_2002_C225,2003-11-15,186,4,47.0,45,https://racing.hkjc.com/en-us/local/information/otherhorse?horseid=HK_2002_C225&Option=1,2026-09-04T13:27:01Z
HK_2002_C225,2003-12-06,239,4,45.0,46,https://racing.hkjc.com/en-us/local/information/otherhorse?horseid=HK_2002_C225&Option=1,2026-09-04T13:27:01Z
HK_2002_C225,2003-12-20,276,4,46.0,46,https://racing.hkjc.com/en-us/local/information/otherhorse?horseid=HK_2002_C225&Option=1,2026-09-04T13:27:01Z
HK_2002_C225,2004-01-14,331,4,46.0,45,https://racing.hkjc.com/en-us/local/information/otherhorse?horseid=HK_2002_C225&Option=1,2026-09-04T13:27:01Z
HK_2002_C225,2004-02-11,393,4,45.0,44,https://racing.hkjc.com/en-us/local/information/otherhorse?horseid=HK_2002_C225&Option=1,2026-09-04T13:27:01Z
HK_2002_C225,2004-03-03,437,4,44.0,42,https://racing.hkjc.com/en-us/local/information/otherhorse?horseid=HK_2002_C225&Option=1,2026-09-04T13:27:01Z
HK_2002_C225,2004-03-27,496,4,42.0,41,https://racing.hkjc.com/en-us/local/information/otherhorse?horseid=HK_2002_C225&Option=1,2026-09-04T13:27:01Z
HK_2002_C225,2004-04-21,542,4,41.0,40,https://racing.hkjc.com/en-us/local/information/otherhorse?horseid=HK_2002_C225&Option=1,2026-09-04T13:27:01Z
HK_2002_C225,2004-05-30,636,5,40.0,35,https://racing.hkjc.com/en-us/local/information/otherhorse?horseid=HK_2002_C225&Option=1,2026-09-04T13:27:01Z
HK_2002_C225,2004-09-05,1,5,35.0,35,https://racing.hkjc.com/en-us/local/information/otherhorse?horseid=HK_2002_C225&Option=1,2026-09-04T13:27:01Z
HK_2002_C225,2004-09-25,48,5,35.0,41,https://racing.hkjc.com/en-us/local/information/otherhorse?horseid=HK_2002_C225&Option=1,2026-09-04T13:27:01Z
HK_2002_C225,2004-10-03,70,4,41.0,43,https://racing.hkjc.com/en-us/local/information/otherhorse?horseid=HK_2002_C225&Option=1,2026-09-04T13:27:01Z
HK_2002_C225,2004-10-20,109,4,43.0,43,https://racing.hkjc.com/en-us/local/information/otherhorse?horseid=HK_2002_C225&Option=1,2026-09-04T13:27:01Z
HK_2002_C225,2004-11-14,170,4,43.0,43,https://racing.hkjc.com/en-us/local/information/otherhorse?horseid=HK_2002_C225&Option=1,2026-09-04T13:27:01Z
HK_2002_C225,2005-01-16,322,4,43.0,43,https://racing.hkjc.com/en-us/local/information/otherhorse?horseid=HK_2002_C225&Option=1,2026-09-04T13:27:01Z
HK_2002_C225,2005-01-30,357,4,43.0,43,https://racing.hkjc.com/en-us/local/information/otherhorse?horseid=HK_2002_C225&Option=1,2026-09-04T13:27:01Z
HK_2002_C225,2005-02-20,401,4,43.0,43,https://racing.hkjc.com/en-us/local/information/otherhorse?horseid=HK_2002_C225&Option=1,2026-09-04T13:27:01Z
HK_2002_C225,2005-03-13,458,4,43.0,44,https://racing.hkjc.com/en-us/local/information/otherhorse?horseid=HK_2002_C225&Option=1,2026-09-04T13:27:01Z
HK_2002_C225,2005-04-03,505,4,44.0,44,https://racing.hkjc.com/en-us/local/information/otherhorse?horseid=HK_2002_C225&Option=1,2026-09-04T13:27:01Z
HK_2002_C225,2005-04-24,557,4,44.0,44,https://racing.hkjc.com/en-us/local/information/otherhorse?horseid=HK_2002_C225&Option=1,2026-09-04T13:27:01Z
HK_2002_C225,2005-05-14,605,4,44.0,42,https://racing.hkjc.com/en-us/local/information/otherhorse?horseid=HK_2002_C225&Option=1,2026-09-04T13:27:01Z
HK_2002_C225,2005-06-22,686,4,42.0,47,https://racing.hkjc.com/en-us/local/information/otherhorse?horseid=HK_2002_C225&Option=1,2026-09-04T13:27:01Z
HK_2002_C225,2005-09-28,56,4,47.0,47,https://racing.hkjc.com/en-us/local/information/otherhorse?horseid=HK_2002_C225&Option=1,2026-09-04T13:27:01Z
HK_2002_C225,2005-10-09,81,4,47.0,46,https://racing.hkjc.com/en-us/local/information/otherhorse?horseid=HK_2002_C225&Option=1,2026-09-04T13:27:01Z
HK_2002_C225,2005-11-01,139,4,46.0,46,https://racing.hkjc.com/en-us/local/information/otherhorse?horseid=HK_2002_C225&Option=1,2026-09-04T13:27:01Z
HK_2002_C225,2005-11-23,195,4,46.0,46,https://racing.hkjc.com/en-us/local/information/otherhorse?horseid=HK_2002_C225&Option=1,2026-09-04T13:27:01Z
HK_2002_C225,2005-11-27,201,4,46.0,51,https://racing.hkjc.com/en-us/local/information/otherhorse?horseid=HK_2002_C225&Option=1,2026-09-04T13:27:01Z
HK_2002_C225,2005-12-21,265,4,51.0,51,https://racing.hkjc.com/en-us/local/information/otherhorse?horseid=HK_2002_C225&Option=1,2026-09-04T13:27:01Z
HK_2002_C225,2006-01-01,282,4,51.0,51,https://racing.hkjc.com/en-us/local/information/otherhorse?horseid=HK_2002_C225&Option=1,2026-09-04T13:27:01Z
HK_2002_C225,2006-01-22,334,4,51.0,50,https://racing.hkjc.com/en-us/local/information/otherhorse?horseid=HK_2002_C225&Option=1,2026-09-04T13:27:01Z
HK_2002_C225,2006-02-15,392,4,50.0,52,https://racing.hkjc.com/en-us/local/information/otherhorse?horseid=HK_2002_C225&Option=1,2026-09-04T13:27:01Z
HK_2002_C225,2006-03-01,428,4,52.0,52,https://racing.hkjc.com/en-us/local/information/otherhorse?horseid=HK_2002_C225&Option=1,2026-09-04T13:27:01Z
HK_2002_C225,2006-03-19,465,4,52.0,51,https://racing.hkjc.com/en-us/local/information/otherhorse?horseid=HK_2002_C225&Option=1,2026-09-04T13:27:01Z
HK_2002_C228,2003-03-01,425,GRIFFIN,,,https://racing.hkjc.com/en-us/local/information/otherhorse?horseid=HK_2002_C228&Option=1,2026-09-04T13:29:10Z
HK_2002_C228,2003-03-15,453,GRIFFIN,,,https://racing.hkjc.com/en-us/local/information/otherhorse?horseid=HK_2002_C228&Option=1,2026-09-04T13:29:10Z
HK_2002_C228,2003-04-13,525,GRIFFIN,,,https://racing.hkjc.com/en-us/local/information/otherhorse?horseid=HK_2002_C228&Option=1,2026-09-04T13:29:10Z
HK_2002_C228,2003-05-01,563,GRIFFIN,,55.0,https://racing.hkjc.com/en-us/local/information/otherhorse?horseid=HK_2002_C228&Option=1,2026-09-04T13:29:10Z
HK_2002_C228,2003-06-07,671,23YO,55.0,55.0,https://racing.hkjc.com/en-us/local/information/otherhorse?horseid=HK_2002_C228&Option=1,2026-09-04T13:29:10Z
HK_2002_C228,2003-09-27,66,4,55.0,57.0,https://racing.hkjc.com/en-us/local/information/otherhorse?horseid=HK_2002_C228&Option=1,2026-09-04T13:29:10Z
HK_2002_C228,2003-10-19,115,4,57.0,57.0,https://racing.hkjc.com/en-us/local/information/otherhorse?horseid=HK_2002_C228&Option=1,2026-09-04T13:29:10Z
HK_2002_C228,2003-11-08,169,4,57.0,65.0,https://racing.hkjc.com/en-us/local/information/otherhorse?horseid=HK_2002_C228&Option=1,2026-09-04T13:29:10Z
HK_2002_C228,2003-12-14,256,3,65.0,68.0,https://racing.hkjc.com/en-us/local/information/otherhorse?horseid=HK_2002_C228&Option=1,2026-09-04T13:29:10Z
HK_2002_C228,2004-02-01,370,3,68.0,71.0,https://racing.hkjc.com/en-us/local/information/otherhorse?horseid=HK_2002_C228&Option=1,2026-09-04T13:29:10Z
HK_2002_C228,2004-03-21,480,3,71.0,81.0,https://racing.hkjc.com/en-us/local/information/otherhorse?horseid=HK_2002_C228&Option=1,2026-09-04T13:29:10Z
HK_2002_C228,2004-04-25,555,2,81.0,90.0,https://racing.hkjc.com/en-us/local/information/otherhorse?horseid=HK_2002_C228&Option=1,2026-09-04T13:29:10Z
HK_2002_C228,2004-05-16,607,2,90.0,101.0,https://racing.hkjc.com/en-us/local/information/otherhorse?horseid=HK_2002_C228&Option=1,2026-09-04T13:29:10Z
HK_2002_C228,2004-06-06,660,1,101.0,109.0,https://racing.hkjc.com/en-us/local/information/otherhorse?horseid=HK_2002_C228&Option=1,2026-09-04T13:29:10Z
HK_2002_C228,2004-10-09,90,GROUP-3,109.0,117.0,https://racing.hkjc.com/en-us/local/information/otherhorse?horseid=HK_2002_C228&Option=1,2026-09-04T13:29:10Z
HK_2002_C228,2004-11-21,190,3YO+,117.0,117.0,https://racing.hkjc.com/en-us/local/information/otherhorse?horseid=HK_2002_C228&Option=1,2026-09-04T13:29:10Z
HK_2002_C228,2004-12-12,243,3YO+,117.0,121.0,https://racing.hkjc.com/en-us/local/information/otherhorse?horseid=HK_2002_C228&Option=1,2026-09-04T13:29:10Z
HK_2002_C228,2005-01-01,290,GROUP-3,121.0,121.0,https://racing.hkjc.com/en-us/local/information/otherhorse?horseid=HK_2002_C228&Option=1,2026-09-04T13:29:10Z
HK_2002_C228,2005-02-11,388,4YO,121.0,121.0,https://racing.hkjc.com/en-us/local/information/otherhorse?horseid=HK_2002_C228&Option=1,2026-09-04T13:29:10Z
HK_2002_C228,2005-04-03,507,3YO+,121.0,121.0,https://racing.hkjc.com/en-us/local/information/otherhorse?horseid=HK_2002_C228&Option=1,2026-09-04T13:29:10Z
HK_2002_C228,2005-04-24,561,3YO+,121.0,118.0,https://racing.hkjc.com/en-us/local/information/otherhorse?horseid=HK_2002_C228&Option=1,2026-09-04T13:29:10Z
HK_2002_C228,2005-10-09,86,GROUP-3,118.0,118.0,https://racing.hkjc.com/en-us/local/information/otherhorse?horseid=HK_2002_C228&Option=1,2026-09-04T13:29:10Z
HK_2002_C228,2005-10-30,132,P,118.0,121.0,https://racing.hkjc.com/en-us/local/information/otherhorse?horseid=HK_2002_C228&Option=1,2026-09-04T13:29:10Z
HK_2002_C228,2005-11-20,187,3YO+,121.0,121.0,https://racing.hkjc.com/en-us/local/information/otherhorse?horseid=HK_2002_C228&Option=1,2026-09-04T13:29:10Z
HK_2002_C228,2005-12-11,239,3YO+,121.0,120.0,https://racing.hkjc.com/en-us/local/information/otherhorse?horseid=HK_2002_C228&Option=1,2026-09-04T13:29:10Z
HK_2002_C228,2006-01-01,284,GROUP-3,120.0,125.0,https://racing.hkjc.com/en-us/local/information/otherhorse?horseid=HK_2002_C228&Option=1,2026-09-04T13:29:10Z
HK_2002_C228,2006-01-22,338,P,125.0,127.0,https://racing.hkjc.com/en-us/local/information/otherhorse?horseid=HK_2002_C228&Option=1,2026-09-04T13:29:10Z
HK_2002_C228,2006-02-26,417,3YO+,127.0,127.0,https://racing.hkjc.com/en-us/local/information/otherhorse?horseid=HK_2002_C228&Option=1,2026-09-04T13:29:10Z
HK_2002_C228,2006-03-26,486,3YO+,127.0,124.0,https://racing.hkjc.com/en-us/local/information/otherhorse?horseid=HK_2002_C228&Option=1,2026-09-04T13:29:10Z
HK_2002_C228,2006-11-19,170,3YO+,124.0,124.0,https://racing.hkjc.com/en-us/local/information/otherhorse?horseid=HK_2002_C228&Option=1,2026-09-04T13:29:10Z
HK_2002_C228,2006-12-10,223,3YO+,124.0,121.0,https://racing.hkjc.com/en-us/local/information/otherhorse?horseid=HK_2002_C228&Option=1,2026-09-04T13:29:10Z
HK_2002_C228,2007-01-07,290,GROUP-3,121.0,127.0,https://racing.hkjc.com/en-us/local/information/otherhorse?horseid=HK_2002_C228&Option=1,2026-09-04T13:29:10Z
HK_2002_C228,2007-02-04,362,3YO+,127.0,124.0,https://racing.hkjc.com/en-us/local/information/otherhorse?horseid=HK_2002_C228&Option=1,2026-09-04T13:29:10Z
HK_2002_C228,2007-10-01,64,GROUP-3,124.0,124.0,https://racing.hkjc.com/en-us/local/information/otherhorse?horseid=HK_2002_C228&Option=1,2026-09-04T13:29:10Z
HK_2002_C228,2007-10-21,102,GROUP-3,124.0,123.0,https://racing.hkjc.com/en-us/local/information/otherhorse?horseid=HK_2002_C228&Option=1,2026-09-04T13:29:10Z
HK_2002_C228,2007-11-17,175,3YO+,123.0,121.0,https://racing.hkjc.com/en-us/local/information/otherhorse?horseid=HK_2002_C228&Option=1,2026-09-04T13:29:10Z
HK_2002_C228,2007-12-09,226,3YO+,121.0,120.0,https://racing.hkjc.com/en-us/local/information/otherhorse?horseid=HK_2002_C228&Option=1,2026-09-04T13:29:10Z
HK_2002_C228,2008-01-06,292,GROUP-3,120.0,119.0,https://racing.hkjc.com/en-us/local/information/otherhorse?horseid=HK_2002_C228&Option=1,2026-09-04T13:29:10Z
HK_2002_C228,2008-02-17,397,3YO+,119.0,119.0,https://racing.hkjc.com/en-us/local/information/otherhorse?horseid=HK_2002_C228&Option=1,2026-09-04T13:29:10Z
HK_2002_C228,2008-03-16,470,3YO+,119.0,119.0,https://racing.hkjc.com/en-us/local/information/otherhorse?horseid=HK_2002_C228&Option=1,2026-09-04T13:29:10Z
HK_2002_C228,2008-05-01,565,3YO+,119.0,117.0,https://racing.hkjc.com/en-us/local/information/otherhorse?horseid=HK_2002_C228&Option=1,2026-09-04T13:29:10Z
HK_2002_C228,2008-09-15,4,1,117.0,117.0,https://racing.hkjc.com/en-us/local/information/otherhorse?horseid=HK_2002_C228&Option=1,2026-09-04T13:29:10Z
HK_2002_C228,2008-10-05,64,HKG3,117.0,117.0,https://racing.hkjc.com/en-us/local/information/otherhorse?horseid=HK_2002_C228&Option=1,2026-09-04T13:29:10Z
HK_2002_C228,2008-10-26,112,HKG3,117.0,117.0,https://racing.hkjc.com/en-us/local/information/otherhorse?horseid=HK_2002_C228&Option=1,2026-09-04T13:29:10Z
HK_2002_C228,2008-11-23,179,HKG2,117.0,115.0,https://racing.hkjc.com/en-us/local/information/otherhorse?horseid=HK_2002_C228&Option=1,2026-09-04T13:29:10Z
HK_2002_C271,2003-05-10,592,GRIFFIN,,,https://racing.hkjc.com/en-us/local/information/otherhorse?horseid=HK_2002_C271&Option=1,2026-09-04T13:24:52Z
HK_2002_C271,2003-05-24,627,GRIFFIN,,,https://racing.hkjc.com/en-us/local/information/otherhorse?horseid=HK_2002_C271&Option=1,2026-09-04T13:24:52Z
HK_2002_C271,2003-06-14,683,GRIFFIN,,40.0,https://racing.hkjc.com/en-us/local/information/otherhorse?horseid=HK_2002_C271&Option=1,2026-09-04T13:24:52Z
HK_2002_C271,2003-09-10,19,5,40.0,40.0,https://racing.hkjc.com/en-us/local/information/otherhorse?horseid=HK_2002_C271&Option=1,2026-09-04T13:24:52Z
HK_2002_C271,2003-09-21,44,5,40.0,37.0,https://racing.hkjc.com/en-us/local/information/otherhorse?horseid=HK_2002_C271&Option=1,2026-09-04T13:24:52Z
HK_2002_C271,2003-12-17,266,5,37.0,36.0,https://racing.hkjc.com/en-us/local/information/otherhorse?horseid=HK_2002_C271&Option=1,2026-09-04T13:24:52Z
HK_2002_C271,2004-01-04,304,5,36.0,35.0,https://racing.hkjc.com/en-us/local/information/otherhorse?horseid=HK_2002_C271&Option=1,2026-09-04T13:24:52Z
HK_2002_C271,2004-01-14,329,5,35.0,47.0,https://racing.hkjc.com/en-us/local/information/otherhorse?horseid=HK_2002_C271&Option=1,2026-09-04T13:24:52Z
HK_2002_C271,2004-02-04,378,4,47.0,47.0,https://racing.hkjc.com/en-us/local/information/otherhorse?horseid=HK_2002_C271&Option=1,2026-09-04T13:24:52Z
HK_2002_C271,2004-03-24,485,4,47.0,47.0,https://racing.hkjc.com/en-us/local/information/otherhorse?horseid=HK_2002_C271&Option=1,2026-09-04T13:24:52Z
HK_2002_C271,2004-05-05,576,4,47.0,49.0,https://racing.hkjc.com/en-us/local/information/otherhorse?horseid=HK_2002_C271&Option=1,2026-09-04T13:24:52Z
HK_2002_C271,2004-05-19,613,4,49.0,47.0,https://racing.hkjc.com/en-us/local/information/otherhorse?horseid=HK_2002_C271&Option=1,2026-09-04T13:24:52Z
HK_2002_C271,2004-09-19,37,4,47.0,47.0,https://racing.hkjc.com/en-us/local/information/otherhorse?horseid=HK_2002_C271&Option=1,2026-09-04T13:24:52Z
HK_2002_C271,2004-10-03,67,4,47.0,45.0,https://racing.hkjc.com/en-us/local/information/otherhorse?horseid=HK_2002_C271&Option=1,2026-09-04T13:24:52Z
HK_2002_C271,2004-10-20,106,4,45.0,44.0,https://racing.hkjc.com/en-us/local/information/otherhorse?horseid=HK_2002_C271&Option=1,2026-09-04T13:24:52Z
HK_2002_C271,2005-06-08,658,4,44.0,43.0,https://racing.hkjc.com/en-us/local/information/otherhorse?horseid=HK_2002_C271&Option=1,2026-09-04T13:24:52Z
HK_2002_C271,2005-06-29,706,4,43.0,38.0,https://racing.hkjc.com/en-us/local/information/otherhorse?horseid=HK_2002_C271&Option=1,2026-09-04T13:24:52Z
HK_2002_C271,2005-10-09,83,5,38.0,38.0,https://racing.hkjc.com/en-us/local/information/otherhorse?horseid=HK_2002_C271&Option=1,2026-09-04T13:24:52Z
HK_2002_C271,2005-10-16,90,5,38.0,36.0,https://racing.hkjc.com/en-us/local/information/otherhorse?horseid=HK_2002_C271&Option=1,2026-09-04T13:24:52Z
HK_2002_C271,2005-11-01,136,5,36.0,39.0,https://racing.hkjc.com/en-us/local/information/otherhorse?horseid=HK_2002_C271&Option=1,2026-09-04T13:24:52Z
HK_2002_C271,2005-11-16,173,5,39.0,39.0,https://racing.hkjc.com/en-us/local/information/otherhorse?horseid=HK_2002_C271&Option=1,2026-09-04T13:24:52Z
HK_2002_C271,2006-01-01,280,5,39.0,33.0,https://racing.hkjc.com/en-us/local/information/otherhorse?horseid=HK_2002_C271&Option=1,2026-09-04T13:24:52Z
HK_2002_C271,2006-11-07,140,5,33.0,33.0,https://racing.hkjc.com/en-us/local/information/otherhorse?horseid=HK_2002_C271&Option=1,2026-09-04T13:24:52Z
HK_2002_C271,2006-12-20,246,5,33.0,31.0,https://racing.hkjc.com/en-us/local/information/otherhorse?horseid=HK_2002_C271&Option=1,2026-09-04T13:24:52Z
HK_2002_C271,2007-01-24,330,5,31.0,28.0,https://racing.hkjc.com/en-us/local/information/otherhorse?horseid=HK_2002_C271&Option=1,2026-09-04T13:24:52Z
HK_2002_C271,2007-02-20,395,5,28.0,25.0,https://racing.hkjc.com/en-us/local/information/otherhorse?horseid=HK_2002_C271&Option=1,2026-09-04T13:24:52Z
HK_2002_C271,2007-03-10,443,5,25.0,26.0,https://racing.hkjc.com/en-us/local/information/otherhorse?horseid=HK_2002_C271&Option=1,2026-09-04T13:24:52Z
HK_2002_C271,2007-04-14,517,5,26.0,26.0,https://racing.hkjc.com/en-us/local/information/otherhorse?horseid=HK_2002_C271&Option=1,2026-09-04T13:24:52Z
HK_2002_C271,2007-05-01,564,5,26.0,27.0,https://racing.hkjc.com/en-us/local/information/otherhorse?horseid=HK_2002_C271&Option=1,2026-09-04T13:24:52Z
HK_2002_C271,2007-05-20,613,5,27.0,27.0,https://racing.hkjc.com/en-us/local/information/otherhorse?horseid=HK_2002_C271&Option=1,2026-09-04T13:24:52Z
HK_2002_C271,2007-06-13,681,5,27.0,27.0,https://racing.hkjc.com/en-us/local/information/otherhorse?horseid=HK_2002_C271&Option=1,2026-09-04T13:24:52Z
HK_2002_C283,2003-06-14,683,GRIFFIN,,47,https://racing.hkjc.com/en-us/local/information/otherhorse?horseid=HK_2002_C283&Option=1,2026-09-04T13:29:18Z
HK_2002_C283,2003-08-31,4,4,47.0,49,https://racing.hkjc.com/en-us/local/information/otherhorse?horseid=HK_2002_C283&Option=1,2026-09-04T13:29:18Z
HK_2002_C283,2003-09-21,51,4,49.0,49,https://racing.hkjc.com/en-us/local/information/otherhorse?horseid=HK_2002_C283&Option=1,2026-09-04T13:29:18Z
HK_2002_C283,2003-10-01,75,4,49.0,55,https://racing.hkjc.com/en-us/local/information/otherhorse?horseid=HK_2002_C283&Option=1,2026-09-04T13:29:18Z
HK_2002_C283,2003-10-19,115,4,55.0,63,https://racing.hkjc.com/en-us/local/information/otherhorse?horseid=HK_2002_C283&Option=1,2026-09-04T13:29:18Z
HK_2002_C283,2003-11-15,189,3,63.0,71,https://racing.hkjc.com/en-us/local/information/otherhorse?horseid=HK_2002_C283&Option=1,2026-09-04T13:29:18Z
HK_2002_C283,2003-12-20,278,3,71.0,74,https://racing.hkjc.com/en-us/local/information/otherhorse?horseid=HK_2002_C283&Option=1,2026-09-04T13:29:18Z
HK_2002_C283,2004-01-24,354,3,74.0,76,https://racing.hkjc.com/en-us/local/information/otherhorse?horseid=HK_2002_C283&Option=1,2026-09-04T13:29:18Z
HK_2002_C283,2004-03-21,478,2,76.0,82,https://racing.hkjc.com/en-us/local/information/otherhorse?horseid=HK_2002_C283&Option=1,2026-09-04T13:29:18Z
HK_2002_C283,2004-04-25,555,2,82.0,82,https://racing.hkjc.com/en-us/local/information/otherhorse?horseid=HK_2002_C283&Option=1,2026-09-04T13:29:18Z
HK_2002_C283,2004-05-26,633,2,82.0,83,https://racing.hkjc.com/en-us/local/information/otherhorse?horseid=HK_2002_C283&Option=1,2026-09-04T13:29:18Z
HK_2002_C283,2004-09-05,8,2,83.0,86,https://racing.hkjc.com/en-us/local/information/otherhorse?horseid=HK_2002_C283&Option=1,2026-09-04T13:29:18Z
HK_2002_C283,2004-09-19,44,2,86.0,86,https://racing.hkjc.com/en-us/local/information/otherhorse?horseid=HK_2002_C283&Option=1,2026-09-04T13:29:18Z
HK_2002_C283,2004-10-06,83,2,86.0,86,https://racing.hkjc.com/en-us/local/information/otherhorse?horseid=HK_2002_C283&Option=1,2026-09-04T13:29:18Z
HK_2002_C283,2004-10-17,103,2,86.0,86,https://racing.hkjc.com/en-us/local/information/otherhorse?horseid=HK_2002_C283&Option=1,2026-09-04T13:29:18Z
HK_2002_C283,2004-10-30,138,2,86.0,89,https://racing.hkjc.com/en-us/local/information/otherhorse?horseid=HK_2002_C283&Option=1,2026-09-04T13:29:18Z
HK_2002_C283,2004-11-14,175,2,89.0,92,https://racing.hkjc.com/en-us/local/information/otherhorse?horseid=HK_2002_C283&Option=1,2026-09-04T13:29:18Z
HK_2002_C283,2004-11-28,209,1,92.0,92,https://racing.hkjc.com/en-us/local/information/otherhorse?horseid=HK_2002_C283&Option=1,2026-09-04T13:29:18Z
HK_2002_C283,2004-12-18,262,1,92.0,94,https://racing.hkjc.com/en-us/local/information/otherhorse?horseid=HK_2002_C283&Option=1,2026-09-04T13:29:18Z
HK_2002_C283,2005-01-08,307,1,94.0,98,https://racing.hkjc.com/en-us/local/information/otherhorse?horseid=HK_2002_C283&Option=1,2026-09-04T13:29:18Z
HK_2002_C283,2005-01-30,359,4YO+,98.0,98,https://racing.hkjc.com/en-us/local/information/otherhorse?horseid=HK_2002_C283&Option=1,2026-09-04T13:29:18Z
HK_2002_C283,2005-02-20,410,2,98.0,98,https://racing.hkjc.com/en-us/local/information/otherhorse?horseid=HK_2002_C283&Option=1,2026-09-04T13:29:18Z
HK_2002_C283,2005-02-27,426,1,98.0,103,https://racing.hkjc.com/en-us/local/information/otherhorse?horseid=HK_2002_C283&Option=1,2026-09-04T13:29:18Z
HK_2002_C283,2005-04-09,527,1,103.0,106,https://racing.hkjc.com/en-us/local/information/otherhorse?horseid=HK_2002_C283&Option=1,2026-09-04T13:29:18Z
HK_2002_C283,2005-04-24,561,3YO+,106.0,106,https://racing.hkjc.com/en-us/local/information/otherhorse?horseid=HK_2002_C283&Option=1,2026-09-04T13:29:18Z
HK_2002_C283,2005-05-14,610,1,106.0,105,https://racing.hkjc.com/en-us/local/information/otherhorse?horseid=HK_2002_C283&Option=1,2026-09-04T13:29:18Z
HK_2002_C283,2005-09-04,3,1,105.0,105,https://racing.hkjc.com/en-us/local/information/otherhorse?horseid=HK_2002_C283&Option=1,2026-09-04T13:29:18Z
HK_2002_C283,2005-10-09,89,1,105.0,103,https://racing.hkjc.com/en-us/local/information/otherhorse?horseid=HK_2002_C283&Option=1,2026-09-04T13:29:18Z
HK_2002_C283,2005-12-17,256,1,103.0,104,https://racing.hkjc.com/en-us/local/information/otherhorse?horseid=HK_2002_C283&Option=1,2026-09-04T13:29:18Z
HK_2002_C283,2006-01-01,284,GROUP-3,104.0,104,https://racing.hkjc.com/en-us/local/information/otherhorse?horseid=HK_2002_C283&Option=1,2026-09-04T13:29:18Z
HK_2002_C283,2006-01-31,356,1,104.0,104,https://racing.hkjc.com/en-us/local/information/otherhorse?horseid=HK_2002_C283&Option=1,2026-09-04T13:29:18Z
HK_2002_C283,2006-02-26,419,1,104.0,105,https://racing.hkjc.com/en-us/local/information/otherhorse?horseid=HK_2002_C283&Option=1,2026-09-04T13:29:18Z
HK_2002_C283,2006-03-26,484,1,105.0,105,https://racing.hkjc.com/en-us/local/information/otherhorse?horseid=HK_2002_C283&Option=1,2026-09-04T13:29:18Z
HK_2002_C283,2006-04-08,514,1,105.0,105,https://racing.hkjc.com/en-us/local/information/otherhorse?horseid=HK_2002_C283&Option=1,2026-09-04T13:29:18Z
HK_2002_C283,2006-04-30,568,1,105.0,106,https://racing.hkjc.com/en-us/local/information/otherhorse?horseid=HK_2002_C283&Option=1,2026-09-04T13:29:18Z
HK_2002_C283,2006-05-13,605,1,106.0,109,https://racing.hkjc.com/en-us/local/information/otherhorse?horseid=HK_2002_C283&Option=1,2026-09-04T13:29:18Z
HK_2002_C283,2006-06-04,651,1,109.0,109,https://racing.hkjc.com/en-us/local/information/otherhorse?horseid=HK_2002_C283&Option=1,2026-09-04T13:29:18Z
HK_2002_C283,2006-10-07,72,GROUP-3,109.0,109,https://racing.hkjc.com/en-us/local/information/otherhorse?horseid=HK_2002_C283&Option=1,2026-09-04T13:29:18Z
HK_2002_C283,2006-10-29,118,1,109.0,108,https://racing.hkjc.com/en-us/local/information/otherhorse?horseid=HK_2002_C283&Option=1,2026-09-04T13:29:18Z
HK_2002_C283,2006-11-26,189,1,108.0,109,https://racing.hkjc.com/en-us/local/information/otherhorse?horseid=HK_2002_C283&Option=1,2026-09-04T13:29:18Z
HK_2002_C283,2006-12-10,222,1,109.0,109,https://racing.hkjc.com/en-us/local/information/otherhorse?horseid=HK_2002_C283&Option=1,2026-09-04T13:29:18Z
HK_2002_C283,2007-01-01,281,GROUP-3,109.0,108,https://racing.hkjc.com/en-us/local/information/otherhorse?horseid=HK_2002_C283&Option=1,2026-09-04T13:29:18Z
HK_2002_C283,2007-05-01,570,1,108.0,106,https://racing.hkjc.com/en-us/local/information/otherhorse?horseid=HK_2002_C283&Option=1,2026-09-04T13:29:18Z
HK_2002_C283,2007-05-24,627,GROUP-3,106.0,106,https://racing.hkjc.com/en-us/local/information/otherhorse?horseid=HK_2002_C283&Option=1,2026-09-04T13:29:18Z
HK_2002_C283,2007-06-09,674,GROUP-3,106.0,106,https://racing.hkjc.com/en-us/local/information/otherhorse?horseid=HK_2002_C283&Option=1,2026-09-04T13:29:18Z
HK_2002_C283,2007-07-02,724,1,106.0,104,https://racing.hkjc.com/en-us/local/information/otherhorse?horseid=HK_2002_C283&Option=1,2026-09-04T13:29:18Z
HK_2002_C283,2007-11-25,195,1,104.0,104,https://racing.hkjc.com/en-us/local/information/otherhorse?horseid=HK_2002_C283&Option=1,2026-09-04T13:29:18Z
HK_2002_C283,2007-12-09,224,1,104.0,105,https://racing.hkjc.com/en-us/local/information/otherhorse?horseid=HK_2002_C283&Option=1,2026-09-04T13:29:18Z
HK_2002_C283,2008-01-01,288,GROUP-3,105.0,105,https://racing.hkjc.com/en-us/local/information/otherhorse?horseid=HK_2002_C283&Option=1,2026-09-04T13:29:18Z
HK_2002_C283,2008-03-01,433,GROUP-3,105.0,107,https://racing.hkjc.com/en-us/local/information/otherhorse?horseid=HK_2002_C283&Option=1,2026-09-04T13:29:18Z
HK_2002_C283,2008-05-25,624,GROUP-3,107.0,105,https://racing.hkjc.com/en-us/local/information/otherhorse?horseid=HK_2002_C283&Option=1,2026-09-04T13:29:18Z
HK_2002_C283,2008-06-15,681,GROUP-3,105.0,102,https://racing.hkjc.com/en-us/local/information/otherhorse?horseid=HK_2002_C283&Option=1,2026-09-04T13:29:18Z
HK_2002_C283,2008-09-15,4,1,102.0,102,https://racing.hkjc.com/en-us/local/information/otherhorse?horseid=HK_2002_C283&Option=1,2026-09-04T13:29:18Z
HK_2002_C283,2008-10-01,54,HKG3,102.0,100,https://racing.hkjc.com/en-us/local/information/otherhorse?horseid=HK_2002_C283&Option=1,2026-09-04T13:29:18Z
HK_2002_C283,2008-11-08,151,1,100.0,100,https://racing.hkjc.com/en-us/local/information/otherhorse?horseid=HK_2002_C283&Option=1,2026-09-04T13:29:18Z
HK_2002_C283,2008-11-30,197,1,100.0,98,https://racing.hkjc.com/en-us/local/information/otherhorse?horseid=HK_2002_C283&Option=1,2026-09-04T13:29:18Z
HK_2002_C283,2008-12-14,226,1,98.0,95,https://racing.hkjc.com/en-us/local/information/otherhorse?horseid=HK_2002_C283&Option=1,2026-09-04T13:29:18Z
HK_2002_C283,2009-04-05,516,1,95.0,92,https://racing.hkjc.com/en-us/local/information/otherhorse?horseid=HK_2002_C283&Option=1,2026-09-04T13:29:18Z
HK_2002_C285,2003-06-01,652,2,78,70,https://racing.hkjc.com/en-us/local/information/otherhorse?horseid=HK_2002_C285&Option=1,2026-09-04T13:28:09Z
HK_2002_C285,2003-09-21,53,3,70,70,https://racing.hkjc.com/en-us/local/information/otherhorse?horseid=HK_2002_C285&Option=1,2026-09-04T13:28:09Z
HK_2002_C285,2003-10-19,116,3,70,78,https://racing.hkjc.com/en-us/local/information/otherhorse?horseid=HK_2002_C285&Option=1,2026-09-04T13:28:09Z
HK_2002_C285,2003-11-08,171,3,78,78,https://racing.hkjc.com/en-us/local/information/otherhorse?horseid=HK_2002_C285&Option=1,2026-09-04T13:28:09Z
HK_2002_C285,2003-11-15,189,3,78,78,https://racing.hkjc.com/en-us/local/information/otherhorse?horseid=HK_2002_C285&Option=1,2026-09-04T13:28:09Z
HK_2002_C285,2003-12-03,234,2,78,78,https://racing.hkjc.com/en-us/local/information/otherhorse?horseid=HK_2002_C285&Option=1,2026-09-04T13:28:09Z
HK_2002_C285,2003-12-26,290,2,78,78,https://racing.hkjc.com/en-us/local/information/otherhorse?horseid=HK_2002_C285&Option=1,2026-09-04T13:28:09Z
HK_2002_C285,2004-01-10,327,3,78,72,https://racing.hkjc.com/en-us/local/information/otherhorse?horseid=HK_2002_C285&Option=1,2026-09-04T13:28:09Z
HK_2002_C285,2004-09-29,58,3,72,75,https://racing.hkjc.com/en-us/local/information/otherhorse?horseid=HK_2002_C285&Option=1,2026-09-04T13:28:09Z
HK_2002_C285,2004-10-17,100,3,75,75,https://racing.hkjc.com/en-us/local/information/otherhorse?horseid=HK_2002_C285&Option=1,2026-09-04T13:28:09Z
HK_2002_C285,2004-11-06,156,3,75,77,https://racing.hkjc.com/en-us/local/information/otherhorse?horseid=HK_2002_C285&Option=1,2026-09-04T13:28:09Z
HK_2002_C285,2004-11-28,205,3,77,77,https://racing.hkjc.com/en-us/local/information/otherhorse?horseid=HK_2002_C285&Option=1,2026-09-04T13:28:09Z
HK_2002_C285,2004-12-15,251,3,77,77,https://racing.hkjc.com/en-us/local/information/otherhorse?horseid=HK_2002_C285&Option=1,2026-09-04T13:28:09Z
HK_2002_C285,2005-01-16,321,3,77,79,https://racing.hkjc.com/en-us/local/information/otherhorse?horseid=HK_2002_C285&Option=1,2026-09-04T13:28:09Z
HK_2002_C285,2005-02-11,390,3,79,79,https://racing.hkjc.com/en-us/local/information/otherhorse?horseid=HK_2002_C285&Option=1,2026-09-04T13:28:09Z
HK_2002_C285,2005-03-16,471,3,79,78,https://racing.hkjc.com/en-us/local/information/otherhorse?horseid=HK_2002_C285&Option=1,2026-09-04T13:28:09Z
HK_2002_C285,2005-04-03,508,2,78,79,https://racing.hkjc.com/en-us/local/information/otherhorse?horseid=HK_2002_C285&Option=1,2026-09-04T13:28:09Z
HK_2002_C285,2005-05-14,608,3,79,79,https://racing.hkjc.com/en-us/local/information/otherhorse?horseid=HK_2002_C285&Option=1,2026-09-04T13:28:09Z
HK_2002_C285,2005-06-12,673,3,79,78,https://racing.hkjc.com/en-us/local/information/otherhorse?horseid=HK_2002_C285&Option=1,2026-09-04T13:28:09Z
HK_2002_C285,2005-06-26,699,2,78,76,https://racing.hkjc.com/en-us/local/information/otherhorse?horseid=HK_2002_C285&Option=1,2026-09-04T13:28:09Z
HK_2002_C285,2005-09-14,31,2,76,76,https://racing.hkjc.com/en-us/local/information/otherhorse?horseid=HK_2002_C285&Option=1,2026-09-04T13:28:09Z
HK_2002_C285,2005-10-22,116,3,76,75,https://racing.hkjc.com/en-us/local/information/otherhorse?horseid=HK_2002_C285&Option=1,2026-09-04T13:28:09Z
HK_2002_C285,2005-11-20,184,3,75,75,https://racing.hkjc.com/en-us/local/information/otherhorse?horseid=HK_2002_C285&Option=1,2026-09-04T13:28:09Z
HK_2002_C285,2005-12-11,234,3,75,75,https://racing.hkjc.com/en-us/local/information/otherhorse?horseid=HK_2002_C285&Option=1,2026-09-04T13:28:09Z
HK_2002_C285,2006-01-01,283,3,75,75,https://racing.hkjc.com/en-us/local/information/otherhorse?horseid=HK_2002_C285&Option=1,2026-09-04T13:28:09Z
HK_2002_C285,2006-01-15,321,3,75,74,https://racing.hkjc.com/en-us/local/information/otherhorse?horseid=HK_2002_C285&Option=1,2026-09-04T13:28:09Z
HK_2002_C285,2006-02-05,362,3,74,73,https://racing.hkjc.com/en-us/local/information/otherhorse?horseid=HK_2002_C285&Option=1,2026-09-04T13:28:09Z
HK_2002_C285,2006-02-19,398,3,73,71,https://racing.hkjc.com/en-us/local/information/otherhorse?horseid=HK_2002_C285&Option=1,2026-09-04T13:28:09Z
HK_2002_C285,2006-03-12,446,3,71,71,https://racing.hkjc.com/en-us/local/information/otherhorse?horseid=HK_2002_C285&Option=1,2026-09-04T13:28:09Z
HK_2002_C285,2006-04-01,504,3,71,69,https://racing.hkjc.com/en-us/local/information/otherhorse?horseid=HK_2002_C285&Option=1,2026-09-04T13:28:09Z
HK_2002_C285,2006-04-19,542,3,69,67,https://racing.hkjc.com/en-us/local/information/otherhorse?horseid=HK_2002_C285&Option=1,2026-09-04T13:28:09Z
HK_2002_C285,2006-05-21,620,3,67,67,https://racing.hkjc.com/en-us/local/information/otherhorse?horseid=HK_2002_C285&Option=1,2026-09-04T13:28:09Z
HK_2002_C285,2006-06-17,680,3,67,61,https://racing.hkjc.com/en-us/local/information/otherhorse?horseid=HK_2002_C285&Option=1,2026-09-04T13:28:09Z
HK_2002_C285,2006-09-20,27,3,61,64,https://racing.hkjc.com/en-us/local/information/otherhorse?horseid=HK_2002_C285&Option=1,2026-09-04T13:28:09Z
HK_2002_C285,2006-10-15,84,3,64,64,https://racing.hkjc.com/en-us/local/information/otherhorse?horseid=HK_2002_C285&Option=1,2026-09-04T13:28:09Z
HK_2002_C285,2006-11-01,128,3,64,63,https://racing.hkjc.com/en-us/local/information/otherhorse?horseid=HK_2002_C285&Option=1,2026-09-04T13:28:09Z
HK_2002_C285,2006-11-29,199,3,63,63,https://racing.hkjc.com/en-us/local/information/otherhorse?horseid=HK_2002_C285&Option=1,2026-09-04T13:28:09Z
HK_2002_C285,2007-01-01,282,3,63,63,https://racing.hkjc.com/en-us/local/information/otherhorse?horseid=HK_2002_C285&Option=1,2026-09-04T13:28:09Z
HK_2002_C285,2007-01-17,319,3,63,63,https://racing.hkjc.com/en-us/local/information/otherhorse?horseid=HK_2002_C285&Option=1,2026-09-04T13:28:09Z
HK_2002_C285,2007-02-14,390,3,63,63,https://racing.hkjc.com/en-us/local/information/otherhorse?horseid=HK_2002_C285&Option=1,2026-09-04T13:28:09Z
HK_2002_C285,2007-03-14,456,3,63,62,https://racing.hkjc.com/en-us/local/information/otherhorse?horseid=HK_2002_C285&Option=1,2026-09-04T13:28:09Z
HK_2002_C285,2007-03-31,495,3,62,60,https://racing.hkjc.com/en-us/local/information/otherhorse?horseid=HK_2002_C285&Option=1,2026-09-04T13:28:09Z
HK_2002_C285,2007-05-01,566,4,60,58,https://racing.hkjc.com/en-us/local/information/otherhorse?horseid=HK_2002_C285&Option=1,2026-09-04T13:28:09Z
HK_2002_C285,2007-06-06,662,4,58,59,https://racing.hkjc.com/en-us/local/information/otherhorse?horseid=HK_2002_C285&Option=1,2026-09-04T13:28:09Z
HK_2002_C285,2007-06-27,708,4,59,57,https://racing.hkjc.com/en-us/local/information/otherhorse?horseid=HK_2002_C285&Option=1,2026-09-04T13:28:09Z
HK_2002_C295,2003-05-18,609,GRIFFIN,,,https://racing.hkjc.com/en-us/local/information/otherhorse?horseid=HK_2002_C295&Option=1,2026-09-04T13:25:32Z
HK_2002_C295,2003-06-01,645,GRIFFIN,,42.0,https://racing.hkjc.com/en-us/local/information/otherhorse?horseid=HK_2002_C295&Option=1,2026-09-04T13:25:32Z
HK_2002_C295,2003-10-01,78,4,42.0,42.0,https://racing.hkjc.com/en-us/local/information/otherhorse?horseid=HK_2002_C295&Option=1,2026-09-04T13:25:32Z
HK_2002_C295,2003-11-08,165,4,42.0,50.0,https://racing.hkjc.com/en-us/local/information/otherhorse?horseid=HK_2002_C295&Option=1,2026-09-04T13:25:32Z
HK_2002_C295,2003-11-30,222,4,50.0,50.0,https://racing.hkjc.com/en-us/local/information/otherhorse?horseid=HK_2002_C295&Option=1,2026-09-04T13:25:32Z
HK_2002_C295,2004-01-10,323,4,50.0,50.0,https://racing.hkjc.com/en-us/local/information/otherhorse?horseid=HK_2002_C295&Option=1,2026-09-04T13:25:32Z
HK_2002_C295,2004-02-22,414,4,50.0,59.0,https://racing.hkjc.com/en-us/local/information/otherhorse?horseid=HK_2002_C295&Option=1,2026-09-04T13:25:32Z
HK_2002_C295,2004-04-25,549,4,59.0,62.0,https://racing.hkjc.com/en-us/local/information/otherhorse?horseid=HK_2002_C295&Option=1,2026-09-04T13:25:32Z
HK_2002_C295,2004-05-08,588,3,62.0,60.0,https://racing.hkjc.com/en-us/local/information/otherhorse?horseid=HK_2002_C295&Option=1,2026-09-04T13:25:32Z
HK_2002_C295,2004-09-05,6,4,60.0,63.0,https://racing.hkjc.com/en-us/local/information/otherhorse?horseid=HK_2002_C295&Option=1,2026-09-04T13:25:32Z
HK_2002_C295,2004-09-25,54,3,63.0,63.0,https://racing.hkjc.com/en-us/local/information/otherhorse?horseid=HK_2002_C295&Option=1,2026-09-04T13:25:32Z
HK_2002_C295,2004-10-06,80,3,63.0,63.0,https://racing.hkjc.com/en-us/local/information/otherhorse?horseid=HK_2002_C295&Option=1,2026-09-04T13:25:32Z
HK_2002_C295,2004-10-27,128,3,63.0,63.0,https://racing.hkjc.com/en-us/local/information/otherhorse?horseid=HK_2002_C295&Option=1,2026-09-04T13:25:32Z
HK_2002_C295,2004-11-14,168,3,63.0,62.0,https://racing.hkjc.com/en-us/local/information/otherhorse?horseid=HK_2002_C295&Option=1,2026-09-04T13:25:32Z
HK_2002_C295,2004-11-21,193,3,62.0,62.0,https://racing.hkjc.com/en-us/local/information/otherhorse?horseid=HK_2002_C295&Option=1,2026-09-04T13:25:32Z
HK_2002_C295,2004-11-28,207,3,62.0,62.0,https://racing.hkjc.com/en-us/local/information/otherhorse?horseid=HK_2002_C295&Option=1,2026-09-04T13:25:32Z
HK_2002_C295,2005-01-16,324,3,62.0,61.0,https://racing.hkjc.com/en-us/local/information/otherhorse?horseid=HK_2002_C295&Option=1,2026-09-04T13:25:32Z
HK_2002_C295,2005-01-26,353,3,61.0,59.0,https://racing.hkjc.com/en-us/local/information/otherhorse?horseid=HK_2002_C295&Option=1,2026-09-04T13:25:32Z
HK_2002_C295,2005-11-16,174,4,59.0,59.0,https://racing.hkjc.com/en-us/local/information/otherhorse?horseid=HK_2002_C295&Option=1,2026-09-04T13:25:32Z
HK_2002_C295,2005-11-30,211,4,59.0,57.0,https://racing.hkjc.com/en-us/local/information/otherhorse?horseid=HK_2002_C295&Option=1,2026-09-04T13:25:32Z
HK_2002_C295,2006-01-01,281,4,57.0,55.0,https://racing.hkjc.com/en-us/local/information/otherhorse?horseid=HK_2002_C295&Option=1,2026-09-04T13:25:32Z
HK_2002_C295,2006-03-12,449,4,55.0,52.0,https://racing.hkjc.com/en-us/local/information/otherhorse?horseid=HK_2002_C295&Option=1,2026-09-04T13:25:32Z
HK_2002_C295,2006-04-08,508,4,52.0,51.0,https://racing.hkjc.com/en-us/local/information/otherhorse?horseid=HK_2002_C295&Option=1,2026-09-04T13:25:32Z
HK_2002_C295,2006-05-24,627,4,51.0,49.0,https://racing.hkjc.com/en-us/local/information/otherhorse?horseid=HK_2002_C295&Option=1,2026-09-04T13:25:32Z
HK_2002_C295,2006-07-02,700,4,49.0,40.0,https://racing.hkjc.com/en-us/local/information/otherhorse?horseid=HK_2002_C295&Option=1,2026-09-04T13:25:32Z
HK_2002_C299,2003-05-04,573,GRIFFIN,,59,https://racing.hkjc.com/en-us/local/information/otherhorse?horseid=HK_2002_C299&Option=1,2026-09-04T13:28:02Z
HK_2002_C299,2003-05-28,638,4,59.0,59,https://racing.hkjc.com/en-us/local/information/otherhorse?horseid=HK_2002_C299&Option=1,2026-09-04T13:28:02Z
HK_2002_C299,2003-06-07,671,23YO,59.0,63,https://racing.hkjc.com/en-us/local/information/otherhorse?horseid=HK_2002_C299&Option=1,2026-09-04T13:28:02Z
HK_2002_C299,2003-09-27,69,3,63.0,64,https://racing.hkjc.com/en-us/local/information/otherhorse?horseid=HK_2002_C299&Option=1,2026-09-04T13:28:02Z
HK_2002_C299,2003-11-02,150,3,64.0,64,https://racing.hkjc.com/en-us/local/information/otherhorse?horseid=HK_2002_C299&Option=1,2026-09-04T13:28:02Z
HK_2002_C299,2003-11-12,178,3,64.0,63,https://racing.hkjc.com/en-us/local/information/otherhorse?horseid=HK_2002_C299&Option=1,2026-09-04T13:28:02Z
HK_2002_C299,2003-12-10,251,3,63.0,61,https://racing.hkjc.com/en-us/local/information/otherhorse?horseid=HK_2002_C299&Option=1,2026-09-04T13:28:02Z
HK_2002_C299,2004-01-04,308,3,61.0,61,https://racing.hkjc.com/en-us/local/information/otherhorse?horseid=HK_2002_C299&Option=1,2026-09-04T13:28:02Z
HK_2002_C299,2004-02-15,406,3,61.0,63,https://racing.hkjc.com/en-us/local/information/otherhorse?horseid=HK_2002_C299&Option=1,2026-09-04T13:28:02Z
HK_2002_C299,2004-03-21,480,3,63.0,63,https://racing.hkjc.com/en-us/local/information/otherhorse?horseid=HK_2002_C299&Option=1,2026-09-04T13:28:02Z
HK_2002_C299,2004-04-11,515,3,63.0,63,https://racing.hkjc.com/en-us/local/information/otherhorse?horseid=HK_2002_C299&Option=1,2026-09-04T13:28:02Z
HK_2002_C299,2004-04-25,548,3,63.0,68,https://racing.hkjc.com/en-us/local/information/otherhorse?horseid=HK_2002_C299&Option=1,2026-09-04T13:28:02Z
HK_2002_C299,2004-05-08,584,3,68.0,71,https://racing.hkjc.com/en-us/local/information/otherhorse?horseid=HK_2002_C299&Option=1,2026-09-04T13:28:02Z
HK_2002_C299,2004-05-26,634,3,71.0,71,https://racing.hkjc.com/en-us/local/information/otherhorse?horseid=HK_2002_C299&Option=1,2026-09-04T13:28:02Z
HK_2002_C299,2004-06-16,685,3,71.0,69,https://racing.hkjc.com/en-us/local/information/otherhorse?horseid=HK_2002_C299&Option=1,2026-09-04T13:28:02Z
HK_2002_C299,2004-09-08,15,3,69.0,69,https://racing.hkjc.com/en-us/local/information/otherhorse?horseid=HK_2002_C299&Option=1,2026-09-04T13:28:02Z
HK_2002_C299,2004-10-09,91,3,69.0,72,https://racing.hkjc.com/en-us/local/information/otherhorse?horseid=HK_2002_C299&Option=1,2026-09-04T13:28:02Z
HK_2002_C299,2004-10-30,135,3,72.0,75,https://racing.hkjc.com/en-us/local/information/otherhorse?horseid=HK_2002_C299&Option=1,2026-09-04T13:28:02Z
HK_2002_C299,2004-11-28,207,3,75.0,75,https://racing.hkjc.com/en-us/local/information/otherhorse?horseid=HK_2002_C299&Option=1,2026-09-04T13:28:02Z
HK_2002_C299,2004-12-26,279,3,75.0,75,https://racing.hkjc.com/en-us/local/information/otherhorse?horseid=HK_2002_C299&Option=1,2026-09-04T13:28:02Z
HK_2002_C299,2005-01-16,321,3,75.0,74,https://racing.hkjc.com/en-us/local/information/otherhorse?horseid=HK_2002_C299&Option=1,2026-09-04T13:28:02Z
HK_2002_C299,2005-03-02,435,3,74.0,72,https://racing.hkjc.com/en-us/local/information/otherhorse?horseid=HK_2002_C299&Option=1,2026-09-04T13:28:02Z
HK_2002_C299,2005-03-26,493,3,72.0,70,https://racing.hkjc.com/en-us/local/information/otherhorse?horseid=HK_2002_C299&Option=1,2026-09-04T13:28:02Z
HK_2002_C299,2005-04-24,556,3,70.0,71,https://racing.hkjc.com/en-us/local/information/otherhorse?horseid=HK_2002_C299&Option=1,2026-09-04T13:28:02Z
HK_2002_C299,2005-05-14,608,3,71.0,71,https://racing.hkjc.com/en-us/local/information/otherhorse?horseid=HK_2002_C299&Option=1,2026-09-04T13:28:02Z
HK_2002_C299,2005-06-05,655,3,71.0,69,https://racing.hkjc.com/en-us/local/information/otherhorse?horseid=HK_2002_C299&Option=1,2026-09-04T13:28:02Z
HK_2002_C299,2005-06-22,689,3,69.0,70,https://racing.hkjc.com/en-us/local/information/otherhorse?horseid=HK_2002_C299&Option=1,2026-09-04T13:28:02Z
HK_2002_C299,2005-10-02,70,3,70.0,70,https://racing.hkjc.com/en-us/local/information/otherhorse?horseid=HK_2002_C299&Option=1,2026-09-04T13:28:02Z
HK_2002_C299,2005-10-26,125,3,70.0,68,https://racing.hkjc.com/en-us/local/information/otherhorse?horseid=HK_2002_C299&Option=1,2026-09-04T13:28:02Z
HK_2002_C299,2005-11-09,160,3,68.0,67,https://racing.hkjc.com/en-us/local/information/otherhorse?horseid=HK_2002_C299&Option=1,2026-09-04T13:28:02Z
HK_2002_C299,2005-12-11,238,3,67.0,65,https://racing.hkjc.com/en-us/local/information/otherhorse?horseid=HK_2002_C299&Option=1,2026-09-04T13:28:02Z
HK_2002_C299,2005-12-26,277,3,65.0,64,https://racing.hkjc.com/en-us/local/information/otherhorse?horseid=HK_2002_C299&Option=1,2026-09-04T13:28:02Z
HK_2002_C299,2006-01-01,283,3,64.0,62,https://racing.hkjc.com/en-us/local/information/otherhorse?horseid=HK_2002_C299&Option=1,2026-09-04T13:28:02Z
HK_2002_C299,2006-01-15,320,3,62.0,60,https://racing.hkjc.com/en-us/local/information/otherhorse?horseid=HK_2002_C299&Option=1,2026-09-04T13:28:02Z
HK_2002_C299,2006-02-19,402,3,60.0,58,https://racing.hkjc.com/en-us/local/information/otherhorse?horseid=HK_2002_C299&Option=1,2026-09-04T13:28:02Z
HK_2002_C299,2006-04-12,522,4,58.0,60,https://racing.hkjc.com/en-us/local/information/otherhorse?horseid=HK_2002_C299&Option=1,2026-09-04T13:28:02Z
HK_2002_C299,2006-04-26,559,4,60.0,60,https://racing.hkjc.com/en-us/local/information/otherhorse?horseid=HK_2002_C299&Option=1,2026-09-04T13:28:02Z
HK_2002_C299,2006-05-07,589,3,60.0,60,https://racing.hkjc.com/en-us/local/information/otherhorse?horseid=HK_2002_C299&Option=1,2026-09-04T13:28:02Z
HK_2002_C299,2006-05-24,628,4,60.0,53,https://racing.hkjc.com/en-us/local/information/otherhorse?horseid=HK_2002_C299&Option=1,2026-09-04T13:28:02Z
HK_2002_C299,2007-04-14,518,4,53.0,53,https://racing.hkjc.com/en-us/local/information/otherhorse?horseid=HK_2002_C299&Option=1,2026-09-04T13:28:02Z
HK_2002_C299,2007-04-25,547,4,53.0,51,https://racing.hkjc.com/en-us/local/information/otherhorse?horseid=HK_2002_C299&Option=1,2026-09-04T13:28:02Z
HK_2002_C299,2007-05-06,578,4,51.0,50,https://racing.hkjc.com/en-us/local/information/otherhorse?horseid=HK_2002_C299&Option=1,2026-09-04T13:28:02Z
HK_2002_C299,2007-05-16,602,4,50.0,55,https://racing.hkjc.com/en-us/local/information/otherhorse?horseid=HK_2002_C299&Option=1,2026-09-04T13:28:02Z
HK_2002_C299,2007-05-27,635,4,55.0,56,https://racing.hkjc.com/en-us/local/information/otherhorse?horseid=HK_2002_C299&Option=1,2026-09-04T13:28:02Z
HK_2002_C299,2007-06-06,661,4,56.0,57,https://racing.hkjc.com/en-us/local/information/otherhorse?horseid=HK_2002_C299&Option=1,2026-09-04T13:28:02Z
HK_2002_C299,2007-06-27,712,4,57.0,57,https://racing.hkjc.com/en-us/local/information/otherhorse?horseid=HK_2002_C299&Option=1,2026-09-04T13:28:02Z
HK_2002_C299,2007-09-19,34,4,57.0,64,https://racing.hkjc.com/en-us/local/information/otherhorse?horseid=HK_2002_C299&Option=1,2026-09-04T13:28:02Z
HK_2002_C299,2007-10-24,113,3,64.0,64,https://racing.hkjc.com/en-us/local/information/otherhorse?horseid=HK_2002_C299&Option=1,2026-09-04T13:28:02Z
HK_2002_C299,2007-11-14,167,3,64.0,64,https://racing.hkjc.com/en-us/local/information/otherhorse?horseid=HK_2002_C299&Option=1,2026-09-04T13:28:02Z
HK_2002_C299,2007-12-05,222,3,64.0,63,https://racing.hkjc.com/en-us/local/information/otherhorse?horseid=HK_2002_C299&Option=1,2026-09-04T13:28:02Z
HK_2002_C299,2007-12-15,248,3,63.0,63,https://racing.hkjc.com/en-us/local/information/otherhorse?horseid=HK_2002_C299&Option=1,2026-09-04T13:28:02Z
HK_2002_C299,2008-01-06,297,4,63.0,68,https://racing.hkjc.com/en-us/local/information/otherhorse?horseid=HK_2002_C299&Option=1,2026-09-04T13:28:02Z
HK_2002_C299,2008-01-27,353,3,68.0,69,https://racing.hkjc.com/en-us/local/information/otherhorse?horseid=HK_2002_C299&Option=1,2026-09-04T13:28:02Z
HK_2002_C299,2008-02-09,381,3,69.0,70,https://racing.hkjc.com/en-us/local/information/otherhorse?horseid=HK_2002_C299&Option=1,2026-09-04T13:28:02Z
HK_2002_C299,2008-03-24,490,3,70.0,70,https://racing.hkjc.com/en-us/local/information/otherhorse?horseid=HK_2002_C299&Option=1,2026-09-04T13:28:02Z
HK_2002_C299,2008-04-23,545,3,70.0,70,https://racing.hkjc.com/en-us/local/information/otherhorse?horseid=HK_2002_C299&Option=1,2026-09-04T13:28:02Z
HK_2002_C299,2008-05-04,576,3,70.0,73,https://racing.hkjc.com/en-us/local/information/otherhorse?horseid=HK_2002_C299&Option=1,2026-09-04T13:28:02Z
HK_2002_C299,2008-05-25,619,3,73.0,73,https://racing.hkjc.com/en-us/local/information/otherhorse?horseid=HK_2002_C299&Option=1,2026-09-04T13:28:02Z
HK_2002_C299,2008-06-01,643,3,73.0,72,https://racing.hkjc.com/en-us/local/information/otherhorse?horseid=HK_2002_C299&Option=1,2026-09-04T13:28:02Z
HK_2002_C299,2008-07-03,728,3,72.0,71,https://racing.hkjc.com/en-us/local/information/otherhorse?horseid=HK_2002_C299&Option=1,2026-09-04T13:28:02Z
HK_2002_C299,2008-09-17,17,3,71.0,71,https://racing.hkjc.com/en-us/local/information/otherhorse?horseid=HK_2002_C299&Option=1,2026-09-04T13:28:02Z
HK_2002_C299,2008-09-28,46,3,71.0,69,https://racing.hkjc.com/en-us/local/information/otherhorse?horseid=HK_2002_C299&Option=1,2026-09-04T13:28:02Z
HK_2002_C299,2008-10-08,74,3,69.0,67,https://racing.hkjc.com/en-us/local/information/otherhorse?horseid=HK_2002_C299&Option=1,2026-09-04T13:28:02Z
HK_2002_C299,2008-11-02,133,3,67.0,65,https://racing.hkjc.com/en-us/local/information/otherhorse?horseid=HK_2002_C299&Option=1,2026-09-04T13:28:02Z
HK_2002_C299,2008-12-03,206,3,65.0,63,https://racing.hkjc.com/en-us/local/information/otherhorse?horseid=HK_2002_C299&Option=1,2026-09-04T13:28:02Z
HK_2002_C299,2008-12-20,253,3,63.0,61,https://racing.hkjc.com/en-us/local/information/otherhorse?horseid=HK_2002_C299&Option=1,2026-09-04T13:28:02Z
HK_2002_C299,2009-01-10,302,3,61.0,60,https://racing.hkjc.com/en-us/local/information/otherhorse?horseid=HK_2002_C299&Option=1,2026-09-04T13:28:02Z
HK_2002_C299,2009-02-01,352,4,60.0,59,https://racing.hkjc.com/en-us/local/information/otherhorse?horseid=HK_2002_C299&Option=1,2026-09-04T13:28:02Z
HK_2002_C299,2009-02-11,381,4S,59.0,60,https://racing.hkjc.com/en-us/local/information/otherhorse?horseid=HK_2002_C299&Option=1,2026-09-04T13:28:02Z
HK_2002_C299,2009-02-25,416,4,60.0,61,https://racing.hkjc.com/en-us/local/information/otherhorse?horseid=HK_2002_C299&Option=1,2026-09-04T13:28:02Z
HK_2002_C299,2009-03-18,474,4,61.0,61,https://racing.hkjc.com/en-us/local/information/otherhorse?horseid=HK_2002_C299&Option=1,2026-09-04T13:28:02Z
HK_2002_C299,2009-04-13,532,4,61.0,61,https://racing.hkjc.com/en-us/local/information/otherhorse?horseid=HK_2002_C299&Option=1,2026-09-04T13:28:02Z
HK_2002_C299,2009-05-13,609,3,61.0,61,https://racing.hkjc.com/en-us/local/information/otherhorse?horseid=HK_2002_C299&Option=1,2026-09-04T13:28:02Z
HK_2002_C299,2009-05-24,636,4,61.0,68,https://racing.hkjc.com/en-us/local/information/otherhorse?horseid=HK_2002_C299&Option=1,2026-09-04T13:28:02Z
HK_2002_C299,2009-06-13,690,3,68.0,71,https://racing.hkjc.com/en-us/local/information/otherhorse?horseid=HK_2002_C299&Option=1,2026-09-04T13:28:02Z
HK_2002_C299,2009-07-01,728,3,71.0,71,https://racing.hkjc.com/en-us/local/information/otherhorse?horseid=HK_2002_C299&Option=1,2026-09-04T13:28:02Z
HK_2002_C299,2009-09-16,16,3,71.0,71,https://racing.hkjc.com/en-us/local/information/otherhorse?horseid=HK_2002_C299&Option=1,2026-09-04T13:28:02Z
HK_2002_C299,2009-09-26,44,3,71.0,70,https://racing.hkjc.com/en-us/local/information/otherhorse?horseid=HK_2002_C299&Option=1,2026-09-04T13:28:02Z
HK_2002_C299,2009-10-21,107,3,70.0,69,https://racing.hkjc.com/en-us/local/information/otherhorse?horseid=HK_2002_C299&Option=1,2026-09-04T13:28:02Z
HK_2002_C299,2009-11-01,127,3,69.0,68,https://racing.hkjc.com/en-us/local/information/otherhorse?horseid=HK_2002_C299&Option=1,2026-09-04T13:28:02Z
HK_2002_C299,2009-12-13,238,3,68.0,66,https://racing.hkjc.com/en-us/local/information/otherhorse?horseid=HK_2002_C299&Option=1,2026-09-04T13:28:02Z
HK_2002_C299,2010-01-06,292,3,66.0,66,https://racing.hkjc.com/en-us/local/information/otherhorse?horseid=HK_2002_C299&Option=1,2026-09-04T13:28:02Z
HK_2002_C310,2003-06-04,657,4,52,47,https://racing.hkjc.com/en-us/local/information/otherhorse?horseid=HK_2002_C310&Option=1,2026-09-04T13:22:20Z
HK_2002_C310,2003-09-27,66,4,47,45,https://racing.hkjc.com/en-us/local/information/otherhorse?horseid=HK_2002_C310&Option=1,2026-09-04T13:22:20Z
HK_2002_C310,2003-10-11,101,4,45,43,https://racing.hkjc.com/en-us/local/information/otherhorse?horseid=HK_2002_C310&Option=1,2026-09-04T13:22:20Z
HK_2002_C310,2003-11-08,167,4,43,42,https://racing.hkjc.com/en-us/local/information/otherhorse?horseid=HK_2002_C310&Option=1,2026-09-04T13:22:20Z
HK_2002_C310,2003-11-15,185,4,42,41,https://racing.hkjc.com/en-us/local/information/otherhorse?horseid=HK_2002_C310&Option=1,2026-09-04T13:22:20Z
HK_2002_C310,2003-11-30,222,4,41,43,https://racing.hkjc.com/en-us/local/information/otherhorse?horseid=HK_2002_C310&Option=1,2026-09-04T13:22:20Z
HK_2002_C310,2003-12-20,274,4,43,43,https://racing.hkjc.com/en-us/local/information/otherhorse?horseid=HK_2002_C310&Option=1,2026-09-04T13:22:20Z
HK_2002_C310,2004-01-10,323,4,43,51,https://racing.hkjc.com/en-us/local/information/otherhorse?horseid=HK_2002_C310&Option=1,2026-09-04T13:22:20Z
HK_2002_C310,2004-01-24,352,4,51,51,https://racing.hkjc.com/en-us/local/information/otherhorse?horseid=HK_2002_C310&Option=1,2026-09-04T13:22:20Z
HK_2002_C310,2004-02-01,369,4,51,51,https://racing.hkjc.com/en-us/local/information/otherhorse?horseid=HK_2002_C310&Option=1,2026-09-04T13:22:20Z
HK_2002_C310,2004-03-10,453,4,51,50,https://racing.hkjc.com/en-us/local/information/otherhorse?horseid=HK_2002_C310&Option=1,2026-09-04T13:22:20Z
HK_2002_C310,2004-03-24,489,4,50,49,https://racing.hkjc.com/en-us/local/information/otherhorse?horseid=HK_2002_C310&Option=1,2026-09-04T13:22:20Z
HK_2002_C310,2004-04-11,514,4,49,50,https://racing.hkjc.com/en-us/local/information/otherhorse?horseid=HK_2002_C310&Option=1,2026-09-04T13:22:20Z
HK_2002_C310,2004-04-28,557,4,50,50,https://racing.hkjc.com/en-us/local/information/otherhorse?horseid=HK_2002_C310&Option=1,2026-09-04T13:22:20Z
HK_2002_C310,2004-05-19,611,4,50,49,https://racing.hkjc.com/en-us/local/information/otherhorse?horseid=HK_2002_C310&Option=1,2026-09-04T13:22:20Z
HK_2002_C310,2004-05-26,629,4,49,53,https://racing.hkjc.com/en-us/local/information/otherhorse?horseid=HK_2002_C310&Option=1,2026-09-04T13:22:20Z
HK_2002_C310,2004-09-05,6,4,53,53,https://racing.hkjc.com/en-us/local/information/otherhorse?horseid=HK_2002_C310&Option=1,2026-09-04T13:22:20Z
HK_2002_C310,2004-09-19,41,4,53,51,https://racing.hkjc.com/en-us/local/information/otherhorse?horseid=HK_2002_C310&Option=1,2026-09-04T13:22:20Z
HK_2002_C310,2004-10-03,68,4,51,50,https://racing.hkjc.com/en-us/local/information/otherhorse?horseid=HK_2002_C310&Option=1,2026-09-04T13:22:20Z
HK_2002_C310,2004-11-10,163,4,50,49,https://racing.hkjc.com/en-us/local/information/otherhorse?horseid=HK_2002_C310&Option=1,2026-09-04T13:22:20Z
HK_2002_C310,2004-11-21,187,4,49,48,https://racing.hkjc.com/en-us/local/information/otherhorse?horseid=HK_2002_C310&Option=1,2026-09-04T13:22:20Z
HK_2002_C310,2004-12-18,255,4,48,47,https://racing.hkjc.com/en-us/local/information/otherhorse?horseid=HK_2002_C310&Option=1,2026-09-04T13:22:20Z
HK_2002_C310,2005-01-01,285,4,47,45,https://racing.hkjc.com/en-us/local/information/otherhorse?horseid=HK_2002_C310&Option=1,2026-09-04T13:22:20Z
HK_2002_C310,2005-01-16,322,4,45,43,https://racing.hkjc.com/en-us/local/information/otherhorse?horseid=HK_2002_C310&Option=1,2026-09-04T13:22:20Z
HK_2002_C310,2005-01-26,350,4,43,42,https://racing.hkjc.com/en-us/local/information/otherhorse?horseid=HK_2002_C310&Option=1,2026-09-04T13:22:20Z
HK_2002_C310,2005-02-05,375,4,42,40,https://racing.hkjc.com/en-us/local/information/otherhorse?horseid=HK_2002_C310&Option=1,2026-09-04T13:22:20Z
HK_2002_C310,2005-03-16,468,5,40,37,https://racing.hkjc.com/en-us/local/information/otherhorse?horseid=HK_2002_C310&Option=1,2026-09-04T13:22:20Z
HK_2002_C310,2005-04-03,502,5,37,37,https://racing.hkjc.com/en-us/local/information/otherhorse?horseid=HK_2002_C310&Option=1,2026-09-04T13:22:20Z
HK_2002_C310,2005-05-29,629,5,37,34,https://racing.hkjc.com/en-us/local/information/otherhorse?horseid=HK_2002_C310&Option=1,2026-09-04T13:22:20Z
HK_2002_C310,2005-06-18,676,5,34,28,https://racing.hkjc.com/en-us/local/information/otherhorse?horseid=HK_2002_C310&Option=1,2026-09-04T13:22:20Z
HK_2002_C310,2005-09-11,20,5,28,28,https://racing.hkjc.com/en-us/local/information/otherhorse?horseid=HK_2002_C310&Option=1,2026-09-04T13:22:20Z
HK_2002_C310,2005-09-17,37,5,28,28,https://racing.hkjc.com/en-us/local/information/otherhorse?horseid=HK_2002_C310&Option=1,2026-09-04T13:22:20Z
HK_2002_C310,2005-11-05,145,5,28,27,https://racing.hkjc.com/en-us/local/information/otherhorse?horseid=HK_2002_C310&Option=1,2026-09-04T13:22:20Z
HK_2002_C310,2005-11-27,199,5,27,25,https://racing.hkjc.com/en-us/local/information/otherhorse?horseid=HK_2002_C310&Option=1,2026-09-04T13:22:20Z
HK_2002_C310,2006-01-01,278,5,25,23,https://racing.hkjc.com/en-us/local/information/otherhorse?horseid=HK_2002_C310&Option=1,2026-09-04T13:22:20Z
HK_2002_C310,2006-01-18,325,5,23,21,https://racing.hkjc.com/en-us/local/information/otherhorse?horseid=HK_2002_C310&Option=1,2026-09-04T13:22:20Z
HK_2002_C310,2006-02-26,415,5,21,18,https://racing.hkjc.com/en-us/local/information/otherhorse?horseid=HK_2002_C310&Option=1,2026-09-04T13:22:20Z
HK_2002_C310,2006-03-19,463,5,18,15,https://racing.hkjc.com/en-us/local/information/otherhorse?horseid=HK_2002_C310&Option=1,2026-09-04T13:22:20Z
HK_2002_C310,2006-04-01,501,5,15,20,https://racing.hkjc.com/en-us/local/information/otherhorse?horseid=HK_2002_C310&Option=1,2026-09-04T13:22:20Z
HK_2002_C310,2006-04-12,519,5,20,27,https://racing.hkjc.com/en-us/local/information/otherhorse?horseid=HK_2002_C310&Option=1,2026-09-04T13:22:20Z
HK_2002_C310,2006-05-10,593,5,27,27,https://racing.hkjc.com/en-us/local/information/otherhorse?horseid=HK_2002_C310&Option=1,2026-09-04T13:22:20Z
HK_2002_C310,2006-05-24,625,5,27,30,https://racing.hkjc.com/en-us/local/information/otherhorse?horseid=HK_2002_C310&Option=1,2026-09-04T13:22:20Z
HK_2002_C310,2006-06-07,653,5,30,29,https://racing.hkjc.com/en-us/local/information/otherhorse?horseid=HK_2002_C310&Option=1,2026-09-04T13:22:20Z
HK_2002_C310,2007-06-24,698,5,29,27,https://racing.hkjc.com/en-us/local/information/otherhorse?horseid=HK_2002_C310&Option=1,2026-09-04T13:22:20Z
HK_2002_C310,2007-09-23,38,5,27,25,https://racing.hkjc.com/en-us/local/information/otherhorse?horseid=HK_2002_C310&Option=1,2026-09-04T13:22:20Z
HK_2002_C310,2008-01-30,358,5,25,23,https://racing.hkjc.com/en-us/local/information/otherhorse?horseid=HK_2002_C310&Option=1,2026-09-04T13:22:20Z
HK_2002_C310,2008-03-01,430,5,23,20,https://racing.hkjc.com/en-us/local/information/otherhorse?horseid=HK_2002_C310&Option=1,2026-09-04T13:22:20Z
HK_2002_C310,2008-03-19,477,5,20,17,https://racing.hkjc.com/en-us/local/information/otherhorse?horseid=HK_2002_C310&Option=1,2026-09-04T13:22:20Z
HK_2002_C310,2008-03-30,494,5,17,14,https://racing.hkjc.com/en-us/local/information/otherhorse?horseid=HK_2002_C310&Option=1,2026-09-04T13:22:20Z
HK_2002_C322,2003-06-07,665,4,52,47,https://racing.hkjc.com/en-us/local/information/otherhorse?horseid=HK_2002_C322&Option=1,2026-09-04T13:24:36Z
HK_2002_C322,2003-10-01,73,4,47,47,https://racing.hkjc.com/en-us/local/information/otherhorse?horseid=HK_2002_C322&Option=1,2026-09-04T13:24:36Z
HK_2002_C322,2003-10-19,113,4,47,45,https://racing.hkjc.com/en-us/local/information/otherhorse?horseid=HK_2002_C322&Option=1,2026-09-04T13:24:36Z
HK_2002_C322,2003-11-08,169,4,45,45,https://racing.hkjc.com/en-us/local/information/otherhorse?horseid=HK_2002_C322&Option=1,2026-09-04T13:24:36Z
HK_2002_C322,2003-11-22,201,4,45,45,https://racing.hkjc.com/en-us/local/information/otherhorse?horseid=HK_2002_C322&Option=1,2026-09-04T13:24:36Z
HK_2002_C322,2003-12-10,248,4,45,45,https://racing.hkjc.com/en-us/local/information/otherhorse?horseid=HK_2002_C322&Option=1,2026-09-04T13:24:36Z
HK_2002_C322,2004-02-04,376,4,45,44,https://racing.hkjc.com/en-us/local/information/otherhorse?horseid=HK_2002_C322&Option=1,2026-09-04T13:24:36Z
HK_2002_C322,2004-02-22,417,4,44,50,https://racing.hkjc.com/en-us/local/information/otherhorse?horseid=HK_2002_C322&Option=1,2026-09-04T13:24:36Z
HK_2002_C322,2004-03-10,453,4,50,50,https://racing.hkjc.com/en-us/local/information/otherhorse?horseid=HK_2002_C322&Option=1,2026-09-04T13:24:36Z
HK_2002_C322,2004-04-03,503,4,50,50,https://racing.hkjc.com/en-us/local/information/otherhorse?horseid=HK_2002_C322&Option=1,2026-09-04T13:24:36Z
HK_2002_C322,2004-05-26,626,4,50,50,https://racing.hkjc.com/en-us/local/information/otherhorse?horseid=HK_2002_C322&Option=1,2026-09-04T13:24:36Z
HK_2002_C322,2004-06-20,692,4,50,48,https://racing.hkjc.com/en-us/local/information/otherhorse?horseid=HK_2002_C322&Option=1,2026-09-04T13:24:36Z
HK_2002_C322,2004-10-20,104,4,48,48,https://racing.hkjc.com/en-us/local/information/otherhorse?horseid=HK_2002_C322&Option=1,2026-09-04T13:24:36Z
HK_2002_C322,2004-11-06,152,4,48,47,https://racing.hkjc.com/en-us/local/information/otherhorse?horseid=HK_2002_C322&Option=1,2026-09-04T13:24:36Z
HK_2002_C322,2004-11-24,197,4,47,47,https://racing.hkjc.com/en-us/local/information/otherhorse?horseid=HK_2002_C322&Option=1,2026-09-04T13:24:36Z
HK_2002_C322,2004-12-08,233,4,47,46,https://racing.hkjc.com/en-us/local/information/otherhorse?horseid=HK_2002_C322&Option=1,2026-09-04T13:24:36Z
HK_2002_C322,2005-01-26,350,4,46,46,https://racing.hkjc.com/en-us/local/information/otherhorse?horseid=HK_2002_C322&Option=1,2026-09-04T13:24:36Z
HK_2002_C322,2005-02-05,373,4,46,45,https://racing.hkjc.com/en-us/local/information/otherhorse?horseid=HK_2002_C322&Option=1,2026-09-04T13:24:36Z
HK_2002_C322,2005-02-23,416,4,45,44,https://racing.hkjc.com/en-us/local/information/otherhorse?horseid=HK_2002_C322&Option=1,2026-09-04T13:24:36Z
HK_2002_C322,2005-03-13,455,4,44,42,https://racing.hkjc.com/en-us/local/information/otherhorse?horseid=HK_2002_C322&Option=1,2026-09-04T13:24:36Z
HK_2002_C322,2005-03-26,492,4,42,43,https://racing.hkjc.com/en-us/local/information/otherhorse?horseid=HK_2002_C322&Option=1,2026-09-04T13:24:36Z
HK_2002_C322,2005-04-13,532,4,43,43,https://racing.hkjc.com/en-us/local/information/otherhorse?horseid=HK_2002_C322&Option=1,2026-09-04T13:24:36Z
HK_2002_C322,2005-04-24,557,4,43,48,https://racing.hkjc.com/en-us/local/information/otherhorse?horseid=HK_2002_C322&Option=1,2026-09-04T13:24:36Z
HK_2002_C322,2005-05-14,604,4,48,48,https://racing.hkjc.com/en-us/local/information/otherhorse?horseid=HK_2002_C322&Option=1,2026-09-04T13:24:36Z
HK_2002_C322,2005-06-05,651,4,48,48,https://racing.hkjc.com/en-us/local/information/otherhorse?horseid=HK_2002_C322&Option=1,2026-09-04T13:24:36Z
HK_2002_C322,2005-09-11,19,4,48,48,https://racing.hkjc.com/en-us/local/information/otherhorse?horseid=HK_2002_C322&Option=1,2026-09-04T13:24:36Z
HK_2002_C322,2005-09-24,46,4,48,47,https://racing.hkjc.com/en-us/local/information/otherhorse?horseid=HK_2002_C322&Option=1,2026-09-04T13:24:36Z
HK_2002_C322,2005-10-09,80,4,47,46,https://racing.hkjc.com/en-us/local/information/otherhorse?horseid=HK_2002_C322&Option=1,2026-09-04T13:24:36Z
HK_2002_C322,2005-10-30,128,4,46,44,https://racing.hkjc.com/en-us/local/information/otherhorse?horseid=HK_2002_C322&Option=1,2026-09-04T13:24:36Z
HK_2002_C322,2005-11-13,163,4,44,42,https://racing.hkjc.com/en-us/local/information/otherhorse?horseid=HK_2002_C322&Option=1,2026-09-04T13:24:36Z
HK_2002_C322,2005-11-27,200,4,42,40,https://racing.hkjc.com/en-us/local/information/otherhorse?horseid=HK_2002_C322&Option=1,2026-09-04T13:24:36Z
HK_2002_C322,2005-12-03,218,4,40,38,https://racing.hkjc.com/en-us/local/information/otherhorse?horseid=HK_2002_C322&Option=1,2026-09-04T13:24:36Z
HK_2002_C322,2006-01-01,280,5,38,36,https://racing.hkjc.com/en-us/local/information/otherhorse?horseid=HK_2002_C322&Option=1,2026-09-04T13:24:36Z
HK_2002_C322,2006-01-18,325,5,36,34,https://racing.hkjc.com/en-us/local/information/otherhorse?horseid=HK_2002_C322&Option=1,2026-09-04T13:24:36Z
HK_2002_C322,2006-02-05,363,5,34,32,https://racing.hkjc.com/en-us/local/information/otherhorse?horseid=HK_2002_C322&Option=1,2026-09-04T13:24:36Z
HK_2002_C322,2006-05-07,580,5,32,39,https://racing.hkjc.com/en-us/local/information/otherhorse?horseid=HK_2002_C322&Option=1,2026-09-04T13:24:36Z
HK_2002_C322,2006-05-21,618,5,39,39,https://racing.hkjc.com/en-us/local/information/otherhorse?horseid=HK_2002_C322&Option=1,2026-09-04T13:24:36Z
HK_2002_C322,2006-06-17,672,5,39,38,https://racing.hkjc.com/en-us/local/information/otherhorse?horseid=HK_2002_C322&Option=1,2026-09-04T13:24:36Z
HK_2002_C322,2006-09-10,1,5,38,44,https://racing.hkjc.com/en-us/local/information/otherhorse?horseid=HK_2002_C322&Option=1,2026-09-04T13:24:36Z
HK_2002_C322,2006-10-15,78,4,44,46,https://racing.hkjc.com/en-us/local/information/otherhorse?horseid=HK_2002_C322&Option=1,2026-09-04T13:24:36Z
HK_2002_C322,2006-11-04,133,4,46,46,https://racing.hkjc.com/en-us/local/information/otherhorse?horseid=HK_2002_C322&Option=1,2026-09-04T13:24:36Z
HK_2002_C322,2006-12-02,205,4,46,48,https://racing.hkjc.com/en-us/local/information/otherhorse?horseid=HK_2002_C322&Option=1,2026-09-04T13:24:36Z
HK_2002_C322,2006-12-23,259,4,48,48,https://racing.hkjc.com/en-us/local/information/otherhorse?horseid=HK_2002_C322&Option=1,2026-09-04T13:24:36Z
HK_2002_C322,2007-01-07,288,4,48,49,https://racing.hkjc.com/en-us/local/information/otherhorse?horseid=HK_2002_C322&Option=1,2026-09-04T13:24:36Z
HK_2002_C322,2007-01-31,353,4,49,49,https://racing.hkjc.com/en-us/local/information/otherhorse?horseid=HK_2002_C322&Option=1,2026-09-04T13:24:36Z
HK_2002_C322,2007-02-28,417,4,49,50,https://racing.hkjc.com/en-us/local/information/otherhorse?horseid=HK_2002_C322&Option=1,2026-09-04T13:24:36Z
HK_2002_C322,2007-03-25,479,4,50,50,https://racing.hkjc.com/en-us/local/information/otherhorse?horseid=HK_2002_C322&Option=1,2026-09-04T13:24:36Z
HK_2002_C322,2007-04-22,536,4,50,49,https://racing.hkjc.com/en-us/local/information/otherhorse?horseid=HK_2002_C322&Option=1,2026-09-04T13:24:36Z
HK_2002_C322,2007-05-12,595,4,49,48,https://racing.hkjc.com/en-us/local/information/otherhorse?horseid=HK_2002_C322&Option=1,2026-09-04T13:24:36Z
HK_2002_C324,2003-09-21,51,4,52,54,https://racing.hkjc.com/en-us/local/information/otherhorse?horseid=HK_2002_C324&Option=1,2026-09-04T13:25:37Z
HK_2002_C324,2003-10-19,115,4,54,57,https://racing.hkjc.com/en-us/local/information/otherhorse?horseid=HK_2002_C324&Option=1,2026-09-04T13:25:37Z
HK_2002_C324,2003-11-15,185,4,57,60,https://racing.hkjc.com/en-us/local/information/otherhorse?horseid=HK_2002_C324&Option=1,2026-09-04T13:25:37Z
HK_2002_C324,2003-11-22,201,4,60,67,https://racing.hkjc.com/en-us/local/information/otherhorse?horseid=HK_2002_C324&Option=1,2026-09-04T13:25:37Z
HK_2002_C324,2003-12-10,251,3,67,67,https://racing.hkjc.com/en-us/local/information/otherhorse?horseid=HK_2002_C324&Option=1,2026-09-04T13:25:37Z
HK_2002_C324,2004-03-13,466,3,67,67,https://racing.hkjc.com/en-us/local/information/otherhorse?horseid=HK_2002_C324&Option=1,2026-09-04T13:25:37Z
HK_2002_C324,2004-04-03,507,3,67,65,https://racing.hkjc.com/en-us/local/information/otherhorse?horseid=HK_2002_C324&Option=1,2026-09-04T13:25:37Z
HK_2002_C324,2004-09-19,43,3,65,65,https://racing.hkjc.com/en-us/local/information/otherhorse?horseid=HK_2002_C324&Option=1,2026-09-04T13:25:37Z
HK_2002_C324,2004-11-06,156,3,65,65,https://racing.hkjc.com/en-us/local/information/otherhorse?horseid=HK_2002_C324&Option=1,2026-09-04T13:25:37Z
HK_2002_C324,2005-03-26,493,3,65,62,https://racing.hkjc.com/en-us/local/information/otherhorse?horseid=HK_2002_C324&Option=1,2026-09-04T13:25:37Z
HK_2002_C324,2005-04-24,555,3,62,58,https://racing.hkjc.com/en-us/local/information/otherhorse?horseid=HK_2002_C324&Option=1,2026-09-04T13:25:37Z
HK_2002_C324,2005-05-07,585,4,58,55,https://racing.hkjc.com/en-us/local/information/otherhorse?horseid=HK_2002_C324&Option=1,2026-09-04T13:25:37Z
HK_2002_C324,2005-05-21,624,4,55,52,https://racing.hkjc.com/en-us/local/information/otherhorse?horseid=HK_2002_C324&Option=1,2026-09-04T13:25:37Z
HK_2002_C324,2005-06-26,693,4,52,46,https://racing.hkjc.com/en-us/local/information/otherhorse?horseid=HK_2002_C324&Option=1,2026-09-04T13:25:37Z
HK_2002_C324,2005-09-11,17,4,46,47,https://racing.hkjc.com/en-us/local/information/otherhorse?horseid=HK_2002_C324&Option=1,2026-09-04T13:25:37Z
HK_2002_C324,2005-10-02,66,4,47,47,https://racing.hkjc.com/en-us/local/information/otherhorse?horseid=HK_2002_C324&Option=1,2026-09-04T13:25:37Z
HK_2002_C324,2005-11-13,163,4,47,49,https://racing.hkjc.com/en-us/local/information/otherhorse?horseid=HK_2002_C324&Option=1,2026-09-04T13:25:37Z
HK_2002_C324,2005-11-27,202,4,49,49,https://racing.hkjc.com/en-us/local/information/otherhorse?horseid=HK_2002_C324&Option=1,2026-09-04T13:25:37Z
HK_2002_C324,2006-01-01,281,4,49,49,https://racing.hkjc.com/en-us/local/information/otherhorse?horseid=HK_2002_C324&Option=1,2026-09-04T13:25:37Z
HK_2002_C324,2006-01-15,319,4,49,48,https://racing.hkjc.com/en-us/local/information/otherhorse?horseid=HK_2002_C324&Option=1,2026-09-04T13:25:37Z
HK_2002_C324,2006-01-25,343,4,48,38,https://racing.hkjc.com/en-us/local/information/otherhorse?horseid=HK_2002_C324&Option=1,2026-09-04T13:25:37Z
HK_2002_C332,2003-06-01,647,4,52,52,https://racing.hkjc.com/en-us/local/information/otherhorse?horseid=HK_2002_C332&Option=1,2026-09-04T13:27:47Z
HK_2002_C332,2003-08-31,2,4,52,50,https://racing.hkjc.com/en-us/local/information/otherhorse?horseid=HK_2002_C332&Option=1,2026-09-04T13:27:47Z
HK_2002_C332,2003-09-21,51,4,50,48,https://racing.hkjc.com/en-us/local/information/otherhorse?horseid=HK_2002_C332&Option=1,2026-09-04T13:27:47Z
HK_2002_C332,2003-11-30,224,4,48,47,https://racing.hkjc.com/en-us/local/information/otherhorse?horseid=HK_2002_C332&Option=1,2026-09-04T13:27:47Z
HK_2002_C332,2003-12-26,283,4,47,51,https://racing.hkjc.com/en-us/local/information/otherhorse?horseid=HK_2002_C332&Option=1,2026-09-04T13:27:47Z
HK_2002_C332,2004-01-18,337,4,51,53,https://racing.hkjc.com/en-us/local/information/otherhorse?horseid=HK_2002_C332&Option=1,2026-09-04T13:27:47Z
HK_2002_C332,2004-02-15,400,4,53,60,https://racing.hkjc.com/en-us/local/information/otherhorse?horseid=HK_2002_C332&Option=1,2026-09-04T13:27:47Z
HK_2002_C332,2004-03-07,446,4,60,60,https://racing.hkjc.com/en-us/local/information/otherhorse?horseid=HK_2002_C332&Option=1,2026-09-04T13:27:47Z
HK_2002_C332,2004-03-27,497,4,60,61,https://racing.hkjc.com/en-us/local/information/otherhorse?horseid=HK_2002_C332&Option=1,2026-09-04T13:27:47Z
HK_2002_C332,2004-04-25,548,3,61,63,https://racing.hkjc.com/en-us/local/information/otherhorse?horseid=HK_2002_C332&Option=1,2026-09-04T13:27:47Z
HK_2002_C332,2004-05-16,606,3,63,64,https://racing.hkjc.com/en-us/local/information/otherhorse?horseid=HK_2002_C332&Option=1,2026-09-04T13:27:47Z
HK_2002_C332,2004-06-06,661,3,64,62,https://racing.hkjc.com/en-us/local/information/otherhorse?horseid=HK_2002_C332&Option=1,2026-09-04T13:27:47Z
HK_2002_C332,2004-09-15,34,3,62,62,https://racing.hkjc.com/en-us/local/information/otherhorse?horseid=HK_2002_C332&Option=1,2026-09-04T13:27:47Z
HK_2002_C332,2004-10-30,137,3,62,61,https://racing.hkjc.com/en-us/local/information/otherhorse?horseid=HK_2002_C332&Option=1,2026-09-04T13:27:47Z
HK_2002_C332,2004-11-21,189,3,61,60,https://racing.hkjc.com/en-us/local/information/otherhorse?horseid=HK_2002_C332&Option=1,2026-09-04T13:27:47Z
HK_2002_C332,2004-12-12,237,3,60,65,https://racing.hkjc.com/en-us/local/information/otherhorse?horseid=HK_2002_C332&Option=1,2026-09-04T13:27:47Z
HK_2002_C332,2005-01-08,308,3,65,65,https://racing.hkjc.com/en-us/local/information/otherhorse?horseid=HK_2002_C332&Option=1,2026-09-04T13:27:47Z
HK_2002_C332,2005-01-26,353,3,65,67,https://racing.hkjc.com/en-us/local/information/otherhorse?horseid=HK_2002_C332&Option=1,2026-09-04T13:27:47Z
HK_2002_C332,2005-02-05,380,3,67,69,https://racing.hkjc.com/en-us/local/information/otherhorse?horseid=HK_2002_C332&Option=1,2026-09-04T13:27:47Z
HK_2002_C332,2005-02-20,409,3,69,69,https://racing.hkjc.com/en-us/local/information/otherhorse?horseid=HK_2002_C332&Option=1,2026-09-04T13:27:47Z
HK_2002_C332,2005-03-13,460,3,69,72,https://racing.hkjc.com/en-us/local/information/otherhorse?horseid=HK_2002_C332&Option=1,2026-09-04T13:27:47Z
HK_2002_C332,2005-04-09,526,3,72,72,https://racing.hkjc.com/en-us/local/information/otherhorse?horseid=HK_2002_C332&Option=1,2026-09-04T13:27:47Z
HK_2002_C332,2005-10-09,82,3,72,72,https://racing.hkjc.com/en-us/local/information/otherhorse?horseid=HK_2002_C332&Option=1,2026-09-04T13:27:47Z
HK_2002_C332,2005-11-20,189,3,72,72,https://racing.hkjc.com/en-us/local/information/otherhorse?horseid=HK_2002_C332&Option=1,2026-09-04T13:27:47Z
HK_2002_C332,2006-01-01,283,3,72,72,https://racing.hkjc.com/en-us/local/information/otherhorse?horseid=HK_2002_C332&Option=1,2026-09-04T13:27:47Z
HK_2002_C332,2006-01-31,352,3,72,72,https://racing.hkjc.com/en-us/local/information/otherhorse?horseid=HK_2002_C332&Option=1,2026-09-04T13:27:47Z
HK_2002_C332,2006-03-12,451,3,72,72,https://racing.hkjc.com/en-us/local/information/otherhorse?horseid=HK_2002_C332&Option=1,2026-09-04T13:27:47Z
HK_2002_C332,2006-04-26,558,3,72,70,https://racing.hkjc.com/en-us/local/information/otherhorse?horseid=HK_2002_C332&Option=1,2026-09-04T13:27:47Z
HK_2002_C332,2006-05-21,620,3,70,77,https://racing.hkjc.com/en-us/local/information/otherhorse?horseid=HK_2002_C332&Option=1,2026-09-04T13:27:47Z
HK_2002_C332,2006-06-10,669,3,77,83,https://racing.hkjc.com/en-us/local/information/otherhorse?horseid=HK_2002_C332&Option=1,2026-09-04T13:27:47Z
HK_2002_C332,2006-07-02,707,2,83,82,https://racing.hkjc.com/en-us/local/information/otherhorse?horseid=HK_2002_C332&Option=1,2026-09-04T13:27:47Z
HK_2003_D019,2004-01-01,293,4,52,52,https://racing.hkjc.com/en-us/local/information/otherhorse?horseid=HK_2003_D019&Option=1,2026-09-04T13:25:43Z
HK_2003_D019,2004-02-01,369,4,52,50,https://racing.hkjc.com/en-us/local/information/otherhorse?horseid=HK_2003_D019&Option=1,2026-09-04T13:25:43Z
HK_2003_D019,2004-02-22,419,4,50,53,https://racing.hkjc.com/en-us/local/information/otherhorse?horseid=HK_2003_D019&Option=1,2026-09-04T13:25:43Z
HK_2003_D019,2004-04-11,514,4,53,53,https://racing.hkjc.com/en-us/local/information/otherhorse?horseid=HK_2003_D019&Option=1,2026-09-04T13:25:43Z
HK_2003_D019,2004-05-16,602,4,53,53,https://racing.hkjc.com/en-us/local/information/otherhorse?horseid=HK_2003_D019&Option=1,2026-09-04T13:25:43Z
HK_2003_D019,2004-06-09,665,4,53,50,https://racing.hkjc.com/en-us/local/information/otherhorse?horseid=HK_2003_D019&Option=1,2026-09-04T13:25:43Z
HK_2003_D019,2004-09-08,11,4,50,50,https://racing.hkjc.com/en-us/local/information/otherhorse?horseid=HK_2003_D019&Option=1,2026-09-04T13:25:43Z
HK_2003_D019,2004-09-29,59,4,50,50,https://racing.hkjc.com/en-us/local/information/otherhorse?horseid=HK_2003_D019&Option=1,2026-09-04T13:25:43Z
HK_2003_D019,2004-10-17,97,4,50,49,https://racing.hkjc.com/en-us/local/information/otherhorse?horseid=HK_2003_D019&Option=1,2026-09-04T13:25:43Z
HK_2003_D019,2005-01-26,349,4,49,49,https://racing.hkjc.com/en-us/local/information/otherhorse?horseid=HK_2003_D019&Option=1,2026-09-04T13:25:43Z
HK_2003_D019,2005-02-16,393,4,49,48,https://racing.hkjc.com/en-us/local/information/otherhorse?horseid=HK_2003_D019&Option=1,2026-09-04T13:25:43Z
HK_2003_D019,2005-03-05,442,4,48,47,https://racing.hkjc.com/en-us/local/information/otherhorse?horseid=HK_2003_D019&Option=1,2026-09-04T13:25:43Z
HK_2003_D019,2005-03-26,492,4,47,52,https://racing.hkjc.com/en-us/local/information/otherhorse?horseid=HK_2003_D019&Option=1,2026-09-04T13:25:43Z
HK_2003_D019,2005-04-03,505,4,52,52,https://racing.hkjc.com/en-us/local/information/otherhorse?horseid=HK_2003_D019&Option=1,2026-09-04T13:25:43Z
HK_2003_D019,2005-05-01,570,4,52,52,https://racing.hkjc.com/en-us/local/information/otherhorse?horseid=HK_2003_D019&Option=1,2026-09-04T13:25:43Z
HK_2003_D019,2005-05-14,604,4,52,58,https://racing.hkjc.com/en-us/local/information/otherhorse?horseid=HK_2003_D019&Option=1,2026-09-04T13:25:43Z
HK_2003_D019,2005-05-29,633,4,58,58,https://racing.hkjc.com/en-us/local/information/otherhorse?horseid=HK_2003_D019&Option=1,2026-09-04T13:25:43Z
HK_2003_D019,2005-06-26,696,4,58,58,https://racing.hkjc.com/en-us/local/information/otherhorse?horseid=HK_2003_D019&Option=1,2026-09-04T13:25:43Z
HK_2003_D019,2006-01-01,281,4,58,58,https://racing.hkjc.com/en-us/local/information/otherhorse?horseid=HK_2003_D019&Option=1,2026-09-04T13:25:43Z
HK_2003_D019,2006-01-22,337,4,58,56,https://racing.hkjc.com/en-us/local/information/otherhorse?horseid=HK_2003_D019&Option=1,2026-09-04T13:25:43Z
HK_2003_D019,2006-02-11,382,4,56,54,https://racing.hkjc.com/en-us/local/information/otherhorse?horseid=HK_2003_D019&Option=1,2026-09-04T13:25:43Z
HK_2003_D019,2006-03-04,437,4,54,55,https://racing.hkjc.com/en-us/local/information/otherhorse?horseid=HK_2003_D019&Option=1,2026-09-04T13:25:43Z
HK_2003_D019,2006-03-19,466,4,55,55,https://racing.hkjc.com/en-us/local/information/otherhorse?horseid=HK_2003_D019&Option=1,2026-09-04T13:25:43Z
HK_2003_D019,2006-04-08,513,4,55,52,https://racing.hkjc.com/en-us/local/information/otherhorse?horseid=HK_2003_D019&Option=1,2026-09-04T13:25:43Z
HK_2003_D019,2006-10-01,49,4,52,52,https://racing.hkjc.com/en-us/local/information/otherhorse?horseid=HK_2003_D019&Option=1,2026-09-04T13:25:43Z
HK_2003_D019,2006-10-15,79,4,52,52,https://racing.hkjc.com/en-us/local/information/otherhorse?horseid=HK_2003_D019&Option=1,2026-09-04T13:25:43Z
HK_2003_D019,2006-11-04,134,4,52,51,https://racing.hkjc.com/en-us/local/information/otherhorse?horseid=HK_2003_D019&Option=1,2026-09-04T13:25:43Z
HK_2003_D019,2006-11-19,168,4,51,51,https://racing.hkjc.com/en-us/local/information/otherhorse?horseid=HK_2003_D019&Option=1,2026-09-04T13:25:43Z
HK_2003_D019,2006-12-06,213,4,51,57,https://racing.hkjc.com/en-us/local/information/otherhorse?horseid=HK_2003_D019&Option=1,2026-09-04T13:25:43Z
HK_2003_D019,2006-12-26,264,4,57,57,https://racing.hkjc.com/en-us/local/information/otherhorse?horseid=HK_2003_D019&Option=1,2026-09-04T13:25:43Z
HK_2003_D019,2007-01-17,316,4,57,59,https://racing.hkjc.com/en-us/local/information/otherhorse?horseid=HK_2003_D019&Option=1,2026-09-04T13:25:43Z
HK_2003_D019,2007-02-07,369,4,59,59,https://racing.hkjc.com/en-us/local/information/otherhorse?horseid=HK_2003_D019&Option=1,2026-09-04T13:25:43Z
HK_2003_D019,2007-02-20,396,4,59,59,https://racing.hkjc.com/en-us/local/information/otherhorse?horseid=HK_2003_D019&Option=1,2026-09-04T13:25:43Z
HK_2003_D019,2007-03-14,455,4,59,58,https://racing.hkjc.com/en-us/local/information/otherhorse?horseid=HK_2003_D019&Option=1,2026-09-04T13:25:43Z
HK_2003_D019,2007-04-04,501,4,58,56,https://racing.hkjc.com/en-us/local/information/otherhorse?horseid=HK_2003_D019&Option=1,2026-09-04T13:25:43Z
HK_2003_D019,2007-07-02,722,4,56,53,https://racing.hkjc.com/en-us/local/information/otherhorse?horseid=HK_2003_D019&Option=1,2026-09-04T13:25:43Z
HK_2003_D019,2007-09-12,15,4,53,53,https://racing.hkjc.com/en-us/local/information/otherhorse?horseid=HK_2003_D019&Option=1,2026-09-04T13:25:43Z
HK_2003_D019,2007-09-19,29,4,53,53,https://racing.hkjc.com/en-us/local/information/otherhorse?horseid=HK_2003_D019&Option=1,2026-09-04T13:25:43Z
HK_2003_D019,2007-10-14,77,4,53,53,https://racing.hkjc.com/en-us/local/information/otherhorse?horseid=HK_2003_D019&Option=1,2026-09-04T13:25:43Z
HK_2003_D019,2007-10-28,116,4,53,55,https://racing.hkjc.com/en-us/local/information/otherhorse?horseid=HK_2003_D019&Option=1,2026-09-04T13:25:43Z
HK_2003_D019,2007-11-17,173,4,55,55,https://racing.hkjc.com/en-us/local/information/otherhorse?horseid=HK_2003_D019&Option=1,2026-09-04T13:25:43Z
HK_2003_D019,2007-12-05,219,4,55,54,https://racing.hkjc.com/en-us/local/information/otherhorse?horseid=HK_2003_D019&Option=1,2026-09-04T13:25:43Z
HK_2003_D019,2007-12-23,261,4,54,52,https://racing.hkjc.com/en-us/local/information/otherhorse?horseid=HK_2003_D019&Option=1,2026-09-04T13:25:43Z
HK_2003_D019,2008-01-16,322,4,52,50,https://racing.hkjc.com/en-us/local/information/otherhorse?horseid=HK_2003_D019&Option=1,2026-09-04T13:25:43Z
HK_2003_D019,2008-01-30,359,4,50,48,https://racing.hkjc.com/en-us/local/information/otherhorse?horseid=HK_2003_D019&Option=1,2026-09-04T13:25:43Z
HK_2003_D019,2008-03-19,475,4,48,47,https://racing.hkjc.com/en-us/local/information/otherhorse?horseid=HK_2003_D019&Option=1,2026-09-04T13:25:43Z
HK_2003_D019,2008-09-17,12,4,47,47,https://racing.hkjc.com/en-us/local/information/otherhorse?horseid=HK_2003_D019&Option=1,2026-09-04T13:25:43Z
HK_2003_D019,2008-11-04,135,4,47,45,https://racing.hkjc.com/en-us/local/information/otherhorse?horseid=HK_2003_D019&Option=1,2026-09-04T13:25:43Z
HK_2003_D019,2008-12-10,222,4,45,42,https://racing.hkjc.com/en-us/local/information/otherhorse?horseid=HK_2003_D019&Option=1,2026-09-04T13:25:43Z
HK_2003_D019,2009-01-21,321,4S,42,39,https://racing.hkjc.com/en-us/local/information/otherhorse?horseid=HK_2003_D019&Option=1,2026-09-04T13:25:43Z
HK_2003_D019,2009-02-18,399,5,39,41,https://racing.hkjc.com/en-us/local/information/otherhorse?horseid=HK_2003_D019&Option=1,2026-09-04T13:25:43Z
HK_2003_D019,2009-03-01,428,4,41,41,https://racing.hkjc.com/en-us/local/information/otherhorse?horseid=HK_2003_D019&Option=1,2026-09-04T13:25:43Z
HK_2003_D019,2009-03-22,482,4,41,41,https://racing.hkjc.com/en-us/local/information/otherhorse?horseid=HK_2003_D019&Option=1,2026-09-04T13:25:43Z
HK_2003_D019,2009-04-05,512,4,41,40,https://racing.hkjc.com/en-us/local/information/otherhorse?horseid=HK_2003_D019&Option=1,2026-09-04T13:25:43Z
HK_2003_D019,2009-05-06,586,5,40,45,https://racing.hkjc.com/en-us/local/information/otherhorse?horseid=HK_2003_D019&Option=1,2026-09-04T13:25:43Z
HK_2003_D019,2009-05-21,625,4,45,45,https://racing.hkjc.com/en-us/local/information/otherhorse?horseid=HK_2003_D019&Option=1,2026-09-04T13:25:43Z
HK_2003_D019,2009-06-24,705,4,45,45,https://racing.hkjc.com/en-us/local/information/otherhorse?horseid=HK_2003_D019&Option=1,2026-09-04T13:25:43Z
HK_2003_D019,2009-09-16,15,4,45,51,https://racing.hkjc.com/en-us/local/information/otherhorse?horseid=HK_2003_D019&Option=1,2026-09-04T13:25:43Z
HK_2003_D019,2009-10-07,68,4,51,57,https://racing.hkjc.com/en-us/local/information/otherhorse?horseid=HK_2003_D019&Option=1,2026-09-04T13:25:43Z
HK_2003_D019,2009-11-01,125,4,57,57,https://racing.hkjc.com/en-us/local/information/otherhorse?horseid=HK_2003_D019&Option=1,2026-09-04T13:25:43Z
HK_2003_D019,2009-12-09,223,4,57,57,https://racing.hkjc.com/en-us/local/information/otherhorse?horseid=HK_2003_D019&Option=1,2026-09-04T13:25:43Z
HK_2003_D019,2010-01-13,305,4,57,56,https://racing.hkjc.com/en-us/local/information/otherhorse?horseid=HK_2003_D019&Option=1,2026-09-04T13:25:43Z
HK_2003_D019,2010-02-24,408,4,56,54,https://racing.hkjc.com/en-us/local/information/otherhorse?horseid=HK_2003_D019&Option=1,2026-09-04T13:25:43Z
HK_2003_D019,2010-03-17,462,4,54,55,https://racing.hkjc.com/en-us/local/information/otherhorse?horseid=HK_2003_D019&Option=1,2026-09-04T13:25:43Z
HK_2003_D019,2010-04-18,535,4,55,55,https://racing.hkjc.com/en-us/local/information/otherhorse?horseid=HK_2003_D019&Option=1,2026-09-04T13:25:43Z
HK_2003_D019,2010-05-19,619,4,55,54,https://racing.hkjc.com/en-us/local/information/otherhorse?horseid=HK_2003_D019&Option=1,2026-09-04T13:25:43Z
HK_2003_D019,2010-09-08,17,4,54,54,https://racing.hkjc.com/en-us/local/information/otherhorse?horseid=HK_2003_D019&Option=1,2026-09-04T13:25:43Z
HK_2003_D019,2010-09-23,49,4,54,52,https://racing.hkjc.com/en-us/local/information/otherhorse?horseid=HK_2003_D019&Option=1,2026-09-04T13:25:43Z
HK_2003_D019,2010-10-06,80,4,52,50,https://racing.hkjc.com/en-us/local/information/otherhorse?horseid=HK_2003_D019&Option=1,2026-09-04T13:25:43Z
HK_2003_D019,2010-11-03,144,4,50,48,https://racing.hkjc.com/en-us/local/information/otherhorse?horseid=HK_2003_D019&Option=1,2026-09-04T13:25:43Z
HK_2003_D019,2010-12-08,234,4,48,45,https://racing.hkjc.com/en-us/local/information/otherhorse?horseid=HK_2003_D019&Option=1,2026-09-04T13:25:43Z
HK_2003_D019,2011-01-05,297,4S,45,42,https://racing.hkjc.com/en-us/local/information/otherhorse?horseid=HK_2003_D019&Option=1,2026-09-04T13:25:43Z
HK_2003_D027,2003-11-19,193,4,52,52,https://racing.hkjc.com/en-us/local/information/otherhorse?horseid=HK_2003_D027&Option=1,2026-09-04T13:23:19Z
HK_2003_D027,2003-12-17,263,4,52,49,https://racing.hkjc.com/en-us/local/information/otherhorse?horseid=HK_2003_D027&Option=1,2026-09-04T13:23:19Z
HK_2003_D027,2004-01-18,337,4,49,48,https://racing.hkjc.com/en-us/local/information/otherhorse?horseid=HK_2003_D027&Option=1,2026-09-04T13:23:19Z
HK_2003_D027,2004-02-15,401,4,48,47,https://racing.hkjc.com/en-us/local/information/otherhorse?horseid=HK_2003_D027&Option=1,2026-09-04T13:23:19Z
HK_2003_D027,2004-03-13,460,4,47,56,https://racing.hkjc.com/en-us/local/information/otherhorse?horseid=HK_2003_D027&Option=1,2026-09-04T13:23:19Z
HK_2003_D027,2004-04-25,549,4,56,56,https://racing.hkjc.com/en-us/local/information/otherhorse?horseid=HK_2003_D027&Option=1,2026-09-04T13:23:19Z
HK_2003_D027,2004-05-30,639,4,56,53,https://racing.hkjc.com/en-us/local/information/otherhorse?horseid=HK_2003_D027&Option=1,2026-09-04T13:23:19Z
HK_2003_D027,2004-10-17,95,4,53,53,https://racing.hkjc.com/en-us/local/information/otherhorse?horseid=HK_2003_D027&Option=1,2026-09-04T13:23:19Z
HK_2003_D027,2004-10-30,131,4,53,59,https://racing.hkjc.com/en-us/local/information/otherhorse?horseid=HK_2003_D027&Option=1,2026-09-04T13:23:19Z
HK_2003_D027,2004-11-14,167,4,59,59,https://racing.hkjc.com/en-us/local/information/otherhorse?horseid=HK_2003_D027&Option=1,2026-09-04T13:23:19Z
HK_2003_D027,2004-11-21,193,3,59,59,https://racing.hkjc.com/en-us/local/information/otherhorse?horseid=HK_2003_D027&Option=1,2026-09-04T13:23:19Z
HK_2003_D027,2004-12-22,269,3,59,59,https://racing.hkjc.com/en-us/local/information/otherhorse?horseid=HK_2003_D027&Option=1,2026-09-04T13:23:19Z
HK_2003_D027,2005-01-05,294,4,59,59,https://racing.hkjc.com/en-us/local/information/otherhorse?horseid=HK_2003_D027&Option=1,2026-09-04T13:23:19Z
HK_2003_D027,2005-05-07,585,4,59,57,https://racing.hkjc.com/en-us/local/information/otherhorse?horseid=HK_2003_D027&Option=1,2026-09-04T13:23:19Z
HK_2003_D027,2005-06-26,694,4,57,54,https://racing.hkjc.com/en-us/local/information/otherhorse?horseid=HK_2003_D027&Option=1,2026-09-04T13:23:19Z
HK_2003_D027,2005-12-03,220,4,54,54,https://racing.hkjc.com/en-us/local/information/otherhorse?horseid=HK_2003_D027&Option=1,2026-09-04T13:23:19Z
HK_2003_D027,2005-12-21,261,4,54,52,https://racing.hkjc.com/en-us/local/information/otherhorse?horseid=HK_2003_D027&Option=1,2026-09-04T13:23:19Z
HK_2003_D027,2006-01-01,279,4,52,50,https://racing.hkjc.com/en-us/local/information/otherhorse?horseid=HK_2003_D027&Option=1,2026-09-04T13:23:19Z
HK_2003_D027,2006-01-25,343,4,50,52,https://racing.hkjc.com/en-us/local/information/otherhorse?horseid=HK_2003_D027&Option=1,2026-09-04T13:23:19Z
HK_2003_D027,2006-02-19,397,4,52,52,https://racing.hkjc.com/en-us/local/information/otherhorse?horseid=HK_2003_D027&Option=1,2026-09-04T13:23:19Z
HK_2003_D036,2004-04-25,549,4,52,52,https://racing.hkjc.com/en-us/local/information/otherhorse?horseid=HK_2003_D036&Option=1,2026-09-04T13:22:04Z
HK_2003_D036,2004-10-17,95,4,52,50,https://racing.hkjc.com/en-us/local/information/otherhorse?horseid=HK_2003_D036&Option=1,2026-09-04T13:22:04Z
HK_2003_D036,2004-11-02,140,4,50,47,https://racing.hkjc.com/en-us/local/information/otherhorse?horseid=HK_2003_D036&Option=1,2026-09-04T13:22:04Z
HK_2003_D036,2004-11-17,176,4,47,42,https://racing.hkjc.com/en-us/local/information/otherhorse?horseid=HK_2003_D036&Option=1,2026-09-04T13:22:04Z
HK_2003_D036,2004-12-18,255,4,42,41,https://racing.hkjc.com/en-us/local/information/otherhorse?horseid=HK_2003_D036&Option=1,2026-09-04T13:22:04Z
HK_2003_D036,2005-01-08,301,4,41,37,https://racing.hkjc.com/en-us/local/information/otherhorse?horseid=HK_2003_D036&Option=1,2026-09-04T13:22:04Z
HK_2003_D036,2005-05-14,602,5,37,39,https://racing.hkjc.com/en-us/local/information/otherhorse?horseid=HK_2003_D036&Option=1,2026-09-04T13:22:04Z
HK_2003_D036,2005-06-29,703,5,39,39,https://racing.hkjc.com/en-us/local/information/otherhorse?horseid=HK_2003_D036&Option=1,2026-09-04T13:22:04Z
HK_2003_D036,2006-01-01,278,5,39,39,https://racing.hkjc.com/en-us/local/information/otherhorse?horseid=HK_2003_D036&Option=1,2026-09-04T13:22:04Z
HK_2003_D036,2006-02-15,391,5,39,37,https://racing.hkjc.com/en-us/local/information/otherhorse?horseid=HK_2003_D036&Option=1,2026-09-04T13:22:04Z
HK_2003_D036,2006-06-10,663,5,37,27,https://racing.hkjc.com/en-us/local/information/otherhorse?horseid=HK_2003_D036&Option=1,2026-09-04T13:22:04Z
HK_2003_D036,2006-10-21,93,5,27,27,https://racing.hkjc.com/en-us/local/information/otherhorse?horseid=HK_2003_D036&Option=1,2026-09-04T13:22:04Z
HK_2003_D036,2006-12-16,237,5,27,24,https://racing.hkjc.com/en-us/local/information/otherhorse?horseid=HK_2003_D036&Option=1,2026-09-04T13:22:04Z
HK_2003_D036,2006-12-26,267,5,24,21,https://racing.hkjc.com/en-us/local/information/otherhorse?horseid=HK_2003_D036&Option=1,2026-09-04T13:22:04Z
HK_2003_D036,2007-01-14,305,5,21,26,https://racing.hkjc.com/en-us/local/information/otherhorse?horseid=HK_2003_D036&Option=1,2026-09-04T13:22:04Z
HK_2003_D036,2007-02-25,406,5,26,26,https://racing.hkjc.com/en-us/local/information/otherhorse?horseid=HK_2003_D036&Option=1,2026-09-04T13:22:04Z
HK_2003_D036,2007-05-20,611,5,26,33,https://racing.hkjc.com/en-us/local/information/otherhorse?horseid=HK_2003_D036&Option=1,2026-09-04T13:22:04Z
HK_2003_D036,2007-12-15,244,5,33,33,https://racing.hkjc.com/en-us/local/information/otherhorse?horseid=HK_2003_D036&Option=1,2026-09-04T13:22:04Z
HK_2003_D036,2008-01-06,290,5,33,32,https://racing.hkjc.com/en-us/local/information/otherhorse?horseid=HK_2003_D036&Option=1,2026-09-04T13:22:04Z
HK_2003_D036,2008-02-02,366,5,32,32,https://racing.hkjc.com/en-us/local/information/otherhorse?horseid=HK_2003_D036&Option=1,2026-09-04T13:22:04Z
HK_2003_D036,2008-03-01,430,5,32,31,https://racing.hkjc.com/en-us/local/information/otherhorse?horseid=HK_2003_D036&Option=1,2026-09-04T13:22:04Z
HK_2003_D036,2008-03-09,449,5,31,33,https://racing.hkjc.com/en-us/local/information/otherhorse?horseid=HK_2003_D036&Option=1,2026-09-04T13:22:04Z
HK_2003_D036,2008-04-12,533,5,33,35,https://racing.hkjc.com/en-us/local/information/otherhorse?horseid=HK_2003_D036&Option=1,2026-09-04T13:22:04Z
HK_2003_D036,2008-05-18,609,5,35,41,https://racing.hkjc.com/en-us/local/information/otherhorse?horseid=HK_2003_D036&Option=1,2026-09-04T13:22:04Z
HK_2003_D036,2008-06-15,675,4,41,41,https://racing.hkjc.com/en-us/local/information/otherhorse?horseid=HK_2003_D036&Option=1,2026-09-04T13:22:04Z
HK_2003_D036,2008-09-21,19,4,41,41,https://racing.hkjc.com/en-us/local/information/otherhorse?horseid=HK_2003_D036&Option=1,2026-09-04T13:22:04Z
HK_2003_D036,2008-10-05,63,4,41,41,https://racing.hkjc.com/en-us/local/information/otherhorse?horseid=HK_2003_D036&Option=1,2026-09-04T13:22:04Z
HK_2003_D036,2008-11-08,147,4,41,40,https://racing.hkjc.com/en-us/local/information/otherhorse?horseid=HK_2003_D036&Option=1,2026-09-04T13:22:04Z
HK_2003_D036,2008-12-20,245,5,40,47,https://racing.hkjc.com/en-us/local/information/otherhorse?horseid=HK_2003_D036&Option=1,2026-09-04T13:22:04Z
HK_2003_D036,2009-01-04,279,4,47,47,https://racing.hkjc.com/en-us/local/information/otherhorse?horseid=HK_2003_D036&Option=1,2026-09-04T13:22:04Z
HK_2003_D036,2009-01-18,314,4,47,52,https://racing.hkjc.com/en-us/local/information/otherhorse?horseid=HK_2003_D036&Option=1,2026-09-04T13:22:04Z
HK_2003_D036,2009-02-08,373,4,52,52,https://racing.hkjc.com/en-us/local/information/otherhorse?horseid=HK_2003_D036&Option=1,2026-09-04T13:22:04Z
HK_2003_D036,2009-05-17,617,4,52,52,https://racing.hkjc.com/en-us/local/information/otherhorse?horseid=HK_2003_D036&Option=1,2026-09-04T13:22:04Z
HK_2003_D036,2009-06-07,671,4,52,51,https://racing.hkjc.com/en-us/local/information/otherhorse?horseid=HK_2003_D036&Option=1,2026-09-04T13:22:04Z
HK_2003_D036,2009-09-20,23,4,51,51,https://racing.hkjc.com/en-us/local/information/otherhorse?horseid=HK_2003_D036&Option=1,2026-09-04T13:22:04Z
HK_2003_D036,2009-10-01,49,4,51,49,https://racing.hkjc.com/en-us/local/information/otherhorse?horseid=HK_2003_D036&Option=1,2026-09-04T13:22:04Z
HK_2003_D036,2009-11-07,143,4,49,49,https://racing.hkjc.com/en-us/local/information/otherhorse?horseid=HK_2003_D036&Option=1,2026-09-04T13:22:04Z
HK_2003_D059,2004-02-22,414,4,52,50,https://racing.hkjc.com/en-us/local/information/otherhorse?horseid=HK_2003_D059&Option=1,2026-09-04T13:24:42Z
HK_2003_D059,2004-05-22,617,4,50,42,https://racing.hkjc.com/en-us/local/information/otherhorse?horseid=HK_2003_D059&Option=1,2026-09-04T13:24:42Z
HK_2003_D059,2004-10-27,122,4,42,40,https://racing.hkjc.com/en-us/local/information/otherhorse?horseid=HK_2003_D059&Option=1,2026-09-04T13:24:42Z
HK_2003_D059,2004-11-21,184,5,40,38,https://racing.hkjc.com/en-us/local/information/otherhorse?horseid=HK_2003_D059&Option=1,2026-09-04T13:24:42Z
HK_2003_D059,2004-12-26,274,5,38,37,https://racing.hkjc.com/en-us/local/information/otherhorse?horseid=HK_2003_D059&Option=1,2026-09-04T13:24:42Z
HK_2003_D059,2005-01-16,319,5,37,37,https://racing.hkjc.com/en-us/local/information/otherhorse?horseid=HK_2003_D059&Option=1,2026-09-04T13:24:42Z
HK_2003_D059,2005-01-23,337,5,37,37,https://racing.hkjc.com/en-us/local/information/otherhorse?horseid=HK_2003_D059&Option=1,2026-09-04T13:24:42Z
HK_2003_D059,2005-01-30,355,5,37,37,https://racing.hkjc.com/en-us/local/information/otherhorse?horseid=HK_2003_D059&Option=1,2026-09-04T13:24:42Z
HK_2003_D059,2005-02-20,403,5,37,36,https://racing.hkjc.com/en-us/local/information/otherhorse?horseid=HK_2003_D059&Option=1,2026-09-04T13:24:42Z
HK_2003_D059,2005-03-26,494,5,36,35,https://racing.hkjc.com/en-us/local/information/otherhorse?horseid=HK_2003_D059&Option=1,2026-09-04T13:24:42Z
HK_2003_D059,2005-04-09,520,5,35,34,https://racing.hkjc.com/en-us/local/information/otherhorse?horseid=HK_2003_D059&Option=1,2026-09-04T13:24:42Z
HK_2003_D059,2005-05-07,584,5,34,35,https://racing.hkjc.com/en-us/local/information/otherhorse?horseid=HK_2003_D059&Option=1,2026-09-04T13:24:42Z
HK_2003_D059,2005-06-05,648,5,35,35,https://racing.hkjc.com/en-us/local/information/otherhorse?horseid=HK_2003_D059&Option=1,2026-09-04T13:24:42Z
HK_2003_D059,2005-06-12,669,5,35,41,https://racing.hkjc.com/en-us/local/information/otherhorse?horseid=HK_2003_D059&Option=1,2026-09-04T13:24:42Z
HK_2003_D059,2005-06-26,696,4,41,41,https://racing.hkjc.com/en-us/local/information/otherhorse?horseid=HK_2003_D059&Option=1,2026-09-04T13:24:42Z
HK_2003_D059,2005-09-14,26,4,41,41,https://racing.hkjc.com/en-us/local/information/otherhorse?horseid=HK_2003_D059&Option=1,2026-09-04T13:24:42Z
HK_2003_D059,2005-09-24,49,4,41,40,https://racing.hkjc.com/en-us/local/information/otherhorse?horseid=HK_2003_D059&Option=1,2026-09-04T13:24:42Z
HK_2003_D059,2005-10-16,95,4,40,39,https://racing.hkjc.com/en-us/local/information/otherhorse?horseid=HK_2003_D059&Option=1,2026-09-04T13:24:42Z
HK_2003_D059,2005-12-14,245,4,39,37,https://racing.hkjc.com/en-us/local/information/otherhorse?horseid=HK_2003_D059&Option=1,2026-09-04T13:24:42Z
HK_2003_D059,2006-01-01,280,5,37,35,https://racing.hkjc.com/en-us/local/information/otherhorse?horseid=HK_2003_D059&Option=1,2026-09-04T13:24:42Z
HK_2003_D059,2006-01-22,332,5,35,32,https://racing.hkjc.com/en-us/local/information/otherhorse?horseid=HK_2003_D059&Option=1,2026-09-04T13:24:42Z
HK_2003_D059,2006-02-26,415,5,32,31,https://racing.hkjc.com/en-us/local/information/otherhorse?horseid=HK_2003_D059&Option=1,2026-09-04T13:24:42Z
HK_2003_D059,2006-03-19,463,5,31,29,https://racing.hkjc.com/en-us/local/information/otherhorse?horseid=HK_2003_D059&Option=1,2026-09-04T13:24:42Z
HK_2003_D059,2006-04-01,499,5,29,29,https://racing.hkjc.com/en-us/local/information/otherhorse?horseid=HK_2003_D059&Option=1,2026-09-04T13:24:42Z
HK_2003_D069,2003-12-17,263,4,52,52,https://racing.hkjc.com/en-us/local/information/otherhorse?horseid=HK_2003_D069&Option=1,2026-09-04T13:26:53Z
HK_2003_D069,2003-12-26,283,4,52,50,https://racing.hkjc.com/en-us/local/information/otherhorse?horseid=HK_2003_D069&Option=1,2026-09-04T13:26:53Z
HK_2003_D069,2004-01-14,331,4,50,47,https://racing.hkjc.com/en-us/local/information/otherhorse?horseid=HK_2003_D069&Option=1,2026-09-04T13:26:53Z
HK_2003_D069,2004-09-08,11,4,47,47,https://racing.hkjc.com/en-us/local/information/otherhorse?horseid=HK_2003_D069&Option=1,2026-09-04T13:26:53Z
HK_2003_D069,2004-09-25,49,4,47,45,https://racing.hkjc.com/en-us/local/information/otherhorse?horseid=HK_2003_D069&Option=1,2026-09-04T13:26:53Z
HK_2003_D069,2004-10-03,67,4,45,43,https://racing.hkjc.com/en-us/local/information/otherhorse?horseid=HK_2003_D069&Option=1,2026-09-04T13:26:53Z
HK_2003_D069,2004-10-20,106,4,43,45,https://racing.hkjc.com/en-us/local/information/otherhorse?horseid=HK_2003_D069&Option=1,2026-09-04T13:26:53Z
HK_2003_D069,2004-11-02,143,4,45,46,https://racing.hkjc.com/en-us/local/information/otherhorse?horseid=HK_2003_D069&Option=1,2026-09-04T13:26:53Z
HK_2003_D069,2004-11-21,188,4,46,45,https://racing.hkjc.com/en-us/local/information/otherhorse?horseid=HK_2003_D069&Option=1,2026-09-04T13:26:53Z
HK_2003_D069,2005-02-20,401,4,45,47,https://racing.hkjc.com/en-us/local/information/otherhorse?horseid=HK_2003_D069&Option=1,2026-09-04T13:26:53Z
HK_2003_D069,2005-03-13,458,4,47,48,https://racing.hkjc.com/en-us/local/information/otherhorse?horseid=HK_2003_D069&Option=1,2026-09-04T13:26:53Z
HK_2003_D069,2005-04-03,505,4,48,56,https://racing.hkjc.com/en-us/local/information/otherhorse?horseid=HK_2003_D069&Option=1,2026-09-04T13:26:53Z
HK_2003_D069,2005-04-13,534,4,56,63,https://racing.hkjc.com/en-us/local/information/otherhorse?horseid=HK_2003_D069&Option=1,2026-09-04T13:26:53Z
HK_2003_D069,2005-05-14,609,3,63,63,https://racing.hkjc.com/en-us/local/information/otherhorse?horseid=HK_2003_D069&Option=1,2026-09-04T13:26:53Z
HK_2003_D069,2005-09-17,40,3,63,63,https://racing.hkjc.com/en-us/local/information/otherhorse?horseid=HK_2003_D069&Option=1,2026-09-04T13:26:53Z
HK_2003_D069,2005-10-05,79,3,63,62,https://racing.hkjc.com/en-us/local/information/otherhorse?horseid=HK_2003_D069&Option=1,2026-09-04T13:26:53Z
HK_2003_D069,2005-11-27,206,3,62,60,https://racing.hkjc.com/en-us/local/information/otherhorse?horseid=HK_2003_D069&Option=1,2026-09-04T13:26:53Z
HK_2003_D069,2005-12-21,265,4,60,60,https://racing.hkjc.com/en-us/local/information/otherhorse?horseid=HK_2003_D069&Option=1,2026-09-04T13:26:53Z
HK_2003_D069,2006-01-01,282,4,60,60,https://racing.hkjc.com/en-us/local/information/otherhorse?horseid=HK_2003_D069&Option=1,2026-09-04T13:26:53Z
HK_2003_D069,2006-03-26,482,4,60,54,https://racing.hkjc.com/en-us/local/information/otherhorse?horseid=HK_2003_D069&Option=1,2026-09-04T13:26:53Z
HK_2003_D069,2006-10-01,50,4,54,54,https://racing.hkjc.com/en-us/local/information/otherhorse?horseid=HK_2003_D069&Option=1,2026-09-04T13:26:53Z
HK_2003_D069,2006-10-25,108,4,54,54,https://racing.hkjc.com/en-us/local/information/otherhorse?horseid=HK_2003_D069&Option=1,2026-09-04T13:26:53Z
HK_2003_D069,2006-11-07,141,4,54,54,https://racing.hkjc.com/en-us/local/information/otherhorse?horseid=HK_2003_D069&Option=1,2026-09-04T13:26:53Z
HK_2003_D069,2006-11-22,176,4,54,60,https://racing.hkjc.com/en-us/local/information/otherhorse?horseid=HK_2003_D069&Option=1,2026-09-04T13:26:53Z
HK_2003_D069,2007-01-07,289,4,60,60,https://racing.hkjc.com/en-us/local/information/otherhorse?horseid=HK_2003_D069&Option=1,2026-09-04T13:26:53Z
HK_2003_D069,2007-01-20,324,4,60,60,https://racing.hkjc.com/en-us/local/information/otherhorse?horseid=HK_2003_D069&Option=1,2026-09-04T13:26:53Z
HK_2003_D069,2007-03-21,471,4,60,59,https://racing.hkjc.com/en-us/local/information/otherhorse?horseid=HK_2003_D069&Option=1,2026-09-04T13:26:53Z
HK_2003_D069,2008-01-16,323,4,59,59,https://racing.hkjc.com/en-us/local/information/otherhorse?horseid=HK_2003_D069&Option=1,2026-09-04T13:26:53Z
HK_2003_D069,2008-01-27,345,4,59,57,https://racing.hkjc.com/en-us/local/information/otherhorse?horseid=HK_2003_D069&Option=1,2026-09-04T13:26:53Z
HK_2003_D069,2008-02-27,422,4,57,57,https://racing.hkjc.com/en-us/local/information/otherhorse?horseid=HK_2003_D069&Option=1,2026-09-04T13:26:53Z
HK_2003_D069,2008-05-14,602,4,57,56,https://racing.hkjc.com/en-us/local/information/otherhorse?horseid=HK_2003_D069&Option=1,2026-09-04T13:26:53Z
HK_2003_D069,2008-06-05,650,4,56,54,https://racing.hkjc.com/en-us/local/information/otherhorse?horseid=HK_2003_D069&Option=1,2026-09-04T13:26:53Z
HK_2003_D070,2003-11-22,203,4,52,52,https://racing.hkjc.com/en-us/local/information/otherhorse?horseid=HK_2003_D070&Option=1,2026-09-04T13:21:55Z
HK_2003_D070,2004-03-07,445,4,52,43,https://racing.hkjc.com/en-us/local/information/otherhorse?horseid=HK_2003_D070&Option=1,2026-09-04T13:21:55Z
HK_2003_D070,2004-09-25,52,4,43,43,https://racing.hkjc.com/en-us/local/information/otherhorse?horseid=HK_2003_D070&Option=1,2026-09-04T13:21:55Z
HK_2003_D070,2004-10-09,89,4,43,41,https://racing.hkjc.com/en-us/local/information/otherhorse?horseid=HK_2003_D070&Option=1,2026-09-04T13:21:55Z
HK_2003_D070,2004-10-27,122,4,41,38,https://racing.hkjc.com/en-us/local/information/otherhorse?horseid=HK_2003_D070&Option=1,2026-09-04T13:21:55Z
HK_2003_D070,2004-11-21,184,5,38,33,https://racing.hkjc.com/en-us/local/information/otherhorse?horseid=HK_2003_D070&Option=1,2026-09-04T13:21:55Z
HK_2003_D070,2004-12-01,213,5,33,30,https://racing.hkjc.com/en-us/local/information/otherhorse?horseid=HK_2003_D070&Option=1,2026-09-04T13:21:55Z
HK_2003_D070,2005-01-26,347,5,30,30,https://racing.hkjc.com/en-us/local/information/otherhorse?horseid=HK_2003_D070&Option=1,2026-09-04T13:21:55Z
HK_2003_D070,2005-06-29,703,5,30,32,https://racing.hkjc.com/en-us/local/information/otherhorse?horseid=HK_2003_D070&Option=1,2026-09-04T13:21:55Z
HK_2003_D070,2005-09-11,18,5,32,32,https://racing.hkjc.com/en-us/local/information/otherhorse?horseid=HK_2003_D070&Option=1,2026-09-04T13:21:55Z
HK_2003_D070,2005-09-28,54,5,32,31,https://racing.hkjc.com/en-us/local/information/otherhorse?horseid=HK_2003_D070&Option=1,2026-09-04T13:21:55Z
HK_2003_D070,2005-10-22,108,5,31,29,https://racing.hkjc.com/en-us/local/information/otherhorse?horseid=HK_2003_D070&Option=1,2026-09-04T13:21:55Z
HK_2003_D070,2005-11-05,144,5,29,31,https://racing.hkjc.com/en-us/local/information/otherhorse?horseid=HK_2003_D070&Option=1,2026-09-04T13:21:55Z
HK_2003_D070,2005-11-20,180,5,31,31,https://racing.hkjc.com/en-us/local/information/otherhorse?horseid=HK_2003_D070&Option=1,2026-09-04T13:21:55Z
HK_2003_D070,2005-12-07,226,5,31,30,https://racing.hkjc.com/en-us/local/information/otherhorse?horseid=HK_2003_D070&Option=1,2026-09-04T13:21:55Z
HK_2003_D070,2006-01-01,278,5,30,29,https://racing.hkjc.com/en-us/local/information/otherhorse?horseid=HK_2003_D070&Option=1,2026-09-04T13:21:55Z
HK_2003_D070,2006-01-25,342,5,29,27,https://racing.hkjc.com/en-us/local/information/otherhorse?horseid=HK_2003_D070&Option=1,2026-09-04T13:21:55Z
HK_2003_D100,2004-03-13,460,4,52,52,https://racing.hkjc.com/en-us/local/information/otherhorse?horseid=HK_2003_D100&Option=1,2026-09-04T13:30:05Z
HK_2003_D100,2004-04-03,503,4,52,50,https://racing.hkjc.com/en-us/local/information/otherhorse?horseid=HK_2003_D100&Option=1,2026-09-04T13:30:05Z
HK_2003_D100,2004-04-25,546,4,50,49,https://racing.hkjc.com/en-us/local/information/otherhorse?horseid=HK_2003_D100&Option=1,2026-09-04T13:30:05Z
HK_2003_D100,2004-05-16,602,4,49,49,https://racing.hkjc.com/en-us/local/information/otherhorse?horseid=HK_2003_D100&Option=1,2026-09-04T13:30:05Z
HK_2003_D100,2004-05-26,629,4,49,48,https://racing.hkjc.com/en-us/local/information/otherhorse?horseid=HK_2003_D100&Option=1,2026-09-04T13:30:05Z
HK_2003_D100,2004-06-09,665,4,48,46,https://racing.hkjc.com/en-us/local/information/otherhorse?horseid=HK_2003_D100&Option=1,2026-09-04T13:30:05Z
HK_2003_D100,2004-09-11,22,4,46,46,https://racing.hkjc.com/en-us/local/information/otherhorse?horseid=HK_2003_D100&Option=1,2026-09-04T13:30:05Z
HK_2003_D100,2004-09-19,41,4,46,44,https://racing.hkjc.com/en-us/local/information/otherhorse?horseid=HK_2003_D100&Option=1,2026-09-04T13:30:05Z
HK_2003_D100,2004-10-03,67,4,44,52,https://racing.hkjc.com/en-us/local/information/otherhorse?horseid=HK_2003_D100&Option=1,2026-09-04T13:30:05Z
HK_2003_D100,2004-10-09,88,4,52,57,https://racing.hkjc.com/en-us/local/information/otherhorse?horseid=HK_2003_D100&Option=1,2026-09-04T13:30:05Z
HK_2003_D100,2004-10-27,127,4,57,57,https://racing.hkjc.com/en-us/local/information/otherhorse?horseid=HK_2003_D100&Option=1,2026-09-04T13:30:05Z
HK_2003_D100,2004-11-21,188,4,57,60,https://racing.hkjc.com/en-us/local/information/otherhorse?horseid=HK_2003_D100&Option=1,2026-09-04T13:30:05Z
HK_2003_D100,2004-12-01,217,3,60,61,https://racing.hkjc.com/en-us/local/information/otherhorse?horseid=HK_2003_D100&Option=1,2026-09-04T13:30:05Z
HK_2003_D100,2005-01-01,291,3,61,61,https://racing.hkjc.com/en-us/local/information/otherhorse?horseid=HK_2003_D100&Option=1,2026-09-04T13:30:05Z
HK_2003_D100,2005-01-23,341,3,61,61,https://racing.hkjc.com/en-us/local/information/otherhorse?horseid=HK_2003_D100&Option=1,2026-09-04T13:30:05Z
HK_2003_D100,2005-02-05,379,3,61,64,https://racing.hkjc.com/en-us/local/information/otherhorse?horseid=HK_2003_D100&Option=1,2026-09-04T13:30:05Z
HK_2003_D100,2005-03-05,446,3,64,70,https://racing.hkjc.com/en-us/local/information/otherhorse?horseid=HK_2003_D100&Option=1,2026-09-04T13:30:05Z
HK_2003_D100,2005-03-26,500,3,70,72,https://racing.hkjc.com/en-us/local/information/otherhorse?horseid=HK_2003_D100&Option=1,2026-09-04T13:30:05Z
HK_2003_D100,2005-05-14,609,3,72,72,https://racing.hkjc.com/en-us/local/information/otherhorse?horseid=HK_2003_D100&Option=1,2026-09-04T13:30:05Z
HK_2003_D100,2005-06-26,697,3,72,72,https://racing.hkjc.com/en-us/local/information/otherhorse?horseid=HK_2003_D100&Option=1,2026-09-04T13:30:05Z
HK_2003_D100,2005-11-13,170,3,72,78,https://racing.hkjc.com/en-us/local/information/otherhorse?horseid=HK_2003_D100&Option=1,2026-09-04T13:30:05Z
HK_2003_D100,2005-12-11,233,2,78,78,https://racing.hkjc.com/en-us/local/information/otherhorse?horseid=HK_2003_D100&Option=1,2026-09-04T13:30:05Z
HK_2003_D100,2006-01-01,285,3,78,86,https://racing.hkjc.com/en-us/local/information/otherhorse?horseid=HK_2003_D100&Option=1,2026-09-04T13:30:05Z
HK_2003_D100,2006-01-22,340,2,86,86,https://racing.hkjc.com/en-us/local/information/otherhorse?horseid=HK_2003_D100&Option=1,2026-09-04T13:30:05Z
HK_2003_D100,2006-02-26,424,2,86,93,https://racing.hkjc.com/en-us/local/information/otherhorse?horseid=HK_2003_D100&Option=1,2026-09-04T13:30:05Z
HK_2003_D100,2006-04-08,517,2,93,93,https://racing.hkjc.com/en-us/local/information/otherhorse?horseid=HK_2003_D100&Option=1,2026-09-04T13:30:05Z
HK_2003_D100,2006-04-23,552,2,93,93,https://racing.hkjc.com/en-us/local/information/otherhorse?horseid=HK_2003_D100&Option=1,2026-09-04T13:30:05Z
HK_2003_D100,2006-05-07,584,GROUP-3,93,93,https://racing.hkjc.com/en-us/local/information/otherhorse?horseid=HK_2003_D100&Option=1,2026-09-04T13:30:05Z
HK_2003_D100,2007-01-31,354,2,93,93,https://racing.hkjc.com/en-us/local/information/otherhorse?horseid=HK_2003_D100&Option=1,2026-09-04T13:30:05Z
HK_2003_D100,2007-02-20,401,2,93,92,https://racing.hkjc.com/en-us/local/information/otherhorse?horseid=HK_2003_D100&Option=1,2026-09-04T13:30:05Z
HK_2003_D100,2007-03-18,463,2,92,90,https://racing.hkjc.com/en-us/local/information/otherhorse?horseid=HK_2003_D100&Option=1,2026-09-04T13:30:05Z
HK_2003_D100,2007-04-09,515,2,90,93,https://racing.hkjc.com/en-us/local/information/otherhorse?horseid=HK_2003_D100&Option=1,2026-09-04T13:30:05Z
HK_2003_D100,2007-10-07,75,2,93,93,https://racing.hkjc.com/en-us/local/information/otherhorse?horseid=HK_2003_D100&Option=1,2026-09-04T13:30:05Z
HK_2003_D100,2007-10-24,112,2,93,93,https://racing.hkjc.com/en-us/local/information/otherhorse?horseid=HK_2003_D100&Option=1,2026-09-04T13:30:05Z
HK_2003_D100,2007-11-11,153,2,93,98,https://racing.hkjc.com/en-us/local/information/otherhorse?horseid=HK_2003_D100&Option=1,2026-09-04T13:30:05Z
HK_2003_D100,2008-03-09,454,1,98,98,https://racing.hkjc.com/en-us/local/information/otherhorse?horseid=HK_2003_D100&Option=1,2026-09-04T13:30:05Z
HK_2003_D103,2004-11-06,148,4,52,50,https://racing.hkjc.com/en-us/local/information/otherhorse?horseid=HK_2003_D103&Option=1,2026-09-04T13:21:19Z
HK_2003_D103,2004-12-01,215,4,50,47,https://racing.hkjc.com/en-us/local/information/otherhorse?horseid=HK_2003_D103&Option=1,2026-09-04T13:21:19Z
HK_2003_D103,2005-01-05,294,4,47,47,https://racing.hkjc.com/en-us/local/information/otherhorse?horseid=HK_2003_D103&Option=1,2026-09-04T13:21:19Z
HK_2003_D103,2005-01-26,350,4,47,47,https://racing.hkjc.com/en-us/local/information/otherhorse?horseid=HK_2003_D103&Option=1,2026-09-04T13:21:19Z
HK_2003_D103,2005-02-27,420,4,47,44,https://racing.hkjc.com/en-us/local/information/otherhorse?horseid=HK_2003_D103&Option=1,2026-09-04T13:21:19Z
HK_2003_D103,2005-04-09,525,4,44,41,https://racing.hkjc.com/en-us/local/information/otherhorse?horseid=HK_2003_D103&Option=1,2026-09-04T13:21:19Z
HK_2003_D103,2005-06-08,659,4,41,36,https://racing.hkjc.com/en-us/local/information/otherhorse?horseid=HK_2003_D103&Option=1,2026-09-04T13:21:19Z
HK_2003_D103,2005-10-19,100,5,36,36,https://racing.hkjc.com/en-us/local/information/otherhorse?horseid=HK_2003_D103&Option=1,2026-09-04T13:21:19Z
HK_2003_D103,2005-11-30,208,5,36,36,https://racing.hkjc.com/en-us/local/information/otherhorse?horseid=HK_2003_D103&Option=1,2026-09-04T13:21:19Z
HK_2003_D103,2005-12-03,216,5,36,36,https://racing.hkjc.com/en-us/local/information/otherhorse?horseid=HK_2003_D103&Option=1,2026-09-04T13:21:19Z
HK_2003_D103,2005-12-17,251,5,36,38,https://racing.hkjc.com/en-us/local/information/otherhorse?horseid=HK_2003_D103&Option=1,2026-09-04T13:21:19Z
HK_2003_D103,2006-01-01,278,5,38,43,https://racing.hkjc.com/en-us/local/information/otherhorse?horseid=HK_2003_D103&Option=1,2026-09-04T13:21:19Z
HK_2003_D103,2006-01-07,301,4,43,43,https://racing.hkjc.com/en-us/local/information/otherhorse?horseid=HK_2003_D103&Option=1,2026-09-04T13:21:19Z
HK_2003_D103,2006-01-31,355,4,43,43,https://racing.hkjc.com/en-us/local/information/otherhorse?horseid=HK_2003_D103&Option=1,2026-09-04T13:21:19Z
HK_2003_D103,2006-02-15,389,4,43,42,https://racing.hkjc.com/en-us/local/information/otherhorse?horseid=HK_2003_D103&Option=1,2026-09-04T13:21:19Z
HK_2003_D103,2006-02-22,408,4,42,42,https://racing.hkjc.com/en-us/local/information/otherhorse?horseid=HK_2003_D103&Option=1,2026-09-04T13:21:19Z
HK_2003_D103,2006-03-01,427,4,42,42,https://racing.hkjc.com/en-us/local/information/otherhorse?horseid=HK_2003_D103&Option=1,2026-09-04T13:21:19Z
HK_2003_D103,2006-03-15,454,4,42,41,https://racing.hkjc.com/en-us/local/information/otherhorse?horseid=HK_2003_D103&Option=1,2026-09-04T13:21:19Z
HK_2003_D103,2006-03-22,473,4,41,40,https://racing.hkjc.com/en-us/local/information/otherhorse?horseid=HK_2003_D103&Option=1,2026-09-04T13:21:19Z
HK_2003_D103,2006-04-26,555,5,40,39,https://racing.hkjc.com/en-us/local/information/otherhorse?horseid=HK_2003_D103&Option=1,2026-09-04T13:21:19Z
HK_2003_D103,2006-05-07,580,5,39,37,https://racing.hkjc.com/en-us/local/information/otherhorse?horseid=HK_2003_D103&Option=1,2026-09-04T13:21:19Z
HK_2003_D103,2006-06-07,653,5,37,34,https://racing.hkjc.com/en-us/local/information/otherhorse?horseid=HK_2003_D103&Option=1,2026-09-04T13:21:19Z
HK_2003_D106,2003-12-10,247,4,52,54,https://racing.hkjc.com/en-us/local/information/otherhorse?horseid=HK_2003_D106&Option=1,2026-09-04T13:29:52Z
HK_2003_D106,2004-01-07,313,4,54,63,https://racing.hkjc.com/en-us/local/information/otherhorse?horseid=HK_2003_D106&Option=1,2026-09-04T13:29:52Z
HK_2003_D106,2004-01-28,361,3,63,71,https://racing.hkjc.com/en-us/local/information/otherhorse?horseid=HK_2003_D106&Option=1,2026-09-04T13:29:52Z
HK_2003_D106,2004-02-22,423,3,71,74,https://racing.hkjc.com/en-us/local/information/otherhorse?horseid=HK_2003_D106&Option=1,2026-09-04T13:29:52Z
HK_2003_D106,2004-03-10,455,3,74,86,https://racing.hkjc.com/en-us/local/information/otherhorse?horseid=HK_2003_D106&Option=1,2026-09-04T13:29:52Z
HK_2003_D106,2004-04-17,536,2,86,98,https://racing.hkjc.com/en-us/local/information/otherhorse?horseid=HK_2003_D106&Option=1,2026-09-04T13:29:52Z
HK_2003_D106,2004-05-16,605,1,98,104,https://racing.hkjc.com/en-us/local/information/otherhorse?horseid=HK_2003_D106&Option=1,2026-09-04T13:29:52Z
HK_2003_D106,2004-09-05,7,1,104,106,https://racing.hkjc.com/en-us/local/information/otherhorse?horseid=HK_2003_D106&Option=1,2026-09-04T13:29:52Z
HK_2003_D106,2004-10-03,73,P,106,112,https://racing.hkjc.com/en-us/local/information/otherhorse?horseid=HK_2003_D106&Option=1,2026-09-04T13:29:52Z
HK_2003_D106,2004-10-30,136,P,112,113,https://racing.hkjc.com/en-us/local/information/otherhorse?horseid=HK_2003_D106&Option=1,2026-09-04T13:29:52Z
HK_2003_D106,2004-12-12,245,1,113,116,https://racing.hkjc.com/en-us/local/information/otherhorse?horseid=HK_2003_D106&Option=1,2026-09-04T13:29:52Z
HK_2003_D106,2005-01-01,290,GROUP-3,116,116,https://racing.hkjc.com/en-us/local/information/otherhorse?horseid=HK_2003_D106&Option=1,2026-09-04T13:29:52Z
HK_2003_D106,2005-02-11,388,4YO,116,116,https://racing.hkjc.com/en-us/local/information/otherhorse?horseid=HK_2003_D106&Option=1,2026-09-04T13:29:52Z
HK_2003_D106,2005-03-13,462,4YO,116,115,https://racing.hkjc.com/en-us/local/information/otherhorse?horseid=HK_2003_D106&Option=1,2026-09-04T13:29:52Z
HK_2003_D106,2005-04-24,561,3YO+,115,120,https://racing.hkjc.com/en-us/local/information/otherhorse?horseid=HK_2003_D106&Option=1,2026-09-04T13:29:52Z
HK_2003_D106,2005-05-14,606,3YO+,120,120,https://racing.hkjc.com/en-us/local/information/otherhorse?horseid=HK_2003_D106&Option=1,2026-09-04T13:29:52Z
HK_2003_D106,2005-09-04,3,1,120,120,https://racing.hkjc.com/en-us/local/information/otherhorse?horseid=HK_2003_D106&Option=1,2026-09-04T13:29:52Z
HK_2003_D106,2005-10-09,86,GROUP-3,120,119,https://racing.hkjc.com/en-us/local/information/otherhorse?horseid=HK_2003_D106&Option=1,2026-09-04T13:29:52Z
HK_2003_D106,2005-10-30,132,P,119,119,https://racing.hkjc.com/en-us/local/information/otherhorse?horseid=HK_2003_D106&Option=1,2026-09-04T13:29:52Z
HK_2003_D106,2005-11-20,187,3YO+,119,119,https://racing.hkjc.com/en-us/local/information/otherhorse?horseid=HK_2003_D106&Option=1,2026-09-04T13:29:52Z
HK_2003_D106,2005-12-11,239,3YO+,119,119,https://racing.hkjc.com/en-us/local/information/otherhorse?horseid=HK_2003_D106&Option=1,2026-09-04T13:29:52Z
HK_2003_D106,2006-01-01,284,GROUP-3,119,118,https://racing.hkjc.com/en-us/local/information/otherhorse?horseid=HK_2003_D106&Option=1,2026-09-04T13:29:52Z
HK_2003_D106,2006-03-26,486,3YO+,118,115,https://racing.hkjc.com/en-us/local/information/otherhorse?horseid=HK_2003_D106&Option=1,2026-09-04T13:29:52Z
HK_2003_D106,2006-04-15,532,3YO+,115,113,https://racing.hkjc.com/en-us/local/information/otherhorse?horseid=HK_2003_D106&Option=1,2026-09-04T13:29:52Z
HK_2003_D106,2006-06-04,651,1,113,106,https://racing.hkjc.com/en-us/local/information/otherhorse?horseid=HK_2003_D106&Option=1,2026-09-04T13:29:52Z
HK_2003_D106,2006-09-10,4,1,106,114,https://racing.hkjc.com/en-us/local/information/otherhorse?horseid=HK_2003_D106&Option=1,2026-09-04T13:29:52Z
HK_2003_D106,2006-10-01,54,GROUP-3,114,114,https://racing.hkjc.com/en-us/local/information/otherhorse?horseid=HK_2003_D106&Option=1,2026-09-04T13:29:52Z
HK_2003_D106,2007-03-04,427,3YO+,114,114,https://racing.hkjc.com/en-us/local/information/otherhorse?horseid=HK_2003_D106&Option=1,2026-09-04T13:29:52Z
HK_2003_D106,2007-04-22,541,GROUP-3,114,114,https://racing.hkjc.com/en-us/local/information/otherhorse?horseid=HK_2003_D106&Option=1,2026-09-04T13:29:52Z
HK_2003_D119,2004-03-07,441,GRIFFIN,,,https://racing.hkjc.com/en-us/local/information/otherhorse?horseid=HK_2003_D119&Option=1,2026-09-04T13:24:21Z
HK_2003_D119,2004-04-11,511,GRIFFIN,,,https://racing.hkjc.com/en-us/local/information/otherhorse?horseid=HK_2003_D119&Option=1,2026-09-04T13:24:21Z
HK_2003_D119,2004-05-08,581,GRIFFIN,,,https://racing.hkjc.com/en-us/local/information/otherhorse?horseid=HK_2003_D119&Option=1,2026-09-04T13:24:21Z
HK_2003_D119,2004-05-30,635,GRIFFIN,,51.0,https://racing.hkjc.com/en-us/local/information/otherhorse?horseid=HK_2003_D119&Option=1,2026-09-04T13:24:21Z
HK_2003_D119,2004-10-03,68,4,51.0,51.0,https://racing.hkjc.com/en-us/local/information/otherhorse?horseid=HK_2003_D119&Option=1,2026-09-04T13:24:21Z
HK_2003_D119,2005-01-01,285,4,51.0,48.0,https://racing.hkjc.com/en-us/local/information/otherhorse?horseid=HK_2003_D119&Option=1,2026-09-04T13:24:21Z
HK_2003_D119,2005-02-16,395,4,48.0,45.0,https://racing.hkjc.com/en-us/local/information/otherhorse?horseid=HK_2003_D119&Option=1,2026-09-04T13:24:21Z
HK_2003_D119,2005-03-05,442,4,45.0,42.0,https://racing.hkjc.com/en-us/local/information/otherhorse?horseid=HK_2003_D119&Option=1,2026-09-04T13:24:21Z
HK_2003_D119,2005-03-26,495,4,42.0,40.0,https://racing.hkjc.com/en-us/local/information/otherhorse?horseid=HK_2003_D119&Option=1,2026-09-04T13:24:21Z
HK_2003_D119,2005-04-09,524,4,40.0,38.0,https://racing.hkjc.com/en-us/local/information/otherhorse?horseid=HK_2003_D119&Option=1,2026-09-04T13:24:21Z
HK_2003_D119,2005-06-05,648,5,38.0,36.0,https://racing.hkjc.com/en-us/local/information/otherhorse?horseid=HK_2003_D119&Option=1,2026-09-04T13:24:21Z
HK_2003_D119,2005-06-12,668,5,36.0,29.0,https://racing.hkjc.com/en-us/local/information/otherhorse?horseid=HK_2003_D119&Option=1,2026-09-04T13:24:21Z
HK_2003_D119,2005-09-17,37,5,29.0,29.0,https://racing.hkjc.com/en-us/local/information/otherhorse?horseid=HK_2003_D119&Option=1,2026-09-04T13:24:21Z
HK_2003_D119,2005-10-22,109,5,29.0,27.0,https://racing.hkjc.com/en-us/local/information/otherhorse?horseid=HK_2003_D119&Option=1,2026-09-04T13:24:21Z
HK_2003_D119,2005-12-17,251,5,27.0,26.0,https://racing.hkjc.com/en-us/local/information/otherhorse?horseid=HK_2003_D119&Option=1,2026-09-04T13:24:21Z
HK_2003_D119,2006-01-01,280,5,26.0,24.0,https://racing.hkjc.com/en-us/local/information/otherhorse?horseid=HK_2003_D119&Option=1,2026-09-04T13:24:21Z
HK_2003_D119,2006-01-31,353,5,24.0,23.0,https://racing.hkjc.com/en-us/local/information/otherhorse?horseid=HK_2003_D119&Option=1,2026-09-04T13:24:21Z
HK_2003_D119,2006-02-11,381,5,23.0,21.0,https://racing.hkjc.com/en-us/local/information/otherhorse?horseid=HK_2003_D119&Option=1,2026-09-04T13:24:21Z
HK_2003_D119,2006-03-04,436,5,21.0,19.0,https://racing.hkjc.com/en-us/local/information/otherhorse?horseid=HK_2003_D119&Option=1,2026-09-04T13:24:21Z
HK_2003_D119,2006-03-12,444,5,19.0,17.0,https://racing.hkjc.com/en-us/local/information/otherhorse?horseid=HK_2003_D119&Option=1,2026-09-04T13:24:21Z
HK_2003_D119,2006-03-29,490,5,17.0,17.0,https://racing.hkjc.com/en-us/local/information/otherhorse?horseid=HK_2003_D119&Option=1,2026-09-04T13:24:21Z
HK_2003_D130,2004-05-22,616,4,52,47,https://racing.hkjc.com/en-us/local/information/otherhorse?horseid=HK_2003_D130&Option=1,2026-09-04T13:21:51Z
HK_2003_D130,2005-01-08,301,4,47,45,https://racing.hkjc.com/en-us/local/information/otherhorse?horseid=HK_2003_D130&Option=1,2026-09-04T13:21:51Z
HK_2003_D130,2005-03-16,467,4,45,43,https://racing.hkjc.com/en-us/local/information/otherhorse?horseid=HK_2003_D130&Option=1,2026-09-04T13:21:51Z
HK_2003_D130,2005-05-04,575,4,43,41,https://racing.hkjc.com/en-us/local/information/otherhorse?horseid=HK_2003_D130&Option=1,2026-09-04T13:21:51Z
HK_2003_D130,2005-06-18,678,4,41,38,https://racing.hkjc.com/en-us/local/information/otherhorse?horseid=HK_2003_D130&Option=1,2026-09-04T13:21:51Z
HK_2003_D130,2005-10-16,90,5,38,40,https://racing.hkjc.com/en-us/local/information/otherhorse?horseid=HK_2003_D130&Option=1,2026-09-04T13:21:51Z
HK_2003_D130,2005-10-30,127,5,40,40,https://racing.hkjc.com/en-us/local/information/otherhorse?horseid=HK_2003_D130&Option=1,2026-09-04T13:21:51Z
HK_2003_D130,2006-01-01,278,5,40,39,https://racing.hkjc.com/en-us/local/information/otherhorse?horseid=HK_2003_D130&Option=1,2026-09-04T13:21:51Z
HK_2003_D130,2006-04-08,511,5,39,39,https://racing.hkjc.com/en-us/local/information/otherhorse?horseid=HK_2003_D130&Option=1,2026-09-04T13:21:51Z
HK_2003_D130,2006-05-21,618,5,39,45,https://racing.hkjc.com/en-us/local/information/otherhorse?horseid=HK_2003_D130&Option=1,2026-09-04T13:21:51Z
HK_2003_D130,2006-06-17,676,4,45,54,https://racing.hkjc.com/en-us/local/information/otherhorse?horseid=HK_2003_D130&Option=1,2026-09-04T13:21:51Z
HK_2003_D130,2006-09-10,6,4,54,61,https://racing.hkjc.com/en-us/local/information/otherhorse?horseid=HK_2003_D130&Option=1,2026-09-04T13:21:51Z
HK_2003_D130,2006-10-07,70,3,61,61,https://racing.hkjc.com/en-us/local/information/otherhorse?horseid=HK_2003_D130&Option=1,2026-09-04T13:21:51Z
HK_2003_D130,2006-11-04,131,3,61,61,https://racing.hkjc.com/en-us/local/information/otherhorse?horseid=HK_2003_D130&Option=1,2026-09-04T13:21:51Z
HK_2003_D130,2006-12-13,235,3,61,60,https://racing.hkjc.com/en-us/local/information/otherhorse?horseid=HK_2003_D130&Option=1,2026-09-04T13:21:51Z
HK_2003_D130,2007-01-01,278,4,60,59,https://racing.hkjc.com/en-us/local/information/otherhorse?horseid=HK_2003_D130&Option=1,2026-09-04T13:21:51Z
HK_2003_D130,2007-01-14,306,4,59,66,https://racing.hkjc.com/en-us/local/information/otherhorse?horseid=HK_2003_D130&Option=1,2026-09-04T13:21:51Z
HK_2003_D130,2007-02-20,400,3,66,66,https://racing.hkjc.com/en-us/local/information/otherhorse?horseid=HK_2003_D130&Option=1,2026-09-04T13:21:51Z
HK_2003_D130,2007-03-21,473,3,66,68,https://racing.hkjc.com/en-us/local/information/otherhorse?horseid=HK_2003_D130&Option=1,2026-09-04T13:21:51Z
HK_2003_D130,2007-03-31,491,3,68,68,https://racing.hkjc.com/en-us/local/information/otherhorse?horseid=HK_2003_D130&Option=1,2026-09-04T13:21:51Z
HK_2003_D130,2007-04-22,543,3,68,68,https://racing.hkjc.com/en-us/local/information/otherhorse?horseid=HK_2003_D130&Option=1,2026-09-04T13:21:51Z
HK_2003_D130,2007-05-27,640,3,68,69,https://racing.hkjc.com/en-us/local/information/otherhorse?horseid=HK_2003_D130&Option=1,2026-09-04T13:21:51Z
HK_2003_D130,2007-06-24,705,3,69,69,https://racing.hkjc.com/en-us/local/information/otherhorse?horseid=HK_2003_D130&Option=1,2026-09-04T13:21:51Z
HK_2003_D130,2007-09-09,9,3,69,69,https://racing.hkjc.com/en-us/local/information/otherhorse?horseid=HK_2003_D130&Option=1,2026-09-04T13:21:51Z
HK_2003_D130,2007-09-23,46,3,69,75,https://racing.hkjc.com/en-us/local/information/otherhorse?horseid=HK_2003_D130&Option=1,2026-09-04T13:21:51Z
HK_2003_D130,2007-10-24,113,3,75,75,https://racing.hkjc.com/en-us/local/information/otherhorse?horseid=HK_2003_D130&Option=1,2026-09-04T13:21:51Z
HK_2003_D130,2007-11-21,185,3,75,75,https://racing.hkjc.com/en-us/local/information/otherhorse?horseid=HK_2003_D130&Option=1,2026-09-04T13:21:51Z
HK_2003_D130,2007-12-12,240,3,75,75,https://racing.hkjc.com/en-us/local/information/otherhorse?horseid=HK_2003_D130&Option=1,2026-09-04T13:21:51Z
HK_2003_D130,2008-01-09,305,3,75,81,https://racing.hkjc.com/en-us/local/information/otherhorse?horseid=HK_2003_D130&Option=1,2026-09-04T13:21:51Z
HK_2003_D130,2008-02-13,389,2,81,81,https://racing.hkjc.com/en-us/local/information/otherhorse?horseid=HK_2003_D130&Option=1,2026-09-04T13:21:51Z
HK_2003_D130,2008-02-27,426,2,81,83,https://racing.hkjc.com/en-us/local/information/otherhorse?horseid=HK_2003_D130&Option=1,2026-09-04T13:21:51Z
HK_2003_D130,2008-03-19,476,2,83,83,https://racing.hkjc.com/en-us/local/information/otherhorse?horseid=HK_2003_D130&Option=1,2026-09-04T13:21:51Z
HK_2003_D130,2008-04-09,528,2,83,82,https://racing.hkjc.com/en-us/local/information/otherhorse?horseid=HK_2003_D130&Option=1,2026-09-04T13:21:51Z
HK_2003_D130,2008-05-07,586,2,82,81,https://racing.hkjc.com/en-us/local/information/otherhorse?horseid=HK_2003_D130&Option=1,2026-09-04T13:21:51Z
HK_2003_D130,2008-05-28,632,3,81,86,https://racing.hkjc.com/en-us/local/information/otherhorse?horseid=HK_2003_D130&Option=1,2026-09-04T13:21:51Z
HK_2003_D130,2008-06-05,653,2,86,86,https://racing.hkjc.com/en-us/local/information/otherhorse?horseid=HK_2003_D130&Option=1,2026-09-04T13:21:51Z
HK_2003_D130,2008-06-18,690,2,86,86,https://racing.hkjc.com/en-us/local/information/otherhorse?horseid=HK_2003_D130&Option=1,2026-09-04T13:21:51Z
HK_2003_D130,2008-09-21,25,2,86,86,https://racing.hkjc.com/en-us/local/information/otherhorse?horseid=HK_2003_D130&Option=1,2026-09-04T13:21:51Z
HK_2003_D130,2008-09-24,36,2,86,86,https://racing.hkjc.com/en-us/local/information/otherhorse?horseid=HK_2003_D130&Option=1,2026-09-04T13:21:51Z
HK_2003_D130,2008-10-08,69,2,86,89,https://racing.hkjc.com/en-us/local/information/otherhorse?horseid=HK_2003_D130&Option=1,2026-09-04T13:21:51Z
HK_2003_D130,2008-10-19,104,1,89,89,https://racing.hkjc.com/en-us/local/information/otherhorse?horseid=HK_2003_D130&Option=1,2026-09-04T13:21:51Z
HK_2003_D130,2008-12-03,207,2,89,90,https://racing.hkjc.com/en-us/local/information/otherhorse?horseid=HK_2003_D130&Option=1,2026-09-04T13:21:51Z
HK_2003_D130,2008-12-10,225,1,90,90,https://racing.hkjc.com/en-us/local/information/otherhorse?horseid=HK_2003_D130&Option=1,2026-09-04T13:21:51Z
HK_2003_D130,2009-01-14,309,2,90,89,https://racing.hkjc.com/en-us/local/information/otherhorse?horseid=HK_2003_D130&Option=1,2026-09-04T13:21:51Z
HK_2003_D130,2009-02-01,356,2,89,87,https://racing.hkjc.com/en-us/local/information/otherhorse?horseid=HK_2003_D130&Option=1,2026-09-04T13:21:51Z
HK_2003_D130,2009-02-11,386,2,87,87,https://racing.hkjc.com/en-us/local/information/otherhorse?horseid=HK_2003_D130&Option=1,2026-09-04T13:21:51Z
HK_2003_D130,2009-02-25,421,1,87,87,https://racing.hkjc.com/en-us/local/information/otherhorse?horseid=HK_2003_D130&Option=1,2026-09-04T13:21:51Z
HK_2003_D130,2009-03-11,460,1,87,86,https://racing.hkjc.com/en-us/local/information/otherhorse?horseid=HK_2003_D130&Option=1,2026-09-04T13:21:51Z
HK_2003_D130,2009-04-05,516,1,86,84,https://racing.hkjc.com/en-us/local/information/otherhorse?horseid=HK_2003_D130&Option=1,2026-09-04T13:21:51Z
HK_2003_D130,2009-05-06,590,3,84,82,https://racing.hkjc.com/en-us/local/information/otherhorse?horseid=HK_2003_D130&Option=1,2026-09-04T13:21:51Z
HK_2003_D130,2009-05-21,628,3,82,83,https://racing.hkjc.com/en-us/local/information/otherhorse?horseid=HK_2003_D130&Option=1,2026-09-04T13:21:51Z
HK_2003_D130,2009-06-28,718,3,83,80,https://racing.hkjc.com/en-us/local/information/otherhorse?horseid=HK_2003_D130&Option=1,2026-09-04T13:21:51Z
HK_2003_D130,2009-09-13,9,2,80,80,https://racing.hkjc.com/en-us/local/information/otherhorse?horseid=HK_2003_D130&Option=1,2026-09-04T13:21:51Z
HK_2003_D130,2009-09-23,35,3,80,79,https://racing.hkjc.com/en-us/local/information/otherhorse?horseid=HK_2003_D130&Option=1,2026-09-04T13:21:51Z
HK_2003_D130,2009-10-14,91,3,79,86,https://racing.hkjc.com/en-us/local/information/otherhorse?horseid=HK_2003_D130&Option=1,2026-09-04T13:21:51Z
HK_2003_D130,2009-11-11,155,2,86,86,https://racing.hkjc.com/en-us/local/information/otherhorse?horseid=HK_2003_D130&Option=1,2026-09-04T13:21:51Z
HK_2003_D130,2009-11-25,192,2,86,86,https://racing.hkjc.com/en-us/local/information/otherhorse?horseid=HK_2003_D130&Option=1,2026-09-04T13:21:51Z
HK_2003_D130,2009-12-09,228,2,86,85,https://racing.hkjc.com/en-us/local/information/otherhorse?horseid=HK_2003_D130&Option=1,2026-09-04T13:21:51Z
HK_2003_D130,2009-12-27,273,1,85,83,https://racing.hkjc.com/en-us/local/information/otherhorse?horseid=HK_2003_D130&Option=1,2026-09-04T13:21:51Z
HK_2003_D130,2010-01-16,320,2,83,81,https://racing.hkjc.com/en-us/local/information/otherhorse?horseid=HK_2003_D130&Option=1,2026-09-04T13:21:51Z
HK_2003_D130,2010-01-31,353,3,81,79,https://racing.hkjc.com/en-us/local/information/otherhorse?horseid=HK_2003_D130&Option=1,2026-09-04T13:21:51Z
HK_2003_D130,2010-02-21,401,3,79,80,https://racing.hkjc.com/en-us/local/information/otherhorse?horseid=HK_2003_D130&Option=1,2026-09-04T13:21:51Z
HK_2003_D130,2010-03-03,429,3,80,80,https://racing.hkjc.com/en-us/local/information/otherhorse?horseid=HK_2003_D130&Option=1,2026-09-04T13:21:51Z
HK_2003_D130,2010-03-14,458,2,80,79,https://racing.hkjc.com/en-us/local/information/otherhorse?horseid=HK_2003_D130&Option=1,2026-09-04T13:21:51Z
HK_2003_D130,2010-03-21,476,3,79,77,https://racing.hkjc.com/en-us/local/information/otherhorse?horseid=HK_2003_D130&Option=1,2026-09-04T13:21:51Z
HK_2003_D130,2010-04-28,566,3,77,75,https://racing.hkjc.com/en-us/local/information/otherhorse?horseid=HK_2003_D130&Option=1,2026-09-04T13:21:51Z
HK_2003_D130,2010-05-08,596,3,75,73,https://racing.hkjc.com/en-us/local/information/otherhorse?horseid=HK_2003_D130&Option=1,2026-09-04T13:21:51Z
HK_2003_D130,2010-05-26,640,3,73,72,https://racing.hkjc.com/en-us/local/information/otherhorse?horseid=HK_2003_D130&Option=1,2026-09-04T13:21:51Z
HK_2003_D130,2010-06-02,656,3,72,70,https://racing.hkjc.com/en-us/local/information/otherhorse?horseid=HK_2003_D130&Option=1,2026-09-04T13:21:51Z
HK_2003_D130,2010-06-20,705,3,70,68,https://racing.hkjc.com/en-us/local/information/otherhorse?horseid=HK_2003_D130&Option=1,2026-09-04T13:21:51Z
HK_2003_D130,2010-07-01,727,3,68,65,https://racing.hkjc.com/en-us/local/information/otherhorse?horseid=HK_2003_D130&Option=1,2026-09-04T13:21:51Z
HK_2003_D130,2010-07-11,758,3,65,60,https://racing.hkjc.com/en-us/local/information/otherhorse?horseid=HK_2003_D130&Option=1,2026-09-04T13:21:51Z
HK_2003_D130,2010-09-05,2,4,60,60,https://racing.hkjc.com/en-us/local/information/otherhorse?horseid=HK_2003_D130&Option=1,2026-09-04T13:21:51Z
HK_2003_D130,2010-09-15,34,4,60,60,https://racing.hkjc.com/en-us/local/information/otherhorse?horseid=HK_2003_D130&Option=1,2026-09-04T13:21:51Z
HK_2003_D130,2010-10-06,80,4,60,58,https://racing.hkjc.com/en-us/local/information/otherhorse?horseid=HK_2003_D130&Option=1,2026-09-04T13:21:51Z
HK_2003_D130,2010-11-24,196,4,58,55,https://racing.hkjc.com/en-us/local/information/otherhorse?horseid=HK_2003_D130&Option=1,2026-09-04T13:21:51Z
HK_2003_D130,2010-12-27,278,4,55,53,https://racing.hkjc.com/en-us/local/information/otherhorse?horseid=HK_2003_D130&Option=1,2026-09-04T13:21:51Z
HK_2003_D130,2011-02-05,373,4,53,51,https://racing.hkjc.com/en-us/local/information/otherhorse?horseid=HK_2003_D130&Option=1,2026-09-04T13:21:51Z
HK_2003_D130,2011-02-12,390,4,51,49,https://racing.hkjc.com/en-us/local/information/otherhorse?horseid=HK_2003_D130&Option=1,2026-09-04T13:21:51Z
HK_2003_D130,2011-02-23,415,4,49,54,https://racing.hkjc.com/en-us/local/information/otherhorse?horseid=HK_2003_D130&Option=1,2026-09-04T13:21:51Z
HK_2003_D130,2011-03-06,442,4,54,54,https://racing.hkjc.com/en-us/local/information/otherhorse?horseid=HK_2003_D130&Option=1,2026-09-04T13:21:51Z
HK_2003_D130,2011-03-30,506,4,54,54,https://racing.hkjc.com/en-us/local/information/otherhorse?horseid=HK_2003_D130&Option=1,2026-09-04T13:21:51Z
HK_2003_D130,2011-04-20,563,4,54,53,https://racing.hkjc.com/en-us/local/information/otherhorse?horseid=HK_2003_D130&Option=1,2026-09-04T13:21:51Z
HK_2003_D130,2011-05-10,613,4,53,52,https://racing.hkjc.com/en-us/local/information/otherhorse?horseid=HK_2003_D130&Option=1,2026-09-04T13:21:51Z
HK_2003_D130,2011-05-29,658,4,52,50,https://racing.hkjc.com/en-us/local/information/otherhorse?horseid=HK_2003_D130&Option=1,2026-09-04T13:21:51Z
HK_2003_D130,2011-06-22,723,4,50,48,https://racing.hkjc.com/en-us/local/information/otherhorse?horseid=HK_2003_D130&Option=1,2026-09-04T13:21:51Z
HK_2003_D166,2004-03-21,475,4,52,66,https://racing.hkjc.com/en-us/local/information/otherhorse?horseid=HK_2003_D166&Option=1,2026-09-04T13:31:50Z
HK_2003_D166,2004-04-11,518,3,66,76,https://racing.hkjc.com/en-us/local/information/otherhorse?horseid=HK_2003_D166&Option=1,2026-09-04T13:31:50Z
HK_2003_D166,2004-05-08,588,3,76,77,https://racing.hkjc.com/en-us/local/information/otherhorse?horseid=HK_2003_D166&Option=1,2026-09-04T13:31:50Z
HK_2003_D166,2004-06-06,659,2,77,77,https://racing.hkjc.com/en-us/local/information/otherhorse?horseid=HK_2003_D166&Option=1,2026-09-04T13:31:50Z
HK_2003_D166,2004-09-05,10,2,77,84,https://racing.hkjc.com/en-us/local/information/otherhorse?horseid=HK_2003_D166&Option=1,2026-09-04T13:31:50Z
HK_2003_D166,2004-09-25,55,1,84,88,https://racing.hkjc.com/en-us/local/information/otherhorse?horseid=HK_2003_D166&Option=1,2026-09-04T13:31:50Z
HK_2003_D166,2004-10-09,92,2,88,88,https://racing.hkjc.com/en-us/local/information/otherhorse?horseid=HK_2003_D166&Option=1,2026-09-04T13:31:50Z
HK_2003_D166,2004-11-14,175,2,88,88,https://racing.hkjc.com/en-us/local/information/otherhorse?horseid=HK_2003_D166&Option=1,2026-09-04T13:31:50Z
HK_2003_D166,2004-11-28,210,2,88,89,https://racing.hkjc.com/en-us/local/information/otherhorse?horseid=HK_2003_D166&Option=1,2026-09-04T13:31:50Z
HK_2003_D166,2004-12-12,242,2,89,91,https://racing.hkjc.com/en-us/local/information/otherhorse?horseid=HK_2003_D166&Option=1,2026-09-04T13:31:50Z
HK_2003_D166,2005-01-16,326,2,91,96,https://racing.hkjc.com/en-us/local/information/otherhorse?horseid=HK_2003_D166&Option=1,2026-09-04T13:31:50Z
HK_2003_D166,2005-01-30,359,4YO+,96,96,https://racing.hkjc.com/en-us/local/information/otherhorse?horseid=HK_2003_D166&Option=1,2026-09-04T13:31:50Z
HK_2003_D166,2005-02-27,425,3YO+,96,96,https://racing.hkjc.com/en-us/local/information/otherhorse?horseid=HK_2003_D166&Option=1,2026-09-04T13:31:50Z
HK_2003_D166,2005-03-26,499,2,96,96,https://racing.hkjc.com/en-us/local/information/otherhorse?horseid=HK_2003_D166&Option=1,2026-09-04T13:31:50Z
HK_2003_D166,2005-04-09,527,1,96,101,https://racing.hkjc.com/en-us/local/information/otherhorse?horseid=HK_2003_D166&Option=1,2026-09-04T13:31:50Z
HK_2003_D166,2005-05-01,571,1,101,101,https://racing.hkjc.com/en-us/local/information/otherhorse?horseid=HK_2003_D166&Option=1,2026-09-04T13:31:50Z
HK_2003_D166,2005-05-21,625,GROUP-3,101,101,https://racing.hkjc.com/en-us/local/information/otherhorse?horseid=HK_2003_D166&Option=1,2026-09-04T13:31:50Z
HK_2003_D166,2005-06-18,683,1,101,101,https://racing.hkjc.com/en-us/local/information/otherhorse?horseid=HK_2003_D166&Option=1,2026-09-04T13:31:50Z
HK_2003_D166,2005-09-04,3,1,101,101,https://racing.hkjc.com/en-us/local/information/otherhorse?horseid=HK_2003_D166&Option=1,2026-09-04T13:31:50Z
HK_2003_D166,2005-11-27,205,1,101,99,https://racing.hkjc.com/en-us/local/information/otherhorse?horseid=HK_2003_D166&Option=1,2026-09-04T13:31:50Z
HK_2003_D166,2005-12-17,256,1,99,97,https://racing.hkjc.com/en-us/local/information/otherhorse?horseid=HK_2003_D166&Option=1,2026-09-04T13:31:50Z
HK_2003_D166,2006-01-01,286,2,97,99,https://racing.hkjc.com/en-us/local/information/otherhorse?horseid=HK_2003_D166&Option=1,2026-09-04T13:31:50Z
HK_2003_D166,2006-01-07,303,2,99,99,https://racing.hkjc.com/en-us/local/information/otherhorse?horseid=HK_2003_D166&Option=1,2026-09-04T13:31:50Z
HK_2003_D166,2006-02-05,368,2,99,98,https://racing.hkjc.com/en-us/local/information/otherhorse?horseid=HK_2003_D166&Option=1,2026-09-04T13:31:50Z
HK_2003_D166,2006-02-26,419,1,98,97,https://racing.hkjc.com/en-us/local/information/otherhorse?horseid=HK_2003_D166&Option=1,2026-09-04T13:31:50Z
HK_2003_D166,2006-03-26,484,1,97,97,https://racing.hkjc.com/en-us/local/information/otherhorse?horseid=HK_2003_D166&Option=1,2026-09-04T13:31:50Z
HK_2003_D166,2006-04-08,514,1,97,97,https://racing.hkjc.com/en-us/local/information/otherhorse?horseid=HK_2003_D166&Option=1,2026-09-04T13:31:50Z
HK_2003_D166,2006-04-30,568,1,97,97,https://racing.hkjc.com/en-us/local/information/otherhorse?horseid=HK_2003_D166&Option=1,2026-09-04T13:31:50Z
HK_2003_D166,2006-06-04,651,1,97,96,https://racing.hkjc.com/en-us/local/information/otherhorse?horseid=HK_2003_D166&Option=1,2026-09-04T13:31:50Z
HK_2003_D166,2006-06-25,688,1,96,91,https://racing.hkjc.com/en-us/local/information/otherhorse?horseid=HK_2003_D166&Option=1,2026-09-04T13:31:50Z
HK_2003_D166,2006-09-10,7,2,91,91,https://racing.hkjc.com/en-us/local/information/otherhorse?horseid=HK_2003_D166&Option=1,2026-09-04T13:31:50Z
HK_2003_D166,2006-09-24,38,2,91,90,https://racing.hkjc.com/en-us/local/information/otherhorse?horseid=HK_2003_D166&Option=1,2026-09-04T13:31:50Z
HK_2003_D166,2006-11-12,156,2,90,88,https://racing.hkjc.com/en-us/local/information/otherhorse?horseid=HK_2003_D166&Option=1,2026-09-04T13:31:50Z
HK_2003_D166,2006-12-02,210,2,88,86,https://racing.hkjc.com/en-us/local/information/otherhorse?horseid=HK_2003_D166&Option=1,2026-09-04T13:31:50Z
HK_2003_D166,2007-01-07,293,2,86,84,https://racing.hkjc.com/en-us/local/information/otherhorse?horseid=HK_2003_D166&Option=1,2026-09-04T13:31:50Z
HK_2003_D166,2007-03-04,426,2,84,84,https://racing.hkjc.com/en-us/local/information/otherhorse?horseid=HK_2003_D166&Option=1,2026-09-04T13:31:50Z
HK_2003_D166,2007-03-25,486,1,84,81,https://racing.hkjc.com/en-us/local/information/otherhorse?horseid=HK_2003_D166&Option=1,2026-09-04T13:31:50Z
HK_2003_D166,2007-04-22,540,2,81,79,https://racing.hkjc.com/en-us/local/information/otherhorse?horseid=HK_2003_D166&Option=1,2026-09-04T13:31:50Z
HK_2003_D177,2004-05-22,616,4,52,47,https://racing.hkjc.com/en-us/local/information/otherhorse?horseid=HK_2003_D177&Option=1,2026-09-04T13:32:20Z
HK_2003_D177,2004-09-11,21,4,47,47,https://racing.hkjc.com/en-us/local/information/otherhorse?horseid=HK_2003_D177&Option=1,2026-09-04T13:32:20Z
HK_2003_D177,2004-09-19,39,4,47,49,https://racing.hkjc.com/en-us/local/information/otherhorse?horseid=HK_2003_D177&Option=1,2026-09-04T13:32:20Z
HK_2003_D177,2004-09-29,63,4,49,49,https://racing.hkjc.com/en-us/local/information/otherhorse?horseid=HK_2003_D177&Option=1,2026-09-04T13:32:20Z
HK_2003_D177,2004-10-17,95,4,49,55,https://racing.hkjc.com/en-us/local/information/otherhorse?horseid=HK_2003_D177&Option=1,2026-09-04T13:32:20Z
HK_2003_D177,2004-11-10,161,4,55,55,https://racing.hkjc.com/en-us/local/information/otherhorse?horseid=HK_2003_D177&Option=1,2026-09-04T13:32:20Z
HK_2003_D177,2004-11-28,202,4,55,55,https://racing.hkjc.com/en-us/local/information/otherhorse?horseid=HK_2003_D177&Option=1,2026-09-04T13:32:20Z
HK_2003_D177,2004-12-26,273,4,55,55,https://racing.hkjc.com/en-us/local/information/otherhorse?horseid=HK_2003_D177&Option=1,2026-09-04T13:32:20Z
HK_2003_D177,2005-01-08,300,4,55,57,https://racing.hkjc.com/en-us/local/information/otherhorse?horseid=HK_2003_D177&Option=1,2026-09-04T13:32:20Z
HK_2003_D177,2005-01-16,320,4,57,58,https://racing.hkjc.com/en-us/local/information/otherhorse?horseid=HK_2003_D177&Option=1,2026-09-04T13:32:20Z
HK_2003_D177,2005-01-30,357,4,58,70,https://racing.hkjc.com/en-us/local/information/otherhorse?horseid=HK_2003_D177&Option=1,2026-09-04T13:32:20Z
HK_2003_D177,2005-02-20,408,3,70,82,https://racing.hkjc.com/en-us/local/information/otherhorse?horseid=HK_2003_D177&Option=1,2026-09-04T13:32:20Z
HK_2003_D177,2005-03-16,472,2,82,82,https://racing.hkjc.com/en-us/local/information/otherhorse?horseid=HK_2003_D177&Option=1,2026-09-04T13:32:20Z
HK_2003_D177,2005-11-27,203,2,82,82,https://racing.hkjc.com/en-us/local/information/otherhorse?horseid=HK_2003_D177&Option=1,2026-09-04T13:32:20Z
HK_2003_D177,2005-12-17,259,2,82,82,https://racing.hkjc.com/en-us/local/information/otherhorse?horseid=HK_2003_D177&Option=1,2026-09-04T13:32:20Z
HK_2003_D177,2006-01-01,286,2,82,82,https://racing.hkjc.com/en-us/local/information/otherhorse?horseid=HK_2003_D177&Option=1,2026-09-04T13:32:20Z
HK_2003_D177,2006-01-07,305,2,82,85,https://racing.hkjc.com/en-us/local/information/otherhorse?horseid=HK_2003_D177&Option=1,2026-09-04T13:32:20Z
HK_2003_D177,2006-01-31,359,2,85,85,https://racing.hkjc.com/en-us/local/information/otherhorse?horseid=HK_2003_D177&Option=1,2026-09-04T13:32:20Z
HK_2003_D177,2006-03-01,432,2,85,85,https://racing.hkjc.com/en-us/local/information/otherhorse?horseid=HK_2003_D177&Option=1,2026-09-04T13:32:20Z
HK_2003_D177,2006-03-29,497,2,85,85,https://racing.hkjc.com/en-us/local/information/otherhorse?horseid=HK_2003_D177&Option=1,2026-09-04T13:32:20Z
HK_2003_D177,2006-04-23,552,2,85,85,https://racing.hkjc.com/en-us/local/information/otherhorse?horseid=HK_2003_D177&Option=1,2026-09-04T13:32:20Z
HK_2003_D177,2006-05-03,579,2,85,82,https://racing.hkjc.com/en-us/local/information/otherhorse?horseid=HK_2003_D177&Option=1,2026-09-04T13:32:20Z
HK_2003_D195,2004-04-25,548,3,68,66,https://racing.hkjc.com/en-us/local/information/otherhorse?horseid=HK_2003_D195&Option=1,2026-09-04T13:23:59Z
HK_2003_D195,2004-05-12,596,3,66,63,https://racing.hkjc.com/en-us/local/information/otherhorse?horseid=HK_2003_D195&Option=1,2026-09-04T13:23:59Z
HK_2003_D195,2004-06-16,685,3,63,53,https://racing.hkjc.com/en-us/local/information/otherhorse?horseid=HK_2003_D195&Option=1,2026-09-04T13:23:59Z
HK_2003_D195,2004-09-08,13,4,53,53,https://racing.hkjc.com/en-us/local/information/otherhorse?horseid=HK_2003_D195&Option=1,2026-09-04T13:23:59Z
HK_2003_D195,2004-09-19,37,4,53,51,https://racing.hkjc.com/en-us/local/information/otherhorse?horseid=HK_2003_D195&Option=1,2026-09-04T13:23:59Z
HK_2003_D195,2004-10-06,81,4,51,49,https://racing.hkjc.com/en-us/local/information/otherhorse?horseid=HK_2003_D195&Option=1,2026-09-04T13:23:59Z
HK_2003_D195,2004-10-23,117,4,49,46,https://racing.hkjc.com/en-us/local/information/otherhorse?horseid=HK_2003_D195&Option=1,2026-09-04T13:23:59Z
HK_2003_D195,2004-11-02,144,4,46,45,https://racing.hkjc.com/en-us/local/information/otherhorse?horseid=HK_2003_D195&Option=1,2026-09-04T13:23:59Z
HK_2003_D195,2004-11-17,180,4,45,44,https://racing.hkjc.com/en-us/local/information/otherhorse?horseid=HK_2003_D195&Option=1,2026-09-04T13:23:59Z
HK_2003_D195,2004-12-04,225,4,44,42,https://racing.hkjc.com/en-us/local/information/otherhorse?horseid=HK_2003_D195&Option=1,2026-09-04T13:23:59Z
HK_2003_D195,2004-12-22,266,4,42,41,https://racing.hkjc.com/en-us/local/information/otherhorse?horseid=HK_2003_D195&Option=1,2026-09-04T13:23:59Z
HK_2003_D195,2005-01-12,314,4,41,40,https://racing.hkjc.com/en-us/local/information/otherhorse?horseid=HK_2003_D195&Option=1,2026-09-04T13:23:59Z
HK_2003_D195,2005-02-02,367,4,40,39,https://racing.hkjc.com/en-us/local/information/otherhorse?horseid=HK_2003_D195&Option=1,2026-09-04T13:23:59Z
HK_2003_D195,2005-02-16,392,5,39,39,https://racing.hkjc.com/en-us/local/information/otherhorse?horseid=HK_2003_D195&Option=1,2026-09-04T13:23:59Z
HK_2003_D195,2005-03-09,448,5,39,39,https://racing.hkjc.com/en-us/local/information/otherhorse?horseid=HK_2003_D195&Option=1,2026-09-04T13:23:59Z
HK_2003_D195,2005-04-06,514,5,39,38,https://racing.hkjc.com/en-us/local/information/otherhorse?horseid=HK_2003_D195&Option=1,2026-09-04T13:23:59Z
HK_2003_D195,2005-04-20,548,5,38,39,https://racing.hkjc.com/en-us/local/information/otherhorse?horseid=HK_2003_D195&Option=1,2026-09-04T13:23:59Z
HK_2003_D195,2005-05-18,611,5,39,39,https://racing.hkjc.com/en-us/local/information/otherhorse?horseid=HK_2003_D195&Option=1,2026-09-04T13:23:59Z
HK_2003_D195,2005-06-01,642,5,39,38,https://racing.hkjc.com/en-us/local/information/otherhorse?horseid=HK_2003_D195&Option=1,2026-09-04T13:23:59Z
HK_2003_D195,2005-06-18,676,5,38,36,https://racing.hkjc.com/en-us/local/information/otherhorse?horseid=HK_2003_D195&Option=1,2026-09-04T13:23:59Z
HK_2003_D195,2005-09-14,27,5,36,36,https://racing.hkjc.com/en-us/local/information/otherhorse?horseid=HK_2003_D195&Option=1,2026-09-04T13:23:59Z
HK_2003_D195,2005-09-17,37,5,36,35,https://racing.hkjc.com/en-us/local/information/otherhorse?horseid=HK_2003_D195&Option=1,2026-09-04T13:23:59Z
HK_2003_D195,2005-10-22,109,5,35,33,https://racing.hkjc.com/en-us/local/information/otherhorse?horseid=HK_2003_D195&Option=1,2026-09-04T13:23:59Z
HK_2003_D195,2005-10-30,127,5,33,31,https://racing.hkjc.com/en-us/local/information/otherhorse?horseid=HK_2003_D195&Option=1,2026-09-04T13:23:59Z
HK_2003_D195,2005-12-07,226,5,31,29,https://racing.hkjc.com/en-us/local/information/otherhorse?horseid=HK_2003_D195&Option=1,2026-09-04T13:23:59Z
HK_2003_D195,2006-01-01,280,5,29,28,https://racing.hkjc.com/en-us/local/information/otherhorse?horseid=HK_2003_D195&Option=1,2026-09-04T13:23:59Z
HK_2003_D195,2006-01-11,306,5,28,33,https://racing.hkjc.com/en-us/local/information/otherhorse?horseid=HK_2003_D195&Option=1,2026-09-04T13:23:59Z
HK_2003_D195,2006-01-18,325,5,33,33,https://racing.hkjc.com/en-us/local/information/otherhorse?horseid=HK_2003_D195&Option=1,2026-09-04T13:23:59Z
HK_2003_D195,2006-02-08,370,5,33,33,https://racing.hkjc.com/en-us/local/information/otherhorse?horseid=HK_2003_D195&Option=1,2026-09-04T13:23:59Z
HK_2003_D195,2006-02-11,381,5,33,33,https://racing.hkjc.com/en-us/local/information/otherhorse?horseid=HK_2003_D195&Option=1,2026-09-04T13:23:59Z
HK_2003_D195,2006-02-22,407,5,33,32,https://racing.hkjc.com/en-us/local/information/otherhorse?horseid=HK_2003_D195&Option=1,2026-09-04T13:23:59Z
HK_2003_D195,2006-03-19,463,5,32,34,https://racing.hkjc.com/en-us/local/information/otherhorse?horseid=HK_2003_D195&Option=1,2026-09-04T13:23:59Z
HK_2003_D195,2006-04-01,501,5,34,33,https://racing.hkjc.com/en-us/local/information/otherhorse?horseid=HK_2003_D195&Option=1,2026-09-04T13:23:59Z
HK_2003_D195,2007-04-22,538,5,33,30,https://racing.hkjc.com/en-us/local/information/otherhorse?horseid=HK_2003_D195&Option=1,2026-09-04T13:23:59Z
HK_2003_D195,2008-04-06,511,5,30,28,https://racing.hkjc.com/en-us/local/information/otherhorse?horseid=HK_2003_D195&Option=1,2026-09-04T13:23:59Z
HK_2003_D195,2008-05-01,559,5,28,25,https://racing.hkjc.com/en-us/local/information/otherhorse?horseid=HK_2003_D195&Option=1,2026-09-04T13:23:59Z
HK_2003_D195,2008-05-12,588,5,25,21,https://racing.hkjc.com/en-us/local/information/otherhorse?horseid=HK_2003_D195&Option=1,2026-09-04T13:23:59Z
HK_2003_D195,2008-06-05,646,5,21,16,https://racing.hkjc.com/en-us/local/information/otherhorse?horseid=HK_2003_D195&Option=1,2026-09-04T13:23:59Z
HK_2003_D195,2008-06-28,703,5,16,16,https://racing.hkjc.com/en-us/local/information/otherhorse?horseid=HK_2003_D195&Option=1,2026-09-04T13:23:59Z
HK_2003_D212,2004-01-14,335,2,80,80,https://racing.hkjc.com/en-us/local/information/otherhorse?horseid=HK_2003_D212&Option=1,2026-09-04T13:29:46Z
HK_2003_D212,2004-02-28,429,2,80,90,https://racing.hkjc.com/en-us/local/information/otherhorse?horseid=HK_2003_D212&Option=1,2026-09-04T13:29:46Z
HK_2003_D212,2004-04-03,508,2,90,90,https://racing.hkjc.com/en-us/local/information/otherhorse?horseid=HK_2003_D212&Option=1,2026-09-04T13:29:46Z
HK_2003_D212,2004-04-25,551,1,90,103,https://racing.hkjc.com/en-us/local/information/otherhorse?horseid=HK_2003_D212&Option=1,2026-09-04T13:29:46Z
HK_2003_D212,2004-05-16,605,1,103,108,https://racing.hkjc.com/en-us/local/information/otherhorse?horseid=HK_2003_D212&Option=1,2026-09-04T13:29:46Z
HK_2003_D212,2004-06-06,654,GROUP-3,108,110,https://racing.hkjc.com/en-us/local/information/otherhorse?horseid=HK_2003_D212&Option=1,2026-09-04T13:29:46Z
HK_2003_D212,2004-10-03,73,P,110,110,https://racing.hkjc.com/en-us/local/information/otherhorse?horseid=HK_2003_D212&Option=1,2026-09-04T13:29:46Z
HK_2003_D212,2004-11-21,190,3YO+,110,108,https://racing.hkjc.com/en-us/local/information/otherhorse?horseid=HK_2003_D212&Option=1,2026-09-04T13:29:46Z
HK_2003_D212,2004-12-18,262,1,108,106,https://racing.hkjc.com/en-us/local/information/otherhorse?horseid=HK_2003_D212&Option=1,2026-09-04T13:29:46Z
HK_2003_D212,2005-01-08,307,1,106,111,https://racing.hkjc.com/en-us/local/information/otherhorse?horseid=HK_2003_D212&Option=1,2026-09-04T13:29:46Z
HK_2003_D212,2005-02-11,388,4YO,111,113,https://racing.hkjc.com/en-us/local/information/otherhorse?horseid=HK_2003_D212&Option=1,2026-09-04T13:29:46Z
HK_2003_D212,2005-03-13,462,4YO,113,113,https://racing.hkjc.com/en-us/local/information/otherhorse?horseid=HK_2003_D212&Option=1,2026-09-04T13:29:46Z
HK_2003_D212,2005-04-03,507,3YO+,113,113,https://racing.hkjc.com/en-us/local/information/otherhorse?horseid=HK_2003_D212&Option=1,2026-09-04T13:29:46Z
HK_2003_D212,2005-05-01,571,1,113,118,https://racing.hkjc.com/en-us/local/information/otherhorse?horseid=HK_2003_D212&Option=1,2026-09-04T13:29:46Z
HK_2003_D212,2005-05-21,625,GROUP-3,118,118,https://racing.hkjc.com/en-us/local/information/otherhorse?horseid=HK_2003_D212&Option=1,2026-09-04T13:29:46Z
HK_2003_D212,2005-09-04,3,1,118,118,https://racing.hkjc.com/en-us/local/information/otherhorse?horseid=HK_2003_D212&Option=1,2026-09-04T13:29:46Z
HK_2003_D212,2005-10-02,69,P,118,117,https://racing.hkjc.com/en-us/local/information/otherhorse?horseid=HK_2003_D212&Option=1,2026-09-04T13:29:46Z
HK_2003_D212,2005-10-16,97,GROUP-3,117,116,https://racing.hkjc.com/en-us/local/information/otherhorse?horseid=HK_2003_D212&Option=1,2026-09-04T13:29:46Z
HK_2003_D212,2005-10-30,132,P,116,115,https://racing.hkjc.com/en-us/local/information/otherhorse?horseid=HK_2003_D212&Option=1,2026-09-04T13:29:46Z
HK_2003_D212,2005-11-20,187,3YO+,115,113,https://racing.hkjc.com/en-us/local/information/otherhorse?horseid=HK_2003_D212&Option=1,2026-09-04T13:29:46Z
HK_2003_D212,2005-12-11,241,1,113,111,https://racing.hkjc.com/en-us/local/information/otherhorse?horseid=HK_2003_D212&Option=1,2026-09-04T13:29:46Z
HK_2003_D212,2006-01-01,284,GROUP-3,111,109,https://racing.hkjc.com/en-us/local/information/otherhorse?horseid=HK_2003_D212&Option=1,2026-09-04T13:29:46Z
HK_2003_D212,2006-01-31,356,1,109,107,https://racing.hkjc.com/en-us/local/information/otherhorse?horseid=HK_2003_D212&Option=1,2026-09-04T13:29:46Z
HK_2003_D212,2006-03-26,486,3YO+,107,105,https://racing.hkjc.com/en-us/local/information/otherhorse?horseid=HK_2003_D212&Option=1,2026-09-04T13:29:46Z
HK_2003_D212,2006-04-15,532,3YO+,105,105,https://racing.hkjc.com/en-us/local/information/otherhorse?horseid=HK_2003_D212&Option=1,2026-09-04T13:29:46Z
HK_2003_D212,2006-04-30,570,1,105,99,https://racing.hkjc.com/en-us/local/information/otherhorse?horseid=HK_2003_D212&Option=1,2026-09-04T13:29:46Z
HK_2003_D212,2006-09-24,37,2,99,99,https://racing.hkjc.com/en-us/local/information/otherhorse?horseid=HK_2003_D212&Option=1,2026-09-04T13:29:46Z
HK_2003_D212,2006-11-07,146,1,99,97,https://racing.hkjc.com/en-us/local/information/otherhorse?horseid=HK_2003_D212&Option=1,2026-09-04T13:29:46Z
HK_2003_D212,2006-12-10,222,1,97,95,https://racing.hkjc.com/en-us/local/information/otherhorse?horseid=HK_2003_D212&Option=1,2026-09-04T13:29:46Z
HK_2003_D212,2007-01-07,290,GROUP-3,95,94,https://racing.hkjc.com/en-us/local/information/otherhorse?horseid=HK_2003_D212&Option=1,2026-09-04T13:29:46Z
HK_2003_D212,2007-02-10,379,2,94,92,https://racing.hkjc.com/en-us/local/information/otherhorse?horseid=HK_2003_D212&Option=1,2026-09-04T13:29:46Z
HK_2003_D212,2007-02-28,419,2,92,93,https://racing.hkjc.com/en-us/local/information/otherhorse?horseid=HK_2003_D212&Option=1,2026-09-04T13:29:46Z
HK_2003_D212,2007-03-21,475,2,93,93,https://racing.hkjc.com/en-us/local/information/otherhorse?horseid=HK_2003_D212&Option=1,2026-09-04T13:29:46Z
HK_2003_D212,2007-06-03,657,2,93,91,https://racing.hkjc.com/en-us/local/information/otherhorse?horseid=HK_2003_D212&Option=1,2026-09-04T13:29:46Z
HK_2003_D212,2007-06-24,704,1,91,90,https://racing.hkjc.com/en-us/local/information/otherhorse?horseid=HK_2003_D212&Option=1,2026-09-04T13:29:46Z
HK_2003_D239,2004-03-21,479,1,87,87,https://racing.hkjc.com/en-us/local/information/otherhorse?horseid=HK_2003_D239&Option=1,2026-09-04T13:32:14Z
HK_2003_D239,2004-04-03,510,2,87,88,https://racing.hkjc.com/en-us/local/information/otherhorse?horseid=HK_2003_D239&Option=1,2026-09-04T13:32:14Z
HK_2003_D239,2004-04-25,554,2,88,88,https://racing.hkjc.com/en-us/local/information/otherhorse?horseid=HK_2003_D239&Option=1,2026-09-04T13:32:14Z
HK_2003_D239,2004-05-16,607,2,88,88,https://racing.hkjc.com/en-us/local/information/otherhorse?horseid=HK_2003_D239&Option=1,2026-09-04T13:32:14Z
HK_2003_D239,2004-06-06,659,2,88,92,https://racing.hkjc.com/en-us/local/information/otherhorse?horseid=HK_2003_D239&Option=1,2026-09-04T13:32:14Z
HK_2003_D239,2004-09-05,10,2,92,92,https://racing.hkjc.com/en-us/local/information/otherhorse?horseid=HK_2003_D239&Option=1,2026-09-04T13:32:14Z
HK_2003_D239,2004-09-19,45,1,92,92,https://racing.hkjc.com/en-us/local/information/otherhorse?horseid=HK_2003_D239&Option=1,2026-09-04T13:32:14Z
HK_2003_D239,2004-10-03,69,2,92,91,https://racing.hkjc.com/en-us/local/information/otherhorse?horseid=HK_2003_D239&Option=1,2026-09-04T13:32:14Z
HK_2003_D239,2004-11-14,175,2,91,90,https://racing.hkjc.com/en-us/local/information/otherhorse?horseid=HK_2003_D239&Option=1,2026-09-04T13:32:14Z
HK_2003_D239,2004-11-28,209,1,90,95,https://racing.hkjc.com/en-us/local/information/otherhorse?horseid=HK_2003_D239&Option=1,2026-09-04T13:32:14Z
HK_2003_D239,2005-01-01,289,2,95,95,https://racing.hkjc.com/en-us/local/information/otherhorse?horseid=HK_2003_D239&Option=1,2026-09-04T13:32:14Z
HK_2003_D239,2005-01-16,326,2,95,96,https://racing.hkjc.com/en-us/local/information/otherhorse?horseid=HK_2003_D239&Option=1,2026-09-04T13:32:14Z
HK_2003_D239,2005-01-30,359,4YO+,96,96,https://racing.hkjc.com/en-us/local/information/otherhorse?horseid=HK_2003_D239&Option=1,2026-09-04T13:32:14Z
HK_2003_D239,2005-02-20,410,2,96,96,https://racing.hkjc.com/en-us/local/information/otherhorse?horseid=HK_2003_D239&Option=1,2026-09-04T13:32:14Z
HK_2003_D239,2005-03-19,481,2,96,96,https://racing.hkjc.com/en-us/local/information/otherhorse?horseid=HK_2003_D239&Option=1,2026-09-04T13:32:14Z
HK_2003_D239,2005-04-09,527,1,96,96,https://racing.hkjc.com/en-us/local/information/otherhorse?horseid=HK_2003_D239&Option=1,2026-09-04T13:32:14Z
HK_2003_D239,2005-04-24,564,2,96,98,https://racing.hkjc.com/en-us/local/information/otherhorse?horseid=HK_2003_D239&Option=1,2026-09-04T13:32:14Z
HK_2003_D239,2005-05-14,610,1,98,100,https://racing.hkjc.com/en-us/local/information/otherhorse?horseid=HK_2003_D239&Option=1,2026-09-04T13:32:14Z
HK_2003_D239,2005-06-18,683,1,100,101,https://racing.hkjc.com/en-us/local/information/otherhorse?horseid=HK_2003_D239&Option=1,2026-09-04T13:32:14Z
HK_2003_D239,2005-09-04,3,1,101,101,https://racing.hkjc.com/en-us/local/information/otherhorse?horseid=HK_2003_D239&Option=1,2026-09-04T13:32:14Z
HK_2003_D239,2005-10-09,89,1,101,100,https://racing.hkjc.com/en-us/local/information/otherhorse?horseid=HK_2003_D239&Option=1,2026-09-04T13:32:14Z
HK_2003_D239,2005-10-30,130,1,100,99,https://racing.hkjc.com/en-us/local/information/otherhorse?horseid=HK_2003_D239&Option=1,2026-09-04T13:32:14Z
HK_2003_D239,2005-11-05,150,1,99,100,https://racing.hkjc.com/en-us/local/information/otherhorse?horseid=HK_2003_D239&Option=1,2026-09-04T13:32:14Z
HK_2003_D239,2005-11-27,205,1,100,100,https://racing.hkjc.com/en-us/local/information/otherhorse?horseid=HK_2003_D239&Option=1,2026-09-04T13:32:14Z
HK_2003_D239,2005-12-11,241,1,100,100,https://racing.hkjc.com/en-us/local/information/otherhorse?horseid=HK_2003_D239&Option=1,2026-09-04T13:32:14Z
HK_2003_D239,2006-01-01,286,2,100,99,https://racing.hkjc.com/en-us/local/information/otherhorse?horseid=HK_2003_D239&Option=1,2026-09-04T13:32:14Z
HK_2003_D239,2006-01-31,356,1,99,98,https://racing.hkjc.com/en-us/local/information/otherhorse?horseid=HK_2003_D239&Option=1,2026-09-04T13:32:14Z
HK_2003_D239,2006-03-01,432,2,98,96,https://racing.hkjc.com/en-us/local/information/otherhorse?horseid=HK_2003_D239&Option=1,2026-09-04T13:32:14Z
HK_2003_D239,2006-03-12,452,2,96,94,https://racing.hkjc.com/en-us/local/information/otherhorse?horseid=HK_2003_D239&Option=1,2026-09-04T13:32:14Z
HK_2003_D239,2006-03-26,489,2,94,92,https://racing.hkjc.com/en-us/local/information/otherhorse?horseid=HK_2003_D239&Option=1,2026-09-04T13:32:14Z
HK_2003_D239,2006-04-08,514,1,92,92,https://racing.hkjc.com/en-us/local/information/otherhorse?horseid=HK_2003_D239&Option=1,2026-09-04T13:32:14Z
HK_2003_D239,2006-04-30,570,1,92,92,https://racing.hkjc.com/en-us/local/information/otherhorse?horseid=HK_2003_D239&Option=1,2026-09-04T13:32:14Z
HK_2003_D239,2006-05-13,606,2,92,92,https://racing.hkjc.com/en-us/local/information/otherhorse?horseid=HK_2003_D239&Option=1,2026-09-04T13:32:14Z
HK_2003_D239,2006-05-28,642,2,92,92,https://racing.hkjc.com/en-us/local/information/otherhorse?horseid=HK_2003_D239&Option=1,2026-09-04T13:32:14Z
HK_2003_D239,2006-07-02,707,2,92,89,https://racing.hkjc.com/en-us/local/information/otherhorse?horseid=HK_2003_D239&Option=1,2026-09-04T13:32:14Z
HK_2003_D239,2006-09-10,10,2,89,89,https://racing.hkjc.com/en-us/local/information/otherhorse?horseid=HK_2003_D239&Option=1,2026-09-04T13:32:14Z
HK_2003_D239,2006-09-27,46,2,89,89,https://racing.hkjc.com/en-us/local/information/otherhorse?horseid=HK_2003_D239&Option=1,2026-09-04T13:32:14Z
HK_2003_D239,2006-10-25,110,2,89,89,https://racing.hkjc.com/en-us/local/information/otherhorse?horseid=HK_2003_D239&Option=1,2026-09-04T13:32:14Z
HK_2003_D239,2006-11-04,138,2,89,92,https://racing.hkjc.com/en-us/local/information/otherhorse?horseid=HK_2003_D239&Option=1,2026-09-04T13:32:14Z
HK_2003_D239,2006-11-22,182,2,92,97,https://racing.hkjc.com/en-us/local/information/otherhorse?horseid=HK_2003_D239&Option=1,2026-09-04T13:32:14Z
HK_2003_D239,2006-12-20,252,2,97,97,https://racing.hkjc.com/en-us/local/information/otherhorse?horseid=HK_2003_D239&Option=1,2026-09-04T13:32:14Z
HK_2003_D239,2007-01-01,283,2,97,103,https://racing.hkjc.com/en-us/local/information/otherhorse?horseid=HK_2003_D239&Option=1,2026-09-04T13:32:14Z
HK_2003_D239,2007-01-20,329,1,103,103,https://racing.hkjc.com/en-us/local/information/otherhorse?horseid=HK_2003_D239&Option=1,2026-09-04T13:32:14Z
HK_2003_D239,2007-03-04,423,1,103,103,https://racing.hkjc.com/en-us/local/information/otherhorse?horseid=HK_2003_D239&Option=1,2026-09-04T13:32:14Z
HK_2003_D239,2007-03-25,486,1,103,102,https://racing.hkjc.com/en-us/local/information/otherhorse?horseid=HK_2003_D239&Option=1,2026-09-04T13:32:14Z
HK_2003_D239,2007-04-04,504,1,102,102,https://racing.hkjc.com/en-us/local/information/otherhorse?horseid=HK_2003_D239&Option=1,2026-09-04T13:32:14Z
HK_2003_D239,2007-04-22,541,GROUP-3,102,101,https://racing.hkjc.com/en-us/local/information/otherhorse?horseid=HK_2003_D239&Option=1,2026-09-04T13:32:14Z
HK_2003_D239,2007-05-20,617,1,101,101,https://racing.hkjc.com/en-us/local/information/otherhorse?horseid=HK_2003_D239&Option=1,2026-09-04T13:32:14Z
HK_2003_D239,2007-06-09,674,GROUP-3,101,101,https://racing.hkjc.com/en-us/local/information/otherhorse?horseid=HK_2003_D239&Option=1,2026-09-04T13:32:14Z
HK_2003_D239,2007-07-02,724,1,101,103,https://racing.hkjc.com/en-us/local/information/otherhorse?horseid=HK_2003_D239&Option=1,2026-09-04T13:32:14Z
HK_2003_D239,2007-09-15,28,1,103,103,https://racing.hkjc.com/en-us/local/information/otherhorse?horseid=HK_2003_D239&Option=1,2026-09-04T13:32:14Z
HK_2003_D239,2007-10-28,123,1,103,101,https://racing.hkjc.com/en-us/local/information/otherhorse?horseid=HK_2003_D239&Option=1,2026-09-04T13:32:14Z
HK_2003_D239,2007-12-09,224,1,101,99,https://racing.hkjc.com/en-us/local/information/otherhorse?horseid=HK_2003_D239&Option=1,2026-09-04T13:32:14Z
HK_2003_D239,2008-01-01,285,2,99,97,https://racing.hkjc.com/en-us/local/information/otherhorse?horseid=HK_2003_D239&Option=1,2026-09-04T13:32:14Z
HK_2003_D239,2008-02-09,382,2,97,95,https://racing.hkjc.com/en-us/local/information/otherhorse?horseid=HK_2003_D239&Option=1,2026-09-04T13:32:14Z
HK_2003_D239,2008-03-19,476,2,95,94,https://racing.hkjc.com/en-us/local/information/otherhorse?horseid=HK_2003_D239&Option=1,2026-09-04T13:32:14Z
HK_2003_D239,2008-04-09,528,2,94,89,https://racing.hkjc.com/en-us/local/information/otherhorse?horseid=HK_2003_D239&Option=1,2026-09-04T13:32:14Z
HK_2003_D239,2008-10-12,85,2,89,88,https://racing.hkjc.com/en-us/local/information/otherhorse?horseid=HK_2003_D239&Option=1,2026-09-04T13:32:14Z
HK_2003_D239,2008-10-29,122,2,88,86,https://racing.hkjc.com/en-us/local/information/otherhorse?horseid=HK_2003_D239&Option=1,2026-09-04T13:32:14Z
HK_2003_D239,2008-12-03,207,2,86,84,https://racing.hkjc.com/en-us/local/information/otherhorse?horseid=HK_2003_D239&Option=1,2026-09-04T13:32:14Z
HK_2003_D239,2008-12-20,251,2,84,83,https://racing.hkjc.com/en-us/local/information/otherhorse?horseid=HK_2003_D239&Option=1,2026-09-04T13:32:14Z
HK_2003_D239,2009-01-07,291,3,83,81,https://racing.hkjc.com/en-us/local/information/otherhorse?horseid=HK_2003_D239&Option=1,2026-09-04T13:32:14Z
HK_2003_D239,2009-01-21,328,2,81,79,https://racing.hkjc.com/en-us/local/information/otherhorse?horseid=HK_2003_D239&Option=1,2026-09-04T13:32:14Z
HK_2003_D240,2004-11-14,167,4,52,52,https://racing.hkjc.com/en-us/local/information/otherhorse?horseid=HK_2003_D240&Option=1,2026-09-04T13:23:52Z
HK_2003_D240,2004-12-18,256,4,52,50,https://racing.hkjc.com/en-us/local/information/otherhorse?horseid=HK_2003_D240&Option=1,2026-09-04T13:23:52Z
HK_2003_D240,2005-01-16,320,4,50,48,https://racing.hkjc.com/en-us/local/information/otherhorse?horseid=HK_2003_D240&Option=1,2026-09-04T13:23:52Z
HK_2003_D240,2005-01-30,360,4,48,46,https://racing.hkjc.com/en-us/local/information/otherhorse?horseid=HK_2003_D240&Option=1,2026-09-04T13:23:52Z
HK_2003_D240,2005-03-19,474,4,46,44,https://racing.hkjc.com/en-us/local/information/otherhorse?horseid=HK_2003_D240&Option=1,2026-09-04T13:23:52Z
HK_2003_D240,2005-04-16,540,4,44,41,https://racing.hkjc.com/en-us/local/information/otherhorse?horseid=HK_2003_D240&Option=1,2026-09-04T13:23:52Z
HK_2003_D240,2005-06-05,651,4,41,40,https://racing.hkjc.com/en-us/local/information/otherhorse?horseid=HK_2003_D240&Option=1,2026-09-04T13:23:52Z
HK_2003_D240,2005-06-29,706,4,40,38,https://racing.hkjc.com/en-us/local/information/otherhorse?horseid=HK_2003_D240&Option=1,2026-09-04T13:23:52Z
HK_2003_D240,2005-09-11,20,5,38,38,https://racing.hkjc.com/en-us/local/information/otherhorse?horseid=HK_2003_D240&Option=1,2026-09-04T13:23:52Z
HK_2003_D240,2005-10-30,127,5,38,36,https://racing.hkjc.com/en-us/local/information/otherhorse?horseid=HK_2003_D240&Option=1,2026-09-04T13:23:52Z
HK_2003_D240,2005-11-23,191,5,36,37,https://racing.hkjc.com/en-us/local/information/otherhorse?horseid=HK_2003_D240&Option=1,2026-09-04T13:23:52Z
HK_2003_D240,2005-12-07,226,5,37,37,https://racing.hkjc.com/en-us/local/information/otherhorse?horseid=HK_2003_D240&Option=1,2026-09-04T13:23:52Z
HK_2003_D240,2006-01-01,280,5,37,36,https://racing.hkjc.com/en-us/local/information/otherhorse?horseid=HK_2003_D240&Option=1,2026-09-04T13:23:52Z
HK_2003_D240,2006-01-15,317,5,36,43,https://racing.hkjc.com/en-us/local/information/otherhorse?horseid=HK_2003_D240&Option=1,2026-09-04T13:23:52Z
HK_2003_D240,2006-01-31,355,4,43,43,https://racing.hkjc.com/en-us/local/information/otherhorse?horseid=HK_2003_D240&Option=1,2026-09-04T13:23:52Z
HK_2003_D240,2006-02-11,383,4,43,46,https://racing.hkjc.com/en-us/local/information/otherhorse?horseid=HK_2003_D240&Option=1,2026-09-04T13:23:52Z
HK_2003_D240,2006-03-12,449,4,46,46,https://racing.hkjc.com/en-us/local/information/otherhorse?horseid=HK_2003_D240&Option=1,2026-09-04T13:23:52Z
HK_2003_D240,2006-04-23,547,4,46,45,https://racing.hkjc.com/en-us/local/information/otherhorse?horseid=HK_2003_D240&Option=1,2026-09-04T13:23:52Z
HK_2003_D240,2006-05-07,582,4,45,48,https://racing.hkjc.com/en-us/local/information/otherhorse?horseid=HK_2003_D240&Option=1,2026-09-04T13:23:52Z
HK_2003_D240,2006-05-28,637,4,48,48,https://racing.hkjc.com/en-us/local/information/otherhorse?horseid=HK_2003_D240&Option=1,2026-09-04T13:23:52Z
HK_2003_D240,2006-06-25,686,4,48,46,https://racing.hkjc.com/en-us/local/information/otherhorse?horseid=HK_2003_D240&Option=1,2026-09-04T13:23:52Z
HK_2003_D240,2006-09-16,16,4,46,46,https://racing.hkjc.com/en-us/local/information/otherhorse?horseid=HK_2003_D240&Option=1,2026-09-04T13:23:52Z
HK_2003_D240,2006-10-01,51,4,46,45,https://racing.hkjc.com/en-us/local/information/otherhorse?horseid=HK_2003_D240&Option=1,2026-09-04T13:23:52Z
HK_2003_D240,2006-11-04,133,4,45,43,https://racing.hkjc.com/en-us/local/information/otherhorse?horseid=HK_2003_D240&Option=1,2026-09-04T13:23:52Z
HK_2003_D240,2006-11-19,165,4,43,41,https://racing.hkjc.com/en-us/local/information/otherhorse?horseid=HK_2003_D240&Option=1,2026-09-04T13:23:52Z
HK_2003_D240,2007-01-01,276,4,41,39,https://racing.hkjc.com/en-us/local/information/otherhorse?horseid=HK_2003_D240&Option=1,2026-09-04T13:23:52Z
HK_2003_D240,2007-01-14,305,5,39,40,https://racing.hkjc.com/en-us/local/information/otherhorse?horseid=HK_2003_D240&Option=1,2026-09-04T13:23:52Z
HK_2003_D240,2007-02-04,357,5,40,40,https://racing.hkjc.com/en-us/local/information/otherhorse?horseid=HK_2003_D240&Option=1,2026-09-04T13:23:52Z
HK_2003_D240,2007-02-25,406,5,40,38,https://racing.hkjc.com/en-us/local/information/otherhorse?horseid=HK_2003_D240&Option=1,2026-09-04T13:23:52Z
HK_2003_D258,2004-02-15,399,4,52,52,https://racing.hkjc.com/en-us/local/information/otherhorse?horseid=HK_2003_D258&Option=1,2026-09-04T13:28:33Z
HK_2003_D258,2004-03-07,446,4,52,51,https://racing.hkjc.com/en-us/local/information/otherhorse?horseid=HK_2003_D258&Option=1,2026-09-04T13:28:33Z
HK_2003_D258,2004-03-21,476,4,51,52,https://racing.hkjc.com/en-us/local/information/otherhorse?horseid=HK_2003_D258&Option=1,2026-09-04T13:28:33Z
HK_2003_D258,2004-04-11,514,4,52,50,https://racing.hkjc.com/en-us/local/information/otherhorse?horseid=HK_2003_D258&Option=1,2026-09-04T13:28:33Z
HK_2003_D258,2004-09-05,6,4,50,50,https://racing.hkjc.com/en-us/local/information/otherhorse?horseid=HK_2003_D258&Option=1,2026-09-04T13:28:33Z
HK_2003_D258,2004-09-19,38,4,50,57,https://racing.hkjc.com/en-us/local/information/otherhorse?horseid=HK_2003_D258&Option=1,2026-09-04T13:28:33Z
HK_2003_D258,2004-10-03,71,4,57,64,https://racing.hkjc.com/en-us/local/information/otherhorse?horseid=HK_2003_D258&Option=1,2026-09-04T13:28:33Z
HK_2003_D258,2004-11-06,156,3,64,64,https://racing.hkjc.com/en-us/local/information/otherhorse?horseid=HK_2003_D258&Option=1,2026-09-04T13:28:33Z
HK_2003_D258,2004-11-21,193,3,64,64,https://racing.hkjc.com/en-us/local/information/otherhorse?horseid=HK_2003_D258&Option=1,2026-09-04T13:28:33Z
HK_2003_D258,2005-02-11,390,3,64,63,https://racing.hkjc.com/en-us/local/information/otherhorse?horseid=HK_2003_D258&Option=1,2026-09-04T13:28:33Z
HK_2003_D258,2005-03-13,460,3,63,61,https://racing.hkjc.com/en-us/local/information/otherhorse?horseid=HK_2003_D258&Option=1,2026-09-04T13:28:33Z
HK_2003_D258,2005-04-09,526,3,61,60,https://racing.hkjc.com/en-us/local/information/otherhorse?horseid=HK_2003_D258&Option=1,2026-09-04T13:28:33Z
HK_2003_D258,2005-04-16,539,4,60,68,https://racing.hkjc.com/en-us/local/information/otherhorse?horseid=HK_2003_D258&Option=1,2026-09-04T13:28:33Z
HK_2003_D258,2005-05-01,574,3,68,75,https://racing.hkjc.com/en-us/local/information/otherhorse?horseid=HK_2003_D258&Option=1,2026-09-04T13:28:33Z
HK_2003_D258,2005-05-29,636,3,75,81,https://racing.hkjc.com/en-us/local/information/otherhorse?horseid=HK_2003_D258&Option=1,2026-09-04T13:28:33Z
HK_2003_D258,2005-06-18,684,2,81,81,https://racing.hkjc.com/en-us/local/information/otherhorse?horseid=HK_2003_D258&Option=1,2026-09-04T13:28:33Z
HK_2003_D258,2005-09-17,42,2,81,81,https://racing.hkjc.com/en-us/local/information/otherhorse?horseid=HK_2003_D258&Option=1,2026-09-04T13:28:33Z
HK_2003_D258,2005-10-22,115,2,81,80,https://racing.hkjc.com/en-us/local/information/otherhorse?horseid=HK_2003_D258&Option=1,2026-09-04T13:28:33Z
HK_2003_D258,2005-11-20,189,3,80,78,https://racing.hkjc.com/en-us/local/information/otherhorse?horseid=HK_2003_D258&Option=1,2026-09-04T13:28:33Z
HK_2003_D258,2005-12-11,238,3,78,76,https://racing.hkjc.com/en-us/local/information/otherhorse?horseid=HK_2003_D258&Option=1,2026-09-04T13:28:33Z
HK_2003_D258,2006-01-01,283,3,76,74,https://racing.hkjc.com/en-us/local/information/otherhorse?horseid=HK_2003_D258&Option=1,2026-09-04T13:28:33Z
HK_2003_D258,2006-01-25,348,3,74,72,https://racing.hkjc.com/en-us/local/information/otherhorse?horseid=HK_2003_D258&Option=1,2026-09-04T13:28:33Z
HK_2003_D258,2006-04-30,569,3,72,72,https://racing.hkjc.com/en-us/local/information/otherhorse?horseid=HK_2003_D258&Option=1,2026-09-04T13:28:33Z
HK_2003_D258,2006-05-03,578,3,72,66,https://racing.hkjc.com/en-us/local/information/otherhorse?horseid=HK_2003_D258&Option=1,2026-09-04T13:28:33Z
HK_2003_D258,2006-09-24,35,3,66,68,https://racing.hkjc.com/en-us/local/information/otherhorse?horseid=HK_2003_D258&Option=1,2026-09-04T13:28:33Z
HK_2003_D258,2006-10-07,70,3,68,68,https://racing.hkjc.com/en-us/local/information/otherhorse?horseid=HK_2003_D258&Option=1,2026-09-04T13:28:33Z
HK_2003_D258,2006-10-21,101,3,68,71,https://racing.hkjc.com/en-us/local/information/otherhorse?horseid=HK_2003_D258&Option=1,2026-09-04T13:28:33Z
HK_2003_D258,2006-11-15,162,3,71,71,https://racing.hkjc.com/en-us/local/information/otherhorse?horseid=HK_2003_D258&Option=1,2026-09-04T13:28:33Z
HK_2003_D258,2006-12-02,208,3,71,70,https://racing.hkjc.com/en-us/local/information/otherhorse?horseid=HK_2003_D258&Option=1,2026-09-04T13:28:33Z
HK_2003_D258,2007-01-31,349,3,70,70,https://racing.hkjc.com/en-us/local/information/otherhorse?horseid=HK_2003_D258&Option=1,2026-09-04T13:28:33Z
HK_2003_D267,2004-02-28,424,GRIFFIN,,,https://racing.hkjc.com/en-us/local/information/otherhorse?horseid=HK_2003_D267&Option=1,2026-09-04T13:31:58Z
HK_2003_D267,2004-03-27,492,GRIFFIN,,59.0,https://racing.hkjc.com/en-us/local/information/otherhorse?horseid=HK_2003_D267&Option=1,2026-09-04T13:31:58Z
HK_2003_D267,2004-05-16,604,4,59.0,66.0,https://racing.hkjc.com/en-us/local/information/otherhorse?horseid=HK_2003_D267&Option=1,2026-09-04T13:31:58Z
HK_2003_D267,2004-06-12,671,P,66.0,67.0,https://racing.hkjc.com/en-us/local/information/otherhorse?horseid=HK_2003_D267&Option=1,2026-09-04T13:31:58Z
HK_2003_D267,2004-09-29,58,3,67.0,72.0,https://racing.hkjc.com/en-us/local/information/otherhorse?horseid=HK_2003_D267&Option=1,2026-09-04T13:31:58Z
HK_2003_D267,2004-10-30,135,3,72.0,72.0,https://racing.hkjc.com/en-us/local/information/otherhorse?horseid=HK_2003_D267&Option=1,2026-09-04T13:31:58Z
HK_2003_D267,2004-11-28,207,3,72.0,72.0,https://racing.hkjc.com/en-us/local/information/otherhorse?horseid=HK_2003_D267&Option=1,2026-09-04T13:31:58Z
HK_2003_D267,2005-03-02,435,3,72.0,72.0,https://racing.hkjc.com/en-us/local/information/otherhorse?horseid=HK_2003_D267&Option=1,2026-09-04T13:31:58Z
HK_2003_D267,2005-03-19,479,3,72.0,80.0,https://racing.hkjc.com/en-us/local/information/otherhorse?horseid=HK_2003_D267&Option=1,2026-09-04T13:31:58Z
HK_2003_D267,2005-04-09,526,3,80.0,83.0,https://racing.hkjc.com/en-us/local/information/otherhorse?horseid=HK_2003_D267&Option=1,2026-09-04T13:31:58Z
HK_2003_D267,2005-05-01,573,2,83.0,83.0,https://racing.hkjc.com/en-us/local/information/otherhorse?horseid=HK_2003_D267&Option=1,2026-09-04T13:31:58Z
HK_2003_D267,2005-05-07,591,2,83.0,85.0,https://racing.hkjc.com/en-us/local/information/otherhorse?horseid=HK_2003_D267&Option=1,2026-09-04T13:31:58Z
HK_2003_D267,2005-05-29,638,2,85.0,85.0,https://racing.hkjc.com/en-us/local/information/otherhorse?horseid=HK_2003_D267&Option=1,2026-09-04T13:31:58Z
HK_2003_D267,2005-06-26,700,2,85.0,85.0,https://racing.hkjc.com/en-us/local/information/otherhorse?horseid=HK_2003_D267&Option=1,2026-09-04T13:31:58Z
HK_2003_D267,2005-10-30,134,2,85.0,86.0,https://racing.hkjc.com/en-us/local/information/otherhorse?horseid=HK_2003_D267&Option=1,2026-09-04T13:31:58Z
HK_2003_D267,2005-11-27,203,2,86.0,89.0,https://racing.hkjc.com/en-us/local/information/otherhorse?horseid=HK_2003_D267&Option=1,2026-09-04T13:31:58Z
HK_2003_D267,2006-01-01,286,2,89.0,89.0,https://racing.hkjc.com/en-us/local/information/otherhorse?horseid=HK_2003_D267&Option=1,2026-09-04T13:31:58Z
HK_2003_D267,2006-01-15,318,2,89.0,89.0,https://racing.hkjc.com/en-us/local/information/otherhorse?horseid=HK_2003_D267&Option=1,2026-09-04T13:31:58Z
HK_2003_D267,2006-02-05,366,4YO,89.0,89.0,https://racing.hkjc.com/en-us/local/information/otherhorse?horseid=HK_2003_D267&Option=1,2026-09-04T13:31:58Z
HK_2003_D267,2006-02-22,413,2,89.0,88.0,https://racing.hkjc.com/en-us/local/information/otherhorse?horseid=HK_2003_D267&Option=1,2026-09-04T13:31:58Z
HK_2003_D273,2004-03-17,471,3,79,79,https://racing.hkjc.com/en-us/local/information/otherhorse?horseid=HK_2003_D273&Option=1,2026-09-04T13:33:18Z
HK_2003_D273,2004-04-28,558,3,79,76,https://racing.hkjc.com/en-us/local/information/otherhorse?horseid=HK_2003_D273&Option=1,2026-09-04T13:33:18Z
HK_2003_D273,2004-05-19,610,3,76,72,https://racing.hkjc.com/en-us/local/information/otherhorse?horseid=HK_2003_D273&Option=1,2026-09-04T13:33:18Z
HK_2003_D273,2004-05-30,642,3,72,67,https://racing.hkjc.com/en-us/local/information/otherhorse?horseid=HK_2003_D273&Option=1,2026-09-04T13:33:18Z
HK_2003_D273,2004-06-12,675,3,67,61,https://racing.hkjc.com/en-us/local/information/otherhorse?horseid=HK_2003_D273&Option=1,2026-09-04T13:33:18Z
HK_2003_D273,2004-09-19,43,3,61,61,https://racing.hkjc.com/en-us/local/information/otherhorse?horseid=HK_2003_D273&Option=1,2026-09-04T13:33:18Z
HK_2003_D273,2004-10-06,80,3,61,58,https://racing.hkjc.com/en-us/local/information/otherhorse?horseid=HK_2003_D273&Option=1,2026-09-04T13:33:18Z
HK_2003_D273,2004-10-30,134,4,58,55,https://racing.hkjc.com/en-us/local/information/otherhorse?horseid=HK_2003_D273&Option=1,2026-09-04T13:33:18Z
HK_2003_D273,2004-11-10,160,4,55,55,https://racing.hkjc.com/en-us/local/information/otherhorse?horseid=HK_2003_D273&Option=1,2026-09-04T13:33:18Z
HK_2003_D273,2004-11-21,185,4,55,55,https://racing.hkjc.com/en-us/local/information/otherhorse?horseid=HK_2003_D273&Option=1,2026-09-04T13:33:18Z
HK_2003_D273,2004-12-18,260,3,55,54,https://racing.hkjc.com/en-us/local/information/otherhorse?horseid=HK_2003_D273&Option=1,2026-09-04T13:33:18Z
HK_2003_D273,2005-01-16,320,4,54,52,https://racing.hkjc.com/en-us/local/information/otherhorse?horseid=HK_2003_D273&Option=1,2026-09-04T13:33:18Z
HK_2003_D273,2005-02-11,384,4,52,50,https://racing.hkjc.com/en-us/local/information/otherhorse?horseid=HK_2003_D273&Option=1,2026-09-04T13:33:18Z
HK_2003_D273,2005-02-20,404,4,50,49,https://racing.hkjc.com/en-us/local/information/otherhorse?horseid=HK_2003_D273&Option=1,2026-09-04T13:33:18Z
HK_2003_D273,2005-03-26,491,4,49,55,https://racing.hkjc.com/en-us/local/information/otherhorse?horseid=HK_2003_D273&Option=1,2026-09-04T13:33:18Z
HK_2003_D273,2005-04-24,558,4,55,55,https://racing.hkjc.com/en-us/local/information/otherhorse?horseid=HK_2003_D273&Option=1,2026-09-04T13:33:18Z
HK_2003_D273,2005-05-07,586,4,55,55,https://racing.hkjc.com/en-us/local/information/otherhorse?horseid=HK_2003_D273&Option=1,2026-09-04T13:33:18Z
HK_2003_D273,2005-06-18,678,4,55,55,https://racing.hkjc.com/en-us/local/information/otherhorse?horseid=HK_2003_D273&Option=1,2026-09-04T13:33:18Z
HK_2003_D273,2005-10-05,73,4,55,57,https://racing.hkjc.com/en-us/local/information/otherhorse?horseid=HK_2003_D273&Option=1,2026-09-04T13:33:18Z
HK_2003_D273,2005-10-26,121,4,57,64,https://racing.hkjc.com/en-us/local/information/otherhorse?horseid=HK_2003_D273&Option=1,2026-09-04T13:33:18Z
HK_2003_D273,2005-11-20,184,3,64,66,https://racing.hkjc.com/en-us/local/information/otherhorse?horseid=HK_2003_D273&Option=1,2026-09-04T13:33:18Z
HK_2003_D273,2005-12-11,234,3,66,66,https://racing.hkjc.com/en-us/local/information/otherhorse?horseid=HK_2003_D273&Option=1,2026-09-04T13:33:18Z
HK_2003_D273,2006-01-01,287,3,66,67,https://racing.hkjc.com/en-us/local/information/otherhorse?horseid=HK_2003_D273&Option=1,2026-09-04T13:33:18Z
HK_2003_D273,2006-01-15,321,3,67,75,https://racing.hkjc.com/en-us/local/information/otherhorse?horseid=HK_2003_D273&Option=1,2026-09-04T13:33:18Z
HK_2003_D273,2006-01-31,358,3,75,83,https://racing.hkjc.com/en-us/local/information/otherhorse?horseid=HK_2003_D273&Option=1,2026-09-04T13:33:18Z
HK_2003_D273,2006-02-19,406,2,83,83,https://racing.hkjc.com/en-us/local/information/otherhorse?horseid=HK_2003_D273&Option=1,2026-09-04T13:33:18Z
HK_2003_D273,2006-03-12,452,2,83,85,https://racing.hkjc.com/en-us/local/information/otherhorse?horseid=HK_2003_D273&Option=1,2026-09-04T13:33:18Z
HK_2003_D273,2006-03-29,497,2,85,85,https://racing.hkjc.com/en-us/local/information/otherhorse?horseid=HK_2003_D273&Option=1,2026-09-04T13:33:18Z
HK_2003_D273,2006-04-30,571,2,85,84,https://racing.hkjc.com/en-us/local/information/otherhorse?horseid=HK_2003_D273&Option=1,2026-09-04T13:33:18Z
HK_2003_D273,2006-11-12,156,2,84,85,https://racing.hkjc.com/en-us/local/information/otherhorse?horseid=HK_2003_D273&Option=1,2026-09-04T13:33:18Z
HK_2003_D273,2006-12-02,210,2,85,85,https://racing.hkjc.com/en-us/local/information/otherhorse?horseid=HK_2003_D273&Option=1,2026-09-04T13:33:18Z
HK_2003_D273,2007-04-18,532,2,85,85,https://racing.hkjc.com/en-us/local/information/otherhorse?horseid=HK_2003_D273&Option=1,2026-09-04T13:33:18Z
HK_2003_D273,2007-05-06,582,2,85,86,https://racing.hkjc.com/en-us/local/information/otherhorse?horseid=HK_2003_D273&Option=1,2026-09-04T13:33:18Z
HK_2003_D273,2007-05-20,619,2,86,86,https://racing.hkjc.com/en-us/local/information/otherhorse?horseid=HK_2003_D273&Option=1,2026-09-04T13:33:18Z
HK_2003_D273,2007-05-27,639,2,86,86,https://racing.hkjc.com/en-us/local/information/otherhorse?horseid=HK_2003_D273&Option=1,2026-09-04T13:33:18Z
HK_2003_D273,2007-06-17,696,2,86,86,https://racing.hkjc.com/en-us/local/information/otherhorse?horseid=HK_2003_D273&Option=1,2026-09-04T13:33:18Z
HK_2003_D273,2007-07-02,725,2,86,84,https://racing.hkjc.com/en-us/local/information/otherhorse?horseid=HK_2003_D273&Option=1,2026-09-04T13:33:18Z
HK_2003_D273,2007-10-07,75,2,84,84,https://racing.hkjc.com/en-us/local/information/otherhorse?horseid=HK_2003_D273&Option=1,2026-09-04T13:33:18Z
HK_2003_D273,2007-10-28,123,1,84,82,https://racing.hkjc.com/en-us/local/information/otherhorse?horseid=HK_2003_D273&Option=1,2026-09-04T13:33:18Z
HK_2003_D273,2007-11-11,160,2,82,82,https://racing.hkjc.com/en-us/local/information/otherhorse?horseid=HK_2003_D273&Option=1,2026-09-04T13:33:18Z
HK_2003_D273,2008-03-09,453,2,82,81,https://racing.hkjc.com/en-us/local/information/otherhorse?horseid=HK_2003_D273&Option=1,2026-09-04T13:33:18Z
HK_2003_D273,2008-03-16,473,2,81,79,https://racing.hkjc.com/en-us/local/information/otherhorse?horseid=HK_2003_D273&Option=1,2026-09-04T13:33:18Z
HK_2003_D273,2008-03-30,498,3,79,78,https://racing.hkjc.com/en-us/local/information/otherhorse?horseid=HK_2003_D273&Option=1,2026-09-04T13:33:18Z
HK_2003_D273,2008-04-12,538,3,78,78,https://racing.hkjc.com/en-us/local/information/otherhorse?horseid=HK_2003_D273&Option=1,2026-09-04T13:33:18Z
HK_2003_D273,2008-05-04,578,3,78,76,https://racing.hkjc.com/en-us/local/information/otherhorse?horseid=HK_2003_D273&Option=1,2026-09-04T13:33:18Z
HK_2003_D273,2008-05-28,629,3,76,70,https://racing.hkjc.com/en-us/local/information/otherhorse?horseid=HK_2003_D273&Option=1,2026-09-04T13:33:18Z
HK_2003_D273,2008-09-15,9,3,70,69,https://racing.hkjc.com/en-us/local/information/otherhorse?horseid=HK_2003_D273&Option=1,2026-09-04T13:33:18Z
HK_2003_D273,2008-11-16,161,3,69,66,https://racing.hkjc.com/en-us/local/information/otherhorse?horseid=HK_2003_D273&Option=1,2026-09-04T13:33:18Z
HK_2003_D273,2008-11-30,198,3,66,62,https://racing.hkjc.com/en-us/local/information/otherhorse?horseid=HK_2003_D273&Option=1,2026-09-04T13:33:18Z
HK_2003_D273,2008-12-14,231,3,62,58,https://racing.hkjc.com/en-us/local/information/otherhorse?horseid=HK_2003_D273&Option=1,2026-09-04T13:33:18Z
HK_2003_D273,2009-01-01,268,4,58,53,https://racing.hkjc.com/en-us/local/information/otherhorse?horseid=HK_2003_D273&Option=1,2026-09-04T13:33:18Z
HK_2003_D273,2009-01-10,294,4,53,46,https://racing.hkjc.com/en-us/local/information/otherhorse?horseid=HK_2003_D273&Option=1,2026-09-04T13:33:18Z
HK_2003_D273,2009-06-28,717,4,46,30,https://racing.hkjc.com/en-us/local/information/otherhorse?horseid=HK_2003_D273&Option=1,2026-09-04T13:33:18Z
HK_2003_D273,2009-10-25,111,5,30,27,https://racing.hkjc.com/en-us/local/information/otherhorse?horseid=HK_2003_D273&Option=1,2026-09-04T13:33:18Z
HK_2003_D273,2009-11-07,141,5,27,20,https://racing.hkjc.com/en-us/local/information/otherhorse?horseid=HK_2003_D273&Option=1,2026-09-04T13:33:18Z
HK_2003_D278,2004-05-01,563,GRIFFIN,,,https://racing.hkjc.com/en-us/local/information/otherhorse?horseid=HK_2003_D278&Option=1,2026-09-04T13:25:19Z
HK_2003_D278,2004-05-16,598,GRIFFIN,,,https://racing.hkjc.com/en-us/local/information/otherhorse?horseid=HK_2003_D278&Option=1,2026-09-04T13:25:19Z
HK_2003_D278,2004-06-12,671,P,,45.0,https://racing.hkjc.com/en-us/local/information/otherhorse?horseid=HK_2003_D278&Option=1,2026-09-04T13:25:19Z
HK_2003_D278,2004-09-11,21,4,45.0,45.0,https://racing.hkjc.com/en-us/local/information/otherhorse?horseid=HK_2003_D278&Option=1,2026-09-04T13:25:19Z
HK_2003_D278,2004-09-25,52,4,45.0,43.0,https://racing.hkjc.com/en-us/local/information/otherhorse?horseid=HK_2003_D278&Option=1,2026-09-04T13:25:19Z
HK_2003_D278,2004-11-14,169,4,43.0,41.0,https://racing.hkjc.com/en-us/local/information/otherhorse?horseid=HK_2003_D278&Option=1,2026-09-04T13:25:19Z
HK_2003_D278,2004-12-08,231,4,41.0,39.0,https://racing.hkjc.com/en-us/local/information/otherhorse?horseid=HK_2003_D278&Option=1,2026-09-04T13:25:19Z
HK_2003_D278,2005-01-01,282,5,39.0,37.0,https://racing.hkjc.com/en-us/local/information/otherhorse?horseid=HK_2003_D278&Option=1,2026-09-04T13:25:19Z
HK_2003_D278,2005-02-05,372,5,37.0,35.0,https://racing.hkjc.com/en-us/local/information/otherhorse?horseid=HK_2003_D278&Option=1,2026-09-04T13:25:19Z
HK_2003_D278,2005-02-23,411,5,35.0,37.0,https://racing.hkjc.com/en-us/local/information/otherhorse?horseid=HK_2003_D278&Option=1,2026-09-04T13:25:19Z
HK_2003_D278,2005-03-23,484,5,37.0,37.0,https://racing.hkjc.com/en-us/local/information/otherhorse?horseid=HK_2003_D278&Option=1,2026-09-04T13:25:19Z
HK_2003_D278,2005-05-11,594,5,37.0,37.0,https://racing.hkjc.com/en-us/local/information/otherhorse?horseid=HK_2003_D278&Option=1,2026-09-04T13:25:19Z
HK_2003_D278,2005-05-29,629,5,37.0,37.0,https://racing.hkjc.com/en-us/local/information/otherhorse?horseid=HK_2003_D278&Option=1,2026-09-04T13:25:19Z
HK_2003_D278,2005-06-12,668,5,37.0,33.0,https://racing.hkjc.com/en-us/local/information/otherhorse?horseid=HK_2003_D278&Option=1,2026-09-04T13:25:19Z
HK_2003_D278,2005-09-28,54,5,33.0,34.0,https://racing.hkjc.com/en-us/local/information/otherhorse?horseid=HK_2003_D278&Option=1,2026-09-04T13:25:19Z
HK_2003_D278,2005-10-09,83,5,34.0,34.0,https://racing.hkjc.com/en-us/local/information/otherhorse?horseid=HK_2003_D278&Option=1,2026-09-04T13:25:19Z
HK_2003_D278,2005-10-22,108,5,34.0,36.0,https://racing.hkjc.com/en-us/local/information/otherhorse?horseid=HK_2003_D278&Option=1,2026-09-04T13:25:19Z
HK_2003_D278,2005-11-13,164,5,36.0,41.0,https://racing.hkjc.com/en-us/local/information/otherhorse?horseid=HK_2003_D278&Option=1,2026-09-04T13:25:19Z
HK_2003_D278,2005-11-20,181,4,41.0,41.0,https://racing.hkjc.com/en-us/local/information/otherhorse?horseid=HK_2003_D278&Option=1,2026-09-04T13:25:19Z
HK_2003_D278,2005-11-30,209,4,41.0,47.0,https://racing.hkjc.com/en-us/local/information/otherhorse?horseid=HK_2003_D278&Option=1,2026-09-04T13:25:19Z
HK_2003_D278,2005-12-21,261,4,47.0,48.0,https://racing.hkjc.com/en-us/local/information/otherhorse?horseid=HK_2003_D278&Option=1,2026-09-04T13:25:19Z
HK_2003_D278,2006-01-01,281,4,48.0,48.0,https://racing.hkjc.com/en-us/local/information/otherhorse?horseid=HK_2003_D278&Option=1,2026-09-04T13:25:19Z
HK_2003_D278,2006-01-15,314,4,48.0,48.0,https://racing.hkjc.com/en-us/local/information/otherhorse?horseid=HK_2003_D278&Option=1,2026-09-04T13:25:19Z
HK_2003_D278,2006-02-15,389,4,48.0,48.0,https://racing.hkjc.com/en-us/local/information/otherhorse?horseid=HK_2003_D278&Option=1,2026-09-04T13:25:19Z
HK_2003_D278,2006-03-12,445,4,48.0,48.0,https://racing.hkjc.com/en-us/local/information/otherhorse?horseid=HK_2003_D278&Option=1,2026-09-04T13:25:19Z
HK_2003_D278,2006-03-26,481,4,48.0,47.0,https://racing.hkjc.com/en-us/local/information/otherhorse?horseid=HK_2003_D278&Option=1,2026-09-04T13:25:19Z
HK_2003_D278,2006-04-19,539,4,47.0,47.0,https://racing.hkjc.com/en-us/local/information/otherhorse?horseid=HK_2003_D278&Option=1,2026-09-04T13:25:19Z
HK_2003_D278,2006-05-10,594,4,47.0,47.0,https://racing.hkjc.com/en-us/local/information/otherhorse?horseid=HK_2003_D278&Option=1,2026-09-04T13:25:19Z
HK_2003_D278,2006-06-07,656,4,47.0,47.0,https://racing.hkjc.com/en-us/local/information/otherhorse?horseid=HK_2003_D278&Option=1,2026-09-04T13:25:19Z
HK_2003_D278,2006-06-10,664,4,47.0,45.0,https://racing.hkjc.com/en-us/local/information/otherhorse?horseid=HK_2003_D278&Option=1,2026-09-04T13:25:19Z
HK_2003_D278,2006-07-02,700,4,45.0,43.0,https://racing.hkjc.com/en-us/local/information/otherhorse?horseid=HK_2003_D278&Option=1,2026-09-04T13:25:19Z
HK_2003_D278,2006-09-10,3,4,43.0,43.0,https://racing.hkjc.com/en-us/local/information/otherhorse?horseid=HK_2003_D278&Option=1,2026-09-04T13:25:19Z
HK_2003_D278,2006-09-24,34,4,43.0,43.0,https://racing.hkjc.com/en-us/local/information/otherhorse?horseid=HK_2003_D278&Option=1,2026-09-04T13:25:19Z
HK_2003_D278,2006-09-27,43,4,43.0,41.0,https://racing.hkjc.com/en-us/local/information/otherhorse?horseid=HK_2003_D278&Option=1,2026-09-04T13:25:19Z
HK_2003_D278,2006-10-07,69,4,41.0,40.0,https://racing.hkjc.com/en-us/local/information/otherhorse?horseid=HK_2003_D278&Option=1,2026-09-04T13:25:19Z
HK_2003_D278,2006-11-12,151,5,40.0,38.0,https://racing.hkjc.com/en-us/local/information/otherhorse?horseid=HK_2003_D278&Option=1,2026-09-04T13:25:19Z
HK_2003_D278,2007-03-07,431,5,38.0,38.0,https://racing.hkjc.com/en-us/local/information/otherhorse?horseid=HK_2003_D278&Option=1,2026-09-04T13:25:19Z
HK_2003_D278,2007-03-21,469,5,38.0,38.0,https://racing.hkjc.com/en-us/local/information/otherhorse?horseid=HK_2003_D278&Option=1,2026-09-04T13:25:19Z
HK_2003_D278,2007-04-09,506,5,38.0,37.0,https://racing.hkjc.com/en-us/local/information/otherhorse?horseid=HK_2003_D278&Option=1,2026-09-04T13:25:19Z
HK_2003_D278,2007-04-14,519,5,37.0,36.0,https://racing.hkjc.com/en-us/local/information/otherhorse?horseid=HK_2003_D278&Option=1,2026-09-04T13:25:19Z
HK_2003_D278,2007-05-30,643,5,36.0,35.0,https://racing.hkjc.com/en-us/local/information/otherhorse?horseid=HK_2003_D278&Option=1,2026-09-04T13:25:19Z
HK_2003_D278,2007-06-09,671,5,35.0,33.0,https://racing.hkjc.com/en-us/local/information/otherhorse?horseid=HK_2003_D278&Option=1,2026-09-04T13:25:19Z
HK_2003_D317,2004-04-25,551,1,95,95,https://racing.hkjc.com/en-us/local/information/otherhorse?horseid=HK_2003_D317&Option=1,2026-09-04T13:29:34Z
HK_2003_D317,2004-05-16,605,1,95,96,https://racing.hkjc.com/en-us/local/information/otherhorse?horseid=HK_2003_D317&Option=1,2026-09-04T13:29:34Z
HK_2003_D317,2004-05-26,632,1,96,102,https://racing.hkjc.com/en-us/local/information/otherhorse?horseid=HK_2003_D317&Option=1,2026-09-04T13:29:34Z
HK_2003_D317,2004-06-12,677,1,102,100,https://racing.hkjc.com/en-us/local/information/otherhorse?horseid=HK_2003_D317&Option=1,2026-09-04T13:29:34Z
HK_2003_D317,2004-10-03,69,2,100,100,https://racing.hkjc.com/en-us/local/information/otherhorse?horseid=HK_2003_D317&Option=1,2026-09-04T13:29:34Z
HK_2003_D317,2004-10-17,103,2,100,106,https://racing.hkjc.com/en-us/local/information/otherhorse?horseid=HK_2003_D317&Option=1,2026-09-04T13:29:34Z
HK_2003_D317,2004-10-30,139,1,106,107,https://racing.hkjc.com/en-us/local/information/otherhorse?horseid=HK_2003_D317&Option=1,2026-09-04T13:29:34Z
HK_2003_D317,2004-11-14,172,3YO+,107,110,https://racing.hkjc.com/en-us/local/information/otherhorse?horseid=HK_2003_D317&Option=1,2026-09-04T13:29:34Z
HK_2003_D317,2005-01-01,290,GROUP-3,110,116,https://racing.hkjc.com/en-us/local/information/otherhorse?horseid=HK_2003_D317&Option=1,2026-09-04T13:29:34Z
HK_2003_D317,2005-01-16,325,3YO+,116,116,https://racing.hkjc.com/en-us/local/information/otherhorse?horseid=HK_2003_D317&Option=1,2026-09-04T13:29:34Z
HK_2003_D317,2005-02-11,388,4YO,116,116,https://racing.hkjc.com/en-us/local/information/otherhorse?horseid=HK_2003_D317&Option=1,2026-09-04T13:29:34Z
HK_2003_D317,2005-03-13,462,4YO,116,115,https://racing.hkjc.com/en-us/local/information/otherhorse?horseid=HK_2003_D317&Option=1,2026-09-04T13:29:34Z
HK_2003_D317,2005-03-19,480,3YO+,115,118,https://racing.hkjc.com/en-us/local/information/otherhorse?horseid=HK_2003_D317&Option=1,2026-09-04T13:29:34Z
HK_2003_D317,2005-04-03,506,P,118,118,https://racing.hkjc.com/en-us/local/information/otherhorse?horseid=HK_2003_D317&Option=1,2026-09-04T13:29:34Z
HK_2003_D317,2005-10-30,132,P,118,118,https://racing.hkjc.com/en-us/local/information/otherhorse?horseid=HK_2003_D317&Option=1,2026-09-04T13:29:34Z
HK_2003_D317,2005-11-20,187,3YO+,118,118,https://racing.hkjc.com/en-us/local/information/otherhorse?horseid=HK_2003_D317&Option=1,2026-09-04T13:29:34Z
HK_2003_D317,2005-12-11,239,3YO+,118,118,https://racing.hkjc.com/en-us/local/information/otherhorse?horseid=HK_2003_D317&Option=1,2026-09-04T13:29:34Z
HK_2003_D317,2006-01-01,284,GROUP-3,118,118,https://racing.hkjc.com/en-us/local/information/otherhorse?horseid=HK_2003_D317&Option=1,2026-09-04T13:29:34Z
HK_2003_D317,2006-01-22,339,3YO+,118,117,https://racing.hkjc.com/en-us/local/information/otherhorse?horseid=HK_2003_D317&Option=1,2026-09-04T13:29:34Z
HK_2003_D317,2006-02-11,386,P,117,115,https://racing.hkjc.com/en-us/local/information/otherhorse?horseid=HK_2003_D317&Option=1,2026-09-04T13:29:34Z
HK_2003_D317,2006-02-26,422,3YO+,115,112,https://racing.hkjc.com/en-us/local/information/otherhorse?horseid=HK_2003_D317&Option=1,2026-09-04T13:29:34Z
HK_2003_D317,2006-04-15,532,3YO+,112,117,https://racing.hkjc.com/en-us/local/information/otherhorse?horseid=HK_2003_D317&Option=1,2026-09-04T13:29:34Z
HK_2003_D317,2006-05-07,586,3YO+,117,117,https://racing.hkjc.com/en-us/local/information/otherhorse?horseid=HK_2003_D317&Option=1,2026-09-04T13:29:34Z
HK_2003_D317,2006-05-21,622,P,117,115,https://racing.hkjc.com/en-us/local/information/otherhorse?horseid=HK_2003_D317&Option=1,2026-09-04T13:29:34Z
HK_2003_D317,2006-09-10,4,1,115,115,https://racing.hkjc.com/en-us/local/information/otherhorse?horseid=HK_2003_D317&Option=1,2026-09-04T13:29:34Z
HK_2003_D317,2006-10-01,54,GROUP-3,115,113,https://racing.hkjc.com/en-us/local/information/otherhorse?horseid=HK_2003_D317&Option=1,2026-09-04T13:29:34Z
HK_2003_D317,2006-10-15,82,GROUP-3,113,111,https://racing.hkjc.com/en-us/local/information/otherhorse?horseid=HK_2003_D317&Option=1,2026-09-04T13:29:34Z
HK_2003_D317,2006-11-12,149,3YO+,111,110,https://racing.hkjc.com/en-us/local/information/otherhorse?horseid=HK_2003_D317&Option=1,2026-09-04T13:29:34Z
HK_2003_D317,2006-12-10,226,3YO+,110,108,https://racing.hkjc.com/en-us/local/information/otherhorse?horseid=HK_2003_D317&Option=1,2026-09-04T13:29:34Z
HK_2003_D317,2006-12-16,244,1,108,106,https://racing.hkjc.com/en-us/local/information/otherhorse?horseid=HK_2003_D317&Option=1,2026-09-04T13:29:34Z
HK_2003_D317,2007-01-10,300,1,106,104,https://racing.hkjc.com/en-us/local/information/otherhorse?horseid=HK_2003_D317&Option=1,2026-09-04T13:29:34Z
HK_2003_D317,2007-01-20,329,1,104,103,https://racing.hkjc.com/en-us/local/information/otherhorse?horseid=HK_2003_D317&Option=1,2026-09-04T13:29:34Z
HK_2003_D317,2007-02-10,381,GROUP-3,103,102,https://racing.hkjc.com/en-us/local/information/otherhorse?horseid=HK_2003_D317&Option=1,2026-09-04T13:29:34Z
HK_2003_D317,2007-04-25,552,1,102,100,https://racing.hkjc.com/en-us/local/information/otherhorse?horseid=HK_2003_D317&Option=1,2026-09-04T13:29:34Z
HK_2003_D317,2007-05-09,591,1,100,100,https://racing.hkjc.com/en-us/local/information/otherhorse?horseid=HK_2003_D317&Option=1,2026-09-04T13:29:34Z
HK_2003_D317,2007-05-20,617,1,100,99,https://racing.hkjc.com/en-us/local/information/otherhorse?horseid=HK_2003_D317&Option=1,2026-09-04T13:29:34Z
HK_2003_D317,2007-06-06,665,2,99,98,https://racing.hkjc.com/en-us/local/information/otherhorse?horseid=HK_2003_D317&Option=1,2026-09-04T13:29:34Z
HK_2003_D317,2007-06-24,706,1,98,97,https://racing.hkjc.com/en-us/local/information/otherhorse?horseid=HK_2003_D317&Option=1,2026-09-04T13:29:34Z
HK_2003_D317,2007-07-02,724,1,97,94,https://racing.hkjc.com/en-us/local/information/otherhorse?horseid=HK_2003_D317&Option=1,2026-09-04T13:29:34Z
HK_2003_D317,2007-09-15,27,2,94,94,https://racing.hkjc.com/en-us/local/information/otherhorse?horseid=HK_2003_D317&Option=1,2026-09-04T13:29:34Z
HK_2003_D317,2007-10-07,75,2,94,92,https://racing.hkjc.com/en-us/local/information/otherhorse?horseid=HK_2003_D317&Option=1,2026-09-04T13:29:34Z
HK_2003_D317,2007-10-28,123,1,92,89,https://racing.hkjc.com/en-us/local/information/otherhorse?horseid=HK_2003_D317&Option=1,2026-09-04T13:29:34Z
HK_2003_D317,2007-11-21,186,2,89,85,https://racing.hkjc.com/en-us/local/information/otherhorse?horseid=HK_2003_D317&Option=1,2026-09-04T13:29:34Z
HK_2003_D317,2007-12-01,213,2,85,81,https://racing.hkjc.com/en-us/local/information/otherhorse?horseid=HK_2003_D317&Option=1,2026-09-04T13:29:34Z
HK_2003_D317,2007-12-09,225,2,81,79,https://racing.hkjc.com/en-us/local/information/otherhorse?horseid=HK_2003_D317&Option=1,2026-09-04T13:29:34Z
HK_2003_D317,2007-12-26,277,3,79,76,https://racing.hkjc.com/en-us/local/information/otherhorse?horseid=HK_2003_D317&Option=1,2026-09-04T13:29:34Z
HK_2003_D317,2008-01-06,298,3,76,76,https://racing.hkjc.com/en-us/local/information/otherhorse?horseid=HK_2003_D317&Option=1,2026-09-04T13:29:34Z
HK_2003_D317,2008-01-27,351,3,76,75,https://racing.hkjc.com/en-us/local/information/otherhorse?horseid=HK_2003_D317&Option=1,2026-09-04T13:29:34Z
HK_2003_D317,2008-02-09,374,3,75,73,https://racing.hkjc.com/en-us/local/information/otherhorse?horseid=HK_2003_D317&Option=1,2026-09-04T13:29:34Z
HK_2003_D317,2008-02-20,408,3,73,78,https://racing.hkjc.com/en-us/local/information/otherhorse?horseid=HK_2003_D317&Option=1,2026-09-04T13:29:34Z
HK_2003_D317,2008-02-27,424,3,78,78,https://racing.hkjc.com/en-us/local/information/otherhorse?horseid=HK_2003_D317&Option=1,2026-09-04T13:29:34Z
HK_2003_D317,2008-04-02,508,3,78,79,https://racing.hkjc.com/en-us/local/information/otherhorse?horseid=HK_2003_D317&Option=1,2026-09-04T13:29:34Z
HK_2003_D317,2008-09-21,26,3,79,79,https://racing.hkjc.com/en-us/local/information/otherhorse?horseid=HK_2003_D317&Option=1,2026-09-04T13:29:34Z
HK_2003_D317,2008-10-01,55,3,79,78,https://racing.hkjc.com/en-us/local/information/otherhorse?horseid=HK_2003_D317&Option=1,2026-09-04T13:29:34Z
HK_2003_D317,2008-10-19,99,3,78,77,https://racing.hkjc.com/en-us/local/information/otherhorse?horseid=HK_2003_D317&Option=1,2026-09-04T13:29:34Z
HK_2003_D317,2008-11-02,133,3,77,75,https://racing.hkjc.com/en-us/local/information/otherhorse?horseid=HK_2003_D317&Option=1,2026-09-04T13:29:34Z
HK_2003_D317,2008-11-16,158,2,75,73,https://racing.hkjc.com/en-us/local/information/otherhorse?horseid=HK_2003_D317&Option=1,2026-09-04T13:29:34Z
HK_2003_D317,2008-12-17,243,3,73,71,https://racing.hkjc.com/en-us/local/information/otherhorse?horseid=HK_2003_D317&Option=1,2026-09-04T13:29:34Z
HK_2003_D317,2009-01-14,310,3,71,69,https://racing.hkjc.com/en-us/local/information/otherhorse?horseid=HK_2003_D317&Option=1,2026-09-04T13:29:34Z
HK_2003_D317,2009-02-04,365,3,69,66,https://racing.hkjc.com/en-us/local/information/otherhorse?horseid=HK_2003_D317&Option=1,2026-09-04T13:29:34Z
HK_2003_D317,2009-02-11,384,3,66,66,https://racing.hkjc.com/en-us/local/information/otherhorse?horseid=HK_2003_D317&Option=1,2026-09-04T13:29:34Z
HK_2003_D317,2009-02-25,420,3,66,65,https://racing.hkjc.com/en-us/local/information/otherhorse?horseid=HK_2003_D317&Option=1,2026-09-04T13:29:34Z
HK_2003_D317,2009-04-01,507,3,65,63,https://racing.hkjc.com/en-us/local/information/otherhorse?horseid=HK_2003_D317&Option=1,2026-09-04T13:29:34Z
HK_2003_D317,2009-04-13,536,3,63,61,https://racing.hkjc.com/en-us/local/information/otherhorse?horseid=HK_2003_D317&Option=1,2026-09-04T13:29:34Z
HK_2003_D317,2009-04-19,545,3,61,60,https://racing.hkjc.com/en-us/local/information/otherhorse?horseid=HK_2003_D317&Option=1,2026-09-04T13:29:34Z
HK_2003_D317,2009-05-06,587,4,60,59,https://racing.hkjc.com/en-us/local/information/otherhorse?horseid=HK_2003_D317&Option=1,2026-09-04T13:29:34Z
HK_2003_D317,2009-05-13,605,4S,59,57,https://racing.hkjc.com/en-us/local/information/otherhorse?horseid=HK_2003_D317&Option=1,2026-09-04T13:29:34Z
HK_2003_D317,2009-05-27,643,4,57,55,https://racing.hkjc.com/en-us/local/information/otherhorse?horseid=HK_2003_D317&Option=1,2026-09-04T13:29:34Z
HK_2003_D317,2009-06-24,705,4,55,54,https://racing.hkjc.com/en-us/local/information/otherhorse?horseid=HK_2003_D317&Option=1,2026-09-04T13:29:34Z
HK_2003_D317,2009-07-01,726,4,54,51,https://racing.hkjc.com/en-us/local/information/otherhorse?horseid=HK_2003_D317&Option=1,2026-09-04T13:29:34Z
HK_2003_D317,2009-09-16,15,4,51,51,https://racing.hkjc.com/en-us/local/information/otherhorse?horseid=HK_2003_D317&Option=1,2026-09-04T13:29:34Z
HK_2003_D317,2009-09-20,23,4,51,56,https://racing.hkjc.com/en-us/local/information/otherhorse?horseid=HK_2003_D317&Option=1,2026-09-04T13:29:34Z
HK_2003_D317,2009-10-01,51,4,56,56,https://racing.hkjc.com/en-us/local/information/otherhorse?horseid=HK_2003_D317&Option=1,2026-09-04T13:29:34Z
HK_2003_D317,2009-10-04,61,4,56,58,https://racing.hkjc.com/en-us/local/information/otherhorse?horseid=HK_2003_D317&Option=1,2026-09-04T13:29:34Z
HK_2003_D317,2009-10-25,116,4,58,58,https://racing.hkjc.com/en-us/local/information/otherhorse?horseid=HK_2003_D317&Option=1,2026-09-04T13:29:34Z
HK_2003_D317,2009-11-01,124,4,58,59,https://racing.hkjc.com/en-us/local/information/otherhorse?horseid=HK_2003_D317&Option=1,2026-09-04T13:29:34Z
HK_2003_D317,2009-11-15,161,4,59,60,https://racing.hkjc.com/en-us/local/information/otherhorse?horseid=HK_2003_D317&Option=1,2026-09-04T13:29:34Z
HK_2003_D317,2009-11-22,177,3,60,60,https://racing.hkjc.com/en-us/local/information/otherhorse?horseid=HK_2003_D317&Option=1,2026-09-04T13:29:34Z
HK_2003_D317,2010-01-01,277,4,60,60,https://racing.hkjc.com/en-us/local/information/otherhorse?horseid=HK_2003_D317&Option=1,2026-09-04T13:29:34Z
HK_2003_D317,2010-01-10,298,4,60,59,https://racing.hkjc.com/en-us/local/information/otherhorse?horseid=HK_2003_D317&Option=1,2026-09-04T13:29:34Z
HK_2003_D317,2010-01-31,352,4,59,60,https://racing.hkjc.com/en-us/local/information/otherhorse?horseid=HK_2003_D317&Option=1,2026-09-04T13:29:34Z
HK_2003_D317,2010-02-21,399,4,60,62,https://racing.hkjc.com/en-us/local/information/otherhorse?horseid=HK_2003_D317&Option=1,2026-09-04T13:29:34Z
HK_2003_D317,2010-03-21,472,4,62,62,https://racing.hkjc.com/en-us/local/information/otherhorse?horseid=HK_2003_D317&Option=1,2026-09-04T13:29:34Z
HK_2003_D320,2004-10-27,124,4,52,52,https://racing.hkjc.com/en-us/local/information/otherhorse?horseid=HK_2003_D320&Option=1,2026-09-04T13:26:12Z
HK_2003_D320,2004-12-26,276,4,52,50,https://racing.hkjc.com/en-us/local/information/otherhorse?horseid=HK_2003_D320&Option=1,2026-09-04T13:26:12Z
HK_2003_D320,2005-01-16,323,4,50,50,https://racing.hkjc.com/en-us/local/information/otherhorse?horseid=HK_2003_D320&Option=1,2026-09-04T13:26:12Z
HK_2003_D320,2005-01-30,357,4,50,50,https://racing.hkjc.com/en-us/local/information/otherhorse?horseid=HK_2003_D320&Option=1,2026-09-04T13:26:12Z
HK_2003_D320,2005-02-16,393,4,50,49,https://racing.hkjc.com/en-us/local/information/otherhorse?horseid=HK_2003_D320&Option=1,2026-09-04T13:26:12Z
HK_2003_D320,2005-03-13,458,4,49,49,https://racing.hkjc.com/en-us/local/information/otherhorse?horseid=HK_2003_D320&Option=1,2026-09-04T13:26:12Z
HK_2003_D320,2005-05-14,605,4,49,51,https://racing.hkjc.com/en-us/local/information/otherhorse?horseid=HK_2003_D320&Option=1,2026-09-04T13:26:12Z
HK_2003_D320,2005-06-05,651,4,51,58,https://racing.hkjc.com/en-us/local/information/otherhorse?horseid=HK_2003_D320&Option=1,2026-09-04T13:26:12Z
HK_2003_D320,2005-09-24,46,4,58,62,https://racing.hkjc.com/en-us/local/information/otherhorse?horseid=HK_2003_D320&Option=1,2026-09-04T13:26:12Z
HK_2003_D320,2005-10-16,99,3,62,62,https://racing.hkjc.com/en-us/local/information/otherhorse?horseid=HK_2003_D320&Option=1,2026-09-04T13:26:12Z
HK_2003_D320,2005-11-09,157,3,62,62,https://racing.hkjc.com/en-us/local/information/otherhorse?horseid=HK_2003_D320&Option=1,2026-09-04T13:26:12Z
HK_2003_D320,2005-11-30,212,3,62,60,https://racing.hkjc.com/en-us/local/information/otherhorse?horseid=HK_2003_D320&Option=1,2026-09-04T13:26:12Z
HK_2003_D320,2006-01-01,282,4,60,59,https://racing.hkjc.com/en-us/local/information/otherhorse?horseid=HK_2003_D320&Option=1,2026-09-04T13:26:12Z
HK_2003_D320,2006-10-01,48,4,59,61,https://racing.hkjc.com/en-us/local/information/otherhorse?horseid=HK_2003_D320&Option=1,2026-09-04T13:26:12Z
HK_2003_D320,2006-10-18,90,3,61,61,https://racing.hkjc.com/en-us/local/information/otherhorse?horseid=HK_2003_D320&Option=1,2026-09-04T13:26:12Z
HK_2003_D320,2006-11-07,144,3,61,68,https://racing.hkjc.com/en-us/local/information/otherhorse?horseid=HK_2003_D320&Option=1,2026-09-04T13:26:12Z
HK_2003_D320,2006-12-13,235,3,68,68,https://racing.hkjc.com/en-us/local/information/otherhorse?horseid=HK_2003_D320&Option=1,2026-09-04T13:26:12Z
HK_2003_D320,2007-01-14,304,3,68,74,https://racing.hkjc.com/en-us/local/information/otherhorse?horseid=HK_2003_D320&Option=1,2026-09-04T13:26:12Z
HK_2003_D320,2007-02-07,372,3,74,74,https://racing.hkjc.com/en-us/local/information/otherhorse?horseid=HK_2003_D320&Option=1,2026-09-04T13:26:12Z
HK_2003_D320,2007-05-12,601,3,74,74,https://racing.hkjc.com/en-us/local/information/otherhorse?horseid=HK_2003_D320&Option=1,2026-09-04T13:26:12Z
HK_2003_D320,2007-06-06,666,3,74,74,https://racing.hkjc.com/en-us/local/information/otherhorse?horseid=HK_2003_D320&Option=1,2026-09-04T13:26:12Z
HK_2003_D320,2007-06-24,705,3,74,76,https://racing.hkjc.com/en-us/local/information/otherhorse?horseid=HK_2003_D320&Option=1,2026-09-04T13:26:12Z
HK_2003_D320,2007-10-07,76,3,76,82,https://racing.hkjc.com/en-us/local/information/otherhorse?horseid=HK_2003_D320&Option=1,2026-09-04T13:26:12Z
HK_2003_D322,2004-04-11,513,4,52,47,https://racing.hkjc.com/en-us/local/information/otherhorse?horseid=HK_2003_D322&Option=1,2026-09-04T13:25:01Z
HK_2003_D322,2004-09-19,38,4,47,47,https://racing.hkjc.com/en-us/local/information/otherhorse?horseid=HK_2003_D322&Option=1,2026-09-04T13:25:01Z
HK_2003_D322,2004-10-09,87,4,47,49,https://racing.hkjc.com/en-us/local/information/otherhorse?horseid=HK_2003_D322&Option=1,2026-09-04T13:25:01Z
HK_2003_D322,2004-10-30,134,4,49,57,https://racing.hkjc.com/en-us/local/information/otherhorse?horseid=HK_2003_D322&Option=1,2026-09-04T13:25:01Z
HK_2003_D322,2004-11-06,151,4,57,58,https://racing.hkjc.com/en-us/local/information/otherhorse?horseid=HK_2003_D322&Option=1,2026-09-04T13:25:01Z
HK_2003_D322,2004-11-21,187,4,58,58,https://racing.hkjc.com/en-us/local/information/otherhorse?horseid=HK_2003_D322&Option=1,2026-09-04T13:25:01Z
HK_2003_D322,2005-01-08,300,4,58,58,https://racing.hkjc.com/en-us/local/information/otherhorse?horseid=HK_2003_D322&Option=1,2026-09-04T13:25:01Z
HK_2003_D322,2005-01-23,340,4,58,58,https://racing.hkjc.com/en-us/local/information/otherhorse?horseid=HK_2003_D322&Option=1,2026-09-04T13:25:01Z
HK_2003_D322,2005-03-13,455,4,58,57,https://racing.hkjc.com/en-us/local/information/otherhorse?horseid=HK_2003_D322&Option=1,2026-09-04T13:25:01Z
HK_2003_D322,2005-04-09,521,4,57,56,https://racing.hkjc.com/en-us/local/information/otherhorse?horseid=HK_2003_D322&Option=1,2026-09-04T13:25:01Z
HK_2003_D322,2005-09-24,48,4,56,56,https://racing.hkjc.com/en-us/local/information/otherhorse?horseid=HK_2003_D322&Option=1,2026-09-04T13:25:01Z
HK_2003_D322,2005-10-16,95,4,56,58,https://racing.hkjc.com/en-us/local/information/otherhorse?horseid=HK_2003_D322&Option=1,2026-09-04T13:25:01Z
HK_2003_D322,2005-11-13,163,4,58,58,https://racing.hkjc.com/en-us/local/information/otherhorse?horseid=HK_2003_D322&Option=1,2026-09-04T13:25:01Z
HK_2003_D322,2005-11-20,182,4,58,58,https://racing.hkjc.com/en-us/local/information/otherhorse?horseid=HK_2003_D322&Option=1,2026-09-04T13:25:01Z
HK_2003_D322,2006-01-01,281,4,58,58,https://racing.hkjc.com/en-us/local/information/otherhorse?horseid=HK_2003_D322&Option=1,2026-09-04T13:25:01Z
HK_2003_D322,2006-01-22,337,4,58,64,https://racing.hkjc.com/en-us/local/information/otherhorse?horseid=HK_2003_D322&Option=1,2026-09-04T13:25:01Z
HK_2003_D322,2006-02-11,387,3,64,64,https://racing.hkjc.com/en-us/local/information/otherhorse?horseid=HK_2003_D322&Option=1,2026-09-04T13:25:01Z
HK_2003_D322,2006-03-04,443,3,64,65,https://racing.hkjc.com/en-us/local/information/otherhorse?horseid=HK_2003_D322&Option=1,2026-09-04T13:25:01Z
HK_2003_D322,2006-04-12,525,3,65,65,https://racing.hkjc.com/en-us/local/information/otherhorse?horseid=HK_2003_D322&Option=1,2026-09-04T13:25:01Z
HK_2003_D322,2006-04-26,561,3,65,65,https://racing.hkjc.com/en-us/local/information/otherhorse?horseid=HK_2003_D322&Option=1,2026-09-04T13:25:01Z
HK_2003_D322,2006-06-04,648,3,65,64,https://racing.hkjc.com/en-us/local/information/otherhorse?horseid=HK_2003_D322&Option=1,2026-09-04T13:25:01Z
HK_2003_D322,2006-07-02,705,3,64,61,https://racing.hkjc.com/en-us/local/information/otherhorse?horseid=HK_2003_D322&Option=1,2026-09-04T13:25:01Z
HK_2003_D322,2006-09-16,20,3,61,61,https://racing.hkjc.com/en-us/local/information/otherhorse?horseid=HK_2003_D322&Option=1,2026-09-04T13:25:01Z
HK_2003_D322,2006-10-29,115,3,61,60,https://racing.hkjc.com/en-us/local/information/otherhorse?horseid=HK_2003_D322&Option=1,2026-09-04T13:25:01Z
HK_2003_D322,2006-11-19,169,4,60,61,https://racing.hkjc.com/en-us/local/information/otherhorse?horseid=HK_2003_D322&Option=1,2026-09-04T13:25:01Z
HK_2003_D322,2006-12-16,245,3,61,61,https://racing.hkjc.com/en-us/local/information/otherhorse?horseid=HK_2003_D322&Option=1,2026-09-04T13:25:01Z
HK_2003_D322,2007-01-14,304,3,61,60,https://racing.hkjc.com/en-us/local/information/otherhorse?horseid=HK_2003_D322&Option=1,2026-09-04T13:25:01Z
HK_2003_D322,2007-02-04,361,3,60,58,https://racing.hkjc.com/en-us/local/information/otherhorse?horseid=HK_2003_D322&Option=1,2026-09-04T13:25:01Z
HK_2003_D322,2007-02-20,393,4,58,56,https://racing.hkjc.com/en-us/local/information/otherhorse?horseid=HK_2003_D322&Option=1,2026-09-04T13:25:01Z
HK_2003_D322,2007-03-10,442,4,56,54,https://racing.hkjc.com/en-us/local/information/otherhorse?horseid=HK_2003_D322&Option=1,2026-09-04T13:25:01Z
HK_2003_D322,2007-04-22,536,4,54,53,https://racing.hkjc.com/en-us/local/information/otherhorse?horseid=HK_2003_D322&Option=1,2026-09-04T13:25:01Z
HK_2003_D322,2007-05-09,586,4,53,53,https://racing.hkjc.com/en-us/local/information/otherhorse?horseid=HK_2003_D322&Option=1,2026-09-04T13:25:01Z
HK_2003_D322,2007-05-24,623,4,53,52,https://racing.hkjc.com/en-us/local/information/otherhorse?horseid=HK_2003_D322&Option=1,2026-09-04T13:25:01Z
HK_2003_D322,2007-06-03,653,4,52,51,https://racing.hkjc.com/en-us/local/information/otherhorse?horseid=HK_2003_D322&Option=1,2026-09-04T13:25:01Z
HK_2003_D322,2007-06-13,682,4,51,47,https://racing.hkjc.com/en-us/local/information/otherhorse?horseid=HK_2003_D322&Option=1,2026-09-04T13:25:01Z
HK_2003_D322,2007-09-15,23,4,47,47,https://racing.hkjc.com/en-us/local/information/otherhorse?horseid=HK_2003_D322&Option=1,2026-09-04T13:25:01Z
HK_2003_D322,2007-10-07,69,4,47,50,https://racing.hkjc.com/en-us/local/information/otherhorse?horseid=HK_2003_D322&Option=1,2026-09-04T13:25:01Z
HK_2003_D322,2007-10-21,98,4,50,50,https://racing.hkjc.com/en-us/local/information/otherhorse?horseid=HK_2003_D322&Option=1,2026-09-04T13:25:01Z
HK_2003_D322,2007-11-17,169,4,50,49,https://racing.hkjc.com/en-us/local/information/otherhorse?horseid=HK_2003_D322&Option=1,2026-09-04T13:25:01Z
HK_2003_D322,2007-12-23,260,4,49,47,https://racing.hkjc.com/en-us/local/information/otherhorse?horseid=HK_2003_D322&Option=1,2026-09-04T13:25:01Z
HK_2003_D322,2008-01-23,339,4,47,45,https://racing.hkjc.com/en-us/local/information/otherhorse?horseid=HK_2003_D322&Option=1,2026-09-04T13:25:01Z
HK_2003_D322,2008-02-17,396,4,45,43,https://racing.hkjc.com/en-us/local/information/otherhorse?horseid=HK_2003_D322&Option=1,2026-09-04T13:25:01Z
HK_2003_D322,2008-03-09,448,4,43,50,https://racing.hkjc.com/en-us/local/information/otherhorse?horseid=HK_2003_D322&Option=1,2026-09-04T13:25:01Z
HK_2003_D322,2008-04-06,516,4,50,50,https://racing.hkjc.com/en-us/local/information/otherhorse?horseid=HK_2003_D322&Option=1,2026-09-04T13:25:01Z
HK_2003_D322,2008-05-04,573,4,50,50,https://racing.hkjc.com/en-us/local/information/otherhorse?horseid=HK_2003_D322&Option=1,2026-09-04T13:25:01Z
HK_2003_D322,2008-05-12,589,4,50,55,https://racing.hkjc.com/en-us/local/information/otherhorse?horseid=HK_2003_D322&Option=1,2026-09-04T13:25:01Z
HK_2003_D322,2008-06-08,659,4,55,55,https://racing.hkjc.com/en-us/local/information/otherhorse?horseid=HK_2003_D322&Option=1,2026-09-04T13:25:01Z
HK_2003_D322,2008-06-28,706,4,55,55,https://racing.hkjc.com/en-us/local/information/otherhorse?horseid=HK_2003_D322&Option=1,2026-09-04T13:25:01Z
HK_2003_D322,2008-09-28,41,4,55,55,https://racing.hkjc.com/en-us/local/information/otherhorse?horseid=HK_2003_D322&Option=1,2026-09-04T13:25:01Z
HK_2003_D322,2008-10-12,79,4,55,55,https://racing.hkjc.com/en-us/local/information/otherhorse?horseid=HK_2003_D322&Option=1,2026-09-04T13:25:01Z
HK_2003_D322,2008-10-26,106,4,55,54,https://racing.hkjc.com/en-us/local/information/otherhorse?horseid=HK_2003_D322&Option=1,2026-09-04T13:25:01Z
HK_2003_D322,2008-11-23,175,4,54,52,https://racing.hkjc.com/en-us/local/information/otherhorse?horseid=HK_2003_D322&Option=1,2026-09-04T13:25:01Z
HK_2003_D322,2008-12-20,247,4,52,50,https://racing.hkjc.com/en-us/local/information/otherhorse?horseid=HK_2003_D322&Option=1,2026-09-04T13:25:01Z
HK_2003_D322,2009-01-18,316,4,50,48,https://racing.hkjc.com/en-us/local/information/otherhorse?horseid=HK_2003_D322&Option=1,2026-09-04T13:25:01Z
HK_2003_D322,2009-02-01,350,4,48,46,https://racing.hkjc.com/en-us/local/information/otherhorse?horseid=HK_2003_D322&Option=1,2026-09-04T13:25:01Z
HK_2003_D322,2009-02-22,410,4,46,46,https://racing.hkjc.com/en-us/local/information/otherhorse?horseid=HK_2003_D322&Option=1,2026-09-04T13:25:01Z
HK_2003_D322,2009-05-31,651,4S,46,44,https://racing.hkjc.com/en-us/local/information/otherhorse?horseid=HK_2003_D322&Option=1,2026-09-04T13:25:01Z
HK_2003_D322,2009-06-13,688,4S,44,41,https://racing.hkjc.com/en-us/local/information/otherhorse?horseid=HK_2003_D322&Option=1,2026-09-04T13:25:01Z
HK_2003_D322,2009-07-01,726,4,41,35,https://racing.hkjc.com/en-us/local/information/otherhorse?horseid=HK_2003_D322&Option=1,2026-09-04T13:25:01Z
HK_2003_D322,2009-09-26,40,5,35,35,https://racing.hkjc.com/en-us/local/information/otherhorse?horseid=HK_2003_D322&Option=1,2026-09-04T13:25:01Z
HK_2003_D322,2009-10-14,85,5,35,33,https://racing.hkjc.com/en-us/local/information/otherhorse?horseid=HK_2003_D322&Option=1,2026-09-04T13:25:01Z
HK_2003_D322,2009-11-07,141,5,33,37,https://racing.hkjc.com/en-us/local/information/otherhorse?horseid=HK_2003_D322&Option=1,2026-09-04T13:25:01Z
HK_2003_D338,2004-05-26,632,1,101,101,https://racing.hkjc.com/en-us/local/information/otherhorse?horseid=HK_2003_D338&Option=1,2026-09-04T13:31:28Z
HK_2003_D338,2004-06-12,677,1,101,94,https://racing.hkjc.com/en-us/local/information/otherhorse?horseid=HK_2003_D338&Option=1,2026-09-04T13:31:28Z
HK_2003_D338,2004-09-11,27,2,94,94,https://racing.hkjc.com/en-us/local/information/otherhorse?horseid=HK_2003_D338&Option=1,2026-09-04T13:31:28Z
HK_2003_D338,2004-09-29,64,2,94,91,https://racing.hkjc.com/en-us/local/information/otherhorse?horseid=HK_2003_D338&Option=1,2026-09-04T13:31:28Z
HK_2003_D338,2004-11-17,183,2,91,84,https://racing.hkjc.com/en-us/local/information/otherhorse?horseid=HK_2003_D338&Option=1,2026-09-04T13:31:28Z
HK_2003_D338,2004-11-28,211,2,84,82,https://racing.hkjc.com/en-us/local/information/otherhorse?horseid=HK_2003_D338&Option=1,2026-09-04T13:31:28Z
HK_2003_D338,2004-12-15,252,2,82,80,https://racing.hkjc.com/en-us/local/information/otherhorse?horseid=HK_2003_D338&Option=1,2026-09-04T13:31:28Z
HK_2003_D338,2004-12-26,280,2,80,78,https://racing.hkjc.com/en-us/local/information/otherhorse?horseid=HK_2003_D338&Option=1,2026-09-04T13:31:28Z
HK_2003_D338,2005-01-23,343,2,78,76,https://racing.hkjc.com/en-us/local/information/otherhorse?horseid=HK_2003_D338&Option=1,2026-09-04T13:31:28Z
HK_2003_D338,2005-01-30,361,3,76,73,https://racing.hkjc.com/en-us/local/information/otherhorse?horseid=HK_2003_D338&Option=1,2026-09-04T13:31:28Z
HK_2003_D338,2005-03-13,464,3,73,71,https://racing.hkjc.com/en-us/local/information/otherhorse?horseid=HK_2003_D338&Option=1,2026-09-04T13:31:28Z
HK_2003_D338,2005-04-03,509,3,71,69,https://racing.hkjc.com/en-us/local/information/otherhorse?horseid=HK_2003_D338&Option=1,2026-09-04T13:31:28Z
HK_2003_D338,2005-04-16,542,3,69,69,https://racing.hkjc.com/en-us/local/information/otherhorse?horseid=HK_2003_D338&Option=1,2026-09-04T13:31:28Z
HK_2003_D338,2005-05-21,626,3,69,74,https://racing.hkjc.com/en-us/local/information/otherhorse?horseid=HK_2003_D338&Option=1,2026-09-04T13:31:28Z
HK_2003_D338,2005-06-18,680,3,74,74,https://racing.hkjc.com/en-us/local/information/otherhorse?horseid=HK_2003_D338&Option=1,2026-09-04T13:31:28Z
HK_2003_D338,2005-11-09,161,2,74,74,https://racing.hkjc.com/en-us/local/information/otherhorse?horseid=HK_2003_D338&Option=1,2026-09-04T13:31:28Z
HK_2003_D338,2005-12-03,225,3,74,74,https://racing.hkjc.com/en-us/local/information/otherhorse?horseid=HK_2003_D338&Option=1,2026-09-04T13:31:28Z
HK_2003_D338,2005-12-14,248,3,74,74,https://racing.hkjc.com/en-us/local/information/otherhorse?horseid=HK_2003_D338&Option=1,2026-09-04T13:31:28Z
HK_2003_D338,2006-01-01,285,3,74,73,https://racing.hkjc.com/en-us/local/information/otherhorse?horseid=HK_2003_D338&Option=1,2026-09-04T13:31:28Z
HK_2003_D338,2006-01-25,349,3,73,75,https://racing.hkjc.com/en-us/local/information/otherhorse?horseid=HK_2003_D338&Option=1,2026-09-04T13:31:28Z
HK_2003_D338,2006-02-11,385,3,75,77,https://racing.hkjc.com/en-us/local/information/otherhorse?horseid=HK_2003_D338&Option=1,2026-09-04T13:31:28Z
HK_2003_D338,2006-03-04,438,3,77,77,https://racing.hkjc.com/en-us/local/information/otherhorse?horseid=HK_2003_D338&Option=1,2026-09-04T13:31:28Z
HK_2003_D338,2006-03-29,494,3,77,76,https://racing.hkjc.com/en-us/local/information/otherhorse?horseid=HK_2003_D338&Option=1,2026-09-04T13:31:28Z
HK_2003_D343,2005-04-16,539,4,52,52,https://racing.hkjc.com/en-us/local/information/otherhorse?horseid=HK_2003_D343&Option=1,2026-09-04T13:26:24Z
HK_2003_D343,2005-05-07,586,4,52,49,https://racing.hkjc.com/en-us/local/information/otherhorse?horseid=HK_2003_D343&Option=1,2026-09-04T13:26:24Z
HK_2003_D343,2005-06-01,640,4,49,49,https://racing.hkjc.com/en-us/local/information/otherhorse?horseid=HK_2003_D343&Option=1,2026-09-04T13:26:24Z
HK_2003_D343,2005-06-29,706,4,49,40,https://racing.hkjc.com/en-us/local/information/otherhorse?horseid=HK_2003_D343&Option=1,2026-09-04T13:26:24Z
HK_2003_D343,2005-09-28,56,4,40,40,https://racing.hkjc.com/en-us/local/information/otherhorse?horseid=HK_2003_D343&Option=1,2026-09-04T13:26:24Z
HK_2003_D343,2005-10-16,90,5,40,38,https://racing.hkjc.com/en-us/local/information/otherhorse?horseid=HK_2003_D343&Option=1,2026-09-04T13:26:24Z
HK_2003_D343,2005-11-01,136,5,38,38,https://racing.hkjc.com/en-us/local/information/otherhorse?horseid=HK_2003_D343&Option=1,2026-09-04T13:26:24Z
HK_2003_D343,2005-11-09,156,5,38,38,https://racing.hkjc.com/en-us/local/information/otherhorse?horseid=HK_2003_D343&Option=1,2026-09-04T13:26:24Z
HK_2003_D343,2005-11-13,166,4,38,40,https://racing.hkjc.com/en-us/local/information/otherhorse?horseid=HK_2003_D343&Option=1,2026-09-04T13:26:24Z
HK_2003_D343,2005-11-23,191,5,40,40,https://racing.hkjc.com/en-us/local/information/otherhorse?horseid=HK_2003_D343&Option=1,2026-09-04T13:26:24Z
HK_2003_D343,2005-11-27,201,4,40,43,https://racing.hkjc.com/en-us/local/information/otherhorse?horseid=HK_2003_D343&Option=1,2026-09-04T13:26:24Z
HK_2003_D343,2005-12-07,230,4,43,43,https://racing.hkjc.com/en-us/local/information/otherhorse?horseid=HK_2003_D343&Option=1,2026-09-04T13:26:24Z
HK_2003_D343,2005-12-21,265,4,43,42,https://racing.hkjc.com/en-us/local/information/otherhorse?horseid=HK_2003_D343&Option=1,2026-09-04T13:26:24Z
HK_2003_D343,2006-01-01,282,4,42,42,https://racing.hkjc.com/en-us/local/information/otherhorse?horseid=HK_2003_D343&Option=1,2026-09-04T13:26:24Z
HK_2003_D343,2006-01-07,299,4,42,47,https://racing.hkjc.com/en-us/local/information/otherhorse?horseid=HK_2003_D343&Option=1,2026-09-04T13:26:24Z
HK_2003_D343,2006-01-22,334,4,47,47,https://racing.hkjc.com/en-us/local/information/otherhorse?horseid=HK_2003_D343&Option=1,2026-09-04T13:26:24Z
HK_2003_D343,2006-01-31,354,4,47,47,https://racing.hkjc.com/en-us/local/information/otherhorse?horseid=HK_2003_D343&Option=1,2026-09-04T13:26:24Z
HK_2003_D343,2006-02-19,400,4,47,47,https://racing.hkjc.com/en-us/local/information/otherhorse?horseid=HK_2003_D343&Option=1,2026-09-04T13:26:24Z
HK_2003_D343,2006-03-04,434,4,47,46,https://racing.hkjc.com/en-us/local/information/otherhorse?horseid=HK_2003_D343&Option=1,2026-09-04T13:26:24Z
HK_2003_D343,2006-03-19,465,4,46,44,https://racing.hkjc.com/en-us/local/information/otherhorse?horseid=HK_2003_D343&Option=1,2026-09-04T13:26:24Z
HK_2003_D343,2006-05-17,608,4,44,43,https://racing.hkjc.com/en-us/local/information/otherhorse?horseid=HK_2003_D343&Option=1,2026-09-04T13:26:24Z
HK_2003_D343,2006-05-28,636,4,43,42,https://racing.hkjc.com/en-us/local/information/otherhorse?horseid=HK_2003_D343&Option=1,2026-09-04T13:26:24Z
HK_2003_D343,2006-06-17,675,4,42,39,https://racing.hkjc.com/en-us/local/information/otherhorse?horseid=HK_2003_D343&Option=1,2026-09-04T13:26:24Z
HK_2003_D343,2006-09-16,12,5,39,39,https://racing.hkjc.com/en-us/local/information/otherhorse?horseid=HK_2003_D343&Option=1,2026-09-04T13:26:24Z
HK_2003_D343,2006-09-27,40,5,39,37,https://racing.hkjc.com/en-us/local/information/otherhorse?horseid=HK_2003_D343&Option=1,2026-09-04T13:26:24Z
HK_2003_D343,2006-10-18,85,5,37,35,https://racing.hkjc.com/en-us/local/information/otherhorse?horseid=HK_2003_D343&Option=1,2026-09-04T13:26:24Z
HK_2003_D343,2006-11-01,124,5,35,33,https://racing.hkjc.com/en-us/local/information/otherhorse?horseid=HK_2003_D343&Option=1,2026-09-04T13:26:24Z
HK_2003_D343,2006-11-19,166,5,33,30,https://racing.hkjc.com/en-us/local/information/otherhorse?horseid=HK_2003_D343&Option=1,2026-09-04T13:26:24Z
HK_2003_D343,2006-12-02,201,5,30,29,https://racing.hkjc.com/en-us/local/information/otherhorse?horseid=HK_2003_D343&Option=1,2026-09-04T13:26:24Z
HK_2003_D343,2006-12-13,228,5,29,26,https://racing.hkjc.com/en-us/local/information/otherhorse?horseid=HK_2003_D343&Option=1,2026-09-04T13:26:24Z
HK_2003_D343,2006-12-23,255,5,26,26,https://racing.hkjc.com/en-us/local/information/otherhorse?horseid=HK_2003_D343&Option=1,2026-09-04T13:26:24Z
HK_2003_D343,2006-12-26,266,5,26,22,https://racing.hkjc.com/en-us/local/information/otherhorse?horseid=HK_2003_D343&Option=1,2026-09-04T13:26:24Z
HK_2003_D343,2007-03-31,488,5,22,21,https://racing.hkjc.com/en-us/local/information/otherhorse?horseid=HK_2003_D343&Option=1,2026-09-04T13:26:24Z
HK_2003_D343,2007-04-14,517,5,21,21,https://racing.hkjc.com/en-us/local/information/otherhorse?horseid=HK_2003_D343&Option=1,2026-09-04T13:26:24Z
HK_2003_D343,2007-05-01,565,5,21,21,https://racing.hkjc.com/en-us/local/information/otherhorse?horseid=HK_2003_D343&Option=1,2026-09-04T13:26:24Z
HK_2003_D343,2007-05-16,605,5,21,20,https://racing.hkjc.com/en-us/local/information/otherhorse?horseid=HK_2003_D343&Option=1,2026-09-04T13:26:24Z
HK_2003_D343,2007-05-27,634,5,20,19,https://racing.hkjc.com/en-us/local/information/otherhorse?horseid=HK_2003_D343&Option=1,2026-09-04T13:26:24Z
HK_2003_D345,2004-06-12,673,4,52,47,https://racing.hkjc.com/en-us/local/information/otherhorse?horseid=HK_2003_D345&Option=1,2026-09-04T13:22:13Z
HK_2003_D345,2004-09-11,20,4,47,45,https://racing.hkjc.com/en-us/local/information/otherhorse?horseid=HK_2003_D345&Option=1,2026-09-04T13:22:13Z
HK_2003_D345,2005-03-13,455,4,45,42,https://racing.hkjc.com/en-us/local/information/otherhorse?horseid=HK_2003_D345&Option=1,2026-09-04T13:22:13Z
HK_2003_D345,2005-04-13,531,4,42,39,https://racing.hkjc.com/en-us/local/information/otherhorse?horseid=HK_2003_D345&Option=1,2026-09-04T13:22:13Z
HK_2003_D345,2005-10-02,63,5,39,39,https://racing.hkjc.com/en-us/local/information/otherhorse?horseid=HK_2003_D345&Option=1,2026-09-04T13:22:13Z
HK_2003_D345,2005-10-22,109,5,39,37,https://racing.hkjc.com/en-us/local/information/otherhorse?horseid=HK_2003_D345&Option=1,2026-09-04T13:22:13Z
HK_2003_D345,2005-11-27,199,5,37,35,https://racing.hkjc.com/en-us/local/information/otherhorse?horseid=HK_2003_D345&Option=1,2026-09-04T13:22:13Z
HK_2003_D345,2005-12-17,252,5,35,32,https://racing.hkjc.com/en-us/local/information/otherhorse?horseid=HK_2003_D345&Option=1,2026-09-04T13:22:13Z
HK_2003_D345,2006-01-01,278,5,32,30,https://racing.hkjc.com/en-us/local/information/otherhorse?horseid=HK_2003_D345&Option=1,2026-09-04T13:22:13Z
HK_2003_D345,2006-01-25,342,5,30,27,https://racing.hkjc.com/en-us/local/information/otherhorse?horseid=HK_2003_D345&Option=1,2026-09-04T13:22:13Z
HK_2003_D345,2006-02-15,391,5,27,23,https://racing.hkjc.com/en-us/local/information/otherhorse?horseid=HK_2003_D345&Option=1,2026-09-04T13:22:13Z
HK_2003_D350,2004-06-06,655,2,87,87,https://racing.hkjc.com/en-us/local/information/otherhorse?horseid=HK_2003_D350&Option=1,2026-09-04T13:28:16Z
HK_2003_D350,2004-06-20,690,2,87,79,https://racing.hkjc.com/en-us/local/information/otherhorse?horseid=HK_2003_D350&Option=1,2026-09-04T13:28:16Z
HK_2003_D350,2004-09-25,50,3,79,77,https://racing.hkjc.com/en-us/local/information/otherhorse?horseid=HK_2003_D350&Option=1,2026-09-04T13:28:16Z
HK_2003_D350,2004-10-09,91,3,77,77,https://racing.hkjc.com/en-us/local/information/otherhorse?horseid=HK_2003_D350&Option=1,2026-09-04T13:28:16Z
HK_2003_D350,2004-10-27,125,2,77,76,https://racing.hkjc.com/en-us/local/information/otherhorse?horseid=HK_2003_D350&Option=1,2026-09-04T13:28:16Z
HK_2003_D350,2004-12-18,263,3,76,74,https://racing.hkjc.com/en-us/local/information/otherhorse?horseid=HK_2003_D350&Option=1,2026-09-04T13:28:16Z
HK_2003_D350,2005-02-20,409,3,74,71,https://racing.hkjc.com/en-us/local/information/otherhorse?horseid=HK_2003_D350&Option=1,2026-09-04T13:28:16Z
HK_2003_D350,2005-03-19,479,3,71,69,https://racing.hkjc.com/en-us/local/information/otherhorse?horseid=HK_2003_D350&Option=1,2026-09-04T13:28:16Z
HK_2003_D350,2005-05-29,636,3,69,67,https://racing.hkjc.com/en-us/local/information/otherhorse?horseid=HK_2003_D350&Option=1,2026-09-04T13:28:16Z
HK_2003_D350,2005-06-05,655,3,67,67,https://racing.hkjc.com/en-us/local/information/otherhorse?horseid=HK_2003_D350&Option=1,2026-09-04T13:28:16Z
HK_2003_D350,2005-06-26,701,3,67,66,https://racing.hkjc.com/en-us/local/information/otherhorse?horseid=HK_2003_D350&Option=1,2026-09-04T13:28:16Z
HK_2003_D350,2005-12-14,246,3,66,66,https://racing.hkjc.com/en-us/local/information/otherhorse?horseid=HK_2003_D350&Option=1,2026-09-04T13:28:16Z
HK_2003_D350,2006-01-01,283,3,66,64,https://racing.hkjc.com/en-us/local/information/otherhorse?horseid=HK_2003_D350&Option=1,2026-09-04T13:28:16Z
HK_2003_D350,2006-01-15,320,3,64,62,https://racing.hkjc.com/en-us/local/information/otherhorse?horseid=HK_2003_D350&Option=1,2026-09-04T13:28:16Z
HK_2003_D350,2006-02-05,367,3,62,60,https://racing.hkjc.com/en-us/local/information/otherhorse?horseid=HK_2003_D350&Option=1,2026-09-04T13:28:16Z
HK_2003_D350,2006-03-29,492,4,60,61,https://racing.hkjc.com/en-us/local/information/otherhorse?horseid=HK_2003_D350&Option=1,2026-09-04T13:28:16Z
HK_2003_D350,2006-04-15,530,3,61,61,https://racing.hkjc.com/en-us/local/information/otherhorse?horseid=HK_2003_D350&Option=1,2026-09-04T13:28:16Z
HK_2003_D350,2006-05-03,577,3,61,61,https://racing.hkjc.com/en-us/local/information/otherhorse?horseid=HK_2003_D350&Option=1,2026-09-04T13:28:16Z
HK_2003_D350,2006-05-21,623,3,61,66,https://racing.hkjc.com/en-us/local/information/otherhorse?horseid=HK_2003_D350&Option=1,2026-09-04T13:28:16Z
HK_2003_D350,2006-06-04,648,3,66,66,https://racing.hkjc.com/en-us/local/information/otherhorse?horseid=HK_2003_D350&Option=1,2026-09-04T13:28:16Z
HK_2003_D350,2006-06-25,689,3,66,65,https://racing.hkjc.com/en-us/local/information/otherhorse?horseid=HK_2003_D350&Option=1,2026-09-04T13:28:16Z
HK_2003_D350,2006-09-10,8,3,65,65,https://racing.hkjc.com/en-us/local/information/otherhorse?horseid=HK_2003_D350&Option=1,2026-09-04T13:28:16Z
HK_2003_D350,2006-09-24,36,3,65,63,https://racing.hkjc.com/en-us/local/information/otherhorse?horseid=HK_2003_D350&Option=1,2026-09-04T13:28:16Z
HK_2003_D350,2006-10-04,59,3,63,61,https://racing.hkjc.com/en-us/local/information/otherhorse?horseid=HK_2003_D350&Option=1,2026-09-04T13:28:16Z
HK_2003_D350,2006-10-18,90,3,61,60,https://racing.hkjc.com/en-us/local/information/otherhorse?horseid=HK_2003_D350&Option=1,2026-09-04T13:28:16Z
HK_2003_D350,2006-10-29,112,4,60,58,https://racing.hkjc.com/en-us/local/information/otherhorse?horseid=HK_2003_D350&Option=1,2026-09-04T13:28:16Z
HK_2003_D350,2006-11-15,161,4,58,56,https://racing.hkjc.com/en-us/local/information/otherhorse?horseid=HK_2003_D350&Option=1,2026-09-04T13:28:16Z
HK_2003_D350,2006-11-29,198,4,56,56,https://racing.hkjc.com/en-us/local/information/otherhorse?horseid=HK_2003_D350&Option=1,2026-09-04T13:28:16Z
HK_2003_D350,2006-12-02,205,4,56,54,https://racing.hkjc.com/en-us/local/information/otherhorse?horseid=HK_2003_D350&Option=1,2026-09-04T13:28:16Z
HK_2003_D350,2006-12-23,254,4,54,54,https://racing.hkjc.com/en-us/local/information/otherhorse?horseid=HK_2003_D350&Option=1,2026-09-04T13:28:16Z
HK_2003_D350,2007-05-20,610,4,54,53,https://racing.hkjc.com/en-us/local/information/otherhorse?horseid=HK_2003_D350&Option=1,2026-09-04T13:28:16Z
HK_2003_D350,2007-06-03,652,4,53,51,https://racing.hkjc.com/en-us/local/information/otherhorse?horseid=HK_2003_D350&Option=1,2026-09-04T13:28:16Z
HK_2003_D350,2007-06-09,670,4,51,49,https://racing.hkjc.com/en-us/local/information/otherhorse?horseid=HK_2003_D350&Option=1,2026-09-04T13:28:16Z
HK_2003_D350,2007-06-24,702,4,49,46,https://racing.hkjc.com/en-us/local/information/otherhorse?horseid=HK_2003_D350&Option=1,2026-09-04T13:28:16Z
HK_2003_D350,2007-07-02,719,4,46,53,https://racing.hkjc.com/en-us/local/information/otherhorse?horseid=HK_2003_D350&Option=1,2026-09-04T13:28:16Z
HK_2003_D350,2007-09-09,5,4,53,53,https://racing.hkjc.com/en-us/local/information/otherhorse?horseid=HK_2003_D350&Option=1,2026-09-04T13:28:16Z
HK_2003_D350,2007-09-26,47,4,53,53,https://racing.hkjc.com/en-us/local/information/otherhorse?horseid=HK_2003_D350&Option=1,2026-09-04T13:28:16Z
HK_2003_D377,2004-11-17,176,4,52,52,https://racing.hkjc.com/en-us/local/information/otherhorse?horseid=HK_2003_D377&Option=1,2026-09-04T13:33:48Z
HK_2003_D377,2004-12-04,220,4,52,50,https://racing.hkjc.com/en-us/local/information/otherhorse?horseid=HK_2003_D377&Option=1,2026-09-04T13:33:48Z
HK_2003_D377,2004-12-18,254,4,50,48,https://racing.hkjc.com/en-us/local/information/otherhorse?horseid=HK_2003_D377&Option=1,2026-09-04T13:33:48Z
HK_2003_D377,2005-01-26,351,4,48,53,https://racing.hkjc.com/en-us/local/information/otherhorse?horseid=HK_2003_D377&Option=1,2026-09-04T13:33:48Z
HK_2003_D377,2005-02-27,419,4,53,55,https://racing.hkjc.com/en-us/local/information/otherhorse?horseid=HK_2003_D377&Option=1,2026-09-04T13:33:48Z
HK_2003_D377,2005-03-23,483,4,55,55,https://racing.hkjc.com/en-us/local/information/otherhorse?horseid=HK_2003_D377&Option=1,2026-09-04T13:33:48Z
HK_2003_D377,2005-04-13,530,4,55,62,https://racing.hkjc.com/en-us/local/information/otherhorse?horseid=HK_2003_D377&Option=1,2026-09-04T13:33:48Z
HK_2003_D377,2005-05-11,600,3,62,63,https://racing.hkjc.com/en-us/local/information/otherhorse?horseid=HK_2003_D377&Option=1,2026-09-04T13:33:48Z
HK_2003_D377,2005-05-29,631,3,63,63,https://racing.hkjc.com/en-us/local/information/otherhorse?horseid=HK_2003_D377&Option=1,2026-09-04T13:33:48Z
HK_2003_D377,2005-09-28,61,3,63,63,https://racing.hkjc.com/en-us/local/information/otherhorse?horseid=HK_2003_D377&Option=1,2026-09-04T13:33:48Z
HK_2003_D377,2005-11-05,153,3,63,71,https://racing.hkjc.com/en-us/local/information/otherhorse?horseid=HK_2003_D377&Option=1,2026-09-04T13:33:48Z
HK_2003_D377,2006-01-01,287,3,71,71,https://racing.hkjc.com/en-us/local/information/otherhorse?horseid=HK_2003_D377&Option=1,2026-09-04T13:33:48Z
HK_2003_D377,2006-02-05,362,3,71,71,https://racing.hkjc.com/en-us/local/information/otherhorse?horseid=HK_2003_D377&Option=1,2026-09-04T13:33:48Z
HK_2003_D377,2006-02-08,376,3,71,79,https://racing.hkjc.com/en-us/local/information/otherhorse?horseid=HK_2003_D377&Option=1,2026-09-04T13:33:48Z
HK_2003_D377,2006-04-01,504,3,79,79,https://racing.hkjc.com/en-us/local/information/otherhorse?horseid=HK_2003_D377&Option=1,2026-09-04T13:33:48Z
HK_2003_D377,2006-04-19,542,3,79,81,https://racing.hkjc.com/en-us/local/information/otherhorse?horseid=HK_2003_D377&Option=1,2026-09-04T13:33:48Z
HK_2003_D377,2006-05-13,606,2,81,81,https://racing.hkjc.com/en-us/local/information/otherhorse?horseid=HK_2003_D377&Option=1,2026-09-04T13:33:48Z
HK_2003_D377,2006-06-10,668,2,81,81,https://racing.hkjc.com/en-us/local/information/otherhorse?horseid=HK_2003_D377&Option=1,2026-09-04T13:33:48Z
HK_2003_D377,2006-07-02,707,2,81,79,https://racing.hkjc.com/en-us/local/information/otherhorse?horseid=HK_2003_D377&Option=1,2026-09-04T13:33:48Z
HK_2003_D377,2006-10-07,73,3,79,79,https://racing.hkjc.com/en-us/local/information/otherhorse?horseid=HK_2003_D377&Option=1,2026-09-04T13:33:48Z
HK_2003_D377,2006-10-25,107,3,79,81,https://racing.hkjc.com/en-us/local/information/otherhorse?horseid=HK_2003_D377&Option=1,2026-09-04T13:33:48Z
HK_2003_D377,2006-11-07,146,1,81,81,https://racing.hkjc.com/en-us/local/information/otherhorse?horseid=HK_2003_D377&Option=1,2026-09-04T13:33:48Z
HK_2003_D377,2006-11-29,195,2,81,87,https://racing.hkjc.com/en-us/local/information/otherhorse?horseid=HK_2003_D377&Option=1,2026-09-04T13:33:48Z
HK_2003_D377,2006-12-13,234,2,87,88,https://racing.hkjc.com/en-us/local/information/otherhorse?horseid=HK_2003_D377&Option=1,2026-09-04T13:33:48Z
HK_2003_D377,2007-01-10,301,2,88,88,https://racing.hkjc.com/en-us/local/information/otherhorse?horseid=HK_2003_D377&Option=1,2026-09-04T13:33:48Z
HK_2003_D377,2007-03-04,426,2,88,88,https://racing.hkjc.com/en-us/local/information/otherhorse?horseid=HK_2003_D377&Option=1,2026-09-04T13:33:48Z
HK_2003_D377,2007-04-18,533,1,88,87,https://racing.hkjc.com/en-us/local/information/otherhorse?horseid=HK_2003_D377&Option=1,2026-09-04T13:33:48Z
HK_2003_D377,2007-10-28,120,2,87,87,https://racing.hkjc.com/en-us/local/information/otherhorse?horseid=HK_2003_D377&Option=1,2026-09-04T13:33:48Z
HK_2003_D377,2007-11-17,172,2,87,86,https://racing.hkjc.com/en-us/local/information/otherhorse?horseid=HK_2003_D377&Option=1,2026-09-04T13:33:48Z
HK_2003_D377,2007-11-28,203,1,86,84,https://racing.hkjc.com/en-us/local/information/otherhorse?horseid=HK_2003_D377&Option=1,2026-09-04T13:33:48Z
HK_2003_D377,2007-12-19,257,1,84,82,https://racing.hkjc.com/en-us/local/information/otherhorse?horseid=HK_2003_D377&Option=1,2026-09-04T13:33:48Z
HK_2003_D377,2008-02-13,390,2,82,80,https://racing.hkjc.com/en-us/local/information/otherhorse?horseid=HK_2003_D377&Option=1,2026-09-04T13:33:48Z
HK_2003_D377,2008-02-27,421,3,80,82,https://racing.hkjc.com/en-us/local/information/otherhorse?horseid=HK_2003_D377&Option=1,2026-09-04T13:33:48Z
HK_2003_D377,2008-03-09,453,2,82,82,https://racing.hkjc.com/en-us/local/information/otherhorse?horseid=HK_2003_D377&Option=1,2026-09-04T13:33:48Z
HK_2003_D377,2008-04-02,510,2,82,82,https://racing.hkjc.com/en-us/local/information/otherhorse?horseid=HK_2003_D377&Option=1,2026-09-04T13:33:48Z
HK_2003_D377,2008-05-04,575,2,82,81,https://racing.hkjc.com/en-us/local/information/otherhorse?horseid=HK_2003_D377&Option=1,2026-09-04T13:33:48Z
HK_2003_D377,2008-05-14,604,2,81,81,https://racing.hkjc.com/en-us/local/information/otherhorse?horseid=HK_2003_D377&Option=1,2026-09-04T13:33:48Z
HK_2003_D377,2008-05-28,633,2,81,88,https://racing.hkjc.com/en-us/local/information/otherhorse?horseid=HK_2003_D377&Option=1,2026-09-04T13:33:48Z
HK_2003_D377,2008-06-11,670,2,88,90,https://racing.hkjc.com/en-us/local/information/otherhorse?horseid=HK_2003_D377&Option=1,2026-09-04T13:33:48Z
HK_2003_D377,2008-06-22,698,1,90,90,https://racing.hkjc.com/en-us/local/information/otherhorse?horseid=HK_2003_D377&Option=1,2026-09-04T13:33:48Z
HK_2003_D377,2008-09-17,18,2,90,90,https://racing.hkjc.com/en-us/local/information/otherhorse?horseid=HK_2003_D377&Option=1,2026-09-04T13:33:48Z
HK_2003_D377,2008-10-05,62,2,90,92,https://racing.hkjc.com/en-us/local/information/otherhorse?horseid=HK_2003_D377&Option=1,2026-09-04T13:33:48Z
HK_2003_D377,2008-10-19,103,1,92,92,https://racing.hkjc.com/en-us/local/information/otherhorse?horseid=HK_2003_D377&Option=1,2026-09-04T13:33:48Z
HK_2003_D377,2008-11-04,140,2,92,93,https://racing.hkjc.com/en-us/local/information/otherhorse?horseid=HK_2003_D377&Option=1,2026-09-04T13:33:48Z
HK_2003_D377,2008-11-26,189,2,93,93,https://racing.hkjc.com/en-us/local/information/otherhorse?horseid=HK_2003_D377&Option=1,2026-09-04T13:33:48Z
HK_2003_D377,2008-12-17,242,1,93,95,https://racing.hkjc.com/en-us/local/information/otherhorse?horseid=HK_2003_D377&Option=1,2026-09-04T13:33:48Z
HK_2003_D377,2009-02-04,362,2,95,97,https://racing.hkjc.com/en-us/local/information/otherhorse?horseid=HK_2003_D377&Option=1,2026-09-04T13:33:48Z
HK_2003_D377,2009-02-25,423,1,97,97,https://racing.hkjc.com/en-us/local/information/otherhorse?horseid=HK_2003_D377&Option=1,2026-09-04T13:33:48Z
HK_2003_D377,2009-03-07,450,2,97,96,https://racing.hkjc.com/en-us/local/information/otherhorse?horseid=HK_2003_D377&Option=1,2026-09-04T13:33:48Z
HK_2003_D377,2009-04-19,544,1,96,96,https://racing.hkjc.com/en-us/local/information/otherhorse?horseid=HK_2003_D377&Option=1,2026-09-04T13:33:48Z
HK_2003_D377,2009-05-21,630,2,96,94,https://racing.hkjc.com/en-us/local/information/otherhorse?horseid=HK_2003_D377&Option=1,2026-09-04T13:33:48Z
HK_2003_D377,2009-06-21,700,2,94,92,https://racing.hkjc.com/en-us/local/information/otherhorse?horseid=HK_2003_D377&Option=1,2026-09-04T13:33:48Z
HK_2003_D377,2009-10-21,108,2,92,92,https://racing.hkjc.com/en-us/local/information/otherhorse?horseid=HK_2003_D377&Option=1,2026-09-04T13:33:48Z
HK_2003_D377,2009-11-15,159,1,92,90,https://racing.hkjc.com/en-us/local/information/otherhorse?horseid=HK_2003_D377&Option=1,2026-09-04T13:33:48Z
HK_2003_D377,2009-12-09,226,2,90,90,https://racing.hkjc.com/en-us/local/information/otherhorse?horseid=HK_2003_D377&Option=1,2026-09-04T13:33:48Z
HK_2003_D377,2010-02-10,383,1,90,90,https://racing.hkjc.com/en-us/local/information/otherhorse?horseid=HK_2003_D377&Option=1,2026-09-04T13:33:48Z
HK_2003_D377,2010-02-24,411,1,90,88,https://racing.hkjc.com/en-us/local/information/otherhorse?horseid=HK_2003_D377&Option=1,2026-09-04T13:33:48Z
HK_2003_D377,2010-03-06,440,1,88,86,https://racing.hkjc.com/en-us/local/information/otherhorse?horseid=HK_2003_D377&Option=1,2026-09-04T13:33:48Z
HK_2003_D377,2010-03-17,467,2,86,84,https://racing.hkjc.com/en-us/local/information/otherhorse?horseid=HK_2003_D377&Option=1,2026-09-04T13:33:48Z
HK_2003_D377,2010-04-10,524,3,84,81,https://racing.hkjc.com/en-us/local/information/otherhorse?horseid=HK_2003_D377&Option=1,2026-09-04T13:33:48Z
HK_2003_D385,2004-11-21,186,2,88,88,https://racing.hkjc.com/en-us/local/information/otherhorse?horseid=HK_2003_D385&Option=1,2026-09-04T13:33:23Z
HK_2003_D385,2004-12-01,219,2,88,85,https://racing.hkjc.com/en-us/local/information/otherhorse?horseid=HK_2003_D385&Option=1,2026-09-04T13:33:23Z
HK_2003_D385,2005-01-01,288,2,85,80,https://racing.hkjc.com/en-us/local/information/otherhorse?horseid=HK_2003_D385&Option=1,2026-09-04T13:33:23Z
HK_2003_D385,2005-06-01,643,2,80,75,https://racing.hkjc.com/en-us/local/information/otherhorse?horseid=HK_2003_D385&Option=1,2026-09-04T13:33:23Z
HK_2003_D385,2005-06-18,682,3,75,62,https://racing.hkjc.com/en-us/local/information/otherhorse?horseid=HK_2003_D385&Option=1,2026-09-04T13:33:23Z
HK_2003_D385,2005-09-04,6,3,62,62,https://racing.hkjc.com/en-us/local/information/otherhorse?horseid=HK_2003_D385&Option=1,2026-09-04T13:33:23Z
HK_2003_D385,2005-09-17,38,3,62,60,https://racing.hkjc.com/en-us/local/information/otherhorse?horseid=HK_2003_D385&Option=1,2026-09-04T13:33:23Z
HK_2003_D385,2005-10-02,62,4,60,59,https://racing.hkjc.com/en-us/local/information/otherhorse?horseid=HK_2003_D385&Option=1,2026-09-04T13:33:23Z
HK_2003_D385,2005-10-16,91,4,59,60,https://racing.hkjc.com/en-us/local/information/otherhorse?horseid=HK_2003_D385&Option=1,2026-09-04T13:33:23Z
HK_2003_D385,2005-10-30,131,3,60,65,https://racing.hkjc.com/en-us/local/information/otherhorse?horseid=HK_2003_D385&Option=1,2026-09-04T13:33:23Z
HK_2003_D385,2005-11-16,178,3,65,65,https://racing.hkjc.com/en-us/local/information/otherhorse?horseid=HK_2003_D385&Option=1,2026-09-04T13:33:23Z
HK_2003_D385,2005-12-14,246,3,65,75,https://racing.hkjc.com/en-us/local/information/otherhorse?horseid=HK_2003_D385&Option=1,2026-09-04T13:33:23Z
HK_2003_D385,2006-01-01,287,3,75,75,https://racing.hkjc.com/en-us/local/information/otherhorse?horseid=HK_2003_D385&Option=1,2026-09-04T13:33:23Z
HK_2003_D385,2006-01-22,335,3,75,86,https://racing.hkjc.com/en-us/local/information/otherhorse?horseid=HK_2003_D385&Option=1,2026-09-04T13:33:23Z
HK_2003_D385,2006-02-26,417,3YO+,86,86,https://racing.hkjc.com/en-us/local/information/otherhorse?horseid=HK_2003_D385&Option=1,2026-09-04T13:33:23Z
HK_2003_D385,2006-03-04,440,2,86,86,https://racing.hkjc.com/en-us/local/information/otherhorse?horseid=HK_2003_D385&Option=1,2026-09-04T13:33:23Z
HK_2003_D386,2004-11-28,210,2,83,83,https://racing.hkjc.com/en-us/local/information/otherhorse?horseid=HK_2003_D386&Option=1,2026-09-04T13:32:42Z
HK_2003_D386,2005-04-03,508,2,83,82,https://racing.hkjc.com/en-us/local/information/otherhorse?horseid=HK_2003_D386&Option=1,2026-09-04T13:32:42Z
HK_2003_D386,2005-05-01,573,2,82,88,https://racing.hkjc.com/en-us/local/information/otherhorse?horseid=HK_2003_D386&Option=1,2026-09-04T13:32:42Z
HK_2003_D386,2005-05-21,628,2,88,88,https://racing.hkjc.com/en-us/local/information/otherhorse?horseid=HK_2003_D386&Option=1,2026-09-04T13:32:42Z
HK_2003_D386,2005-06-05,653,2,88,88,https://racing.hkjc.com/en-us/local/information/otherhorse?horseid=HK_2003_D386&Option=1,2026-09-04T13:32:42Z
HK_2003_D386,2005-09-04,9,2,88,88,https://racing.hkjc.com/en-us/local/information/otherhorse?horseid=HK_2003_D386&Option=1,2026-09-04T13:32:42Z
HK_2003_D386,2005-10-09,88,2,88,88,https://racing.hkjc.com/en-us/local/information/otherhorse?horseid=HK_2003_D386&Option=1,2026-09-04T13:32:42Z
HK_2003_D386,2005-11-16,179,2,88,87,https://racing.hkjc.com/en-us/local/information/otherhorse?horseid=HK_2003_D386&Option=1,2026-09-04T13:32:42Z
HK_2003_D386,2005-12-11,233,2,87,86,https://racing.hkjc.com/en-us/local/information/otherhorse?horseid=HK_2003_D386&Option=1,2026-09-04T13:32:42Z
HK_2003_D386,2005-12-17,259,2,86,84,https://racing.hkjc.com/en-us/local/information/otherhorse?horseid=HK_2003_D386&Option=1,2026-09-04T13:32:42Z
HK_2003_D386,2006-01-01,286,2,84,82,https://racing.hkjc.com/en-us/local/information/otherhorse?horseid=HK_2003_D386&Option=1,2026-09-04T13:32:42Z
HK_2003_D386,2006-01-31,357,2,82,80,https://racing.hkjc.com/en-us/local/information/otherhorse?horseid=HK_2003_D386&Option=1,2026-09-04T13:32:42Z
HK_2003_D386,2006-02-11,384,2,80,85,https://racing.hkjc.com/en-us/local/information/otherhorse?horseid=HK_2003_D386&Option=1,2026-09-04T13:32:42Z
HK_2003_D386,2006-03-29,497,2,85,86,https://racing.hkjc.com/en-us/local/information/otherhorse?horseid=HK_2003_D386&Option=1,2026-09-04T13:32:42Z
HK_2003_D386,2006-04-23,549,2,86,86,https://racing.hkjc.com/en-us/local/information/otherhorse?horseid=HK_2003_D386&Option=1,2026-09-04T13:32:42Z
HK_2003_D386,2006-05-28,641,2,86,86,https://racing.hkjc.com/en-us/local/information/otherhorse?horseid=HK_2003_D386&Option=1,2026-09-04T13:32:42Z
HK_2003_D386,2006-06-17,679,2,86,84,https://racing.hkjc.com/en-us/local/information/otherhorse?horseid=HK_2003_D386&Option=1,2026-09-04T13:32:42Z
HK_2003_D386,2006-10-21,100,2,84,84,https://racing.hkjc.com/en-us/local/information/otherhorse?horseid=HK_2003_D386&Option=1,2026-09-04T13:32:42Z
HK_2003_D386,2006-11-15,164,2,84,83,https://racing.hkjc.com/en-us/local/information/otherhorse?horseid=HK_2003_D386&Option=1,2026-09-04T13:32:42Z
HK_2003_D386,2006-12-02,207,2,83,90,https://racing.hkjc.com/en-us/local/information/otherhorse?horseid=HK_2003_D386&Option=1,2026-09-04T13:32:42Z
HK_2003_D386,2007-01-01,283,2,90,90,https://racing.hkjc.com/en-us/local/information/otherhorse?horseid=HK_2003_D386&Option=1,2026-09-04T13:32:42Z
HK_2003_D386,2007-01-31,354,2,90,91,https://racing.hkjc.com/en-us/local/information/otherhorse?horseid=HK_2003_D386&Option=1,2026-09-04T13:32:42Z
HK_2003_D386,2007-03-25,484,2,91,96,https://racing.hkjc.com/en-us/local/information/otherhorse?horseid=HK_2003_D386&Option=1,2026-09-04T13:32:42Z
HK_2003_D386,2007-04-14,522,2,96,96,https://racing.hkjc.com/en-us/local/information/otherhorse?horseid=HK_2003_D386&Option=1,2026-09-04T13:32:42Z
HK_2003_D386,2007-04-25,552,1,96,96,https://racing.hkjc.com/en-us/local/information/otherhorse?horseid=HK_2003_D386&Option=1,2026-09-04T13:32:42Z
HK_2003_D386,2007-05-01,571,1,96,95,https://racing.hkjc.com/en-us/local/information/otherhorse?horseid=HK_2003_D386&Option=1,2026-09-04T13:32:42Z
HK_2003_D386,2007-05-12,598,GROUP-3,95,95,https://racing.hkjc.com/en-us/local/information/otherhorse?horseid=HK_2003_D386&Option=1,2026-09-04T13:32:42Z
HK_2003_D386,2007-05-20,619,2,95,93,https://racing.hkjc.com/en-us/local/information/otherhorse?horseid=HK_2003_D386&Option=1,2026-09-04T13:32:42Z
HK_2003_D386,2007-05-27,638,2,93,92,https://racing.hkjc.com/en-us/local/information/otherhorse?horseid=HK_2003_D386&Option=1,2026-09-04T13:32:42Z
HK_2003_D386,2007-06-17,696,2,92,90,https://racing.hkjc.com/en-us/local/information/otherhorse?horseid=HK_2003_D386&Option=1,2026-09-04T13:32:42Z
HK_2003_D389,2004-09-19,44,2,95,95,https://racing.hkjc.com/en-us/local/information/otherhorse?horseid=HK_2003_D389&Option=1,2026-09-04T13:32:05Z
HK_2003_D389,2004-10-03,69,2,95,101,https://racing.hkjc.com/en-us/local/information/otherhorse?horseid=HK_2003_D389&Option=1,2026-09-04T13:32:05Z
HK_2003_D389,2004-11-06,153,1,101,101,https://racing.hkjc.com/en-us/local/information/otherhorse?horseid=HK_2003_D389&Option=1,2026-09-04T13:32:05Z
HK_2003_D389,2004-11-28,209,1,101,101,https://racing.hkjc.com/en-us/local/information/otherhorse?horseid=HK_2003_D389&Option=1,2026-09-04T13:32:05Z
HK_2003_D389,2004-12-18,261,1,101,101,https://racing.hkjc.com/en-us/local/information/otherhorse?horseid=HK_2003_D389&Option=1,2026-09-04T13:32:05Z
HK_2003_D389,2005-02-11,388,4YO,101,100,https://racing.hkjc.com/en-us/local/information/otherhorse?horseid=HK_2003_D389&Option=1,2026-09-04T13:32:05Z
HK_2003_D389,2005-04-09,527,1,100,102,https://racing.hkjc.com/en-us/local/information/otherhorse?horseid=HK_2003_D389&Option=1,2026-09-04T13:32:05Z
HK_2003_D389,2005-04-16,546,1,102,102,https://racing.hkjc.com/en-us/local/information/otherhorse?horseid=HK_2003_D389&Option=1,2026-09-04T13:32:05Z
HK_2003_D389,2005-05-14,610,1,102,104,https://racing.hkjc.com/en-us/local/information/otherhorse?horseid=HK_2003_D389&Option=1,2026-09-04T13:32:05Z
HK_2003_D389,2005-06-05,656,1,104,104,https://racing.hkjc.com/en-us/local/information/otherhorse?horseid=HK_2003_D389&Option=1,2026-09-04T13:32:05Z
HK_2003_D389,2005-06-26,702,1,104,103,https://racing.hkjc.com/en-us/local/information/otherhorse?horseid=HK_2003_D389&Option=1,2026-09-04T13:32:05Z
HK_2003_D389,2005-11-05,150,1,103,103,https://racing.hkjc.com/en-us/local/information/otherhorse?horseid=HK_2003_D389&Option=1,2026-09-04T13:32:05Z
HK_2003_D389,2005-11-13,169,1,103,101,https://racing.hkjc.com/en-us/local/information/otherhorse?horseid=HK_2003_D389&Option=1,2026-09-04T13:32:05Z
HK_2003_D389,2005-11-27,205,1,101,99,https://racing.hkjc.com/en-us/local/information/otherhorse?horseid=HK_2003_D389&Option=1,2026-09-04T13:32:05Z
HK_2003_D389,2005-12-11,241,1,99,99,https://racing.hkjc.com/en-us/local/information/otherhorse?horseid=HK_2003_D389&Option=1,2026-09-04T13:32:05Z
HK_2003_D389,2006-01-01,286,2,99,98,https://racing.hkjc.com/en-us/local/information/otherhorse?horseid=HK_2003_D389&Option=1,2026-09-04T13:32:05Z
HK_2003_D389,2006-01-15,322,1,98,98,https://racing.hkjc.com/en-us/local/information/otherhorse?horseid=HK_2003_D389&Option=1,2026-09-04T13:32:05Z
HK_2003_D389,2006-01-31,356,1,98,97,https://racing.hkjc.com/en-us/local/information/otherhorse?horseid=HK_2003_D389&Option=1,2026-09-04T13:32:05Z
HK_2003_D389,2006-04-08,514,1,97,102,https://racing.hkjc.com/en-us/local/information/otherhorse?horseid=HK_2003_D389&Option=1,2026-09-04T13:32:05Z
HK_2003_D389,2006-04-30,568,1,102,102,https://racing.hkjc.com/en-us/local/information/otherhorse?horseid=HK_2003_D389&Option=1,2026-09-04T13:32:05Z
HK_2003_D389,2006-06-04,651,1,102,102,https://racing.hkjc.com/en-us/local/information/otherhorse?horseid=HK_2003_D389&Option=1,2026-09-04T13:32:05Z
HK_2003_D389,2006-07-02,708,1,102,100,https://racing.hkjc.com/en-us/local/information/otherhorse?horseid=HK_2003_D389&Option=1,2026-09-04T13:32:05Z
HK_2003_D389,2006-09-10,10,2,100,100,https://racing.hkjc.com/en-us/local/information/otherhorse?horseid=HK_2003_D389&Option=1,2026-09-04T13:32:05Z
HK_2003_D389,2006-09-24,38,2,100,100,https://racing.hkjc.com/en-us/local/information/otherhorse?horseid=HK_2003_D389&Option=1,2026-09-04T13:32:05Z
HK_2003_D389,2006-10-07,74,1,100,101,https://racing.hkjc.com/en-us/local/information/otherhorse?horseid=HK_2003_D389&Option=1,2026-09-04T13:32:05Z
HK_2003_D389,2006-10-29,118,1,101,101,https://racing.hkjc.com/en-us/local/information/otherhorse?horseid=HK_2003_D389&Option=1,2026-09-04T13:32:05Z
HK_2003_D389,2006-11-26,189,1,101,100,https://racing.hkjc.com/en-us/local/information/otherhorse?horseid=HK_2003_D389&Option=1,2026-09-04T13:32:05Z
HK_2003_D389,2006-12-20,252,2,100,99,https://racing.hkjc.com/en-us/local/information/otherhorse?horseid=HK_2003_D389&Option=1,2026-09-04T13:32:05Z
HK_2003_D389,2007-01-20,328,2,99,97,https://racing.hkjc.com/en-us/local/information/otherhorse?horseid=HK_2003_D389&Option=1,2026-09-04T13:32:05Z
HK_2003_D389,2007-02-04,360,1,97,95,https://racing.hkjc.com/en-us/local/information/otherhorse?horseid=HK_2003_D389&Option=1,2026-09-04T13:32:05Z
HK_2003_D389,2007-02-20,397,2,95,93,https://racing.hkjc.com/en-us/local/information/otherhorse?horseid=HK_2003_D389&Option=1,2026-09-04T13:32:05Z
HK_2003_D389,2007-03-04,426,2,93,89,https://racing.hkjc.com/en-us/local/information/otherhorse?horseid=HK_2003_D389&Option=1,2026-09-04T13:32:05Z
HK_2003_D389,2007-09-09,10,2,89,89,https://racing.hkjc.com/en-us/local/information/otherhorse?horseid=HK_2003_D389&Option=1,2026-09-04T13:32:05Z
HK_2004_E001,2005-01-08,305,3,62,62,https://racing.hkjc.com/en-us/local/information/otherhorse?horseid=HK_2004_E001&Option=1,2026-09-04T13:30:14Z
HK_2004_E001,2005-01-23,345,3,62,62,https://racing.hkjc.com/en-us/local/information/otherhorse?horseid=HK_2004_E001&Option=1,2026-09-04T13:30:14Z
HK_2004_E001,2005-02-05,380,3,62,62,https://racing.hkjc.com/en-us/local/information/otherhorse?horseid=HK_2004_E001&Option=1,2026-09-04T13:30:14Z
HK_2004_E001,2005-02-20,408,3,62,62,https://racing.hkjc.com/en-us/local/information/otherhorse?horseid=HK_2004_E001&Option=1,2026-09-04T13:30:14Z
HK_2004_E001,2005-03-13,464,3,62,62,https://racing.hkjc.com/en-us/local/information/otherhorse?horseid=HK_2004_E001&Option=1,2026-09-04T13:30:14Z
HK_2004_E001,2005-04-03,509,3,62,62,https://racing.hkjc.com/en-us/local/information/otherhorse?horseid=HK_2004_E001&Option=1,2026-09-04T13:30:14Z
HK_2004_E001,2005-04-24,559,3,62,71,https://racing.hkjc.com/en-us/local/information/otherhorse?horseid=HK_2004_E001&Option=1,2026-09-04T13:30:14Z
HK_2004_E001,2005-05-14,609,3,71,76,https://racing.hkjc.com/en-us/local/information/otherhorse?horseid=HK_2004_E001&Option=1,2026-09-04T13:30:14Z
HK_2004_E001,2005-06-05,653,2,76,76,https://racing.hkjc.com/en-us/local/information/otherhorse?horseid=HK_2004_E001&Option=1,2026-09-04T13:30:14Z
HK_2004_E001,2005-09-11,23,2,76,76,https://racing.hkjc.com/en-us/local/information/otherhorse?horseid=HK_2004_E001&Option=1,2026-09-04T13:30:14Z
HK_2004_E001,2005-10-02,71,3,76,75,https://racing.hkjc.com/en-us/local/information/otherhorse?horseid=HK_2004_E001&Option=1,2026-09-04T13:30:14Z
HK_2004_E001,2005-10-22,117,3,75,77,https://racing.hkjc.com/en-us/local/information/otherhorse?horseid=HK_2004_E001&Option=1,2026-09-04T13:30:14Z
HK_2004_E001,2005-11-09,161,2,77,77,https://racing.hkjc.com/en-us/local/information/otherhorse?horseid=HK_2004_E001&Option=1,2026-09-04T13:30:14Z
HK_2004_E001,2005-11-27,206,3,77,76,https://racing.hkjc.com/en-us/local/information/otherhorse?horseid=HK_2004_E001&Option=1,2026-09-04T13:30:14Z
HK_2004_E001,2005-12-11,233,2,76,76,https://racing.hkjc.com/en-us/local/information/otherhorse?horseid=HK_2004_E001&Option=1,2026-09-04T13:30:14Z
HK_2004_E001,2006-01-01,285,3,76,77,https://racing.hkjc.com/en-us/local/information/otherhorse?horseid=HK_2004_E001&Option=1,2026-09-04T13:30:14Z
HK_2004_E001,2006-01-22,341,3,77,80,https://racing.hkjc.com/en-us/local/information/otherhorse?horseid=HK_2004_E001&Option=1,2026-09-04T13:30:14Z
HK_2004_E001,2006-02-08,375,2,80,82,https://racing.hkjc.com/en-us/local/information/otherhorse?horseid=HK_2004_E001&Option=1,2026-09-04T13:30:14Z
HK_2004_E001,2006-02-26,424,2,82,85,https://racing.hkjc.com/en-us/local/information/otherhorse?horseid=HK_2004_E001&Option=1,2026-09-04T13:30:14Z
HK_2004_E001,2006-03-15,459,2,85,92,https://racing.hkjc.com/en-us/local/information/otherhorse?horseid=HK_2004_E001&Option=1,2026-09-04T13:30:14Z
HK_2004_E001,2006-04-23,552,2,92,92,https://racing.hkjc.com/en-us/local/information/otherhorse?horseid=HK_2004_E001&Option=1,2026-09-04T13:30:14Z
HK_2004_E001,2006-05-10,591,2,92,98,https://racing.hkjc.com/en-us/local/information/otherhorse?horseid=HK_2004_E001&Option=1,2026-09-04T13:30:14Z
HK_2004_E001,2006-05-28,639,3YO+,98,98,https://racing.hkjc.com/en-us/local/information/otherhorse?horseid=HK_2004_E001&Option=1,2026-09-04T13:30:14Z
HK_2004_E001,2006-06-28,695,2,98,97,https://racing.hkjc.com/en-us/local/information/otherhorse?horseid=HK_2004_E001&Option=1,2026-09-04T13:30:14Z
HK_2004_E001,2006-09-27,46,2,97,97,https://racing.hkjc.com/en-us/local/information/otherhorse?horseid=HK_2004_E001&Option=1,2026-09-04T13:30:14Z
HK_2004_E001,2006-10-29,117,2,97,95,https://racing.hkjc.com/en-us/local/information/otherhorse?horseid=HK_2004_E001&Option=1,2026-09-04T13:30:14Z
HK_2004_E001,2006-11-12,149,3YO+,95,93,https://racing.hkjc.com/en-us/local/information/otherhorse?horseid=HK_2004_E001&Option=1,2026-09-04T13:30:14Z
HK_2004_E001,2006-12-06,218,2,93,92,https://racing.hkjc.com/en-us/local/information/otherhorse?horseid=HK_2004_E001&Option=1,2026-09-04T13:30:14Z
HK_2004_E001,2006-12-20,252,2,92,91,https://racing.hkjc.com/en-us/local/information/otherhorse?horseid=HK_2004_E001&Option=1,2026-09-04T13:30:14Z
HK_2004_E001,2007-01-10,299,2,91,92,https://racing.hkjc.com/en-us/local/information/otherhorse?horseid=HK_2004_E001&Option=1,2026-09-04T13:30:14Z
HK_2004_E001,2007-02-07,373,2,92,92,https://racing.hkjc.com/en-us/local/information/otherhorse?horseid=HK_2004_E001&Option=1,2026-09-04T13:30:14Z
HK_2004_E001,2007-02-28,418,2,92,91,https://racing.hkjc.com/en-us/local/information/otherhorse?horseid=HK_2004_E001&Option=1,2026-09-04T13:30:14Z
HK_2004_E001,2007-03-18,463,2,91,89,https://racing.hkjc.com/en-us/local/information/otherhorse?horseid=HK_2004_E001&Option=1,2026-09-04T13:30:14Z
HK_2004_E001,2007-04-14,522,2,89,87,https://racing.hkjc.com/en-us/local/information/otherhorse?horseid=HK_2004_E001&Option=1,2026-09-04T13:30:14Z
HK_2004_E001,2007-04-22,540,2,87,85,https://racing.hkjc.com/en-us/local/information/otherhorse?horseid=HK_2004_E001&Option=1,2026-09-04T13:30:14Z
HK_2004_E005,2005-01-30,354,4,52,50,https://racing.hkjc.com/en-us/local/information/otherhorse?horseid=HK_2004_E005&Option=1,2026-09-04T13:23:46Z
HK_2004_E005,2005-02-27,419,4,50,47,https://racing.hkjc.com/en-us/local/information/otherhorse?horseid=HK_2004_E005&Option=1,2026-09-04T13:23:46Z
HK_2004_E005,2005-04-16,538,4,47,42,https://racing.hkjc.com/en-us/local/information/otherhorse?horseid=HK_2004_E005&Option=1,2026-09-04T13:23:46Z
HK_2004_E005,2005-06-22,686,4,42,30,https://racing.hkjc.com/en-us/local/information/otherhorse?horseid=HK_2004_E005&Option=1,2026-09-04T13:23:46Z
HK_2004_E005,2005-11-13,164,5,30,30,https://racing.hkjc.com/en-us/local/information/otherhorse?horseid=HK_2004_E005&Option=1,2026-09-04T13:23:46Z
HK_2004_E005,2005-12-03,217,5,30,28,https://racing.hkjc.com/en-us/local/information/otherhorse?horseid=HK_2004_E005&Option=1,2026-09-04T13:23:46Z
HK_2004_E005,2005-12-17,252,5,28,28,https://racing.hkjc.com/en-us/local/information/otherhorse?horseid=HK_2004_E005&Option=1,2026-09-04T13:23:46Z
HK_2004_E005,2006-01-01,280,5,28,28,https://racing.hkjc.com/en-us/local/information/otherhorse?horseid=HK_2004_E005&Option=1,2026-09-04T13:23:46Z
HK_2004_E005,2006-01-15,317,5,28,27,https://racing.hkjc.com/en-us/local/information/otherhorse?horseid=HK_2004_E005&Option=1,2026-09-04T13:23:46Z
HK_2004_E005,2006-02-08,370,5,27,26,https://racing.hkjc.com/en-us/local/information/otherhorse?horseid=HK_2004_E005&Option=1,2026-09-04T13:23:46Z
HK_2004_E005,2006-02-22,407,5,26,25,https://racing.hkjc.com/en-us/local/information/otherhorse?horseid=HK_2004_E005&Option=1,2026-09-04T13:23:46Z
HK_2004_E005,2006-04-01,499,5,25,25,https://racing.hkjc.com/en-us/local/information/otherhorse?horseid=HK_2004_E005&Option=1,2026-09-04T13:23:46Z
HK_2004_E005,2006-04-08,511,5,25,23,https://racing.hkjc.com/en-us/local/information/otherhorse?horseid=HK_2004_E005&Option=1,2026-09-04T13:23:46Z
HK_2004_E005,2006-04-19,537,5,23,24,https://racing.hkjc.com/en-us/local/information/otherhorse?horseid=HK_2004_E005&Option=1,2026-09-04T13:23:46Z
HK_2004_E005,2006-05-17,609,5,24,24,https://racing.hkjc.com/en-us/local/information/otherhorse?horseid=HK_2004_E005&Option=1,2026-09-04T13:23:46Z
HK_2004_E005,2006-06-25,682,5,24,24,https://racing.hkjc.com/en-us/local/information/otherhorse?horseid=HK_2004_E005&Option=1,2026-09-04T13:23:46Z
HK_2004_E021,2004-12-26,278,4,52,61,https://racing.hkjc.com/en-us/local/information/otherhorse?horseid=HK_2004_E021&Option=1,2026-09-04T13:30:24Z
HK_2004_E021,2005-01-23,345,3,61,61,https://racing.hkjc.com/en-us/local/information/otherhorse?horseid=HK_2004_E021&Option=1,2026-09-04T13:30:24Z
HK_2004_E021,2005-01-30,363,3,61,64,https://racing.hkjc.com/en-us/local/information/otherhorse?horseid=HK_2004_E021&Option=1,2026-09-04T13:30:24Z
HK_2004_E021,2005-03-13,460,3,64,64,https://racing.hkjc.com/en-us/local/information/otherhorse?horseid=HK_2004_E021&Option=1,2026-09-04T13:30:24Z
HK_2004_E021,2005-04-03,509,3,64,71,https://racing.hkjc.com/en-us/local/information/otherhorse?horseid=HK_2004_E021&Option=1,2026-09-04T13:30:24Z
HK_2004_E021,2005-05-01,572,3,71,71,https://racing.hkjc.com/en-us/local/information/otherhorse?horseid=HK_2004_E021&Option=1,2026-09-04T13:30:24Z
HK_2004_E021,2005-06-05,654,3,71,71,https://racing.hkjc.com/en-us/local/information/otherhorse?horseid=HK_2004_E021&Option=1,2026-09-04T13:30:24Z
HK_2004_E021,2005-09-24,53,3,71,71,https://racing.hkjc.com/en-us/local/information/otherhorse?horseid=HK_2004_E021&Option=1,2026-09-04T13:30:24Z
HK_2004_E021,2005-10-16,99,3,71,74,https://racing.hkjc.com/en-us/local/information/otherhorse?horseid=HK_2004_E021&Option=1,2026-09-04T13:30:24Z
HK_2004_E021,2005-11-05,152,3,74,77,https://racing.hkjc.com/en-us/local/information/otherhorse?horseid=HK_2004_E021&Option=1,2026-09-04T13:30:24Z
HK_2004_E021,2005-11-27,206,3,77,79,https://racing.hkjc.com/en-us/local/information/otherhorse?horseid=HK_2004_E021&Option=1,2026-09-04T13:30:24Z
HK_2004_E021,2005-12-26,277,3,79,79,https://racing.hkjc.com/en-us/local/information/otherhorse?horseid=HK_2004_E021&Option=1,2026-09-04T13:30:24Z
HK_2004_E021,2006-01-01,285,3,79,79,https://racing.hkjc.com/en-us/local/information/otherhorse?horseid=HK_2004_E021&Option=1,2026-09-04T13:30:24Z
HK_2004_E021,2006-02-11,385,3,79,79,https://racing.hkjc.com/en-us/local/information/otherhorse?horseid=HK_2004_E021&Option=1,2026-09-04T13:30:24Z
HK_2004_E021,2006-03-04,438,3,79,86,https://racing.hkjc.com/en-us/local/information/otherhorse?horseid=HK_2004_E021&Option=1,2026-09-04T13:30:24Z
HK_2004_E021,2006-04-15,533,2,86,94,https://racing.hkjc.com/en-us/local/information/otherhorse?horseid=HK_2004_E021&Option=1,2026-09-04T13:30:24Z
HK_2004_E021,2006-05-03,579,2,94,94,https://racing.hkjc.com/en-us/local/information/otherhorse?horseid=HK_2004_E021&Option=1,2026-09-04T13:30:24Z
HK_2004_E021,2006-06-25,687,2,94,93,https://racing.hkjc.com/en-us/local/information/otherhorse?horseid=HK_2004_E021&Option=1,2026-09-04T13:30:24Z
HK_2004_E021,2006-09-10,10,2,93,93,https://racing.hkjc.com/en-us/local/information/otherhorse?horseid=HK_2004_E021&Option=1,2026-09-04T13:30:24Z
HK_2004_E021,2006-10-01,52,2,93,92,https://racing.hkjc.com/en-us/local/information/otherhorse?horseid=HK_2004_E021&Option=1,2026-09-04T13:30:24Z
HK_2004_E021,2006-10-18,92,2,92,90,https://racing.hkjc.com/en-us/local/information/otherhorse?horseid=HK_2004_E021&Option=1,2026-09-04T13:30:24Z
HK_2004_E021,2006-11-15,164,2,90,90,https://racing.hkjc.com/en-us/local/information/otherhorse?horseid=HK_2004_E021&Option=1,2026-09-04T13:30:24Z
HK_2004_E021,2006-12-02,207,2,90,90,https://racing.hkjc.com/en-us/local/information/otherhorse?horseid=HK_2004_E021&Option=1,2026-09-04T13:30:24Z
HK_2004_E021,2006-12-26,272,2,90,89,https://racing.hkjc.com/en-us/local/information/otherhorse?horseid=HK_2004_E021&Option=1,2026-09-04T13:30:24Z
HK_2004_E021,2007-02-07,373,2,89,87,https://racing.hkjc.com/en-us/local/information/otherhorse?horseid=HK_2004_E021&Option=1,2026-09-04T13:30:24Z
HK_2004_E021,2007-03-25,484,2,87,87,https://racing.hkjc.com/en-us/local/information/otherhorse?horseid=HK_2004_E021&Option=1,2026-09-04T13:30:24Z
HK_2004_E021,2007-04-22,540,2,87,87,https://racing.hkjc.com/en-us/local/information/otherhorse?horseid=HK_2004_E021&Option=1,2026-09-04T13:30:24Z
HK_2004_E021,2007-05-12,597,2,87,86,https://racing.hkjc.com/en-us/local/information/otherhorse?horseid=HK_2004_E021&Option=1,2026-09-04T13:30:24Z
HK_2004_E021,2007-05-27,639,2,86,84,https://racing.hkjc.com/en-us/local/information/otherhorse?horseid=HK_2004_E021&Option=1,2026-09-04T13:30:24Z
HK_2004_E021,2007-06-09,675,2,84,83,https://racing.hkjc.com/en-us/local/information/otherhorse?horseid=HK_2004_E021&Option=1,2026-09-04T13:30:24Z
HK_2004_E021,2007-07-02,725,2,83,79,https://racing.hkjc.com/en-us/local/information/otherhorse?horseid=HK_2004_E021&Option=1,2026-09-04T13:30:24Z
HK_2004_E021,2007-09-09,9,3,79,79,https://racing.hkjc.com/en-us/local/information/otherhorse?horseid=HK_2004_E021&Option=1,2026-09-04T13:30:24Z
HK_2004_E021,2007-09-26,54,3,79,80,https://racing.hkjc.com/en-us/local/information/otherhorse?horseid=HK_2004_E021&Option=1,2026-09-04T13:30:24Z
HK_2004_E021,2007-10-21,100,3,80,80,https://racing.hkjc.com/en-us/local/information/otherhorse?horseid=HK_2004_E021&Option=1,2026-09-04T13:30:24Z
HK_2004_E021,2007-11-03,138,2,80,86,https://racing.hkjc.com/en-us/local/information/otherhorse?horseid=HK_2004_E021&Option=1,2026-09-04T13:30:24Z
HK_2004_E021,2007-12-01,213,2,86,86,https://racing.hkjc.com/en-us/local/information/otherhorse?horseid=HK_2004_E021&Option=1,2026-09-04T13:30:24Z
HK_2004_E021,2007-12-15,250,2,86,86,https://racing.hkjc.com/en-us/local/information/otherhorse?horseid=HK_2004_E021&Option=1,2026-09-04T13:30:24Z
HK_2004_E021,2007-12-26,278,2,86,85,https://racing.hkjc.com/en-us/local/information/otherhorse?horseid=HK_2004_E021&Option=1,2026-09-04T13:30:24Z
HK_2004_E021,2008-01-06,299,2,85,84,https://racing.hkjc.com/en-us/local/information/otherhorse?horseid=HK_2004_E021&Option=1,2026-09-04T13:30:24Z
HK_2004_E021,2008-01-12,315,2,84,82,https://racing.hkjc.com/en-us/local/information/otherhorse?horseid=HK_2004_E021&Option=1,2026-09-04T13:30:24Z
HK_2004_E021,2008-01-27,348,2,82,81,https://racing.hkjc.com/en-us/local/information/otherhorse?horseid=HK_2004_E021&Option=1,2026-09-04T13:30:24Z
HK_2004_E021,2008-02-13,389,2,81,79,https://racing.hkjc.com/en-us/local/information/otherhorse?horseid=HK_2004_E021&Option=1,2026-09-04T13:30:24Z
HK_2004_E021,2008-03-12,463,3,79,77,https://racing.hkjc.com/en-us/local/information/otherhorse?horseid=HK_2004_E021&Option=1,2026-09-04T13:30:24Z
HK_2004_E021,2008-04-12,535,3,77,79,https://racing.hkjc.com/en-us/local/information/otherhorse?horseid=HK_2004_E021&Option=1,2026-09-04T13:30:24Z
HK_2004_E021,2008-05-12,594,3,79,79,https://racing.hkjc.com/en-us/local/information/otherhorse?horseid=HK_2004_E021&Option=1,2026-09-04T13:30:24Z
HK_2004_E021,2008-05-28,632,3,79,78,https://racing.hkjc.com/en-us/local/information/otherhorse?horseid=HK_2004_E021&Option=1,2026-09-04T13:30:24Z
HK_2004_E021,2008-07-01,720,2,78,75,https://racing.hkjc.com/en-us/local/information/otherhorse?horseid=HK_2004_E021&Option=1,2026-09-04T13:30:24Z
HK_2004_E021,2008-09-15,9,3,75,75,https://racing.hkjc.com/en-us/local/information/otherhorse?horseid=HK_2004_E021&Option=1,2026-09-04T13:30:24Z
HK_2004_E021,2008-10-05,57,3,75,73,https://racing.hkjc.com/en-us/local/information/otherhorse?horseid=HK_2004_E021&Option=1,2026-09-04T13:30:24Z
HK_2004_E021,2008-10-29,123,3,73,76,https://racing.hkjc.com/en-us/local/information/otherhorse?horseid=HK_2004_E021&Option=1,2026-09-04T13:30:24Z
HK_2004_E021,2008-11-16,161,3,76,76,https://racing.hkjc.com/en-us/local/information/otherhorse?horseid=HK_2004_E021&Option=1,2026-09-04T13:30:24Z
HK_2004_E021,2008-11-30,199,2,76,75,https://racing.hkjc.com/en-us/local/information/otherhorse?horseid=HK_2004_E021&Option=1,2026-09-04T13:30:24Z
HK_2004_E021,2009-01-10,301,3,75,83,https://racing.hkjc.com/en-us/local/information/otherhorse?horseid=HK_2004_E021&Option=1,2026-09-04T13:30:24Z
HK_2004_E021,2009-02-01,358,3,83,83,https://racing.hkjc.com/en-us/local/information/otherhorse?horseid=HK_2004_E021&Option=1,2026-09-04T13:30:24Z
HK_2004_E021,2009-03-04,441,2,83,83,https://racing.hkjc.com/en-us/local/information/otherhorse?horseid=HK_2004_E021&Option=1,2026-09-04T13:30:24Z
HK_2004_E021,2009-03-28,498,2,83,83,https://racing.hkjc.com/en-us/local/information/otherhorse?horseid=HK_2004_E021&Option=1,2026-09-04T13:30:24Z
HK_2004_E021,2009-04-13,535,1,83,82,https://racing.hkjc.com/en-us/local/information/otherhorse?horseid=HK_2004_E021&Option=1,2026-09-04T13:30:24Z
HK_2004_E021,2009-04-26,564,2,82,80,https://racing.hkjc.com/en-us/local/information/otherhorse?horseid=HK_2004_E021&Option=1,2026-09-04T13:30:24Z
HK_2004_E021,2009-05-17,621,2,80,78,https://racing.hkjc.com/en-us/local/information/otherhorse?horseid=HK_2004_E021&Option=1,2026-09-04T13:30:24Z
HK_2004_E021,2009-06-21,699,3,78,83,https://racing.hkjc.com/en-us/local/information/otherhorse?horseid=HK_2004_E021&Option=1,2026-09-04T13:30:24Z
HK_2004_E021,2009-09-13,9,2,83,83,https://racing.hkjc.com/en-us/local/information/otherhorse?horseid=HK_2004_E021&Option=1,2026-09-04T13:30:24Z
HK_2004_E021,2009-10-01,56,1,83,83,https://racing.hkjc.com/en-us/local/information/otherhorse?horseid=HK_2004_E021&Option=1,2026-09-04T13:30:24Z
HK_2004_E021,2009-10-11,81,2,83,82,https://racing.hkjc.com/en-us/local/information/otherhorse?horseid=HK_2004_E021&Option=1,2026-09-04T13:30:24Z
HK_2004_E021,2009-10-25,115,3,82,80,https://racing.hkjc.com/en-us/local/information/otherhorse?horseid=HK_2004_E021&Option=1,2026-09-04T13:30:24Z
HK_2004_E021,2009-11-15,166,3,80,78,https://racing.hkjc.com/en-us/local/information/otherhorse?horseid=HK_2004_E021&Option=1,2026-09-04T13:30:24Z
HK_2004_E021,2009-12-06,220,3,78,76,https://racing.hkjc.com/en-us/local/information/otherhorse?horseid=HK_2004_E021&Option=1,2026-09-04T13:30:24Z
HK_2004_E021,2010-01-10,299,3,76,74,https://racing.hkjc.com/en-us/local/information/otherhorse?horseid=HK_2004_E021&Option=1,2026-09-04T13:30:24Z
HK_2004_E021,2010-01-31,353,3,74,72,https://racing.hkjc.com/en-us/local/information/otherhorse?horseid=HK_2004_E021&Option=1,2026-09-04T13:30:24Z
HK_2004_E021,2010-03-06,437,3,72,70,https://racing.hkjc.com/en-us/local/information/otherhorse?horseid=HK_2004_E021&Option=1,2026-09-04T13:30:24Z
HK_2004_E021,2010-03-24,484,3,70,72,https://racing.hkjc.com/en-us/local/information/otherhorse?horseid=HK_2004_E021&Option=1,2026-09-04T13:30:24Z
HK_2004_E021,2010-04-10,527,3,72,72,https://racing.hkjc.com/en-us/local/information/otherhorse?horseid=HK_2004_E021&Option=1,2026-09-04T13:30:24Z
HK_2004_E021,2010-05-05,586,3,72,70,https://racing.hkjc.com/en-us/local/information/otherhorse?horseid=HK_2004_E021&Option=1,2026-09-04T13:30:24Z
HK_2004_E021,2010-05-23,626,3,70,68,https://racing.hkjc.com/en-us/local/information/otherhorse?horseid=HK_2004_E021&Option=1,2026-09-04T13:30:24Z
HK_2004_E021,2010-06-12,683,3,68,66,https://racing.hkjc.com/en-us/local/information/otherhorse?horseid=HK_2004_E021&Option=1,2026-09-04T13:30:24Z
HK_2004_E021,2010-06-27,718,3,66,60,https://racing.hkjc.com/en-us/local/information/otherhorse?horseid=HK_2004_E021&Option=1,2026-09-04T13:30:24Z
HK_2004_E024,2004-11-28,202,4,52,50,https://racing.hkjc.com/en-us/local/information/otherhorse?horseid=HK_2004_E024&Option=1,2026-09-04T13:22:02Z
HK_2004_E024,2004-12-26,273,4,50,47,https://racing.hkjc.com/en-us/local/information/otherhorse?horseid=HK_2004_E024&Option=1,2026-09-04T13:22:02Z
HK_2004_E024,2005-01-08,300,4,47,42,https://racing.hkjc.com/en-us/local/information/otherhorse?horseid=HK_2004_E024&Option=1,2026-09-04T13:22:02Z
HK_2004_E024,2005-01-26,350,4,42,39,https://racing.hkjc.com/en-us/local/information/otherhorse?horseid=HK_2004_E024&Option=1,2026-09-04T13:22:02Z
HK_2004_E024,2005-02-05,372,5,39,36,https://racing.hkjc.com/en-us/local/information/otherhorse?horseid=HK_2004_E024&Option=1,2026-09-04T13:22:02Z
HK_2004_E024,2005-03-16,468,5,36,29,https://racing.hkjc.com/en-us/local/information/otherhorse?horseid=HK_2004_E024&Option=1,2026-09-04T13:22:02Z
HK_2004_E024,2006-01-01,278,5,29,29,https://racing.hkjc.com/en-us/local/information/otherhorse?horseid=HK_2004_E024&Option=1,2026-09-04T13:22:02Z
HK_2004_E024,2006-01-15,317,5,29,30,https://racing.hkjc.com/en-us/local/information/otherhorse?horseid=HK_2004_E024&Option=1,2026-09-04T13:22:02Z
HK_2004_E024,2006-01-31,353,5,30,30,https://racing.hkjc.com/en-us/local/information/otherhorse?horseid=HK_2004_E024&Option=1,2026-09-04T13:22:02Z
HK_2004_E024,2006-02-05,363,5,30,41,https://racing.hkjc.com/en-us/local/information/otherhorse?horseid=HK_2004_E024&Option=1,2026-09-04T13:22:02Z
HK_2004_E024,2006-02-26,420,4,41,47,https://racing.hkjc.com/en-us/local/information/otherhorse?horseid=HK_2004_E024&Option=1,2026-09-04T13:22:02Z
HK_2004_E024,2006-03-26,482,4,47,53,https://racing.hkjc.com/en-us/local/information/otherhorse?horseid=HK_2004_E024&Option=1,2026-09-04T13:22:02Z
HK_2004_E024,2006-04-08,512,4,53,62,https://racing.hkjc.com/en-us/local/information/otherhorse?horseid=HK_2004_E024&Option=1,2026-09-04T13:22:02Z
HK_2004_E024,2006-04-19,541,3,62,63,https://racing.hkjc.com/en-us/local/information/otherhorse?horseid=HK_2004_E024&Option=1,2026-09-04T13:22:02Z
HK_2004_E024,2006-11-04,131,3,63,66,https://racing.hkjc.com/en-us/local/information/otherhorse?horseid=HK_2004_E024&Option=1,2026-09-04T13:22:02Z
HK_2004_E024,2006-11-26,192,3,66,66,https://racing.hkjc.com/en-us/local/information/otherhorse?horseid=HK_2004_E024&Option=1,2026-09-04T13:22:02Z
HK_2004_E024,2007-01-28,347,3,66,65,https://racing.hkjc.com/en-us/local/information/otherhorse?horseid=HK_2004_E024&Option=1,2026-09-04T13:22:02Z
HK_2004_E024,2007-02-10,383,3,65,64,https://racing.hkjc.com/en-us/local/information/otherhorse?horseid=HK_2004_E024&Option=1,2026-09-04T13:22:02Z
HK_2004_E024,2007-02-20,394,3,64,63,https://racing.hkjc.com/en-us/local/information/otherhorse?horseid=HK_2004_E024&Option=1,2026-09-04T13:22:02Z
HK_2004_E024,2007-03-04,429,3,63,61,https://racing.hkjc.com/en-us/local/information/otherhorse?horseid=HK_2004_E024&Option=1,2026-09-04T13:22:02Z
HK_2004_E024,2007-03-21,472,3,61,61,https://racing.hkjc.com/en-us/local/information/otherhorse?horseid=HK_2004_E024&Option=1,2026-09-04T13:22:02Z
HK_2004_E024,2007-04-18,531,3,61,61,https://racing.hkjc.com/en-us/local/information/otherhorse?horseid=HK_2004_E024&Option=1,2026-09-04T13:22:02Z
HK_2004_E024,2007-05-20,618,3,61,59,https://racing.hkjc.com/en-us/local/information/otherhorse?horseid=HK_2004_E024&Option=1,2026-09-04T13:22:02Z
HK_2004_E024,2007-06-09,672,4,59,60,https://racing.hkjc.com/en-us/local/information/otherhorse?horseid=HK_2004_E024&Option=1,2026-09-04T13:22:02Z
HK_2004_E024,2007-07-02,722,4,60,60,https://racing.hkjc.com/en-us/local/information/otherhorse?horseid=HK_2004_E024&Option=1,2026-09-04T13:22:02Z
HK_2004_E024,2007-09-09,4,4,60,70,https://racing.hkjc.com/en-us/local/information/otherhorse?horseid=HK_2004_E024&Option=1,2026-09-04T13:22:02Z
HK_2004_E024,2007-09-26,56,3,70,70,https://racing.hkjc.com/en-us/local/information/otherhorse?horseid=HK_2004_E024&Option=1,2026-09-04T13:22:02Z
HK_2004_E024,2007-10-14,86,3,70,70,https://racing.hkjc.com/en-us/local/information/otherhorse?horseid=HK_2004_E024&Option=1,2026-09-04T13:22:02Z
HK_2004_E024,2007-11-03,134,3,70,69,https://racing.hkjc.com/en-us/local/information/otherhorse?horseid=HK_2004_E024&Option=1,2026-09-04T13:22:02Z
HK_2004_E024,2007-11-25,194,3,69,67,https://racing.hkjc.com/en-us/local/information/otherhorse?horseid=HK_2004_E024&Option=1,2026-09-04T13:22:02Z
HK_2004_E024,2007-12-15,243,3,67,65,https://racing.hkjc.com/en-us/local/information/otherhorse?horseid=HK_2004_E024&Option=1,2026-09-04T13:22:02Z
HK_2004_E024,2008-01-06,295,3,65,63,https://racing.hkjc.com/en-us/local/information/otherhorse?horseid=HK_2004_E024&Option=1,2026-09-04T13:22:02Z
HK_2004_E024,2008-02-17,398,3,63,62,https://racing.hkjc.com/en-us/local/information/otherhorse?horseid=HK_2004_E024&Option=1,2026-09-04T13:22:02Z
HK_2004_E024,2008-03-01,435,3,62,60,https://racing.hkjc.com/en-us/local/information/otherhorse?horseid=HK_2004_E024&Option=1,2026-09-04T13:22:02Z
HK_2004_E024,2008-03-16,472,3,60,59,https://racing.hkjc.com/en-us/local/information/otherhorse?horseid=HK_2004_E024&Option=1,2026-09-04T13:22:02Z
HK_2004_E024,2008-03-30,496,4,59,57,https://racing.hkjc.com/en-us/local/information/otherhorse?horseid=HK_2004_E024&Option=1,2026-09-04T13:22:02Z
HK_2004_E024,2008-04-27,549,4,57,63,https://racing.hkjc.com/en-us/local/information/otherhorse?horseid=HK_2004_E024&Option=1,2026-09-04T13:22:02Z
HK_2004_E024,2008-06-08,662,3,63,63,https://racing.hkjc.com/en-us/local/information/otherhorse?horseid=HK_2004_E024&Option=1,2026-09-04T13:22:02Z
HK_2004_E031,2004-11-21,185,4,52,52,https://racing.hkjc.com/en-us/local/information/otherhorse?horseid=HK_2004_E031&Option=1,2026-09-04T13:30:22Z
HK_2004_E031,2004-12-26,278,4,52,51,https://racing.hkjc.com/en-us/local/information/otherhorse?horseid=HK_2004_E031&Option=1,2026-09-04T13:30:22Z
HK_2004_E031,2005-01-30,357,4,51,49,https://racing.hkjc.com/en-us/local/information/otherhorse?horseid=HK_2004_E031&Option=1,2026-09-04T13:30:22Z
HK_2004_E031,2005-02-20,401,4,49,54,https://racing.hkjc.com/en-us/local/information/otherhorse?horseid=HK_2004_E031&Option=1,2026-09-04T13:30:22Z
HK_2004_E031,2005-03-16,470,4,54,54,https://racing.hkjc.com/en-us/local/information/otherhorse?horseid=HK_2004_E031&Option=1,2026-09-04T13:30:22Z
HK_2004_E031,2005-03-23,487,4,54,54,https://racing.hkjc.com/en-us/local/information/otherhorse?horseid=HK_2004_E031&Option=1,2026-09-04T13:30:22Z
HK_2004_E031,2005-05-07,588,4,54,53,https://racing.hkjc.com/en-us/local/information/otherhorse?horseid=HK_2004_E031&Option=1,2026-09-04T13:30:22Z
HK_2004_E031,2005-05-29,632,4,53,59,https://racing.hkjc.com/en-us/local/information/otherhorse?horseid=HK_2004_E031&Option=1,2026-09-04T13:30:22Z
HK_2004_E031,2005-06-26,698,4,59,65,https://racing.hkjc.com/en-us/local/information/otherhorse?horseid=HK_2004_E031&Option=1,2026-09-04T13:30:22Z
HK_2004_E031,2005-10-02,70,3,65,65,https://racing.hkjc.com/en-us/local/information/otherhorse?horseid=HK_2004_E031&Option=1,2026-09-04T13:30:22Z
HK_2004_E031,2005-10-16,93,3,65,64,https://racing.hkjc.com/en-us/local/information/otherhorse?horseid=HK_2004_E031&Option=1,2026-09-04T13:30:22Z
HK_2004_E031,2005-11-09,157,3,64,64,https://racing.hkjc.com/en-us/local/information/otherhorse?horseid=HK_2004_E031&Option=1,2026-09-04T13:30:22Z
HK_2004_E031,2005-11-27,206,3,64,63,https://racing.hkjc.com/en-us/local/information/otherhorse?horseid=HK_2004_E031&Option=1,2026-09-04T13:30:22Z
HK_2004_E031,2005-12-03,225,3,63,69,https://racing.hkjc.com/en-us/local/information/otherhorse?horseid=HK_2004_E031&Option=1,2026-09-04T13:30:22Z
HK_2004_E031,2005-12-17,257,3,69,70,https://racing.hkjc.com/en-us/local/information/otherhorse?horseid=HK_2004_E031&Option=1,2026-09-04T13:30:22Z
HK_2004_E031,2006-01-01,285,3,70,69,https://racing.hkjc.com/en-us/local/information/otherhorse?horseid=HK_2004_E031&Option=1,2026-09-04T13:30:22Z
HK_2004_E031,2006-10-21,101,3,69,69,https://racing.hkjc.com/en-us/local/information/otherhorse?horseid=HK_2004_E031&Option=1,2026-09-04T13:30:22Z
HK_2004_E031,2006-11-01,123,3,69,75,https://racing.hkjc.com/en-us/local/information/otherhorse?horseid=HK_2004_E031&Option=1,2026-09-04T13:30:22Z
HK_2004_E031,2006-11-15,163,3,75,75,https://racing.hkjc.com/en-us/local/information/otherhorse?horseid=HK_2004_E031&Option=1,2026-09-04T13:30:22Z
HK_2004_E031,2006-12-02,209,3,75,75,https://racing.hkjc.com/en-us/local/information/otherhorse?horseid=HK_2004_E031&Option=1,2026-09-04T13:30:22Z
HK_2004_E031,2006-12-23,261,3,75,75,https://racing.hkjc.com/en-us/local/information/otherhorse?horseid=HK_2004_E031&Option=1,2026-09-04T13:30:22Z
HK_2004_E031,2007-01-17,318,3,75,77,https://racing.hkjc.com/en-us/local/information/otherhorse?horseid=HK_2004_E031&Option=1,2026-09-04T13:30:22Z
HK_2004_E031,2007-02-04,364,3,77,77,https://racing.hkjc.com/en-us/local/information/otherhorse?horseid=HK_2004_E031&Option=1,2026-09-04T13:30:22Z
HK_2004_E031,2007-04-22,543,3,77,76,https://racing.hkjc.com/en-us/local/information/otherhorse?horseid=HK_2004_E031&Option=1,2026-09-04T13:30:22Z
HK_2004_E031,2007-05-12,600,3,76,75,https://racing.hkjc.com/en-us/local/information/otherhorse?horseid=HK_2004_E031&Option=1,2026-09-04T13:30:22Z
HK_2004_E031,2007-05-27,636,3,75,73,https://racing.hkjc.com/en-us/local/information/otherhorse?horseid=HK_2004_E031&Option=1,2026-09-04T13:30:22Z
HK_2004_E031,2007-06-17,694,3,73,74,https://racing.hkjc.com/en-us/local/information/otherhorse?horseid=HK_2004_E031&Option=1,2026-09-04T13:30:22Z
HK_2004_E031,2007-10-17,93,3,74,74,https://racing.hkjc.com/en-us/local/information/otherhorse?horseid=HK_2004_E031&Option=1,2026-09-04T13:30:22Z
HK_2004_E031,2007-10-31,131,3,74,75,https://racing.hkjc.com/en-us/local/information/otherhorse?horseid=HK_2004_E031&Option=1,2026-09-04T13:30:22Z
HK_2004_E031,2007-11-14,168,3,75,75,https://racing.hkjc.com/en-us/local/information/otherhorse?horseid=HK_2004_E031&Option=1,2026-09-04T13:30:22Z
HK_2004_E031,2007-12-01,210,3,75,74,https://racing.hkjc.com/en-us/local/information/otherhorse?horseid=HK_2004_E031&Option=1,2026-09-04T13:30:22Z
HK_2004_E031,2007-12-19,255,3,74,76,https://racing.hkjc.com/en-us/local/information/otherhorse?horseid=HK_2004_E031&Option=1,2026-09-04T13:30:22Z
HK_2004_E031,2008-01-06,295,3,76,76,https://racing.hkjc.com/en-us/local/information/otherhorse?horseid=HK_2004_E031&Option=1,2026-09-04T13:30:22Z
HK_2004_E031,2008-02-20,408,3,76,78,https://racing.hkjc.com/en-us/local/information/otherhorse?horseid=HK_2004_E031&Option=1,2026-09-04T13:30:22Z
HK_2004_E031,2008-03-09,452,3,78,79,https://racing.hkjc.com/en-us/local/information/otherhorse?horseid=HK_2004_E031&Option=1,2026-09-04T13:30:22Z
HK_2004_E031,2008-03-30,500,3,79,79,https://racing.hkjc.com/en-us/local/information/otherhorse?horseid=HK_2004_E031&Option=1,2026-09-04T13:30:22Z
HK_2004_E031,2008-04-09,528,2,79,78,https://racing.hkjc.com/en-us/local/information/otherhorse?horseid=HK_2004_E031&Option=1,2026-09-04T13:30:22Z
HK_2004_E031,2008-06-15,678,3,78,76,https://racing.hkjc.com/en-us/local/information/otherhorse?horseid=HK_2004_E031&Option=1,2026-09-04T13:30:22Z
HK_2004_E031,2008-07-03,728,3,76,72,https://racing.hkjc.com/en-us/local/information/otherhorse?horseid=HK_2004_E031&Option=1,2026-09-04T13:30:22Z
HK_2004_E031,2008-09-17,17,3,72,72,https://racing.hkjc.com/en-us/local/information/otherhorse?horseid=HK_2004_E031&Option=1,2026-09-04T13:30:22Z
HK_2004_E031,2008-10-01,49,3,72,72,https://racing.hkjc.com/en-us/local/information/otherhorse?horseid=HK_2004_E031&Option=1,2026-09-04T13:30:22Z
HK_2004_E031,2008-10-19,99,3,72,72,https://racing.hkjc.com/en-us/local/information/otherhorse?horseid=HK_2004_E031&Option=1,2026-09-04T13:30:22Z
HK_2004_E031,2009-01-01,272,3,72,71,https://racing.hkjc.com/en-us/local/information/otherhorse?horseid=HK_2004_E031&Option=1,2026-09-04T13:30:22Z
HK_2004_E031,2009-01-21,326,3,71,69,https://racing.hkjc.com/en-us/local/information/otherhorse?horseid=HK_2004_E031&Option=1,2026-09-04T13:30:22Z
HK_2004_E031,2009-02-04,366,3,69,76,https://racing.hkjc.com/en-us/local/information/otherhorse?horseid=HK_2004_E031&Option=1,2026-09-04T13:30:22Z
HK_2004_E031,2009-02-15,396,3,76,76,https://racing.hkjc.com/en-us/local/information/otherhorse?horseid=HK_2004_E031&Option=1,2026-09-04T13:30:22Z
HK_2004_E031,2009-02-25,422,3,76,76,https://racing.hkjc.com/en-us/local/information/otherhorse?horseid=HK_2004_E031&Option=1,2026-09-04T13:30:22Z
HK_2004_E031,2009-03-04,442,3,76,75,https://racing.hkjc.com/en-us/local/information/otherhorse?horseid=HK_2004_E031&Option=1,2026-09-04T13:30:22Z
HK_2004_E031,2009-03-18,473,3,75,74,https://racing.hkjc.com/en-us/local/information/otherhorse?horseid=HK_2004_E031&Option=1,2026-09-04T13:30:22Z
HK_2004_E031,2009-05-03,578,3,74,72,https://racing.hkjc.com/en-us/local/information/otherhorse?horseid=HK_2004_E031&Option=1,2026-09-04T13:30:22Z
HK_2004_E031,2009-06-21,699,3,72,70,https://racing.hkjc.com/en-us/local/information/otherhorse?horseid=HK_2004_E031&Option=1,2026-09-04T13:30:22Z
HK_2004_E031,2009-09-23,35,3,70,70,https://racing.hkjc.com/en-us/local/information/otherhorse?horseid=HK_2004_E031&Option=1,2026-09-04T13:30:22Z
HK_2004_E031,2009-10-04,59,3,70,70,https://racing.hkjc.com/en-us/local/information/otherhorse?horseid=HK_2004_E031&Option=1,2026-09-04T13:30:22Z
HK_2004_E031,2009-10-17,99,3,70,69,https://racing.hkjc.com/en-us/local/information/otherhorse?horseid=HK_2004_E031&Option=1,2026-09-04T13:30:22Z
HK_2004_E031,2009-11-07,144,3,69,67,https://racing.hkjc.com/en-us/local/information/otherhorse?horseid=HK_2004_E031&Option=1,2026-09-04T13:30:22Z
HK_2004_E031,2009-11-29,202,3,67,65,https://racing.hkjc.com/en-us/local/information/otherhorse?horseid=HK_2004_E031&Option=1,2026-09-04T13:30:22Z
HK_2004_E036,2005-05-14,601,4,57,55,https://racing.hkjc.com/en-us/local/information/otherhorse?horseid=HK_2004_E036&Option=1,2026-09-04T13:22:09Z
HK_2004_E036,2005-06-05,652,4,55,52,https://racing.hkjc.com/en-us/local/information/otherhorse?horseid=HK_2004_E036&Option=1,2026-09-04T13:22:09Z
HK_2004_E036,2005-06-29,705,4,52,45,https://racing.hkjc.com/en-us/local/information/otherhorse?horseid=HK_2004_E036&Option=1,2026-09-04T13:22:09Z
HK_2004_E036,2005-09-04,2,4,45,45,https://racing.hkjc.com/en-us/local/information/otherhorse?horseid=HK_2004_E036&Option=1,2026-09-04T13:22:09Z
HK_2004_E036,2005-09-17,39,4,45,43,https://racing.hkjc.com/en-us/local/information/otherhorse?horseid=HK_2004_E036&Option=1,2026-09-04T13:22:09Z
HK_2004_E036,2005-10-02,66,4,43,41,https://racing.hkjc.com/en-us/local/information/otherhorse?horseid=HK_2004_E036&Option=1,2026-09-04T13:22:09Z
HK_2004_E036,2005-10-16,94,4,41,39,https://racing.hkjc.com/en-us/local/information/otherhorse?horseid=HK_2004_E036&Option=1,2026-09-04T13:22:09Z
HK_2004_E036,2005-11-05,144,5,39,38,https://racing.hkjc.com/en-us/local/information/otherhorse?horseid=HK_2004_E036&Option=1,2026-09-04T13:22:09Z
HK_2004_E036,2005-11-27,199,5,38,36,https://racing.hkjc.com/en-us/local/information/otherhorse?horseid=HK_2004_E036&Option=1,2026-09-04T13:22:09Z
HK_2004_E036,2006-01-01,278,5,36,34,https://racing.hkjc.com/en-us/local/information/otherhorse?horseid=HK_2004_E036&Option=1,2026-09-04T13:22:09Z
HK_2004_E036,2006-01-15,317,5,34,32,https://racing.hkjc.com/en-us/local/information/otherhorse?horseid=HK_2004_E036&Option=1,2026-09-04T13:22:09Z
HK_2004_E036,2006-02-08,370,5,32,30,https://racing.hkjc.com/en-us/local/information/otherhorse?horseid=HK_2004_E036&Option=1,2026-09-04T13:22:09Z
HK_2004_E036,2006-02-22,407,5,30,35,https://racing.hkjc.com/en-us/local/information/otherhorse?horseid=HK_2004_E036&Option=1,2026-09-04T13:22:09Z
HK_2004_E036,2006-03-22,475,5,35,34,https://racing.hkjc.com/en-us/local/information/otherhorse?horseid=HK_2004_E036&Option=1,2026-09-04T13:22:09Z
HK_2004_E036,2006-09-10,2,5,34,34,https://racing.hkjc.com/en-us/local/information/otherhorse?horseid=HK_2004_E036&Option=1,2026-09-04T13:22:09Z
HK_2004_E036,2006-09-20,21,5,34,33,https://racing.hkjc.com/en-us/local/information/otherhorse?horseid=HK_2004_E036&Option=1,2026-09-04T13:22:09Z
HK_2004_E036,2006-10-07,66,5,33,32,https://racing.hkjc.com/en-us/local/information/otherhorse?horseid=HK_2004_E036&Option=1,2026-09-04T13:22:09Z
HK_2004_E036,2007-01-20,323,5,32,30,https://racing.hkjc.com/en-us/local/information/otherhorse?horseid=HK_2004_E036&Option=1,2026-09-04T13:22:09Z
HK_2004_E036,2007-03-14,452,5,30,27,https://racing.hkjc.com/en-us/local/information/otherhorse?horseid=HK_2004_E036&Option=1,2026-09-04T13:22:09Z
HK_2004_E036,2007-03-25,478,5,27,24,https://racing.hkjc.com/en-us/local/information/otherhorse?horseid=HK_2004_E036&Option=1,2026-09-04T13:22:09Z
HK_2004_E036,2007-04-22,538,5,24,20,https://racing.hkjc.com/en-us/local/information/otherhorse?horseid=HK_2004_E036&Option=1,2026-09-04T13:22:09Z
HK_2004_E036,2007-05-01,565,5,20,15,https://racing.hkjc.com/en-us/local/information/otherhorse?horseid=HK_2004_E036&Option=1,2026-09-04T13:22:09Z
HK_2004_E036,2007-05-09,584,5,15,13,https://racing.hkjc.com/en-us/local/information/otherhorse?horseid=HK_2004_E036&Option=1,2026-09-04T13:22:09Z
HK_2004_E049,2005-01-05,293,4,52,52,https://racing.hkjc.com/en-us/local/information/otherhorse?horseid=HK_2004_E049&Option=1,2026-09-04T13:27:57Z
HK_2004_E049,2005-01-26,350,4,52,52,https://racing.hkjc.com/en-us/local/information/otherhorse?horseid=HK_2004_E049&Option=1,2026-09-04T13:27:57Z
HK_2004_E049,2005-03-02,432,4,52,51,https://racing.hkjc.com/en-us/local/information/otherhorse?horseid=HK_2004_E049&Option=1,2026-09-04T13:27:57Z
HK_2004_E049,2005-03-26,491,4,51,50,https://racing.hkjc.com/en-us/local/information/otherhorse?horseid=HK_2004_E049&Option=1,2026-09-04T13:27:57Z
HK_2004_E049,2005-04-09,522,4,50,49,https://racing.hkjc.com/en-us/local/information/otherhorse?horseid=HK_2004_E049&Option=1,2026-09-04T13:27:57Z
HK_2004_E049,2005-05-04,577,4,49,51,https://racing.hkjc.com/en-us/local/information/otherhorse?horseid=HK_2004_E049&Option=1,2026-09-04T13:27:57Z
HK_2004_E049,2005-05-21,621,4,51,51,https://racing.hkjc.com/en-us/local/information/otherhorse?horseid=HK_2004_E049&Option=1,2026-09-04T13:27:57Z
HK_2004_E049,2005-06-08,662,4,51,57,https://racing.hkjc.com/en-us/local/information/otherhorse?horseid=HK_2004_E049&Option=1,2026-09-04T13:27:57Z
HK_2004_E049,2005-09-11,19,4,57,57,https://racing.hkjc.com/en-us/local/information/otherhorse?horseid=HK_2004_E049&Option=1,2026-09-04T13:27:57Z
HK_2004_E049,2005-09-28,56,4,57,57,https://racing.hkjc.com/en-us/local/information/otherhorse?horseid=HK_2004_E049&Option=1,2026-09-04T13:27:57Z
HK_2004_E049,2005-10-16,94,4,57,56,https://racing.hkjc.com/en-us/local/information/otherhorse?horseid=HK_2004_E049&Option=1,2026-09-04T13:27:57Z
HK_2004_E049,2005-11-05,147,4,56,59,https://racing.hkjc.com/en-us/local/information/otherhorse?horseid=HK_2004_E049&Option=1,2026-09-04T13:27:57Z
HK_2004_E049,2005-11-20,182,4,59,64,https://racing.hkjc.com/en-us/local/information/otherhorse?horseid=HK_2004_E049&Option=1,2026-09-04T13:27:57Z
HK_2004_E049,2005-12-14,249,3,64,64,https://racing.hkjc.com/en-us/local/information/otherhorse?horseid=HK_2004_E049&Option=1,2026-09-04T13:27:57Z
HK_2004_E049,2006-01-01,283,3,64,64,https://racing.hkjc.com/en-us/local/information/otherhorse?horseid=HK_2004_E049&Option=1,2026-09-04T13:27:57Z
HK_2004_E049,2006-01-25,346,3,64,64,https://racing.hkjc.com/en-us/local/information/otherhorse?horseid=HK_2004_E049&Option=1,2026-09-04T13:27:57Z
HK_2004_E049,2006-02-11,387,3,64,63,https://racing.hkjc.com/en-us/local/information/otherhorse?horseid=HK_2004_E049&Option=1,2026-09-04T13:27:57Z
HK_2004_E049,2006-03-04,435,3,63,63,https://racing.hkjc.com/en-us/local/information/otherhorse?horseid=HK_2004_E049&Option=1,2026-09-04T13:27:57Z
HK_2004_E049,2006-03-19,469,3,63,62,https://racing.hkjc.com/en-us/local/information/otherhorse?horseid=HK_2004_E049&Option=1,2026-09-04T13:27:57Z
HK_2004_E049,2006-04-01,507,3,62,61,https://racing.hkjc.com/en-us/local/information/otherhorse?horseid=HK_2004_E049&Option=1,2026-09-04T13:27:57Z
HK_2004_E049,2006-04-19,543,3,61,60,https://racing.hkjc.com/en-us/local/information/otherhorse?horseid=HK_2004_E049&Option=1,2026-09-04T13:27:57Z
HK_2004_E049,2006-05-28,634,4,60,58,https://racing.hkjc.com/en-us/local/information/otherhorse?horseid=HK_2004_E049&Option=1,2026-09-04T13:27:57Z
HK_2004_E049,2006-09-24,34,4,58,58,https://racing.hkjc.com/en-us/local/information/otherhorse?horseid=HK_2004_E049&Option=1,2026-09-04T13:27:57Z
HK_2004_E049,2006-10-25,106,4,58,57,https://racing.hkjc.com/en-us/local/information/otherhorse?horseid=HK_2004_E049&Option=1,2026-09-04T13:27:57Z
HK_2004_E049,2006-11-07,142,4,57,56,https://racing.hkjc.com/en-us/local/information/otherhorse?horseid=HK_2004_E049&Option=1,2026-09-04T13:27:57Z
HK_2004_E049,2006-11-26,187,4,56,56,https://racing.hkjc.com/en-us/local/information/otherhorse?horseid=HK_2004_E049&Option=1,2026-09-04T13:27:57Z
HK_2004_E049,2006-12-13,233,4,56,57,https://racing.hkjc.com/en-us/local/information/otherhorse?horseid=HK_2004_E049&Option=1,2026-09-04T13:27:57Z
HK_2004_E049,2007-01-01,277,4,57,62,https://racing.hkjc.com/en-us/local/information/otherhorse?horseid=HK_2004_E049&Option=1,2026-09-04T13:27:57Z
HK_2004_E049,2007-01-24,337,3,62,62,https://racing.hkjc.com/en-us/local/information/otherhorse?horseid=HK_2004_E049&Option=1,2026-09-04T13:27:57Z
HK_2004_E049,2007-05-12,599,3,62,62,https://racing.hkjc.com/en-us/local/information/otherhorse?horseid=HK_2004_E049&Option=1,2026-09-04T13:27:57Z
HK_2004_E049,2007-06-13,683,3,62,61,https://racing.hkjc.com/en-us/local/information/otherhorse?horseid=HK_2004_E049&Option=1,2026-09-04T13:27:57Z
HK_2004_E049,2007-10-17,94,3,61,61,https://racing.hkjc.com/en-us/local/information/otherhorse?horseid=HK_2004_E049&Option=1,2026-09-04T13:27:57Z
HK_2004_E049,2007-10-31,129,3,61,59,https://racing.hkjc.com/en-us/local/information/otherhorse?horseid=HK_2004_E049&Option=1,2026-09-04T13:27:57Z
HK_2004_E049,2007-11-21,180,4,59,58,https://racing.hkjc.com/en-us/local/information/otherhorse?horseid=HK_2004_E049&Option=1,2026-09-04T13:27:57Z
HK_2004_E049,2007-12-15,246,4,58,57,https://racing.hkjc.com/en-us/local/information/otherhorse?horseid=HK_2004_E049&Option=1,2026-09-04T13:27:57Z
HK_2004_E049,2008-01-09,303,4,57,55,https://racing.hkjc.com/en-us/local/information/otherhorse?horseid=HK_2004_E049&Option=1,2026-09-04T13:27:57Z
HK_2004_E049,2008-02-13,387,4,55,53,https://racing.hkjc.com/en-us/local/information/otherhorse?horseid=HK_2004_E049&Option=1,2026-09-04T13:27:57Z
HK_2004_E049,2008-03-12,457,4,53,51,https://racing.hkjc.com/en-us/local/information/otherhorse?horseid=HK_2004_E049&Option=1,2026-09-04T13:27:57Z
HK_2004_E049,2008-03-30,493,4,51,50,https://racing.hkjc.com/en-us/local/information/otherhorse?horseid=HK_2004_E049&Option=1,2026-09-04T13:27:57Z
HK_2004_E049,2008-04-12,530,4,50,49,https://racing.hkjc.com/en-us/local/information/otherhorse?horseid=HK_2004_E049&Option=1,2026-09-04T13:27:57Z
HK_2004_E049,2008-04-23,540,4,49,56,https://racing.hkjc.com/en-us/local/information/otherhorse?horseid=HK_2004_E049&Option=1,2026-09-04T13:27:57Z
HK_2004_E049,2008-05-14,597,4,56,56,https://racing.hkjc.com/en-us/local/information/otherhorse?horseid=HK_2004_E049&Option=1,2026-09-04T13:27:57Z
HK_2004_E049,2008-06-05,648,4,56,61,https://racing.hkjc.com/en-us/local/information/otherhorse?horseid=HK_2004_E049&Option=1,2026-09-04T13:27:57Z
HK_2004_E049,2008-09-17,16,3,61,61,https://racing.hkjc.com/en-us/local/information/otherhorse?horseid=HK_2004_E049&Option=1,2026-09-04T13:27:57Z
HK_2004_E049,2008-10-01,52,3,61,61,https://racing.hkjc.com/en-us/local/information/otherhorse?horseid=HK_2004_E049&Option=1,2026-09-04T13:27:57Z
HK_2004_E049,2008-10-19,101,3,61,61,https://racing.hkjc.com/en-us/local/information/otherhorse?horseid=HK_2004_E049&Option=1,2026-09-04T13:27:57Z
HK_2004_E049,2008-11-08,149,3,61,63,https://racing.hkjc.com/en-us/local/information/otherhorse?horseid=HK_2004_E049&Option=1,2026-09-04T13:27:57Z
HK_2004_E049,2008-11-30,195,3,63,63,https://racing.hkjc.com/en-us/local/information/otherhorse?horseid=HK_2004_E049&Option=1,2026-09-04T13:27:57Z
HK_2004_E049,2009-01-07,290,3,63,62,https://racing.hkjc.com/en-us/local/information/otherhorse?horseid=HK_2004_E049&Option=1,2026-09-04T13:27:57Z
HK_2004_E049,2009-01-28,343,3,62,61,https://racing.hkjc.com/en-us/local/information/otherhorse?horseid=HK_2004_E049&Option=1,2026-09-04T13:27:57Z
HK_2004_E049,2009-02-08,374,3,61,60,https://racing.hkjc.com/en-us/local/information/otherhorse?horseid=HK_2004_E049&Option=1,2026-09-04T13:27:57Z
HK_2004_E049,2009-02-25,416,4,60,60,https://racing.hkjc.com/en-us/local/information/otherhorse?horseid=HK_2004_E049&Option=1,2026-09-04T13:27:57Z
HK_2004_E049,2009-03-11,457,4,60,61,https://racing.hkjc.com/en-us/local/information/otherhorse?horseid=HK_2004_E049&Option=1,2026-09-04T13:27:57Z
HK_2004_E049,2009-04-05,510,3,61,61,https://racing.hkjc.com/en-us/local/information/otherhorse?horseid=HK_2004_E049&Option=1,2026-09-04T13:27:57Z
HK_2004_E049,2009-04-26,559,3,61,60,https://racing.hkjc.com/en-us/local/information/otherhorse?horseid=HK_2004_E049&Option=1,2026-09-04T13:27:57Z
HK_2004_E049,2009-05-21,626,4,60,58,https://racing.hkjc.com/en-us/local/information/otherhorse?horseid=HK_2004_E049&Option=1,2026-09-04T13:27:57Z
HK_2004_E049,2009-06-03,661,4,58,56,https://racing.hkjc.com/en-us/local/information/otherhorse?horseid=HK_2004_E049&Option=1,2026-09-04T13:27:57Z
HK_2004_E049,2009-07-01,724,4,56,51,https://racing.hkjc.com/en-us/local/information/otherhorse?horseid=HK_2004_E049&Option=1,2026-09-04T13:27:57Z
HK_2004_E049,2009-10-14,87,4,51,51,https://racing.hkjc.com/en-us/local/information/otherhorse?horseid=HK_2004_E049&Option=1,2026-09-04T13:27:57Z
HK_2004_E049,2009-11-11,151,4,51,48,https://racing.hkjc.com/en-us/local/information/otherhorse?horseid=HK_2004_E049&Option=1,2026-09-04T13:27:57Z
HK_2004_E049,2010-03-03,426,4,48,47,https://racing.hkjc.com/en-us/local/information/otherhorse?horseid=HK_2004_E049&Option=1,2026-09-04T13:27:57Z
HK_2004_E049,2010-03-31,499,4,47,45,https://racing.hkjc.com/en-us/local/information/otherhorse?horseid=HK_2004_E049&Option=1,2026-09-04T13:27:57Z
HK_2004_E049,2010-04-28,563,4,45,43,https://racing.hkjc.com/en-us/local/information/otherhorse?horseid=HK_2004_E049&Option=1,2026-09-04T13:27:57Z
HK_2004_E049,2010-05-19,620,4,43,41,https://racing.hkjc.com/en-us/local/information/otherhorse?horseid=HK_2004_E049&Option=1,2026-09-04T13:27:57Z
HK_2004_E049,2010-06-02,654,4,41,39,https://racing.hkjc.com/en-us/local/information/otherhorse?horseid=HK_2004_E049&Option=1,2026-09-04T13:27:57Z
HK_2004_E049,2010-07-01,721,5,39,39,https://racing.hkjc.com/en-us/local/information/otherhorse?horseid=HK_2004_E049&Option=1,2026-09-04T13:27:57Z
HK_2004_E049,2010-07-11,753,5,39,33,https://racing.hkjc.com/en-us/local/information/otherhorse?horseid=HK_2004_E049&Option=1,2026-09-04T13:27:57Z
HK_2004_E049,2010-11-06,149,5,33,32,https://racing.hkjc.com/en-us/local/information/otherhorse?horseid=HK_2004_E049&Option=1,2026-09-04T13:27:57Z
HK_2004_E054,2005-03-13,456,4,52,50,https://racing.hkjc.com/en-us/local/information/otherhorse?horseid=HK_2004_E054&Option=1,2026-09-04T13:24:09Z
HK_2004_E054,2005-04-06,516,4,50,47,https://racing.hkjc.com/en-us/local/information/otherhorse?horseid=HK_2004_E054&Option=1,2026-09-04T13:24:09Z
HK_2004_E054,2005-04-24,557,4,47,42,https://racing.hkjc.com/en-us/local/information/otherhorse?horseid=HK_2004_E054&Option=1,2026-09-04T13:24:09Z
HK_2004_E054,2005-05-07,586,4,42,37,https://racing.hkjc.com/en-us/local/information/otherhorse?horseid=HK_2004_E054&Option=1,2026-09-04T13:24:09Z
HK_2004_E054,2005-05-18,611,5,37,27,https://racing.hkjc.com/en-us/local/information/otherhorse?horseid=HK_2004_E054&Option=1,2026-09-04T13:24:09Z
HK_2004_E054,2005-12-17,252,5,27,27,https://racing.hkjc.com/en-us/local/information/otherhorse?horseid=HK_2004_E054&Option=1,2026-09-04T13:24:09Z
HK_2004_E054,2006-01-01,280,5,27,25,https://racing.hkjc.com/en-us/local/information/otherhorse?horseid=HK_2004_E054&Option=1,2026-09-04T13:24:09Z
HK_2004_E054,2006-01-22,332,5,25,23,https://racing.hkjc.com/en-us/local/information/otherhorse?horseid=HK_2004_E054&Option=1,2026-09-04T13:24:09Z
HK_2004_E054,2006-02-08,370,5,23,21,https://racing.hkjc.com/en-us/local/information/otherhorse?horseid=HK_2004_E054&Option=1,2026-09-04T13:24:09Z
HK_2004_E054,2006-02-22,407,5,21,19,https://racing.hkjc.com/en-us/local/information/otherhorse?horseid=HK_2004_E054&Option=1,2026-09-04T13:24:09Z
HK_2004_E054,2006-03-19,463,5,19,16,https://racing.hkjc.com/en-us/local/information/otherhorse?horseid=HK_2004_E054&Option=1,2026-09-04T13:24:09Z
HK_2004_E054,2006-04-01,501,5,16,16,https://racing.hkjc.com/en-us/local/information/otherhorse?horseid=HK_2004_E054&Option=1,2026-09-04T13:24:09Z
HK_2004_E054,2006-04-19,537,5,16,21,https://racing.hkjc.com/en-us/local/information/otherhorse?horseid=HK_2004_E054&Option=1,2026-09-04T13:24:09Z
HK_2004_E054,2006-05-17,609,5,21,21,https://racing.hkjc.com/en-us/local/information/otherhorse?horseid=HK_2004_E054&Option=1,2026-09-04T13:24:09Z
HK_2004_E054,2006-05-28,633,5,21,20,https://racing.hkjc.com/en-us/local/information/otherhorse?horseid=HK_2004_E054&Option=1,2026-09-04T13:24:09Z
HK_2004_E055,2004-11-14,169,4,52,52,https://racing.hkjc.com/en-us/local/information/otherhorse?horseid=HK_2004_E055&Option=1,2026-09-04T13:25:11Z
HK_2004_E055,2005-03-05,438,4,52,50,https://racing.hkjc.com/en-us/local/information/otherhorse?horseid=HK_2004_E055&Option=1,2026-09-04T13:25:11Z
HK_2004_E055,2005-03-19,474,4,50,53,https://racing.hkjc.com/en-us/local/information/otherhorse?horseid=HK_2004_E055&Option=1,2026-09-04T13:25:11Z
HK_2004_E055,2005-04-09,522,4,53,53,https://racing.hkjc.com/en-us/local/information/otherhorse?horseid=HK_2004_E055&Option=1,2026-09-04T13:25:11Z
HK_2004_E055,2005-04-13,532,4,53,53,https://racing.hkjc.com/en-us/local/information/otherhorse?horseid=HK_2004_E055&Option=1,2026-09-04T13:25:11Z
HK_2004_E055,2005-05-01,570,4,53,52,https://racing.hkjc.com/en-us/local/information/otherhorse?horseid=HK_2004_E055&Option=1,2026-09-04T13:25:11Z
HK_2004_E055,2005-05-14,604,4,52,51,https://racing.hkjc.com/en-us/local/information/otherhorse?horseid=HK_2004_E055&Option=1,2026-09-04T13:25:11Z
HK_2004_E055,2005-06-05,651,4,51,49,https://racing.hkjc.com/en-us/local/information/otherhorse?horseid=HK_2004_E055&Option=1,2026-09-04T13:25:11Z
HK_2004_E055,2005-09-11,21,4,49,49,https://racing.hkjc.com/en-us/local/information/otherhorse?horseid=HK_2004_E055&Option=1,2026-09-04T13:25:11Z
HK_2004_E055,2005-09-28,57,4,49,49,https://racing.hkjc.com/en-us/local/information/otherhorse?horseid=HK_2004_E055&Option=1,2026-09-04T13:25:11Z
HK_2004_E055,2005-10-09,80,4,49,50,https://racing.hkjc.com/en-us/local/information/otherhorse?horseid=HK_2004_E055&Option=1,2026-09-04T13:25:11Z
HK_2004_E055,2005-10-26,121,4,50,50,https://racing.hkjc.com/en-us/local/information/otherhorse?horseid=HK_2004_E055&Option=1,2026-09-04T13:25:11Z
HK_2004_E055,2005-11-13,163,4,50,49,https://racing.hkjc.com/en-us/local/information/otherhorse?horseid=HK_2004_E055&Option=1,2026-09-04T13:25:11Z
HK_2004_E055,2005-12-17,254,4,49,55,https://racing.hkjc.com/en-us/local/information/otherhorse?horseid=HK_2004_E055&Option=1,2026-09-04T13:25:11Z
HK_2004_E055,2006-01-01,281,4,55,55,https://racing.hkjc.com/en-us/local/information/otherhorse?horseid=HK_2004_E055&Option=1,2026-09-04T13:25:11Z
HK_2004_E055,2006-01-18,326,4,55,55,https://racing.hkjc.com/en-us/local/information/otherhorse?horseid=HK_2004_E055&Option=1,2026-09-04T13:25:11Z
HK_2004_E055,2006-01-22,337,4,55,62,https://racing.hkjc.com/en-us/local/information/otherhorse?horseid=HK_2004_E055&Option=1,2026-09-04T13:25:11Z
HK_2004_E055,2006-02-19,402,3,62,62,https://racing.hkjc.com/en-us/local/information/otherhorse?horseid=HK_2004_E055&Option=1,2026-09-04T13:25:11Z
HK_2004_E055,2006-02-26,421,3,62,62,https://racing.hkjc.com/en-us/local/information/otherhorse?horseid=HK_2004_E055&Option=1,2026-09-04T13:25:11Z
HK_2004_E055,2006-03-12,451,3,62,62,https://racing.hkjc.com/en-us/local/information/otherhorse?horseid=HK_2004_E055&Option=1,2026-09-04T13:25:11Z
HK_2004_E055,2006-04-01,507,3,62,61,https://racing.hkjc.com/en-us/local/information/otherhorse?horseid=HK_2004_E055&Option=1,2026-09-04T13:25:11Z
HK_2004_E055,2006-04-15,534,3,61,60,https://racing.hkjc.com/en-us/local/information/otherhorse?horseid=HK_2004_E055&Option=1,2026-09-04T13:25:11Z
HK_2004_E055,2006-04-26,556,4,60,62,https://racing.hkjc.com/en-us/local/information/otherhorse?horseid=HK_2004_E055&Option=1,2026-09-04T13:25:11Z
HK_2004_E055,2006-05-13,604,3,62,61,https://racing.hkjc.com/en-us/local/information/otherhorse?horseid=HK_2004_E055&Option=1,2026-09-04T13:25:11Z
HK_2004_E055,2006-09-16,17,3,61,61,https://racing.hkjc.com/en-us/local/information/otherhorse?horseid=HK_2004_E055&Option=1,2026-09-04T13:25:11Z
HK_2004_E055,2006-09-24,36,3,61,60,https://racing.hkjc.com/en-us/local/information/otherhorse?horseid=HK_2004_E055&Option=1,2026-09-04T13:25:11Z
HK_2004_E055,2006-10-04,61,4,60,60,https://racing.hkjc.com/en-us/local/information/otherhorse?horseid=HK_2004_E055&Option=1,2026-09-04T13:25:11Z
HK_2004_E055,2006-10-25,106,4,60,59,https://racing.hkjc.com/en-us/local/information/otherhorse?horseid=HK_2004_E055&Option=1,2026-09-04T13:25:11Z
HK_2004_E055,2006-12-06,215,4,59,58,https://racing.hkjc.com/en-us/local/information/otherhorse?horseid=HK_2004_E055&Option=1,2026-09-04T13:25:11Z
HK_2004_E055,2006-12-26,264,4,58,59,https://racing.hkjc.com/en-us/local/information/otherhorse?horseid=HK_2004_E055&Option=1,2026-09-04T13:25:11Z
HK_2004_E055,2007-02-14,389,4,59,59,https://racing.hkjc.com/en-us/local/information/otherhorse?horseid=HK_2004_E055&Option=1,2026-09-04T13:25:11Z
HK_2004_E055,2007-03-14,454,4,59,58,https://racing.hkjc.com/en-us/local/information/otherhorse?horseid=HK_2004_E055&Option=1,2026-09-04T13:25:11Z
HK_2004_E055,2007-03-25,481,4,58,57,https://racing.hkjc.com/en-us/local/information/otherhorse?horseid=HK_2004_E055&Option=1,2026-09-04T13:25:11Z
HK_2004_E055,2007-04-29,556,4,57,56,https://racing.hkjc.com/en-us/local/information/otherhorse?horseid=HK_2004_E055&Option=1,2026-09-04T13:25:11Z
HK_2004_E055,2007-05-27,632,4,56,54,https://racing.hkjc.com/en-us/local/information/otherhorse?horseid=HK_2004_E055&Option=1,2026-09-04T13:25:11Z
HK_2004_E055,2007-06-24,702,4,54,59,https://racing.hkjc.com/en-us/local/information/otherhorse?horseid=HK_2004_E055&Option=1,2026-09-04T13:25:11Z
HK_2004_E055,2007-09-09,5,4,59,59,https://racing.hkjc.com/en-us/local/information/otherhorse?horseid=HK_2004_E055&Option=1,2026-09-04T13:25:11Z
HK_2004_E055,2007-09-26,47,4,59,59,https://racing.hkjc.com/en-us/local/information/otherhorse?horseid=HK_2004_E055&Option=1,2026-09-04T13:25:11Z
HK_2004_E055,2007-10-17,91,4,59,59,https://racing.hkjc.com/en-us/local/information/otherhorse?horseid=HK_2004_E055&Option=1,2026-09-04T13:25:11Z
HK_2004_E055,2007-10-31,126,4,59,58,https://racing.hkjc.com/en-us/local/information/otherhorse?horseid=HK_2004_E055&Option=1,2026-09-04T13:25:11Z
HK_2004_E055,2007-11-06,146,4,58,59,https://racing.hkjc.com/en-us/local/information/otherhorse?horseid=HK_2004_E055&Option=1,2026-09-04T13:25:11Z
HK_2004_E055,2007-11-17,171,4,59,59,https://racing.hkjc.com/en-us/local/information/otherhorse?horseid=HK_2004_E055&Option=1,2026-09-04T13:25:11Z
HK_2004_E055,2007-12-05,219,4,59,58,https://racing.hkjc.com/en-us/local/information/otherhorse?horseid=HK_2004_E055&Option=1,2026-09-04T13:25:11Z
HK_2004_E055,2007-12-23,263,4,58,56,https://racing.hkjc.com/en-us/local/information/otherhorse?horseid=HK_2004_E055&Option=1,2026-09-04T13:25:11Z
HK_2004_E055,2008-01-01,281,4,56,63,https://racing.hkjc.com/en-us/local/information/otherhorse?horseid=HK_2004_E055&Option=1,2026-09-04T13:25:11Z
HK_2004_E055,2008-01-20,334,3,63,65,https://racing.hkjc.com/en-us/local/information/otherhorse?horseid=HK_2004_E055&Option=1,2026-09-04T13:25:11Z
HK_2004_E055,2008-02-17,398,3,65,65,https://racing.hkjc.com/en-us/local/information/otherhorse?horseid=HK_2004_E055&Option=1,2026-09-04T13:25:11Z
HK_2004_E055,2008-03-09,452,3,65,65,https://racing.hkjc.com/en-us/local/information/otherhorse?horseid=HK_2004_E055&Option=1,2026-09-04T13:25:11Z
HK_2004_E055,2008-03-19,480,3,65,64,https://racing.hkjc.com/en-us/local/information/otherhorse?horseid=HK_2004_E055&Option=1,2026-09-04T13:25:11Z
HK_2004_E055,2008-04-09,527,3,64,62,https://racing.hkjc.com/en-us/local/information/otherhorse?horseid=HK_2004_E055&Option=1,2026-09-04T13:25:11Z
HK_2004_E055,2008-04-23,547,3,62,60,https://racing.hkjc.com/en-us/local/information/otherhorse?horseid=HK_2004_E055&Option=1,2026-09-04T13:25:11Z
HK_2004_E055,2008-05-04,576,3,60,60,https://racing.hkjc.com/en-us/local/information/otherhorse?horseid=HK_2004_E055&Option=1,2026-09-04T13:25:11Z
HK_2004_E055,2008-05-25,619,3,60,59,https://racing.hkjc.com/en-us/local/information/otherhorse?horseid=HK_2004_E055&Option=1,2026-09-04T13:25:11Z
HK_2004_E055,2008-06-08,656,4,59,59,https://racing.hkjc.com/en-us/local/information/otherhorse?horseid=HK_2004_E055&Option=1,2026-09-04T13:25:11Z
HK_2004_E055,2008-07-01,715,4,59,58,https://racing.hkjc.com/en-us/local/information/otherhorse?horseid=HK_2004_E055&Option=1,2026-09-04T13:25:11Z
HK_2004_E055,2008-10-12,81,4,58,58,https://racing.hkjc.com/en-us/local/information/otherhorse?horseid=HK_2004_E055&Option=1,2026-09-04T13:25:11Z
HK_2004_E055,2008-11-02,129,4,58,56,https://racing.hkjc.com/en-us/local/information/otherhorse?horseid=HK_2004_E055&Option=1,2026-09-04T13:25:11Z
HK_2004_E055,2008-11-19,167,4,56,54,https://racing.hkjc.com/en-us/local/information/otherhorse?horseid=HK_2004_E055&Option=1,2026-09-04T13:25:11Z
HK_2004_E055,2008-11-30,194,4,54,52,https://racing.hkjc.com/en-us/local/information/otherhorse?horseid=HK_2004_E055&Option=1,2026-09-04T13:25:11Z
HK_2004_E055,2008-12-20,247,4,52,50,https://racing.hkjc.com/en-us/local/information/otherhorse?horseid=HK_2004_E055&Option=1,2026-09-04T13:25:11Z
HK_2004_E055,2009-01-01,264,4,50,52,https://racing.hkjc.com/en-us/local/information/otherhorse?horseid=HK_2004_E055&Option=1,2026-09-04T13:25:11Z
HK_2004_E055,2009-01-18,314,4,52,52,https://racing.hkjc.com/en-us/local/information/otherhorse?horseid=HK_2004_E055&Option=1,2026-09-04T13:25:11Z
HK_2004_E055,2009-01-28,344,4B,52,52,https://racing.hkjc.com/en-us/local/information/otherhorse?horseid=HK_2004_E055&Option=1,2026-09-04T13:25:11Z
HK_2004_E055,2009-02-15,391,4,52,51,https://racing.hkjc.com/en-us/local/information/otherhorse?horseid=HK_2004_E055&Option=1,2026-09-04T13:25:11Z
HK_2004_E055,2009-03-01,428,4,51,49,https://racing.hkjc.com/en-us/local/information/otherhorse?horseid=HK_2004_E055&Option=1,2026-09-04T13:25:11Z
HK_2004_E055,2009-03-15,466,4,49,47,https://racing.hkjc.com/en-us/local/information/otherhorse?horseid=HK_2004_E055&Option=1,2026-09-04T13:25:11Z
HK_2004_E055,2009-04-13,531,4,47,45,https://racing.hkjc.com/en-us/local/information/otherhorse?horseid=HK_2004_E055&Option=1,2026-09-04T13:25:11Z
HK_2004_E055,2009-04-22,550,4S,45,43,https://racing.hkjc.com/en-us/local/information/otherhorse?horseid=HK_2004_E055&Option=1,2026-09-04T13:25:11Z
HK_2004_E055,2009-05-09,595,4,43,42,https://racing.hkjc.com/en-us/local/information/otherhorse?horseid=HK_2004_E055&Option=1,2026-09-04T13:25:11Z
HK_2004_E055,2009-05-24,635,4,42,41,https://racing.hkjc.com/en-us/local/information/otherhorse?horseid=HK_2004_E055&Option=1,2026-09-04T13:25:11Z
HK_2004_E055,2009-06-21,695,4,41,40,https://racing.hkjc.com/en-us/local/information/otherhorse?horseid=HK_2004_E055&Option=1,2026-09-04T13:25:11Z
HK_2004_E055,2009-07-01,725,4,40,38,https://racing.hkjc.com/en-us/local/information/otherhorse?horseid=HK_2004_E055&Option=1,2026-09-04T13:25:11Z
HK_2004_E055,2009-09-20,19,5,38,44,https://racing.hkjc.com/en-us/local/information/otherhorse?horseid=HK_2004_E055&Option=1,2026-09-04T13:25:11Z
HK_2004_E055,2009-10-01,49,4,44,44,https://racing.hkjc.com/en-us/local/information/otherhorse?horseid=HK_2004_E055&Option=1,2026-09-04T13:25:11Z
HK_2004_E055,2009-10-14,88,4,44,44,https://racing.hkjc.com/en-us/local/information/otherhorse?horseid=HK_2004_E055&Option=1,2026-09-04T13:25:11Z
HK_2004_E055,2009-11-07,143,4,44,43,https://racing.hkjc.com/en-us/local/information/otherhorse?horseid=HK_2004_E055&Option=1,2026-09-04T13:25:11Z
HK_2004_E055,2009-11-25,186,4,43,43,https://racing.hkjc.com/en-us/local/information/otherhorse?horseid=HK_2004_E055&Option=1,2026-09-04T13:25:11Z
HK_2004_E055,2009-12-09,223,4,43,43,https://racing.hkjc.com/en-us/local/information/otherhorse?horseid=HK_2004_E055&Option=1,2026-09-04T13:25:11Z
HK_2004_E055,2010-01-01,280,4,43,41,https://racing.hkjc.com/en-us/local/information/otherhorse?horseid=HK_2004_E055&Option=1,2026-09-04T13:25:11Z
HK_2004_E055,2010-01-13,307,4,41,39,https://racing.hkjc.com/en-us/local/information/otherhorse?horseid=HK_2004_E055&Option=1,2026-09-04T13:25:11Z
HK_2004_E055,2010-02-21,396,5,39,38,https://racing.hkjc.com/en-us/local/information/otherhorse?horseid=HK_2004_E055&Option=1,2026-09-04T13:25:11Z
HK_2004_E055,2010-03-21,469,5,38,36,https://racing.hkjc.com/en-us/local/information/otherhorse?horseid=HK_2004_E055&Option=1,2026-09-04T13:25:11Z
HK_2004_E055,2010-03-28,486,5,36,38,https://racing.hkjc.com/en-us/local/information/otherhorse?horseid=HK_2004_E055&Option=1,2026-09-04T13:25:11Z
HK_2004_E055,2010-05-01,570,5,38,38,https://racing.hkjc.com/en-us/local/information/otherhorse?horseid=HK_2004_E055&Option=1,2026-09-04T13:25:11Z
HK_2004_E055,2010-05-08,590,5,38,37,https://racing.hkjc.com/en-us/local/information/otherhorse?horseid=HK_2004_E055&Option=1,2026-09-04T13:25:11Z
HK_2004_E055,2010-06-06,660,5,37,36,https://racing.hkjc.com/en-us/local/information/otherhorse?horseid=HK_2004_E055&Option=1,2026-09-04T13:25:11Z
HK_2004_E055,2010-06-16,689,5,36,32,https://racing.hkjc.com/en-us/local/information/otherhorse?horseid=HK_2004_E055&Option=1,2026-09-04T13:25:11Z
HK_2004_E055,2010-09-12,22,5,32,32,https://racing.hkjc.com/en-us/local/information/otherhorse?horseid=HK_2004_E055&Option=1,2026-09-04T13:25:11Z
HK_2004_E055,2010-09-23,50,5,32,30,https://racing.hkjc.com/en-us/local/information/otherhorse?horseid=HK_2004_E055&Option=1,2026-09-04T13:25:11Z
HK_2004_E055,2010-10-01,69,5,30,28,https://racing.hkjc.com/en-us/local/information/otherhorse?horseid=HK_2004_E055&Option=1,2026-09-04T13:25:11Z
HK_2004_E055,2010-11-28,203,5,28,26,https://racing.hkjc.com/en-us/local/information/otherhorse?horseid=HK_2004_E055&Option=1,2026-09-04T13:25:11Z
HK_2004_E055,2010-12-08,231,5,26,24,https://racing.hkjc.com/en-us/local/information/otherhorse?horseid=HK_2004_E055&Option=1,2026-09-04T13:25:11Z
HK_2004_E055,2010-12-19,259,5,24,22,https://racing.hkjc.com/en-us/local/information/otherhorse?horseid=HK_2004_E055&Option=1,2026-09-04T13:25:11Z
HK_2004_E055,2011-01-23,340,5,22,23,https://racing.hkjc.com/en-us/local/information/otherhorse?horseid=HK_2004_E055&Option=1,2026-09-04T13:25:11Z
HK_2004_E055,2011-02-27,425,5,23,23,https://racing.hkjc.com/en-us/local/information/otherhorse?horseid=HK_2004_E055&Option=1,2026-09-04T13:25:11Z
HK_2004_E055,2011-03-20,477,5,23,21,https://racing.hkjc.com/en-us/local/information/otherhorse?horseid=HK_2004_E055&Option=1,2026-09-04T13:25:11Z
HK_2004_E055,2011-04-09,535,5,21,19,https://racing.hkjc.com/en-us/local/information/otherhorse?horseid=HK_2004_E055&Option=1,2026-09-04T13:25:11Z
HK_2004_E056,2004-12-26,279,3,64,64,https://racing.hkjc.com/en-us/local/information/otherhorse?horseid=HK_2004_E056&Option=1,2026-09-04T13:28:45Z
HK_2004_E056,2005-01-16,321,3,64,64,https://racing.hkjc.com/en-us/local/information/otherhorse?horseid=HK_2004_E056&Option=1,2026-09-04T13:28:45Z
HK_2004_E056,2005-01-26,353,3,64,67,https://racing.hkjc.com/en-us/local/information/otherhorse?horseid=HK_2004_E056&Option=1,2026-09-04T13:28:45Z
HK_2004_E056,2005-02-20,409,3,67,67,https://racing.hkjc.com/en-us/local/information/otherhorse?horseid=HK_2004_E056&Option=1,2026-09-04T13:28:45Z
HK_2004_E056,2005-03-02,435,3,67,67,https://racing.hkjc.com/en-us/local/information/otherhorse?horseid=HK_2004_E056&Option=1,2026-09-04T13:28:45Z
HK_2004_E056,2005-04-06,513,3,67,67,https://racing.hkjc.com/en-us/local/information/otherhorse?horseid=HK_2004_E056&Option=1,2026-09-04T13:28:45Z
HK_2004_E056,2005-05-01,572,3,67,68,https://racing.hkjc.com/en-us/local/information/otherhorse?horseid=HK_2004_E056&Option=1,2026-09-04T13:28:45Z
HK_2004_E056,2005-05-29,636,3,68,68,https://racing.hkjc.com/en-us/local/information/otherhorse?horseid=HK_2004_E056&Option=1,2026-09-04T13:28:45Z
HK_2004_E056,2005-06-26,701,3,68,67,https://racing.hkjc.com/en-us/local/information/otherhorse?horseid=HK_2004_E056&Option=1,2026-09-04T13:28:45Z
HK_2004_E056,2005-09-11,24,3,67,72,https://racing.hkjc.com/en-us/local/information/otherhorse?horseid=HK_2004_E056&Option=1,2026-09-04T13:28:45Z
HK_2004_E056,2005-10-02,70,3,72,72,https://racing.hkjc.com/en-us/local/information/otherhorse?horseid=HK_2004_E056&Option=1,2026-09-04T13:28:45Z
HK_2004_E056,2005-10-30,135,3,72,73,https://racing.hkjc.com/en-us/local/information/otherhorse?horseid=HK_2004_E056&Option=1,2026-09-04T13:28:45Z
HK_2004_E056,2005-11-30,213,3,73,72,https://racing.hkjc.com/en-us/local/information/otherhorse?horseid=HK_2004_E056&Option=1,2026-09-04T13:28:45Z
HK_2004_E056,2005-12-14,248,3,72,72,https://racing.hkjc.com/en-us/local/information/otherhorse?horseid=HK_2004_E056&Option=1,2026-09-04T13:28:45Z
HK_2004_E056,2006-01-01,283,3,72,71,https://racing.hkjc.com/en-us/local/information/otherhorse?horseid=HK_2004_E056&Option=1,2026-09-04T13:28:45Z
HK_2004_E056,2006-01-11,313,3,71,69,https://racing.hkjc.com/en-us/local/information/otherhorse?horseid=HK_2004_E056&Option=1,2026-09-04T13:28:45Z
HK_2004_E056,2006-01-31,352,3,69,67,https://racing.hkjc.com/en-us/local/information/otherhorse?horseid=HK_2004_E056&Option=1,2026-09-04T13:28:45Z
HK_2004_E056,2006-02-11,385,3,67,65,https://racing.hkjc.com/en-us/local/information/otherhorse?horseid=HK_2004_E056&Option=1,2026-09-04T13:28:45Z
HK_2004_E056,2006-02-26,421,3,65,62,https://racing.hkjc.com/en-us/local/information/otherhorse?horseid=HK_2004_E056&Option=1,2026-09-04T13:28:45Z
HK_2004_E056,2006-03-04,443,3,62,59,https://racing.hkjc.com/en-us/local/information/otherhorse?horseid=HK_2004_E056&Option=1,2026-09-04T13:28:45Z
HK_2004_E056,2006-04-01,502,4,59,56,https://racing.hkjc.com/en-us/local/information/otherhorse?horseid=HK_2004_E056&Option=1,2026-09-04T13:28:45Z
HK_2004_E056,2006-04-15,529,4,56,56,https://racing.hkjc.com/en-us/local/information/otherhorse?horseid=HK_2004_E056&Option=1,2026-09-04T13:28:45Z
HK_2004_E056,2006-04-23,548,4,56,58,https://racing.hkjc.com/en-us/local/information/otherhorse?horseid=HK_2004_E056&Option=1,2026-09-04T13:28:45Z
HK_2004_E056,2006-04-30,564,4,58,58,https://racing.hkjc.com/en-us/local/information/otherhorse?horseid=HK_2004_E056&Option=1,2026-09-04T13:28:45Z
HK_2004_E056,2006-05-13,602,4,58,58,https://racing.hkjc.com/en-us/local/information/otherhorse?horseid=HK_2004_E056&Option=1,2026-09-04T13:28:45Z
HK_2004_E056,2006-05-21,617,4,58,57,https://racing.hkjc.com/en-us/local/information/otherhorse?horseid=HK_2004_E056&Option=1,2026-09-04T13:28:45Z
HK_2004_E056,2006-05-28,637,4,57,55,https://racing.hkjc.com/en-us/local/information/otherhorse?horseid=HK_2004_E056&Option=1,2026-09-04T13:28:45Z
HK_2004_E056,2006-06-10,664,4,55,46,https://racing.hkjc.com/en-us/local/information/otherhorse?horseid=HK_2004_E056&Option=1,2026-09-04T13:28:45Z
HK_2004_E056,2006-10-07,69,4,46,46,https://racing.hkjc.com/en-us/local/information/otherhorse?horseid=HK_2004_E056&Option=1,2026-09-04T13:28:45Z
HK_2004_E056,2006-10-21,95,4,46,44,https://racing.hkjc.com/en-us/local/information/otherhorse?horseid=HK_2004_E056&Option=1,2026-09-04T13:28:45Z
HK_2004_E056,2006-11-19,167,4,44,42,https://racing.hkjc.com/en-us/local/information/otherhorse?horseid=HK_2004_E056&Option=1,2026-09-04T13:28:45Z
HK_2004_E056,2007-01-01,276,4,42,41,https://racing.hkjc.com/en-us/local/information/otherhorse?horseid=HK_2004_E056&Option=1,2026-09-04T13:28:45Z
HK_2004_E056,2007-02-25,404,4,41,38,https://racing.hkjc.com/en-us/local/information/otherhorse?horseid=HK_2004_E056&Option=1,2026-09-04T13:28:45Z
HK_2004_E056,2007-04-14,519,5,38,38,https://racing.hkjc.com/en-us/local/information/otherhorse?horseid=HK_2004_E056&Option=1,2026-09-04T13:28:45Z
HK_2004_E056,2007-04-22,535,5,38,37,https://racing.hkjc.com/en-us/local/information/otherhorse?horseid=HK_2004_E056&Option=1,2026-09-04T13:28:45Z
HK_2004_E056,2007-05-12,594,5,37,39,https://racing.hkjc.com/en-us/local/information/otherhorse?horseid=HK_2004_E056&Option=1,2026-09-04T13:28:45Z
HK_2004_E056,2007-05-20,611,5,39,39,https://racing.hkjc.com/en-us/local/information/otherhorse?horseid=HK_2004_E056&Option=1,2026-09-04T13:28:45Z
HK_2004_E056,2007-06-09,671,5,39,37,https://racing.hkjc.com/en-us/local/information/otherhorse?horseid=HK_2004_E056&Option=1,2026-09-04T13:28:45Z
HK_2004_E056,2007-06-24,701,5,37,37,https://racing.hkjc.com/en-us/local/information/otherhorse?horseid=HK_2004_E056&Option=1,2026-09-04T13:28:45Z
HK_2004_E056,2007-07-02,720,5,37,33,https://racing.hkjc.com/en-us/local/information/otherhorse?horseid=HK_2004_E056&Option=1,2026-09-04T13:28:45Z
HK_2004_E056,2007-10-14,81,5,33,33,https://racing.hkjc.com/en-us/local/information/otherhorse?horseid=HK_2004_E056&Option=1,2026-09-04T13:28:45Z
HK_2004_E056,2007-11-25,190,5,33,31,https://racing.hkjc.com/en-us/local/information/otherhorse?horseid=HK_2004_E056&Option=1,2026-09-04T13:28:45Z
HK_2004_E056,2007-12-15,244,5,31,29,https://racing.hkjc.com/en-us/local/information/otherhorse?horseid=HK_2004_E056&Option=1,2026-09-04T13:28:45Z
HK_2004_E068,2005-04-13,530,4,52,50,https://racing.hkjc.com/en-us/local/information/otherhorse?horseid=HK_2004_E068&Option=1,2026-09-04T13:27:41Z
HK_2004_E068,2005-05-01,568,4,50,45,https://racing.hkjc.com/en-us/local/information/otherhorse?horseid=HK_2004_E068&Option=1,2026-09-04T13:27:41Z
HK_2004_E068,2005-10-30,129,4,45,53,https://racing.hkjc.com/en-us/local/information/otherhorse?horseid=HK_2004_E068&Option=1,2026-09-04T13:27:41Z
HK_2004_E068,2005-11-20,183,4,53,53,https://racing.hkjc.com/en-us/local/information/otherhorse?horseid=HK_2004_E068&Option=1,2026-09-04T13:27:41Z
HK_2004_E068,2005-11-27,202,4,53,61,https://racing.hkjc.com/en-us/local/information/otherhorse?horseid=HK_2004_E068&Option=1,2026-09-04T13:27:41Z
HK_2004_E068,2006-01-01,283,3,61,73,https://racing.hkjc.com/en-us/local/information/otherhorse?horseid=HK_2004_E068&Option=1,2026-09-04T13:27:41Z
HK_2004_E068,2006-01-15,320,3,73,73,https://racing.hkjc.com/en-us/local/information/otherhorse?horseid=HK_2004_E068&Option=1,2026-09-04T13:27:41Z
HK_2004_E068,2006-05-13,604,3,73,75,https://racing.hkjc.com/en-us/local/information/otherhorse?horseid=HK_2004_E068&Option=1,2026-09-04T13:27:41Z
HK_2004_E068,2006-05-28,640,3,75,75,https://racing.hkjc.com/en-us/local/information/otherhorse?horseid=HK_2004_E068&Option=1,2026-09-04T13:27:41Z
HK_2004_E068,2006-06-28,694,3,75,74,https://racing.hkjc.com/en-us/local/information/otherhorse?horseid=HK_2004_E068&Option=1,2026-09-04T13:27:41Z
HK_2004_E068,2006-09-10,9,3,74,74,https://racing.hkjc.com/en-us/local/information/otherhorse?horseid=HK_2004_E068&Option=1,2026-09-04T13:27:41Z
HK_2004_E068,2006-10-01,56,3,74,76,https://racing.hkjc.com/en-us/local/information/otherhorse?horseid=HK_2004_E068&Option=1,2026-09-04T13:27:41Z
HK_2004_E068,2006-10-15,84,3,76,76,https://racing.hkjc.com/en-us/local/information/otherhorse?horseid=HK_2004_E068&Option=1,2026-09-04T13:27:41Z
HK_2004_E068,2006-12-10,220,3,76,75,https://racing.hkjc.com/en-us/local/information/otherhorse?horseid=HK_2004_E068&Option=1,2026-09-04T13:27:41Z
HK_2004_E068,2007-01-20,325,3,75,73,https://racing.hkjc.com/en-us/local/information/otherhorse?horseid=HK_2004_E068&Option=1,2026-09-04T13:27:41Z
HK_2004_E068,2007-04-09,513,3,73,71,https://racing.hkjc.com/en-us/local/information/otherhorse?horseid=HK_2004_E068&Option=1,2026-09-04T13:27:41Z
HK_2004_E068,2007-04-29,557,3,71,68,https://racing.hkjc.com/en-us/local/information/otherhorse?horseid=HK_2004_E068&Option=1,2026-09-04T13:27:41Z
HK_2004_E068,2007-05-12,601,3,68,69,https://racing.hkjc.com/en-us/local/information/otherhorse?horseid=HK_2004_E068&Option=1,2026-09-04T13:27:41Z
HK_2004_E068,2007-06-09,676,3,69,68,https://racing.hkjc.com/en-us/local/information/otherhorse?horseid=HK_2004_E068&Option=1,2026-09-04T13:27:41Z
HK_2004_E068,2007-09-26,54,3,68,68,https://racing.hkjc.com/en-us/local/information/otherhorse?horseid=HK_2004_E068&Option=1,2026-09-04T13:27:41Z
HK_2004_E068,2007-10-21,101,3,68,68,https://racing.hkjc.com/en-us/local/information/otherhorse?horseid=HK_2004_E068&Option=1,2026-09-04T13:27:41Z
HK_2004_E068,2007-11-17,174,3,68,66,https://racing.hkjc.com/en-us/local/information/otherhorse?horseid=HK_2004_E068&Option=1,2026-09-04T13:27:41Z
HK_2004_E068,2007-12-01,212,3,66,64,https://racing.hkjc.com/en-us/local/information/otherhorse?horseid=HK_2004_E068&Option=1,2026-09-04T13:27:41Z
HK_2004_E068,2007-12-23,267,3,64,62,https://racing.hkjc.com/en-us/local/information/otherhorse?horseid=HK_2004_E068&Option=1,2026-09-04T13:27:41Z
HK_2004_E068,2008-01-12,317,3,62,60,https://racing.hkjc.com/en-us/local/information/otherhorse?horseid=HK_2004_E068&Option=1,2026-09-04T13:27:41Z
HK_2004_E068,2008-01-27,349,4,60,58,https://racing.hkjc.com/en-us/local/information/otherhorse?horseid=HK_2004_E068&Option=1,2026-09-04T13:27:41Z
HK_2004_E068,2008-02-09,377,4,58,56,https://racing.hkjc.com/en-us/local/information/otherhorse?horseid=HK_2004_E068&Option=1,2026-09-04T13:27:41Z
HK_2004_E068,2008-02-20,403,4,56,54,https://racing.hkjc.com/en-us/local/information/otherhorse?horseid=HK_2004_E068&Option=1,2026-09-04T13:27:41Z
HK_2004_E068,2008-03-24,487,4,54,54,https://racing.hkjc.com/en-us/local/information/otherhorse?horseid=HK_2004_E068&Option=1,2026-09-04T13:27:41Z
HK_2004_E068,2008-05-12,591,4,54,52,https://racing.hkjc.com/en-us/local/information/otherhorse?horseid=HK_2004_E068&Option=1,2026-09-04T13:27:41Z
HK_2004_E068,2008-05-18,610,4,52,57,https://racing.hkjc.com/en-us/local/information/otherhorse?horseid=HK_2004_E068&Option=1,2026-09-04T13:27:41Z
HK_2004_E068,2008-06-11,666,4,57,62,https://racing.hkjc.com/en-us/local/information/otherhorse?horseid=HK_2004_E068&Option=1,2026-09-04T13:27:41Z
HK_2004_E068,2008-09-15,9,3,62,62,https://racing.hkjc.com/en-us/local/information/otherhorse?horseid=HK_2004_E068&Option=1,2026-09-04T13:27:41Z
HK_2004_E068,2008-10-15,93,3,62,62,https://racing.hkjc.com/en-us/local/information/otherhorse?horseid=HK_2004_E068&Option=1,2026-09-04T13:27:41Z
HK_2004_E068,2008-11-04,137,3,62,61,https://racing.hkjc.com/en-us/local/information/otherhorse?horseid=HK_2004_E068&Option=1,2026-09-04T13:27:41Z
HK_2004_E068,2008-12-17,240,3,61,61,https://racing.hkjc.com/en-us/local/information/otherhorse?horseid=HK_2004_E068&Option=1,2026-09-04T13:27:41Z
HK_2004_E068,2009-01-04,284,3,61,61,https://racing.hkjc.com/en-us/local/information/otherhorse?horseid=HK_2004_E068&Option=1,2026-09-04T13:27:41Z
HK_2004_E068,2009-01-21,327,3,61,60,https://racing.hkjc.com/en-us/local/information/otherhorse?horseid=HK_2004_E068&Option=1,2026-09-04T13:27:41Z
HK_2004_E068,2009-02-08,372,4,60,58,https://racing.hkjc.com/en-us/local/information/otherhorse?horseid=HK_2004_E068&Option=1,2026-09-04T13:27:41Z
HK_2004_E068,2009-02-18,402,4,58,56,https://racing.hkjc.com/en-us/local/information/otherhorse?horseid=HK_2004_E068&Option=1,2026-09-04T13:27:41Z
HK_2004_E068,2009-03-22,485,4,56,58,https://racing.hkjc.com/en-us/local/information/otherhorse?horseid=HK_2004_E068&Option=1,2026-09-04T13:27:41Z
HK_2004_E068,2009-04-22,550,4S,58,60,https://racing.hkjc.com/en-us/local/information/otherhorse?horseid=HK_2004_E068&Option=1,2026-09-04T13:27:41Z
HK_2004_E068,2009-05-13,605,4S,60,59,https://racing.hkjc.com/en-us/local/information/otherhorse?horseid=HK_2004_E068&Option=1,2026-09-04T13:27:41Z
HK_2004_E072,2004-12-18,262,1,96,103,https://racing.hkjc.com/en-us/local/information/otherhorse?horseid=HK_2004_E072&Option=1,2026-09-04T13:29:15Z
HK_2004_E072,2005-01-08,307,1,103,103,https://racing.hkjc.com/en-us/local/information/otherhorse?horseid=HK_2004_E072&Option=1,2026-09-04T13:29:15Z
HK_2004_E072,2005-02-11,388,4YO,103,103,https://racing.hkjc.com/en-us/local/information/otherhorse?horseid=HK_2004_E072&Option=1,2026-09-04T13:29:15Z
HK_2004_E072,2005-02-27,426,1,103,103,https://racing.hkjc.com/en-us/local/information/otherhorse?horseid=HK_2004_E072&Option=1,2026-09-04T13:29:15Z
HK_2004_E072,2005-03-13,462,4YO,103,102,https://racing.hkjc.com/en-us/local/information/otherhorse?horseid=HK_2004_E072&Option=1,2026-09-04T13:29:15Z
HK_2004_E072,2005-05-21,625,GROUP-3,102,101,https://racing.hkjc.com/en-us/local/information/otherhorse?horseid=HK_2004_E072&Option=1,2026-09-04T13:29:15Z
HK_2004_E072,2005-06-26,702,1,101,99,https://racing.hkjc.com/en-us/local/information/otherhorse?horseid=HK_2004_E072&Option=1,2026-09-04T13:29:15Z
HK_2004_E072,2005-09-04,3,1,99,100,https://racing.hkjc.com/en-us/local/information/otherhorse?horseid=HK_2004_E072&Option=1,2026-09-04T13:29:15Z
HK_2004_E072,2005-10-02,69,P,100,110,https://racing.hkjc.com/en-us/local/information/otherhorse?horseid=HK_2004_E072&Option=1,2026-09-04T13:29:15Z
HK_2004_E072,2005-10-30,130,1,110,110,https://racing.hkjc.com/en-us/local/information/otherhorse?horseid=HK_2004_E072&Option=1,2026-09-04T13:29:15Z
HK_2004_E072,2005-12-11,241,1,110,110,https://racing.hkjc.com/en-us/local/information/otherhorse?horseid=HK_2004_E072&Option=1,2026-09-04T13:29:15Z
HK_2004_E072,2006-01-01,284,GROUP-3,110,112,https://racing.hkjc.com/en-us/local/information/otherhorse?horseid=HK_2004_E072&Option=1,2026-09-04T13:29:15Z
HK_2004_E072,2006-01-22,339,3YO+,112,112,https://racing.hkjc.com/en-us/local/information/otherhorse?horseid=HK_2004_E072&Option=1,2026-09-04T13:29:15Z
HK_2004_E072,2006-02-11,386,P,112,111,https://racing.hkjc.com/en-us/local/information/otherhorse?horseid=HK_2004_E072&Option=1,2026-09-04T13:29:15Z
HK_2004_E072,2006-03-26,486,3YO+,111,111,https://racing.hkjc.com/en-us/local/information/otherhorse?horseid=HK_2004_E072&Option=1,2026-09-04T13:29:15Z
HK_2004_E072,2006-04-30,568,1,111,110,https://racing.hkjc.com/en-us/local/information/otherhorse?horseid=HK_2004_E072&Option=1,2026-09-04T13:29:15Z
HK_2004_E072,2006-05-21,622,P,110,111,https://racing.hkjc.com/en-us/local/information/otherhorse?horseid=HK_2004_E072&Option=1,2026-09-04T13:29:15Z
HK_2004_E072,2006-06-04,651,1,111,110,https://racing.hkjc.com/en-us/local/information/otherhorse?horseid=HK_2004_E072&Option=1,2026-09-04T13:29:15Z
HK_2004_E072,2006-09-10,4,1,110,110,https://racing.hkjc.com/en-us/local/information/otherhorse?horseid=HK_2004_E072&Option=1,2026-09-04T13:29:15Z
HK_2004_E072,2006-10-01,54,GROUP-3,110,108,https://racing.hkjc.com/en-us/local/information/otherhorse?horseid=HK_2004_E072&Option=1,2026-09-04T13:29:15Z
HK_2004_E072,2006-10-29,119,GROUP-3,108,106,https://racing.hkjc.com/en-us/local/information/otherhorse?horseid=HK_2004_E072&Option=1,2026-09-04T13:29:15Z
HK_2004_E072,2006-12-10,222,1,106,104,https://racing.hkjc.com/en-us/local/information/otherhorse?horseid=HK_2004_E072&Option=1,2026-09-04T13:29:15Z
HK_2004_E072,2007-01-01,281,GROUP-3,104,102,https://racing.hkjc.com/en-us/local/information/otherhorse?horseid=HK_2004_E072&Option=1,2026-09-04T13:29:15Z
HK_2004_E072,2007-02-04,360,1,102,101,https://racing.hkjc.com/en-us/local/information/otherhorse?horseid=HK_2004_E072&Option=1,2026-09-04T13:29:15Z
HK_2004_E072,2007-05-09,591,1,101,100,https://racing.hkjc.com/en-us/local/information/otherhorse?horseid=HK_2004_E072&Option=1,2026-09-04T13:29:15Z
HK_2004_E072,2007-05-27,638,2,100,98,https://racing.hkjc.com/en-us/local/information/otherhorse?horseid=HK_2004_E072&Option=1,2026-09-04T13:29:15Z
HK_2004_E072,2007-06-24,704,1,98,93,https://racing.hkjc.com/en-us/local/information/otherhorse?horseid=HK_2004_E072&Option=1,2026-09-04T13:29:15Z
HK_2004_E072,2007-10-07,73,2,93,93,https://racing.hkjc.com/en-us/local/information/otherhorse?horseid=HK_2004_E072&Option=1,2026-09-04T13:29:15Z
HK_2004_E072,2007-12-19,257,1,93,93,https://racing.hkjc.com/en-us/local/information/otherhorse?horseid=HK_2004_E072&Option=1,2026-09-04T13:29:15Z
HK_2004_E072,2008-01-23,343,2,93,90,https://racing.hkjc.com/en-us/local/information/otherhorse?horseid=HK_2004_E072&Option=1,2026-09-04T13:29:15Z
HK_2004_E072,2008-02-17,400,2,90,87,https://racing.hkjc.com/en-us/local/information/otherhorse?horseid=HK_2004_E072&Option=1,2026-09-04T13:29:15Z
HK_2004_E082,2005-10-16,98,3,71,71,https://racing.hkjc.com/en-us/local/information/otherhorse?horseid=HK_2004_E082&Option=1,2026-09-04T13:29:03Z
HK_2004_E082,2005-10-30,135,3,71,69,https://racing.hkjc.com/en-us/local/information/otherhorse?horseid=HK_2004_E082&Option=1,2026-09-04T13:29:03Z
HK_2004_E082,2005-11-13,171,3,69,67,https://racing.hkjc.com/en-us/local/information/otherhorse?horseid=HK_2004_E082&Option=1,2026-09-04T13:29:03Z
HK_2004_E082,2005-11-23,194,3,67,64,https://racing.hkjc.com/en-us/local/information/otherhorse?horseid=HK_2004_E082&Option=1,2026-09-04T13:29:03Z
HK_2004_E082,2005-12-17,257,3,64,61,https://racing.hkjc.com/en-us/local/information/otherhorse?horseid=HK_2004_E082&Option=1,2026-09-04T13:29:03Z
HK_2004_E082,2006-01-01,283,3,61,58,https://racing.hkjc.com/en-us/local/information/otherhorse?horseid=HK_2004_E082&Option=1,2026-09-04T13:29:03Z
HK_2004_E082,2006-04-08,509,4,58,43,https://racing.hkjc.com/en-us/local/information/otherhorse?horseid=HK_2004_E082&Option=1,2026-09-04T13:29:03Z
HK_2004_E082,2006-12-26,264,4,43,43,https://racing.hkjc.com/en-us/local/information/otherhorse?horseid=HK_2004_E082&Option=1,2026-09-04T13:29:03Z
HK_2004_E082,2007-01-10,296,4,43,42,https://racing.hkjc.com/en-us/local/information/otherhorse?horseid=HK_2004_E082&Option=1,2026-09-04T13:29:03Z
HK_2004_E082,2007-01-17,314,4,42,44,https://racing.hkjc.com/en-us/local/information/otherhorse?horseid=HK_2004_E082&Option=1,2026-09-04T13:29:03Z
HK_2004_E082,2007-01-24,333,4,44,43,https://racing.hkjc.com/en-us/local/information/otherhorse?horseid=HK_2004_E082&Option=1,2026-09-04T13:29:03Z
HK_2004_E082,2007-02-07,367,4,43,45,https://racing.hkjc.com/en-us/local/information/otherhorse?horseid=HK_2004_E082&Option=1,2026-09-04T13:29:03Z
HK_2004_E082,2007-02-20,396,4,45,45,https://racing.hkjc.com/en-us/local/information/otherhorse?horseid=HK_2004_E082&Option=1,2026-09-04T13:29:03Z
HK_2004_E082,2007-03-14,454,4,45,44,https://racing.hkjc.com/en-us/local/information/otherhorse?horseid=HK_2004_E082&Option=1,2026-09-04T13:29:03Z
HK_2004_E082,2007-04-09,511,4,44,42,https://racing.hkjc.com/en-us/local/information/otherhorse?horseid=HK_2004_E082&Option=1,2026-09-04T13:29:03Z
HK_2004_E082,2007-04-14,518,4,42,41,https://racing.hkjc.com/en-us/local/information/otherhorse?horseid=HK_2004_E082&Option=1,2026-09-04T13:29:03Z
HK_2004_E082,2007-05-09,585,4,41,39,https://racing.hkjc.com/en-us/local/information/otherhorse?horseid=HK_2004_E082&Option=1,2026-09-04T13:29:03Z
HK_2004_E082,2007-05-24,620,5,39,45,https://racing.hkjc.com/en-us/local/information/otherhorse?horseid=HK_2004_E082&Option=1,2026-09-04T13:29:03Z
HK_2004_E082,2007-10-07,72,4,45,45,https://racing.hkjc.com/en-us/local/information/otherhorse?horseid=HK_2004_E082&Option=1,2026-09-04T13:29:03Z
HK_2004_E082,2007-10-21,99,4,45,45,https://racing.hkjc.com/en-us/local/information/otherhorse?horseid=HK_2004_E082&Option=1,2026-09-04T13:29:03Z
HK_2004_E082,2007-11-11,155,4,45,44,https://racing.hkjc.com/en-us/local/information/otherhorse?horseid=HK_2004_E082&Option=1,2026-09-04T13:29:03Z
HK_2004_E082,2007-11-25,189,4,44,43,https://racing.hkjc.com/en-us/local/information/otherhorse?horseid=HK_2004_E082&Option=1,2026-09-04T13:29:03Z
HK_2004_E082,2007-12-23,263,4,43,42,https://racing.hkjc.com/en-us/local/information/otherhorse?horseid=HK_2004_E082&Option=1,2026-09-04T13:29:03Z
HK_2004_E082,2008-01-12,313,4,42,41,https://racing.hkjc.com/en-us/local/information/otherhorse?horseid=HK_2004_E082&Option=1,2026-09-04T13:29:03Z
HK_2004_E082,2008-02-09,376,4,41,41,https://racing.hkjc.com/en-us/local/information/otherhorse?horseid=HK_2004_E082&Option=1,2026-09-04T13:29:03Z
HK_2004_E082,2008-02-24,413,4,41,41,https://racing.hkjc.com/en-us/local/information/otherhorse?horseid=HK_2004_E082&Option=1,2026-09-04T13:29:03Z
HK_2004_E082,2008-04-12,534,4,41,39,https://racing.hkjc.com/en-us/local/information/otherhorse?horseid=HK_2004_E082&Option=1,2026-09-04T13:29:03Z
HK_2004_E082,2008-12-20,246,5,39,39,https://racing.hkjc.com/en-us/local/information/otherhorse?horseid=HK_2004_E082&Option=1,2026-09-04T13:29:03Z
HK_2004_E082,2009-03-18,471,5,39,36,https://racing.hkjc.com/en-us/local/information/otherhorse?horseid=HK_2004_E082&Option=1,2026-09-04T13:29:03Z
HK_2004_E082,2009-03-28,491,5,36,32,https://racing.hkjc.com/en-us/local/information/otherhorse?horseid=HK_2004_E082&Option=1,2026-09-04T13:29:03Z
HK_2004_E082,2009-05-01,566,5,32,29,https://racing.hkjc.com/en-us/local/information/otherhorse?horseid=HK_2004_E082&Option=1,2026-09-04T13:29:03Z
HK_2004_E082,2009-05-13,604,5,29,26,https://racing.hkjc.com/en-us/local/information/otherhorse?horseid=HK_2004_E082&Option=1,2026-09-04T13:29:03Z
HK_2004_E082,2009-05-21,623,5,26,22,https://racing.hkjc.com/en-us/local/information/otherhorse?horseid=HK_2004_E082&Option=1,2026-09-04T13:29:03Z
HK_2004_E082,2009-05-27,639,5,22,20,https://racing.hkjc.com/en-us/local/information/otherhorse?horseid=HK_2004_E082&Option=1,2026-09-04T13:29:03Z
HK_2004_E104,2005-01-08,301,4,52,50,https://racing.hkjc.com/en-us/local/information/otherhorse?horseid=HK_2004_E104&Option=1,2026-09-04T13:25:56Z
HK_2004_E104,2005-01-30,360,4,50,47,https://racing.hkjc.com/en-us/local/information/otherhorse?horseid=HK_2004_E104&Option=1,2026-09-04T13:25:56Z
HK_2004_E104,2005-02-20,401,4,47,48,https://racing.hkjc.com/en-us/local/information/otherhorse?horseid=HK_2004_E104&Option=1,2026-09-04T13:25:56Z
HK_2004_E104,2005-03-09,449,4,48,54,https://racing.hkjc.com/en-us/local/information/otherhorse?horseid=HK_2004_E104&Option=1,2026-09-04T13:25:56Z
HK_2004_E104,2005-04-03,505,4,54,54,https://racing.hkjc.com/en-us/local/information/otherhorse?horseid=HK_2004_E104&Option=1,2026-09-04T13:25:56Z
HK_2004_E104,2005-05-11,595,4,54,56,https://racing.hkjc.com/en-us/local/information/otherhorse?horseid=HK_2004_E104&Option=1,2026-09-04T13:25:56Z
HK_2004_E104,2005-06-29,704,4,56,56,https://racing.hkjc.com/en-us/local/information/otherhorse?horseid=HK_2004_E104&Option=1,2026-09-04T13:25:56Z
HK_2004_E104,2005-09-07,12,4,56,59,https://racing.hkjc.com/en-us/local/information/otherhorse?horseid=HK_2004_E104&Option=1,2026-09-04T13:25:56Z
HK_2004_E104,2005-10-05,74,4,59,59,https://racing.hkjc.com/en-us/local/information/otherhorse?horseid=HK_2004_E104&Option=1,2026-09-04T13:25:56Z
HK_2004_E104,2005-10-22,112,4,59,59,https://racing.hkjc.com/en-us/local/information/otherhorse?horseid=HK_2004_E104&Option=1,2026-09-04T13:25:56Z
HK_2004_E104,2005-11-05,149,4,59,58,https://racing.hkjc.com/en-us/local/information/otherhorse?horseid=HK_2004_E104&Option=1,2026-09-04T13:25:56Z
HK_2004_E104,2006-01-01,281,4,58,56,https://racing.hkjc.com/en-us/local/information/otherhorse?horseid=HK_2004_E104&Option=1,2026-09-04T13:25:56Z
HK_2004_E104,2006-01-22,337,4,56,56,https://racing.hkjc.com/en-us/local/information/otherhorse?horseid=HK_2004_E104&Option=1,2026-09-04T13:25:56Z
HK_2004_E104,2006-02-08,371,4,56,57,https://racing.hkjc.com/en-us/local/information/otherhorse?horseid=HK_2004_E104&Option=1,2026-09-04T13:25:56Z
HK_2004_E104,2006-02-19,401,4,57,57,https://racing.hkjc.com/en-us/local/information/otherhorse?horseid=HK_2004_E104&Option=1,2026-09-04T13:25:56Z
HK_2004_E104,2006-03-15,456,4,57,57,https://racing.hkjc.com/en-us/local/information/otherhorse?horseid=HK_2004_E104&Option=1,2026-09-04T13:25:56Z
HK_2004_E104,2006-05-07,585,4,57,54,https://racing.hkjc.com/en-us/local/information/otherhorse?horseid=HK_2004_E104&Option=1,2026-09-04T13:25:56Z
HK_2004_E124,2005-01-26,353,3,64,64,https://racing.hkjc.com/en-us/local/information/otherhorse?horseid=HK_2004_E124&Option=1,2026-09-04T13:33:32Z
HK_2004_E124,2005-03-16,469,3,64,62,https://racing.hkjc.com/en-us/local/information/otherhorse?horseid=HK_2004_E124&Option=1,2026-09-04T13:33:32Z
HK_2004_E124,2005-04-16,544,3,62,60,https://racing.hkjc.com/en-us/local/information/otherhorse?horseid=HK_2004_E124&Option=1,2026-09-04T13:33:32Z
HK_2004_E124,2005-05-01,568,4,60,60,https://racing.hkjc.com/en-us/local/information/otherhorse?horseid=HK_2004_E124&Option=1,2026-09-04T13:33:32Z
HK_2004_E124,2005-05-29,630,4,60,64,https://racing.hkjc.com/en-us/local/information/otherhorse?horseid=HK_2004_E124&Option=1,2026-09-04T13:33:32Z
HK_2004_E124,2005-06-12,674,3,64,64,https://racing.hkjc.com/en-us/local/information/otherhorse?horseid=HK_2004_E124&Option=1,2026-09-04T13:33:32Z
HK_2004_E124,2005-06-26,701,3,64,65,https://racing.hkjc.com/en-us/local/information/otherhorse?horseid=HK_2004_E124&Option=1,2026-09-04T13:33:32Z
HK_2004_E124,2005-09-14,32,3,65,65,https://racing.hkjc.com/en-us/local/information/otherhorse?horseid=HK_2004_E124&Option=1,2026-09-04T13:33:32Z
HK_2004_E124,2005-10-09,87,3,65,64,https://racing.hkjc.com/en-us/local/information/otherhorse?horseid=HK_2004_E124&Option=1,2026-09-04T13:33:32Z
HK_2004_E124,2005-10-26,123,3,64,63,https://racing.hkjc.com/en-us/local/information/otherhorse?horseid=HK_2004_E124&Option=1,2026-09-04T13:33:32Z
HK_2004_E124,2005-11-30,215,3,63,63,https://racing.hkjc.com/en-us/local/information/otherhorse?horseid=HK_2004_E124&Option=1,2026-09-04T13:33:32Z
HK_2004_E124,2006-01-01,287,3,63,62,https://racing.hkjc.com/en-us/local/information/otherhorse?horseid=HK_2004_E124&Option=1,2026-09-04T13:33:32Z
HK_2004_E124,2006-01-11,313,3,62,61,https://racing.hkjc.com/en-us/local/information/otherhorse?horseid=HK_2004_E124&Option=1,2026-09-04T13:33:32Z
HK_2004_E124,2006-01-31,352,3,61,59,https://racing.hkjc.com/en-us/local/information/otherhorse?horseid=HK_2004_E124&Option=1,2026-09-04T13:33:32Z
HK_2004_E124,2006-02-19,401,4,59,61,https://racing.hkjc.com/en-us/local/information/otherhorse?horseid=HK_2004_E124&Option=1,2026-09-04T13:33:32Z
HK_2004_E124,2006-03-01,430,3,61,69,https://racing.hkjc.com/en-us/local/information/otherhorse?horseid=HK_2004_E124&Option=1,2026-09-04T13:33:32Z
HK_2004_E124,2006-03-22,477,3,69,77,https://racing.hkjc.com/en-us/local/information/otherhorse?horseid=HK_2004_E124&Option=1,2026-09-04T13:33:32Z
HK_2004_E124,2006-04-19,538,3,77,77,https://racing.hkjc.com/en-us/local/information/otherhorse?horseid=HK_2004_E124&Option=1,2026-09-04T13:33:32Z
HK_2004_E124,2006-05-03,578,3,77,77,https://racing.hkjc.com/en-us/local/information/otherhorse?horseid=HK_2004_E124&Option=1,2026-09-04T13:33:32Z
HK_2004_E124,2006-05-17,614,3,77,78,https://racing.hkjc.com/en-us/local/information/otherhorse?horseid=HK_2004_E124&Option=1,2026-09-04T13:33:32Z
HK_2004_E124,2006-05-24,632,3,78,77,https://racing.hkjc.com/en-us/local/information/otherhorse?horseid=HK_2004_E124&Option=1,2026-09-04T13:33:32Z
HK_2004_E124,2006-09-27,45,3,77,79,https://racing.hkjc.com/en-us/local/information/otherhorse?horseid=HK_2004_E124&Option=1,2026-09-04T13:33:32Z
HK_2004_E124,2006-10-25,107,3,79,80,https://racing.hkjc.com/en-us/local/information/otherhorse?horseid=HK_2004_E124&Option=1,2026-09-04T13:33:32Z
HK_2004_E124,2006-11-12,155,3,80,80,https://racing.hkjc.com/en-us/local/information/otherhorse?horseid=HK_2004_E124&Option=1,2026-09-04T13:33:32Z
HK_2004_E124,2006-11-15,160,3,80,79,https://racing.hkjc.com/en-us/local/information/otherhorse?horseid=HK_2004_E124&Option=1,2026-09-04T13:33:32Z
HK_2004_E124,2006-11-29,199,3,79,89,https://racing.hkjc.com/en-us/local/information/otherhorse?horseid=HK_2004_E124&Option=1,2026-09-04T13:33:32Z
HK_2004_E124,2007-03-21,475,2,89,89,https://racing.hkjc.com/en-us/local/information/otherhorse?horseid=HK_2004_E124&Option=1,2026-09-04T13:33:32Z
HK_2004_E124,2007-05-12,597,2,89,89,https://racing.hkjc.com/en-us/local/information/otherhorse?horseid=HK_2004_E124&Option=1,2026-09-04T13:33:32Z
HK_2004_E124,2007-06-09,675,2,89,89,https://racing.hkjc.com/en-us/local/information/otherhorse?horseid=HK_2004_E124&Option=1,2026-09-04T13:33:32Z
HK_2004_E124,2007-09-09,7,2,89,89,https://racing.hkjc.com/en-us/local/information/otherhorse?horseid=HK_2004_E124&Option=1,2026-09-04T13:33:32Z
HK_2004_E124,2007-10-07,73,2,89,87,https://racing.hkjc.com/en-us/local/information/otherhorse?horseid=HK_2004_E124&Option=1,2026-09-04T13:33:32Z
HK_2004_E124,2007-12-09,225,2,87,86,https://racing.hkjc.com/en-us/local/information/otherhorse?horseid=HK_2004_E124&Option=1,2026-09-04T13:33:32Z
HK_2004_E124,2008-01-20,330,1,86,84,https://racing.hkjc.com/en-us/local/information/otherhorse?horseid=HK_2004_E124&Option=1,2026-09-04T13:33:32Z
HK_2004_E124,2008-02-27,425,1,84,82,https://racing.hkjc.com/en-us/local/information/otherhorse?horseid=HK_2004_E124&Option=1,2026-09-04T13:33:32Z
HK_2004_E124,2008-03-09,453,2,82,80,https://racing.hkjc.com/en-us/local/information/otherhorse?horseid=HK_2004_E124&Option=1,2026-09-04T13:33:32Z
HK_2004_E124,2008-04-06,513,3,80,78,https://racing.hkjc.com/en-us/local/information/otherhorse?horseid=HK_2004_E124&Option=1,2026-09-04T13:33:32Z
HK_2004_E124,2008-05-04,577,3,78,77,https://racing.hkjc.com/en-us/local/information/otherhorse?horseid=HK_2004_E124&Option=1,2026-09-04T13:33:32Z
HK_2004_E124,2008-05-28,629,3,77,77,https://racing.hkjc.com/en-us/local/information/otherhorse?horseid=HK_2004_E124&Option=1,2026-09-04T13:33:32Z
HK_2004_E124,2008-06-18,689,3,77,75,https://racing.hkjc.com/en-us/local/information/otherhorse?horseid=HK_2004_E124&Option=1,2026-09-04T13:33:32Z
HK_2004_E124,2008-09-17,16,3,75,75,https://racing.hkjc.com/en-us/local/information/otherhorse?horseid=HK_2004_E124&Option=1,2026-09-04T13:33:32Z
HK_2004_E124,2008-10-19,101,3,75,74,https://racing.hkjc.com/en-us/local/information/otherhorse?horseid=HK_2004_E124&Option=1,2026-09-04T13:33:32Z
HK_2004_E124,2008-12-03,205,3,74,72,https://racing.hkjc.com/en-us/local/information/otherhorse?horseid=HK_2004_E124&Option=1,2026-09-04T13:33:32Z
HK_2004_E124,2009-02-18,403,3,72,72,https://racing.hkjc.com/en-us/local/information/otherhorse?horseid=HK_2004_E124&Option=1,2026-09-04T13:33:32Z
HK_2004_E124,2009-03-18,476,3,72,70,https://racing.hkjc.com/en-us/local/information/otherhorse?horseid=HK_2004_E124&Option=1,2026-09-04T13:33:32Z
HK_2004_E124,2009-04-08,524,3,70,68,https://racing.hkjc.com/en-us/local/information/otherhorse?horseid=HK_2004_E124&Option=1,2026-09-04T13:33:32Z
HK_2004_E124,2009-04-19,542,3,68,67,https://racing.hkjc.com/en-us/local/information/otherhorse?horseid=HK_2004_E124&Option=1,2026-09-04T13:33:32Z
HK_2004_E124,2009-05-13,610,3,67,67,https://racing.hkjc.com/en-us/local/information/otherhorse?horseid=HK_2004_E124&Option=1,2026-09-04T13:33:32Z
HK_2004_E124,2009-05-27,641,3,67,66,https://racing.hkjc.com/en-us/local/information/otherhorse?horseid=HK_2004_E124&Option=1,2026-09-04T13:33:32Z
HK_2004_E124,2009-06-10,678,3S,66,64,https://racing.hkjc.com/en-us/local/information/otherhorse?horseid=HK_2004_E124&Option=1,2026-09-04T13:33:32Z
HK_2004_E124,2009-06-24,708,3,64,58,https://racing.hkjc.com/en-us/local/information/otherhorse?horseid=HK_2004_E124&Option=1,2026-09-04T13:33:32Z
HK_2004_E124,2009-09-16,12,4,58,58,https://racing.hkjc.com/en-us/local/information/otherhorse?horseid=HK_2004_E124&Option=1,2026-09-04T13:33:32Z
HK_2004_E124,2009-10-07,69,4,58,56,https://racing.hkjc.com/en-us/local/information/otherhorse?horseid=HK_2004_E124&Option=1,2026-09-04T13:33:32Z
HK_2004_E124,2009-11-01,123,4,56,56,https://racing.hkjc.com/en-us/local/information/otherhorse?horseid=HK_2004_E124&Option=1,2026-09-04T13:33:32Z
HK_2004_E124,2009-11-25,187,4,56,56,https://racing.hkjc.com/en-us/local/information/otherhorse?horseid=HK_2004_E124&Option=1,2026-09-04T13:33:32Z
HK_2004_E124,2009-12-09,222,4,56,54,https://racing.hkjc.com/en-us/local/information/otherhorse?horseid=HK_2004_E124&Option=1,2026-09-04T13:33:32Z
HK_2004_E124,2009-12-27,266,4,54,52,https://racing.hkjc.com/en-us/local/information/otherhorse?horseid=HK_2004_E124&Option=1,2026-09-04T13:33:32Z
HK_2004_E124,2010-01-13,306,4,52,50,https://racing.hkjc.com/en-us/local/information/otherhorse?horseid=HK_2004_E124&Option=1,2026-09-04T13:33:32Z
HK_2004_E132,2005-01-30,356,2,88,88,https://racing.hkjc.com/en-us/local/information/otherhorse?horseid=HK_2004_E132&Option=1,2026-09-04T13:34:03Z
HK_2004_E132,2005-04-03,508,2,88,80,https://racing.hkjc.com/en-us/local/information/otherhorse?horseid=HK_2004_E132&Option=1,2026-09-04T13:34:03Z
HK_2004_E132,2005-09-04,7,2,80,80,https://racing.hkjc.com/en-us/local/information/otherhorse?horseid=HK_2004_E132&Option=1,2026-09-04T13:34:03Z
HK_2004_E132,2005-10-09,87,3,80,78,https://racing.hkjc.com/en-us/local/information/otherhorse?horseid=HK_2004_E132&Option=1,2026-09-04T13:34:03Z
HK_2004_E132,2005-10-26,123,3,78,76,https://racing.hkjc.com/en-us/local/information/otherhorse?horseid=HK_2004_E132&Option=1,2026-09-04T13:34:03Z
HK_2004_E132,2005-11-30,215,3,76,75,https://racing.hkjc.com/en-us/local/information/otherhorse?horseid=HK_2004_E132&Option=1,2026-09-04T13:34:03Z
HK_2004_E132,2006-01-01,287,3,75,74,https://racing.hkjc.com/en-us/local/information/otherhorse?horseid=HK_2004_E132&Option=1,2026-09-04T13:34:03Z
HK_2004_E132,2006-01-25,346,3,74,72,https://racing.hkjc.com/en-us/local/information/otherhorse?horseid=HK_2004_E132&Option=1,2026-09-04T13:34:03Z
HK_2004_E132,2006-02-26,421,3,72,73,https://racing.hkjc.com/en-us/local/information/otherhorse?horseid=HK_2004_E132&Option=1,2026-09-04T13:34:03Z
HK_2004_E132,2006-03-12,453,3,73,73,https://racing.hkjc.com/en-us/local/information/otherhorse?horseid=HK_2004_E132&Option=1,2026-09-04T13:34:03Z
HK_2004_E132,2006-04-08,516,3,73,72,https://racing.hkjc.com/en-us/local/information/otherhorse?horseid=HK_2004_E132&Option=1,2026-09-04T13:34:03Z
HK_2004_E132,2006-05-10,595,3,72,74,https://racing.hkjc.com/en-us/local/information/otherhorse?horseid=HK_2004_E132&Option=1,2026-09-04T13:34:03Z
HK_2004_E132,2006-06-07,657,3,74,74,https://racing.hkjc.com/en-us/local/information/otherhorse?horseid=HK_2004_E132&Option=1,2026-09-04T13:34:03Z
HK_2004_E132,2006-06-28,696,3,74,68,https://racing.hkjc.com/en-us/local/information/otherhorse?horseid=HK_2004_E132&Option=1,2026-09-04T13:34:03Z
HK_2004_E132,2006-10-21,101,3,68,68,https://racing.hkjc.com/en-us/local/information/otherhorse?horseid=HK_2004_E132&Option=1,2026-09-04T13:34:03Z
HK_2004_E132,2006-11-12,153,3,68,77,https://racing.hkjc.com/en-us/local/information/otherhorse?horseid=HK_2004_E132&Option=1,2026-09-04T13:34:03Z
HK_2004_E132,2006-11-26,192,3,77,78,https://racing.hkjc.com/en-us/local/information/otherhorse?horseid=HK_2004_E132&Option=1,2026-09-04T13:34:03Z
HK_2004_E132,2006-12-06,217,3,78,78,https://racing.hkjc.com/en-us/local/information/otherhorse?horseid=HK_2004_E132&Option=1,2026-09-04T13:34:03Z
HK_2004_E132,2006-12-26,271,3,78,78,https://racing.hkjc.com/en-us/local/information/otherhorse?horseid=HK_2004_E132&Option=1,2026-09-04T13:34:03Z
HK_2004_E132,2007-01-14,304,3,78,80,https://racing.hkjc.com/en-us/local/information/otherhorse?horseid=HK_2004_E132&Option=1,2026-09-04T13:34:03Z
HK_2004_E132,2007-02-04,363,3,80,80,https://racing.hkjc.com/en-us/local/information/otherhorse?horseid=HK_2004_E132&Option=1,2026-09-04T13:34:03Z
HK_2004_E132,2007-03-07,437,2,80,81,https://racing.hkjc.com/en-us/local/information/otherhorse?horseid=HK_2004_E132&Option=1,2026-09-04T13:34:03Z
HK_2004_E132,2007-04-09,515,2,81,82,https://racing.hkjc.com/en-us/local/information/otherhorse?horseid=HK_2004_E132&Option=1,2026-09-04T13:34:03Z
HK_2004_E132,2007-04-29,562,2,82,82,https://racing.hkjc.com/en-us/local/information/otherhorse?horseid=HK_2004_E132&Option=1,2026-09-04T13:34:03Z
HK_2004_E132,2007-05-20,619,2,82,82,https://racing.hkjc.com/en-us/local/information/otherhorse?horseid=HK_2004_E132&Option=1,2026-09-04T13:34:03Z
HK_2004_E132,2007-06-24,706,1,82,82,https://racing.hkjc.com/en-us/local/information/otherhorse?horseid=HK_2004_E132&Option=1,2026-09-04T13:34:03Z
HK_2004_E132,2007-10-14,87,2,82,82,https://racing.hkjc.com/en-us/local/information/otherhorse?horseid=HK_2004_E132&Option=1,2026-09-04T13:34:03Z
HK_2004_E132,2007-11-03,138,2,82,82,https://racing.hkjc.com/en-us/local/information/otherhorse?horseid=HK_2004_E132&Option=1,2026-09-04T13:34:03Z
HK_2004_E132,2007-11-21,186,2,82,83,https://racing.hkjc.com/en-us/local/information/otherhorse?horseid=HK_2004_E132&Option=1,2026-09-04T13:34:03Z
HK_2004_E132,2007-12-01,213,2,83,83,https://racing.hkjc.com/en-us/local/information/otherhorse?horseid=HK_2004_E132&Option=1,2026-09-04T13:34:03Z
HK_2004_E132,2007-12-26,278,2,83,83,https://racing.hkjc.com/en-us/local/information/otherhorse?horseid=HK_2004_E132&Option=1,2026-09-04T13:34:03Z
HK_2004_E132,2008-01-01,285,2,83,83,https://racing.hkjc.com/en-us/local/information/otherhorse?horseid=HK_2004_E132&Option=1,2026-09-04T13:34:03Z
HK_2004_E132,2008-01-23,343,2,83,85,https://racing.hkjc.com/en-us/local/information/otherhorse?horseid=HK_2004_E132&Option=1,2026-09-04T13:34:03Z
HK_2004_E132,2008-02-02,370,2,85,86,https://racing.hkjc.com/en-us/local/information/otherhorse?horseid=HK_2004_E132&Option=1,2026-09-04T13:34:03Z
HK_2004_E132,2008-03-09,454,1,86,86,https://racing.hkjc.com/en-us/local/information/otherhorse?horseid=HK_2004_E132&Option=1,2026-09-04T13:34:03Z
HK_2004_E132,2008-05-18,614,2,86,91,https://racing.hkjc.com/en-us/local/information/otherhorse?horseid=HK_2004_E132&Option=1,2026-09-04T13:34:03Z
HK_2004_E132,2008-06-18,690,2,91,91,https://racing.hkjc.com/en-us/local/information/otherhorse?horseid=HK_2004_E132&Option=1,2026-09-04T13:34:03Z
HK_2004_E136,2005-04-03,501,GRIFFIN,,,https://racing.hkjc.com/en-us/local/information/otherhorse?horseid=HK_2004_E136&Option=1,2026-09-04T13:30:56Z
HK_2004_E136,2005-04-16,537,GRIFFIN,,,https://racing.hkjc.com/en-us/local/information/otherhorse?horseid=HK_2004_E136&Option=1,2026-09-04T13:30:56Z
HK_2004_E136,2005-05-01,565,GRIFFIN,,,https://racing.hkjc.com/en-us/local/information/otherhorse?horseid=HK_2004_E136&Option=1,2026-09-04T13:30:56Z
HK_2004_E136,2005-05-21,619,GRIFFIN,,,https://racing.hkjc.com/en-us/local/information/otherhorse?horseid=HK_2004_E136&Option=1,2026-09-04T13:30:56Z
HK_2004_E136,2005-06-05,647,GRIFFIN,,63.0,https://racing.hkjc.com/en-us/local/information/otherhorse?horseid=HK_2004_E136&Option=1,2026-09-04T13:30:56Z
HK_2004_E136,2005-11-05,152,3,63.0,63.0,https://racing.hkjc.com/en-us/local/information/otherhorse?horseid=HK_2004_E136&Option=1,2026-09-04T13:30:56Z
HK_2004_E136,2005-11-23,194,3,63.0,64.0,https://racing.hkjc.com/en-us/local/information/otherhorse?horseid=HK_2004_E136&Option=1,2026-09-04T13:30:56Z
HK_2004_E136,2005-12-07,231,3,64.0,64.0,https://racing.hkjc.com/en-us/local/information/otherhorse?horseid=HK_2004_E136&Option=1,2026-09-04T13:30:56Z
HK_2004_E136,2006-01-01,285,3,64.0,63.0,https://racing.hkjc.com/en-us/local/information/otherhorse?horseid=HK_2004_E136&Option=1,2026-09-04T13:30:56Z
HK_2004_E136,2006-01-18,331,3,63.0,61.0,https://racing.hkjc.com/en-us/local/information/otherhorse?horseid=HK_2004_E136&Option=1,2026-09-04T13:30:56Z
HK_2004_E136,2006-02-05,367,3,61.0,60.0,https://racing.hkjc.com/en-us/local/information/otherhorse?horseid=HK_2004_E136&Option=1,2026-09-04T13:30:56Z
HK_2004_E136,2006-02-26,421,3,60.0,62.0,https://racing.hkjc.com/en-us/local/information/otherhorse?horseid=HK_2004_E136&Option=1,2026-09-04T13:30:56Z
HK_2004_E136,2006-03-19,469,3,62.0,59.0,https://racing.hkjc.com/en-us/local/information/otherhorse?horseid=HK_2004_E136&Option=1,2026-09-04T13:30:56Z
HK_2004_E136,2006-09-10,3,4,59.0,59.0,https://racing.hkjc.com/en-us/local/information/otherhorse?horseid=HK_2004_E136&Option=1,2026-09-04T13:30:56Z
HK_2004_E136,2006-09-24,34,4,59.0,61.0,https://racing.hkjc.com/en-us/local/information/otherhorse?horseid=HK_2004_E136&Option=1,2026-09-04T13:30:56Z
HK_2004_E136,2006-10-15,84,3,61.0,62.0,https://racing.hkjc.com/en-us/local/information/otherhorse?horseid=HK_2004_E136&Option=1,2026-09-04T13:30:56Z
HK_2004_E136,2006-11-04,137,3,62.0,62.0,https://racing.hkjc.com/en-us/local/information/otherhorse?horseid=HK_2004_E136&Option=1,2026-09-04T13:30:56Z
HK_2004_E136,2006-11-29,200,3,62.0,61.0,https://racing.hkjc.com/en-us/local/information/otherhorse?horseid=HK_2004_E136&Option=1,2026-09-04T13:30:56Z
HK_2004_E136,2006-12-16,245,3,61.0,60.0,https://racing.hkjc.com/en-us/local/information/otherhorse?horseid=HK_2004_E136&Option=1,2026-09-04T13:30:56Z
HK_2004_E136,2007-01-01,280,3,60.0,61.0,https://racing.hkjc.com/en-us/local/information/otherhorse?horseid=HK_2004_E136&Option=1,2026-09-04T13:30:56Z
HK_2004_E136,2007-01-28,347,3,61.0,61.0,https://racing.hkjc.com/en-us/local/information/otherhorse?horseid=HK_2004_E136&Option=1,2026-09-04T13:30:56Z
HK_2004_E136,2007-05-27,640,3,61.0,61.0,https://racing.hkjc.com/en-us/local/information/otherhorse?horseid=HK_2004_E136&Option=1,2026-09-04T13:30:56Z
HK_2004_E136,2007-06-24,705,3,61.0,59.0,https://racing.hkjc.com/en-us/local/information/otherhorse?horseid=HK_2004_E136&Option=1,2026-09-04T13:30:56Z
HK_2004_E136,2007-09-12,12,4,59.0,59.0,https://racing.hkjc.com/en-us/local/information/otherhorse?horseid=HK_2004_E136&Option=1,2026-09-04T13:30:56Z
HK_2004_E136,2007-10-07,69,4,59.0,57.0,https://racing.hkjc.com/en-us/local/information/otherhorse?horseid=HK_2004_E136&Option=1,2026-09-04T13:30:56Z
HK_2004_E136,2007-11-03,135,4,57.0,54.0,https://racing.hkjc.com/en-us/local/information/otherhorse?horseid=HK_2004_E136&Option=1,2026-09-04T13:30:56Z
HK_2004_E136,2007-11-17,169,4,54.0,51.0,https://racing.hkjc.com/en-us/local/information/otherhorse?horseid=HK_2004_E136&Option=1,2026-09-04T13:30:56Z
HK_2004_E136,2007-12-01,209,4,51.0,48.0,https://racing.hkjc.com/en-us/local/information/otherhorse?horseid=HK_2004_E136&Option=1,2026-09-04T13:30:56Z
HK_2004_E136,2008-01-01,281,4,48.0,46.0,https://racing.hkjc.com/en-us/local/information/otherhorse?horseid=HK_2004_E136&Option=1,2026-09-04T13:30:56Z
HK_2004_E136,2008-01-20,331,4,46.0,44.0,https://racing.hkjc.com/en-us/local/information/otherhorse?horseid=HK_2004_E136&Option=1,2026-09-04T13:30:56Z
HK_2004_E136,2008-02-09,376,4,44.0,46.0,https://racing.hkjc.com/en-us/local/information/otherhorse?horseid=HK_2004_E136&Option=1,2026-09-04T13:30:56Z
HK_2004_E136,2008-02-24,413,4,46.0,46.0,https://racing.hkjc.com/en-us/local/information/otherhorse?horseid=HK_2004_E136&Option=1,2026-09-04T13:30:56Z
HK_2004_E136,2008-03-30,496,4,46.0,47.0,https://racing.hkjc.com/en-us/local/information/otherhorse?horseid=HK_2004_E136&Option=1,2026-09-04T13:30:56Z
HK_2004_E136,2008-05-01,564,4,47.0,48.0,https://racing.hkjc.com/en-us/local/information/otherhorse?horseid=HK_2004_E136&Option=1,2026-09-04T13:30:56Z
HK_2004_E136,2008-06-01,641,4,48.0,48.0,https://racing.hkjc.com/en-us/local/information/otherhorse?horseid=HK_2004_E136&Option=1,2026-09-04T13:30:56Z
HK_2004_E136,2008-06-22,692,4,48.0,50.0,https://racing.hkjc.com/en-us/local/information/otherhorse?horseid=HK_2004_E136&Option=1,2026-09-04T13:30:56Z
HK_2004_E136,2008-07-01,714,4,50.0,47.0,https://racing.hkjc.com/en-us/local/information/otherhorse?horseid=HK_2004_E136&Option=1,2026-09-04T13:30:56Z
HK_2004_E136,2008-10-05,63,4,47.0,49.0,https://racing.hkjc.com/en-us/local/information/otherhorse?horseid=HK_2004_E136&Option=1,2026-09-04T13:30:56Z
HK_2004_E136,2008-11-02,129,4,49.0,54.0,https://racing.hkjc.com/en-us/local/information/otherhorse?horseid=HK_2004_E136&Option=1,2026-09-04T13:30:56Z
HK_2004_E136,2008-11-30,194,4,54.0,54.0,https://racing.hkjc.com/en-us/local/information/otherhorse?horseid=HK_2004_E136&Option=1,2026-09-04T13:30:56Z
HK_2004_E136,2009-04-26,556,4,54.0,54.0,https://racing.hkjc.com/en-us/local/information/otherhorse?horseid=HK_2004_E136&Option=1,2026-09-04T13:30:56Z
HK_2004_E136,2009-05-24,635,4,54.0,53.0,https://racing.hkjc.com/en-us/local/information/otherhorse?horseid=HK_2004_E136&Option=1,2026-09-04T13:30:56Z
HK_2004_E136,2009-06-07,671,4,53.0,51.0,https://racing.hkjc.com/en-us/local/information/otherhorse?horseid=HK_2004_E136&Option=1,2026-09-04T13:30:56Z
HK_2004_E140,2005-04-06,517,3,80,80,https://racing.hkjc.com/en-us/local/information/otherhorse?horseid=HK_2004_E140&Option=1,2026-09-04T13:27:59Z
HK_2004_E140,2005-04-24,555,3,80,77,https://racing.hkjc.com/en-us/local/information/otherhorse?horseid=HK_2004_E140&Option=1,2026-09-04T13:27:59Z
HK_2004_E140,2005-05-14,608,3,77,69,https://racing.hkjc.com/en-us/local/information/otherhorse?horseid=HK_2004_E140&Option=1,2026-09-04T13:27:59Z
HK_2004_E140,2005-10-22,116,3,69,69,https://racing.hkjc.com/en-us/local/information/otherhorse?horseid=HK_2004_E140&Option=1,2026-09-04T13:27:59Z
HK_2004_E140,2005-11-13,170,3,69,67,https://racing.hkjc.com/en-us/local/information/otherhorse?horseid=HK_2004_E140&Option=1,2026-09-04T13:27:59Z
HK_2004_E140,2005-11-30,215,3,67,69,https://racing.hkjc.com/en-us/local/information/otherhorse?horseid=HK_2004_E140&Option=1,2026-09-04T13:27:59Z
HK_2004_E140,2005-12-17,258,3,69,69,https://racing.hkjc.com/en-us/local/information/otherhorse?horseid=HK_2004_E140&Option=1,2026-09-04T13:27:59Z
HK_2004_E140,2006-01-01,283,3,69,69,https://racing.hkjc.com/en-us/local/information/otherhorse?horseid=HK_2004_E140&Option=1,2026-09-04T13:27:59Z
HK_2004_E140,2006-01-15,320,3,69,69,https://racing.hkjc.com/en-us/local/information/otherhorse?horseid=HK_2004_E140&Option=1,2026-09-04T13:27:59Z
HK_2004_E140,2006-01-31,358,3,69,68,https://racing.hkjc.com/en-us/local/information/otherhorse?horseid=HK_2004_E140&Option=1,2026-09-04T13:27:59Z
HK_2004_E140,2006-02-22,411,3,68,68,https://racing.hkjc.com/en-us/local/information/otherhorse?horseid=HK_2004_E140&Option=1,2026-09-04T13:27:59Z
HK_2004_E140,2006-03-01,431,3,68,68,https://racing.hkjc.com/en-us/local/information/otherhorse?horseid=HK_2004_E140&Option=1,2026-09-04T13:27:59Z
HK_2004_E140,2006-03-19,471,3,68,69,https://racing.hkjc.com/en-us/local/information/otherhorse?horseid=HK_2004_E140&Option=1,2026-09-04T13:27:59Z
HK_2004_E140,2006-04-12,524,3,69,70,https://racing.hkjc.com/en-us/local/information/otherhorse?horseid=HK_2004_E140&Option=1,2026-09-04T13:27:59Z
HK_2004_E140,2006-04-23,546,3,70,70,https://racing.hkjc.com/en-us/local/information/otherhorse?horseid=HK_2004_E140&Option=1,2026-09-04T13:27:59Z
HK_2004_E140,2006-05-10,596,3,70,70,https://racing.hkjc.com/en-us/local/information/otherhorse?horseid=HK_2004_E140&Option=1,2026-09-04T13:27:59Z
HK_2004_E140,2006-05-21,624,3,70,69,https://racing.hkjc.com/en-us/local/information/otherhorse?horseid=HK_2004_E140&Option=1,2026-09-04T13:27:59Z
HK_2004_E140,2006-06-10,666,3,69,64,https://racing.hkjc.com/en-us/local/information/otherhorse?horseid=HK_2004_E140&Option=1,2026-09-04T13:27:59Z
HK_2004_E140,2006-10-18,91,3,64,72,https://racing.hkjc.com/en-us/local/information/otherhorse?horseid=HK_2004_E140&Option=1,2026-09-04T13:27:59Z
HK_2004_E140,2006-11-01,123,3,72,72,https://racing.hkjc.com/en-us/local/information/otherhorse?horseid=HK_2004_E140&Option=1,2026-09-04T13:27:59Z
HK_2004_E140,2006-11-22,180,3,72,73,https://racing.hkjc.com/en-us/local/information/otherhorse?horseid=HK_2004_E140&Option=1,2026-09-04T13:27:59Z
HK_2004_E140,2006-12-06,216,3,73,76,https://racing.hkjc.com/en-us/local/information/otherhorse?horseid=HK_2004_E140&Option=1,2026-09-04T13:27:59Z
HK_2004_E140,2006-12-23,262,3,76,76,https://racing.hkjc.com/en-us/local/information/otherhorse?horseid=HK_2004_E140&Option=1,2026-09-04T13:27:59Z
HK_2004_E140,2007-01-17,318,3,76,76,https://racing.hkjc.com/en-us/local/information/otherhorse?horseid=HK_2004_E140&Option=1,2026-09-04T13:27:59Z
HK_2004_E140,2007-02-14,391,3,76,75,https://racing.hkjc.com/en-us/local/information/otherhorse?horseid=HK_2004_E140&Option=1,2026-09-04T13:27:59Z
HK_2004_E140,2007-02-28,420,3,75,74,https://racing.hkjc.com/en-us/local/information/otherhorse?horseid=HK_2004_E140&Option=1,2026-09-04T13:27:59Z
HK_2004_E140,2007-03-21,472,3,74,73,https://racing.hkjc.com/en-us/local/information/otherhorse?horseid=HK_2004_E140&Option=1,2026-09-04T13:27:59Z
HK_2004_E140,2007-05-30,648,3,73,70,https://racing.hkjc.com/en-us/local/information/otherhorse?horseid=HK_2004_E140&Option=1,2026-09-04T13:27:59Z
HK_2004_E140,2007-09-12,17,3,70,70,https://racing.hkjc.com/en-us/local/information/otherhorse?horseid=HK_2004_E140&Option=1,2026-09-04T13:27:59Z
HK_2004_E140,2007-10-01,58,3,70,68,https://racing.hkjc.com/en-us/local/information/otherhorse?horseid=HK_2004_E140&Option=1,2026-09-04T13:27:59Z
HK_2004_E140,2007-10-17,93,3,68,66,https://racing.hkjc.com/en-us/local/information/otherhorse?horseid=HK_2004_E140&Option=1,2026-09-04T13:27:59Z
HK_2004_E140,2007-11-06,149,3,66,67,https://racing.hkjc.com/en-us/local/information/otherhorse?horseid=HK_2004_E140&Option=1,2026-09-04T13:27:59Z
HK_2004_E140,2007-12-05,220,3,67,67,https://racing.hkjc.com/en-us/local/information/otherhorse?horseid=HK_2004_E140&Option=1,2026-09-04T13:27:59Z
HK_2004_E140,2008-01-06,298,3,67,66,https://racing.hkjc.com/en-us/local/information/otherhorse?horseid=HK_2004_E140&Option=1,2026-09-04T13:27:59Z
HK_2004_E140,2008-01-23,342,3,66,65,https://racing.hkjc.com/en-us/local/information/otherhorse?horseid=HK_2004_E140&Option=1,2026-09-04T13:27:59Z
HK_2004_E140,2008-02-17,393,3,65,65,https://racing.hkjc.com/en-us/local/information/otherhorse?horseid=HK_2004_E140&Option=1,2026-09-04T13:27:59Z
HK_2004_E140,2008-02-27,423,3,65,64,https://racing.hkjc.com/en-us/local/information/otherhorse?horseid=HK_2004_E140&Option=1,2026-09-04T13:27:59Z
HK_2004_E140,2008-03-30,500,3,64,64,https://racing.hkjc.com/en-us/local/information/otherhorse?horseid=HK_2004_E140&Option=1,2026-09-04T13:27:59Z
HK_2004_E140,2008-04-09,527,3,64,63,https://racing.hkjc.com/en-us/local/information/otherhorse?horseid=HK_2004_E140&Option=1,2026-09-04T13:27:59Z
HK_2004_E140,2008-04-23,547,3,63,63,https://racing.hkjc.com/en-us/local/information/otherhorse?horseid=HK_2004_E140&Option=1,2026-09-04T13:27:59Z
HK_2004_E140,2008-05-18,615,3,63,63,https://racing.hkjc.com/en-us/local/information/otherhorse?horseid=HK_2004_E140&Option=1,2026-09-04T13:27:59Z
HK_2004_E140,2008-06-18,688,3,63,65,https://racing.hkjc.com/en-us/local/information/otherhorse?horseid=HK_2004_E140&Option=1,2026-09-04T13:27:59Z
HK_2004_E140,2008-06-28,709,3,65,63,https://racing.hkjc.com/en-us/local/information/otherhorse?horseid=HK_2004_E140&Option=1,2026-09-04T13:27:59Z
HK_2004_E140,2008-09-24,34,3,63,63,https://racing.hkjc.com/en-us/local/information/otherhorse?horseid=HK_2004_E140&Option=1,2026-09-04T13:27:59Z
HK_2004_E140,2008-10-05,58,4,63,61,https://racing.hkjc.com/en-us/local/information/otherhorse?horseid=HK_2004_E140&Option=1,2026-09-04T13:27:59Z
HK_2004_E140,2008-10-26,110,3,61,66,https://racing.hkjc.com/en-us/local/information/otherhorse?horseid=HK_2004_E140&Option=1,2026-09-04T13:27:59Z
HK_2004_E140,2008-11-16,157,3,66,66,https://racing.hkjc.com/en-us/local/information/otherhorse?horseid=HK_2004_E140&Option=1,2026-09-04T13:27:59Z
HK_2004_E140,2008-11-30,193,3,66,66,https://racing.hkjc.com/en-us/local/information/otherhorse?horseid=HK_2004_E140&Option=1,2026-09-04T13:27:59Z
HK_2004_E140,2008-12-10,219,3,66,65,https://racing.hkjc.com/en-us/local/information/otherhorse?horseid=HK_2004_E140&Option=1,2026-09-04T13:27:59Z
HK_2004_E140,2008-12-20,250,3,65,64,https://racing.hkjc.com/en-us/local/information/otherhorse?horseid=HK_2004_E140&Option=1,2026-09-04T13:27:59Z
HK_2004_E141,2005-03-26,493,3,64,64,https://racing.hkjc.com/en-us/local/information/otherhorse?horseid=HK_2004_E141&Option=1,2026-09-04T13:27:38Z
HK_2004_E141,2005-04-24,556,3,64,60,https://racing.hkjc.com/en-us/local/information/otherhorse?horseid=HK_2004_E141&Option=1,2026-09-04T13:27:38Z
HK_2004_E141,2005-05-21,621,4,60,52,https://racing.hkjc.com/en-us/local/information/otherhorse?horseid=HK_2004_E141&Option=1,2026-09-04T13:27:38Z
HK_2004_E141,2005-09-24,48,4,52,52,https://racing.hkjc.com/en-us/local/information/otherhorse?horseid=HK_2004_E141&Option=1,2026-09-04T13:27:38Z
HK_2004_E141,2005-10-02,66,4,52,50,https://racing.hkjc.com/en-us/local/information/otherhorse?horseid=HK_2004_E141&Option=1,2026-09-04T13:27:38Z
HK_2004_E141,2005-10-16,94,4,50,47,https://racing.hkjc.com/en-us/local/information/otherhorse?horseid=HK_2004_E141&Option=1,2026-09-04T13:27:38Z
HK_2004_E141,2005-11-05,149,4,47,44,https://racing.hkjc.com/en-us/local/information/otherhorse?horseid=HK_2004_E141&Option=1,2026-09-04T13:27:38Z
HK_2004_E141,2006-01-01,282,4,44,40,https://racing.hkjc.com/en-us/local/information/otherhorse?horseid=HK_2004_E141&Option=1,2026-09-04T13:27:38Z
HK_2004_E141,2006-02-05,364,4,40,37,https://racing.hkjc.com/en-us/local/information/otherhorse?horseid=HK_2004_E141&Option=1,2026-09-04T13:27:38Z
HK_2004_E141,2006-02-15,388,5,37,36,https://racing.hkjc.com/en-us/local/information/otherhorse?horseid=HK_2004_E141&Option=1,2026-09-04T13:27:38Z
HK_2004_E141,2006-03-12,444,5,36,35,https://racing.hkjc.com/en-us/local/information/otherhorse?horseid=HK_2004_E141&Option=1,2026-09-04T13:27:38Z
HK_2004_E141,2006-03-19,463,5,35,34,https://racing.hkjc.com/en-us/local/information/otherhorse?horseid=HK_2004_E141&Option=1,2026-09-04T13:27:38Z
HK_2004_E141,2006-04-30,563,5,34,32,https://racing.hkjc.com/en-us/local/information/otherhorse?horseid=HK_2004_E141&Option=1,2026-09-04T13:27:38Z
HK_2004_E141,2006-05-24,625,5,32,30,https://racing.hkjc.com/en-us/local/information/otherhorse?horseid=HK_2004_E141&Option=1,2026-09-04T13:27:38Z
HK_2004_E141,2006-06-25,682,5,30,27,https://racing.hkjc.com/en-us/local/information/otherhorse?horseid=HK_2004_E141&Option=1,2026-09-04T13:27:38Z
HK_2004_E141,2006-09-16,12,5,27,27,https://racing.hkjc.com/en-us/local/information/otherhorse?horseid=HK_2004_E141&Option=1,2026-09-04T13:27:38Z
HK_2004_E141,2006-10-04,57,5,27,25,https://racing.hkjc.com/en-us/local/information/otherhorse?horseid=HK_2004_E141&Option=1,2026-09-04T13:27:38Z
HK_2004_E141,2006-10-21,96,5,25,23,https://racing.hkjc.com/en-us/local/information/otherhorse?horseid=HK_2004_E141&Option=1,2026-09-04T13:27:38Z
HK_2004_E141,2006-11-15,158,5,23,21,https://racing.hkjc.com/en-us/local/information/otherhorse?horseid=HK_2004_E141&Option=1,2026-09-04T13:27:38Z
HK_2004_E141,2006-12-23,255,5,21,19,https://racing.hkjc.com/en-us/local/information/otherhorse?horseid=HK_2004_E141&Option=1,2026-09-04T13:27:38Z
HK_2004_E141,2007-01-01,274,5,19,21,https://racing.hkjc.com/en-us/local/information/otherhorse?horseid=HK_2004_E141&Option=1,2026-09-04T13:27:38Z
HK_2004_E141,2007-01-20,321,5,21,21,https://racing.hkjc.com/en-us/local/information/otherhorse?horseid=HK_2004_E141&Option=1,2026-09-04T13:27:38Z
HK_2004_E141,2007-02-10,376,5,21,21,https://racing.hkjc.com/en-us/local/information/otherhorse?horseid=HK_2004_E141&Option=1,2026-09-04T13:27:38Z
HK_2004_E141,2007-03-25,480,5,21,28,https://racing.hkjc.com/en-us/local/information/otherhorse?horseid=HK_2004_E141&Option=1,2026-09-04T13:27:38Z
HK_2004_E141,2007-04-22,538,5,28,28,https://racing.hkjc.com/en-us/local/information/otherhorse?horseid=HK_2004_E141&Option=1,2026-09-04T13:27:38Z
HK_2004_E141,2007-05-01,565,5,28,28,https://racing.hkjc.com/en-us/local/information/otherhorse?horseid=HK_2004_E141&Option=1,2026-09-04T13:27:38Z
HK_2004_E141,2007-09-15,19,5,28,38,https://racing.hkjc.com/en-us/local/information/otherhorse?horseid=HK_2004_E141&Option=1,2026-09-04T13:27:38Z
HK_2004_E141,2007-09-26,50,5,38,38,https://racing.hkjc.com/en-us/local/information/otherhorse?horseid=HK_2004_E141&Option=1,2026-09-04T13:27:38Z
HK_2004_E141,2007-10-07,70,5,38,38,https://racing.hkjc.com/en-us/local/information/otherhorse?horseid=HK_2004_E141&Option=1,2026-09-04T13:27:38Z
HK_2004_E141,2007-11-06,142,5,38,39,https://racing.hkjc.com/en-us/local/information/otherhorse?horseid=HK_2004_E141&Option=1,2026-09-04T13:27:38Z
HK_2004_E141,2007-12-05,215,5,39,39,https://racing.hkjc.com/en-us/local/information/otherhorse?horseid=HK_2004_E141&Option=1,2026-09-04T13:27:38Z
HK_2004_E141,2008-02-09,372,5,39,38,https://racing.hkjc.com/en-us/local/information/otherhorse?horseid=HK_2004_E141&Option=1,2026-09-04T13:27:38Z
HK_2004_E164,2005-06-26,694,4,52,47,https://racing.hkjc.com/en-us/local/information/otherhorse?horseid=HK_2004_E164&Option=1,2026-09-04T13:25:41Z
HK_2004_E164,2005-10-09,80,4,47,47,https://racing.hkjc.com/en-us/local/information/otherhorse?horseid=HK_2004_E164&Option=1,2026-09-04T13:25:41Z
HK_2004_E164,2005-10-30,128,4,47,46,https://racing.hkjc.com/en-us/local/information/otherhorse?horseid=HK_2004_E164&Option=1,2026-09-04T13:25:41Z
HK_2004_E164,2005-11-20,181,4,46,47,https://racing.hkjc.com/en-us/local/information/otherhorse?horseid=HK_2004_E164&Option=1,2026-09-04T13:25:41Z
HK_2004_E164,2005-12-14,244,4,47,49,https://racing.hkjc.com/en-us/local/information/otherhorse?horseid=HK_2004_E164&Option=1,2026-09-04T13:25:41Z
HK_2004_E164,2006-01-01,281,4,49,49,https://racing.hkjc.com/en-us/local/information/otherhorse?horseid=HK_2004_E164&Option=1,2026-09-04T13:25:41Z
HK_2004_E164,2006-01-22,336,4,49,48,https://racing.hkjc.com/en-us/local/information/otherhorse?horseid=HK_2004_E164&Option=1,2026-09-04T13:25:41Z
HK_2004_E164,2006-04-01,502,4,48,46,https://racing.hkjc.com/en-us/local/information/otherhorse?horseid=HK_2004_E164&Option=1,2026-09-04T13:25:41Z
HK_2004_E164,2006-04-30,564,4,46,44,https://racing.hkjc.com/en-us/local/information/otherhorse?horseid=HK_2004_E164&Option=1,2026-09-04T13:25:41Z
HK_2004_E164,2006-05-21,619,4,44,38,https://racing.hkjc.com/en-us/local/information/otherhorse?horseid=HK_2004_E164&Option=1,2026-09-04T13:25:41Z
HK_2004_E165,2005-03-13,456,4,52,58,https://racing.hkjc.com/en-us/local/information/otherhorse?horseid=HK_2004_E165&Option=1,2026-09-04T13:33:05Z
HK_2004_E165,2005-04-13,530,4,58,60,https://racing.hkjc.com/en-us/local/information/otherhorse?horseid=HK_2004_E165&Option=1,2026-09-04T13:33:05Z
HK_2004_E165,2005-06-05,652,4,60,65,https://racing.hkjc.com/en-us/local/information/otherhorse?horseid=HK_2004_E165&Option=1,2026-09-04T13:33:05Z
HK_2004_E165,2005-09-14,32,3,65,68,https://racing.hkjc.com/en-us/local/information/otherhorse?horseid=HK_2004_E165&Option=1,2026-09-04T13:33:05Z
HK_2004_E165,2005-11-20,184,3,68,68,https://racing.hkjc.com/en-us/local/information/otherhorse?horseid=HK_2004_E165&Option=1,2026-09-04T13:33:05Z
HK_2004_E165,2006-01-01,287,3,68,76,https://racing.hkjc.com/en-us/local/information/otherhorse?horseid=HK_2004_E165&Option=1,2026-09-04T13:33:05Z
HK_2004_E165,2006-02-05,362,3,76,76,https://racing.hkjc.com/en-us/local/information/otherhorse?horseid=HK_2004_E165&Option=1,2026-09-04T13:33:05Z
HK_2004_E165,2006-03-04,443,3,76,76,https://racing.hkjc.com/en-us/local/information/otherhorse?horseid=HK_2004_E165&Option=1,2026-09-04T13:33:05Z
HK_2004_E165,2006-04-19,542,3,76,76,https://racing.hkjc.com/en-us/local/information/otherhorse?horseid=HK_2004_E165&Option=1,2026-09-04T13:33:05Z
HK_2004_E165,2006-05-13,604,3,76,75,https://racing.hkjc.com/en-us/local/information/otherhorse?horseid=HK_2004_E165&Option=1,2026-09-04T13:33:05Z
HK_2004_E165,2007-01-01,282,3,75,75,https://racing.hkjc.com/en-us/local/information/otherhorse?horseid=HK_2004_E165&Option=1,2026-09-04T13:33:05Z
HK_2004_E165,2007-02-04,361,3,75,73,https://racing.hkjc.com/en-us/local/information/otherhorse?horseid=HK_2004_E165&Option=1,2026-09-04T13:33:05Z
HK_2004_E165,2007-03-10,448,3,73,72,https://racing.hkjc.com/en-us/local/information/otherhorse?horseid=HK_2004_E165&Option=1,2026-09-04T13:33:05Z
HK_2004_E165,2007-03-31,493,3,72,71,https://racing.hkjc.com/en-us/local/information/otherhorse?horseid=HK_2004_E165&Option=1,2026-09-04T13:33:05Z
HK_2004_E165,2007-04-22,542,3,71,72,https://racing.hkjc.com/en-us/local/information/otherhorse?horseid=HK_2004_E165&Option=1,2026-09-04T13:33:05Z
HK_2004_E165,2007-05-01,572,3,72,72,https://racing.hkjc.com/en-us/local/information/otherhorse?horseid=HK_2004_E165&Option=1,2026-09-04T13:33:05Z
HK_2004_E165,2007-05-20,616,3,72,78,https://racing.hkjc.com/en-us/local/information/otherhorse?horseid=HK_2004_E165&Option=1,2026-09-04T13:33:05Z
HK_2004_E186,2005-06-18,675,GRIFFIN,,47,https://racing.hkjc.com/en-us/local/information/otherhorse?horseid=HK_2004_E186&Option=1,2026-09-04T13:27:32Z
HK_2004_E186,2005-09-24,48,4,47.0,47,https://racing.hkjc.com/en-us/local/information/otherhorse?horseid=HK_2004_E186&Option=1,2026-09-04T13:27:32Z
HK_2004_E186,2005-10-30,126,4,47.0,45,https://racing.hkjc.com/en-us/local/information/otherhorse?horseid=HK_2004_E186&Option=1,2026-09-04T13:27:32Z
HK_2004_E186,2005-12-17,255,4,45.0,44,https://racing.hkjc.com/en-us/local/information/otherhorse?horseid=HK_2004_E186&Option=1,2026-09-04T13:27:32Z
HK_2004_E186,2006-01-01,282,4,44.0,42,https://racing.hkjc.com/en-us/local/information/otherhorse?horseid=HK_2004_E186&Option=1,2026-09-04T13:27:32Z
HK_2004_E186,2006-01-31,354,4,42.0,40,https://racing.hkjc.com/en-us/local/information/otherhorse?horseid=HK_2004_E186&Option=1,2026-09-04T13:27:32Z
HK_2004_E186,2006-05-28,636,4,40.0,43,https://racing.hkjc.com/en-us/local/information/otherhorse?horseid=HK_2004_E186&Option=1,2026-09-04T13:27:32Z
HK_2004_E186,2006-06-25,684,4,43.0,40,https://racing.hkjc.com/en-us/local/information/otherhorse?horseid=HK_2004_E186&Option=1,2026-09-04T13:27:32Z
HK_2004_E186,2006-10-15,76,4,40.0,40,https://racing.hkjc.com/en-us/local/information/otherhorse?horseid=HK_2004_E186&Option=1,2026-09-04T13:27:32Z
HK_2004_E186,2006-11-04,132,5,40.0,40,https://racing.hkjc.com/en-us/local/information/otherhorse?horseid=HK_2004_E186&Option=1,2026-09-04T13:27:32Z
HK_2004_E186,2006-11-26,188,4,40.0,40,https://racing.hkjc.com/en-us/local/information/otherhorse?horseid=HK_2004_E186&Option=1,2026-09-04T13:27:32Z
HK_2004_E186,2006-12-23,258,5,40.0,39,https://racing.hkjc.com/en-us/local/information/otherhorse?horseid=HK_2004_E186&Option=1,2026-09-04T13:27:32Z
HK_2004_E186,2007-03-25,480,5,39.0,38,https://racing.hkjc.com/en-us/local/information/otherhorse?horseid=HK_2004_E186&Option=1,2026-09-04T13:27:32Z
HK_2004_E186,2007-05-24,620,5,38.0,36,https://racing.hkjc.com/en-us/local/information/otherhorse?horseid=HK_2004_E186&Option=1,2026-09-04T13:27:32Z
HK_2004_E190,2005-06-05,647,GRIFFIN,,,https://racing.hkjc.com/en-us/local/information/otherhorse?horseid=HK_2004_E190&Option=1,2026-09-04T13:26:18Z
HK_2004_E190,2005-06-18,675,GRIFFIN,,50.0,https://racing.hkjc.com/en-us/local/information/otherhorse?horseid=HK_2004_E190&Option=1,2026-09-04T13:26:18Z
HK_2004_E190,2005-09-04,4,4,50.0,50.0,https://racing.hkjc.com/en-us/local/information/otherhorse?horseid=HK_2004_E190&Option=1,2026-09-04T13:26:18Z
HK_2004_E190,2005-10-02,64,4,50.0,48.0,https://racing.hkjc.com/en-us/local/information/otherhorse?horseid=HK_2004_E190&Option=1,2026-09-04T13:26:18Z
HK_2004_E190,2005-10-16,92,4,48.0,46.0,https://racing.hkjc.com/en-us/local/information/otherhorse?horseid=HK_2004_E190&Option=1,2026-09-04T13:26:18Z
HK_2004_E190,2005-12-17,253,4,46.0,43.0,https://racing.hkjc.com/en-us/local/information/otherhorse?horseid=HK_2004_E190&Option=1,2026-09-04T13:26:18Z
HK_2004_E190,2006-01-01,282,4,43.0,43.0,https://racing.hkjc.com/en-us/local/information/otherhorse?horseid=HK_2004_E190&Option=1,2026-09-04T13:26:18Z
HK_2004_E190,2006-01-22,334,4,43.0,43.0,https://racing.hkjc.com/en-us/local/information/otherhorse?horseid=HK_2004_E190&Option=1,2026-09-04T13:26:18Z
HK_2004_E190,2006-02-19,400,4,43.0,42.0,https://racing.hkjc.com/en-us/local/information/otherhorse?horseid=HK_2004_E190&Option=1,2026-09-04T13:26:18Z
HK_2004_E190,2006-03-01,428,4,42.0,41.0,https://racing.hkjc.com/en-us/local/information/otherhorse?horseid=HK_2004_E190&Option=1,2026-09-04T13:26:18Z
HK_2004_E190,2006-03-19,465,4,41.0,40.0,https://racing.hkjc.com/en-us/local/information/otherhorse?horseid=HK_2004_E190&Option=1,2026-09-04T13:26:18Z
HK_2004_E190,2006-04-08,512,4,40.0,39.0,https://racing.hkjc.com/en-us/local/information/otherhorse?horseid=HK_2004_E190&Option=1,2026-09-04T13:26:18Z
HK_2004_E190,2006-04-19,537,5,39.0,40.0,https://racing.hkjc.com/en-us/local/information/otherhorse?horseid=HK_2004_E190&Option=1,2026-09-04T13:26:18Z
HK_2004_E190,2006-06-25,682,5,40.0,34.0,https://racing.hkjc.com/en-us/local/information/otherhorse?horseid=HK_2004_E190&Option=1,2026-09-04T13:26:18Z
HK_2004_E190,2006-09-27,40,5,34.0,34.0,https://racing.hkjc.com/en-us/local/information/otherhorse?horseid=HK_2004_E190&Option=1,2026-09-04T13:26:18Z
HK_2004_E190,2006-10-21,96,5,34.0,32.0,https://racing.hkjc.com/en-us/local/information/otherhorse?horseid=HK_2004_E190&Option=1,2026-09-04T13:26:18Z
HK_2004_E190,2006-11-19,166,5,32.0,42.0,https://racing.hkjc.com/en-us/local/information/otherhorse?horseid=HK_2004_E190&Option=1,2026-09-04T13:26:18Z
HK_2004_E190,2006-12-16,241,4,42.0,43.0,https://racing.hkjc.com/en-us/local/information/otherhorse?horseid=HK_2004_E190&Option=1,2026-09-04T13:26:18Z
HK_2004_E190,2006-12-26,269,4,43.0,43.0,https://racing.hkjc.com/en-us/local/information/otherhorse?horseid=HK_2004_E190&Option=1,2026-09-04T13:26:18Z
HK_2004_E190,2007-01-10,297,4,43.0,43.0,https://racing.hkjc.com/en-us/local/information/otherhorse?horseid=HK_2004_E190&Option=1,2026-09-04T13:26:18Z
HK_2004_E190,2007-01-20,324,4,43.0,42.0,https://racing.hkjc.com/en-us/local/information/otherhorse?horseid=HK_2004_E190&Option=1,2026-09-04T13:26:18Z
HK_2004_E190,2007-03-18,458,4,42.0,48.0,https://racing.hkjc.com/en-us/local/information/otherhorse?horseid=HK_2004_E190&Option=1,2026-09-04T13:26:18Z
HK_2004_E190,2007-03-31,492,4,48.0,48.0,https://racing.hkjc.com/en-us/local/information/otherhorse?horseid=HK_2004_E190&Option=1,2026-09-04T13:26:18Z
HK_2004_E190,2007-05-09,588,4,48.0,56.0,https://racing.hkjc.com/en-us/local/information/otherhorse?horseid=HK_2004_E190&Option=1,2026-09-04T13:26:18Z
HK_2004_E190,2007-05-30,644,4,56.0,56.0,https://racing.hkjc.com/en-us/local/information/otherhorse?horseid=HK_2004_E190&Option=1,2026-09-04T13:26:18Z
HK_2004_E190,2007-09-09,4,4,56.0,56.0,https://racing.hkjc.com/en-us/local/information/otherhorse?horseid=HK_2004_E190&Option=1,2026-09-04T13:26:18Z
HK_2004_E190,2007-09-15,21,4,56.0,55.0,https://racing.hkjc.com/en-us/local/information/otherhorse?horseid=HK_2004_E190&Option=1,2026-09-04T13:26:18Z
HK_2004_E190,2007-10-24,110,4,55.0,60.0,https://racing.hkjc.com/en-us/local/information/otherhorse?horseid=HK_2004_E190&Option=1,2026-09-04T13:26:18Z
HK_2004_E190,2007-11-28,199,4,60.0,60.0,https://racing.hkjc.com/en-us/local/information/otherhorse?horseid=HK_2004_E190&Option=1,2026-09-04T13:26:18Z
HK_2004_E190,2008-01-23,341,4,60.0,60.0,https://racing.hkjc.com/en-us/local/information/otherhorse?horseid=HK_2004_E190&Option=1,2026-09-04T13:26:18Z
HK_2004_E190,2008-02-20,405,4,60.0,59.0,https://racing.hkjc.com/en-us/local/information/otherhorse?horseid=HK_2004_E190&Option=1,2026-09-04T13:26:18Z
HK_2004_E190,2008-04-06,516,4,59.0,59.0,https://racing.hkjc.com/en-us/local/information/otherhorse?horseid=HK_2004_E190&Option=1,2026-09-04T13:26:18Z
HK_2004_E192,2005-06-05,652,4,57,55,https://racing.hkjc.com/en-us/local/information/otherhorse?horseid=HK_2004_E192&Option=1,2026-09-04T13:24:16Z
HK_2004_E192,2005-06-26,693,4,55,55,https://racing.hkjc.com/en-us/local/information/otherhorse?horseid=HK_2004_E192&Option=1,2026-09-04T13:24:16Z
HK_2004_E192,2005-06-29,705,4,55,46,https://racing.hkjc.com/en-us/local/information/otherhorse?horseid=HK_2004_E192&Option=1,2026-09-04T13:24:16Z
HK_2004_E192,2005-09-11,17,4,46,46,https://racing.hkjc.com/en-us/local/information/otherhorse?horseid=HK_2004_E192&Option=1,2026-09-04T13:24:16Z
HK_2004_E192,2005-09-24,48,4,46,44,https://racing.hkjc.com/en-us/local/information/otherhorse?horseid=HK_2004_E192&Option=1,2026-09-04T13:24:16Z
HK_2004_E192,2005-11-09,158,4,44,42,https://racing.hkjc.com/en-us/local/information/otherhorse?horseid=HK_2004_E192&Option=1,2026-09-04T13:24:16Z
HK_2004_E192,2005-11-20,181,4,42,40,https://racing.hkjc.com/en-us/local/information/otherhorse?horseid=HK_2004_E192&Option=1,2026-09-04T13:24:16Z
HK_2004_E192,2005-12-14,247,4,40,38,https://racing.hkjc.com/en-us/local/information/otherhorse?horseid=HK_2004_E192&Option=1,2026-09-04T13:24:16Z
HK_2004_E192,2006-01-01,280,5,38,38,https://racing.hkjc.com/en-us/local/information/otherhorse?horseid=HK_2004_E192&Option=1,2026-09-04T13:24:16Z
HK_2004_E192,2006-01-04,288,5,38,34,https://racing.hkjc.com/en-us/local/information/otherhorse?horseid=HK_2004_E192&Option=1,2026-09-04T13:24:16Z
HK_2004_E192,2006-02-15,388,5,34,33,https://racing.hkjc.com/en-us/local/information/otherhorse?horseid=HK_2004_E192&Option=1,2026-09-04T13:24:16Z
HK_2004_E192,2006-03-01,425,5,33,25,https://racing.hkjc.com/en-us/local/information/otherhorse?horseid=HK_2004_E192&Option=1,2026-09-04T13:24:16Z
HK_2004_E192,2006-10-04,57,5,25,25,https://racing.hkjc.com/en-us/local/information/otherhorse?horseid=HK_2004_E192&Option=1,2026-09-04T13:24:16Z
HK_2004_E192,2006-11-04,132,5,25,23,https://racing.hkjc.com/en-us/local/information/otherhorse?horseid=HK_2004_E192&Option=1,2026-09-04T13:24:16Z
HK_2004_E192,2006-12-26,266,5,23,21,https://racing.hkjc.com/en-us/local/information/otherhorse?horseid=HK_2004_E192&Option=1,2026-09-04T13:24:16Z
HK_2004_E192,2007-02-10,376,5,21,19,https://racing.hkjc.com/en-us/local/information/otherhorse?horseid=HK_2004_E192&Option=1,2026-09-04T13:24:16Z
HK_2004_E192,2007-03-07,434,5,19,26,https://racing.hkjc.com/en-us/local/information/otherhorse?horseid=HK_2004_E192&Option=1,2026-09-04T13:24:16Z
HK_2004_E192,2007-05-01,564,5,26,26,https://racing.hkjc.com/en-us/local/information/otherhorse?horseid=HK_2004_E192&Option=1,2026-09-04T13:24:16Z
HK_2004_E192,2007-05-16,605,5,26,26,https://racing.hkjc.com/en-us/local/information/otherhorse?horseid=HK_2004_E192&Option=1,2026-09-04T13:24:16Z
HK_2004_E192,2007-05-27,634,5,26,29,https://racing.hkjc.com/en-us/local/information/otherhorse?horseid=HK_2004_E192&Option=1,2026-09-04T13:24:16Z
HK_2004_E192,2007-06-13,681,5,29,29,https://racing.hkjc.com/en-us/local/information/otherhorse?horseid=HK_2004_E192&Option=1,2026-09-04T13:24:16Z
HK_2004_E192,2007-09-26,50,5,29,29,https://racing.hkjc.com/en-us/local/information/otherhorse?horseid=HK_2004_E192&Option=1,2026-09-04T13:24:16Z
HK_2004_E192,2007-11-28,200,5,29,32,https://racing.hkjc.com/en-us/local/information/otherhorse?horseid=HK_2004_E192&Option=1,2026-09-04T13:24:16Z
HK_2004_E192,2007-12-26,272,5,32,32,https://racing.hkjc.com/en-us/local/information/otherhorse?horseid=HK_2004_E192&Option=1,2026-09-04T13:24:16Z
HK_2004_E192,2008-01-09,300,5,32,31,https://racing.hkjc.com/en-us/local/information/otherhorse?horseid=HK_2004_E192&Option=1,2026-09-04T13:24:16Z
HK_2004_E192,2008-02-02,363,5,31,29,https://racing.hkjc.com/en-us/local/information/otherhorse?horseid=HK_2004_E192&Option=1,2026-09-04T13:24:16Z
HK_2004_E192,2008-02-20,402,5,29,27,https://racing.hkjc.com/en-us/local/information/otherhorse?horseid=HK_2004_E192&Option=1,2026-09-04T13:24:16Z
HK_2004_E192,2008-03-24,485,5,27,26,https://racing.hkjc.com/en-us/local/information/otherhorse?horseid=HK_2004_E192&Option=1,2026-09-04T13:24:16Z
HK_2004_E192,2008-04-09,522,5,26,32,https://racing.hkjc.com/en-us/local/information/otherhorse?horseid=HK_2004_E192&Option=1,2026-09-04T13:24:16Z
HK_2004_E195,2005-03-05,437,GRIFFIN,,,https://racing.hkjc.com/en-us/local/information/otherhorse?horseid=HK_2004_E195&Option=1,2026-09-04T13:33:57Z
HK_2004_E195,2005-04-03,501,GRIFFIN,,,https://racing.hkjc.com/en-us/local/information/otherhorse?horseid=HK_2004_E195&Option=1,2026-09-04T13:33:57Z
HK_2004_E195,2005-04-16,537,GRIFFIN,,,https://racing.hkjc.com/en-us/local/information/otherhorse?horseid=HK_2004_E195&Option=1,2026-09-04T13:33:57Z
HK_2004_E195,2005-05-21,619,GRIFFIN,,,https://racing.hkjc.com/en-us/local/information/otherhorse?horseid=HK_2004_E195&Option=1,2026-09-04T13:33:57Z
HK_2004_E195,2005-06-12,667,P,,61.0,https://racing.hkjc.com/en-us/local/information/otherhorse?horseid=HK_2004_E195&Option=1,2026-09-04T13:33:57Z
HK_2004_E195,2005-09-04,6,3,61.0,61.0,https://racing.hkjc.com/en-us/local/information/otherhorse?horseid=HK_2004_E195&Option=1,2026-09-04T13:33:57Z
HK_2004_E195,2005-10-02,68,3,61.0,67.0,https://racing.hkjc.com/en-us/local/information/otherhorse?horseid=HK_2004_E195&Option=1,2026-09-04T13:33:57Z
HK_2004_E195,2005-10-30,131,3,67.0,67.0,https://racing.hkjc.com/en-us/local/information/otherhorse?horseid=HK_2004_E195&Option=1,2026-09-04T13:33:57Z
HK_2004_E195,2005-11-20,189,3,67.0,67.0,https://racing.hkjc.com/en-us/local/information/otherhorse?horseid=HK_2004_E195&Option=1,2026-09-04T13:33:57Z
HK_2004_E195,2005-12-11,234,3,67.0,67.0,https://racing.hkjc.com/en-us/local/information/otherhorse?horseid=HK_2004_E195&Option=1,2026-09-04T13:33:57Z
HK_2004_E195,2005-12-14,246,3,67.0,67.0,https://racing.hkjc.com/en-us/local/information/otherhorse?horseid=HK_2004_E195&Option=1,2026-09-04T13:33:57Z
HK_2004_E195,2006-01-01,287,3,67.0,66.0,https://racing.hkjc.com/en-us/local/information/otherhorse?horseid=HK_2004_E195&Option=1,2026-09-04T13:33:57Z
HK_2004_E195,2006-02-26,416,3,66.0,67.0,https://racing.hkjc.com/en-us/local/information/otherhorse?horseid=HK_2004_E195&Option=1,2026-09-04T13:33:57Z
HK_2004_E195,2006-03-19,470,3,67.0,68.0,https://racing.hkjc.com/en-us/local/information/otherhorse?horseid=HK_2004_E195&Option=1,2026-09-04T13:33:57Z
HK_2004_E195,2006-04-08,515,3,68.0,68.0,https://racing.hkjc.com/en-us/local/information/otherhorse?horseid=HK_2004_E195&Option=1,2026-09-04T13:33:57Z
HK_2004_E195,2006-04-30,569,3,68.0,68.0,https://racing.hkjc.com/en-us/local/information/otherhorse?horseid=HK_2004_E195&Option=1,2026-09-04T13:33:57Z
HK_2004_E195,2006-05-28,635,3,68.0,68.0,https://racing.hkjc.com/en-us/local/information/otherhorse?horseid=HK_2004_E195&Option=1,2026-09-04T13:33:57Z
HK_2004_E195,2006-06-17,677,3,68.0,68.0,https://racing.hkjc.com/en-us/local/information/otherhorse?horseid=HK_2004_E195&Option=1,2026-09-04T13:33:57Z
HK_2004_E195,2006-06-28,693,3,68.0,66.0,https://racing.hkjc.com/en-us/local/information/otherhorse?horseid=HK_2004_E195&Option=1,2026-09-04T13:33:57Z
HK_2004_E195,2006-09-10,9,3,66.0,66.0,https://racing.hkjc.com/en-us/local/information/otherhorse?horseid=HK_2004_E195&Option=1,2026-09-04T13:33:57Z
HK_2004_E195,2006-10-18,87,3,66.0,65.0,https://racing.hkjc.com/en-us/local/information/otherhorse?horseid=HK_2004_E195&Option=1,2026-09-04T13:33:57Z
HK_2004_E195,2006-11-01,128,3,65.0,73.0,https://racing.hkjc.com/en-us/local/information/otherhorse?horseid=HK_2004_E195&Option=1,2026-09-04T13:33:57Z
HK_2004_E195,2006-11-22,181,3,73.0,73.0,https://racing.hkjc.com/en-us/local/information/otherhorse?horseid=HK_2004_E195&Option=1,2026-09-04T13:33:57Z
HK_2004_E195,2006-12-10,224,3,73.0,73.0,https://racing.hkjc.com/en-us/local/information/otherhorse?horseid=HK_2004_E195&Option=1,2026-09-04T13:33:57Z
HK_2004_E195,2007-01-10,295,3,73.0,72.0,https://racing.hkjc.com/en-us/local/information/otherhorse?horseid=HK_2004_E195&Option=1,2026-09-04T13:33:57Z
HK_2004_E195,2007-01-17,319,3,72.0,70.0,https://racing.hkjc.com/en-us/local/information/otherhorse?horseid=HK_2004_E195&Option=1,2026-09-04T13:33:57Z
HK_2004_E195,2007-03-21,474,3,70.0,69.0,https://racing.hkjc.com/en-us/local/information/otherhorse?horseid=HK_2004_E195&Option=1,2026-09-04T13:33:57Z
HK_2004_E195,2007-04-18,532,2,69.0,75.0,https://racing.hkjc.com/en-us/local/information/otherhorse?horseid=HK_2004_E195&Option=1,2026-09-04T13:33:57Z
HK_2004_E195,2007-05-16,604,3,75.0,78.0,https://racing.hkjc.com/en-us/local/information/otherhorse?horseid=HK_2004_E195&Option=1,2026-09-04T13:33:57Z
HK_2004_E195,2007-05-30,647,3,78.0,78.0,https://racing.hkjc.com/en-us/local/information/otherhorse?horseid=HK_2004_E195&Option=1,2026-09-04T13:33:57Z
HK_2004_E195,2007-06-13,684,3,78.0,78.0,https://racing.hkjc.com/en-us/local/information/otherhorse?horseid=HK_2004_E195&Option=1,2026-09-04T13:33:57Z
HK_2004_E200,2005-10-09,80,4,57,57,https://racing.hkjc.com/en-us/local/information/otherhorse?horseid=HK_2004_E200&Option=1,2026-09-04T13:25:52Z
HK_2004_E200,2005-11-09,154,4,57,56,https://racing.hkjc.com/en-us/local/information/otherhorse?horseid=HK_2004_E200&Option=1,2026-09-04T13:25:52Z
HK_2004_E200,2006-01-01,281,4,56,54,https://racing.hkjc.com/en-us/local/information/otherhorse?horseid=HK_2004_E200&Option=1,2026-09-04T13:25:52Z
HK_2004_E200,2006-01-31,355,4,54,52,https://racing.hkjc.com/en-us/local/information/otherhorse?horseid=HK_2004_E200&Option=1,2026-09-04T13:25:52Z
HK_2004_E200,2006-02-22,408,4,52,51,https://racing.hkjc.com/en-us/local/information/otherhorse?horseid=HK_2004_E200&Option=1,2026-09-04T13:25:52Z
HK_2004_E200,2006-04-26,559,4,51,49,https://racing.hkjc.com/en-us/local/information/otherhorse?horseid=HK_2004_E200&Option=1,2026-09-04T13:25:52Z
HK_2004_E200,2006-05-13,599,4,49,40,https://racing.hkjc.com/en-us/local/information/otherhorse?horseid=HK_2004_E200&Option=1,2026-09-04T13:25:52Z
HK_2004_E200,2006-10-01,47,5,40,42,https://racing.hkjc.com/en-us/local/information/otherhorse?horseid=HK_2004_E200&Option=1,2026-09-04T13:25:52Z
HK_2004_E200,2006-10-18,88,4,42,42,https://racing.hkjc.com/en-us/local/information/otherhorse?horseid=HK_2004_E200&Option=1,2026-09-04T13:25:52Z
HK_2004_E200,2006-11-12,148,4,42,48,https://racing.hkjc.com/en-us/local/information/otherhorse?horseid=HK_2004_E200&Option=1,2026-09-04T13:25:52Z
HK_2004_E200,2006-12-02,206,4,48,48,https://racing.hkjc.com/en-us/local/information/otherhorse?horseid=HK_2004_E200&Option=1,2026-09-04T13:25:52Z
HK_2004_E200,2006-12-23,257,4,48,53,https://racing.hkjc.com/en-us/local/information/otherhorse?horseid=HK_2004_E200&Option=1,2026-09-04T13:25:52Z
HK_2004_E200,2007-01-14,306,4,53,55,https://racing.hkjc.com/en-us/local/information/otherhorse?horseid=HK_2004_E200&Option=1,2026-09-04T13:25:52Z
HK_2004_E200,2007-02-10,378,4,55,61,https://racing.hkjc.com/en-us/local/information/otherhorse?horseid=HK_2004_E200&Option=1,2026-09-04T13:25:52Z
HK_2004_E200,2007-03-04,430,3,61,61,https://racing.hkjc.com/en-us/local/information/otherhorse?horseid=HK_2004_E200&Option=1,2026-09-04T13:25:52Z
HK_2004_E200,2007-03-31,496,3,61,61,https://racing.hkjc.com/en-us/local/information/otherhorse?horseid=HK_2004_E200&Option=1,2026-09-04T13:25:52Z
HK_2004_E200,2007-04-22,543,3,61,64,https://racing.hkjc.com/en-us/local/information/otherhorse?horseid=HK_2004_E200&Option=1,2026-09-04T13:25:52Z
HK_2004_E200,2007-05-12,600,3,64,72,https://racing.hkjc.com/en-us/local/information/otherhorse?horseid=HK_2004_E200&Option=1,2026-09-04T13:25:52Z
HK_2004_E200,2007-06-17,694,3,72,72,https://racing.hkjc.com/en-us/local/information/otherhorse?horseid=HK_2004_E200&Option=1,2026-09-04T13:25:52Z
HK_2004_E200,2007-09-12,17,3,72,72,https://racing.hkjc.com/en-us/local/information/otherhorse?horseid=HK_2004_E200&Option=1,2026-09-04T13:25:52Z
HK_2004_E200,2007-10-01,66,3,72,71,https://racing.hkjc.com/en-us/local/information/otherhorse?horseid=HK_2004_E200&Option=1,2026-09-04T13:25:52Z
HK_2004_E200,2007-10-28,119,3,71,70,https://racing.hkjc.com/en-us/local/information/otherhorse?horseid=HK_2004_E200&Option=1,2026-09-04T13:25:52Z
HK_2004_E200,2007-11-14,167,3,70,70,https://racing.hkjc.com/en-us/local/information/otherhorse?horseid=HK_2004_E200&Option=1,2026-09-04T13:25:52Z
HK_2004_E200,2008-04-02,509,3,70,68,https://racing.hkjc.com/en-us/local/information/otherhorse?horseid=HK_2004_E200&Option=1,2026-09-04T13:25:52Z
HK_2004_E200,2008-04-27,553,3,68,66,https://racing.hkjc.com/en-us/local/information/otherhorse?horseid=HK_2004_E200&Option=1,2026-09-04T13:25:52Z
HK_2004_E200,2008-05-18,608,3,66,63,https://racing.hkjc.com/en-us/local/information/otherhorse?horseid=HK_2004_E200&Option=1,2026-09-04T13:25:52Z
HK_2004_E200,2008-06-08,660,3,63,66,https://racing.hkjc.com/en-us/local/information/otherhorse?horseid=HK_2004_E200&Option=1,2026-09-04T13:25:52Z
HK_2004_E200,2008-06-15,678,3,66,66,https://racing.hkjc.com/en-us/local/information/otherhorse?horseid=HK_2004_E200&Option=1,2026-09-04T13:25:52Z
HK_2004_E200,2008-07-01,716,3,66,62,https://racing.hkjc.com/en-us/local/information/otherhorse?horseid=HK_2004_E200&Option=1,2026-09-04T13:25:52Z
HK_2004_E200,2008-09-15,10,3,62,62,https://racing.hkjc.com/en-us/local/information/otherhorse?horseid=HK_2004_E200&Option=1,2026-09-04T13:25:52Z
HK_2004_E200,2008-10-08,72,3,62,61,https://racing.hkjc.com/en-us/local/information/otherhorse?horseid=HK_2004_E200&Option=1,2026-09-04T13:25:52Z
HK_2004_E200,2008-11-16,154,3,61,60,https://racing.hkjc.com/en-us/local/information/otherhorse?horseid=HK_2004_E200&Option=1,2026-09-04T13:25:52Z
HK_2004_E200,2008-12-06,210,4,60,59,https://racing.hkjc.com/en-us/local/information/otherhorse?horseid=HK_2004_E200&Option=1,2026-09-04T13:25:52Z
HK_2004_E200,2008-12-28,256,4,59,57,https://racing.hkjc.com/en-us/local/information/otherhorse?horseid=HK_2004_E200&Option=1,2026-09-04T13:25:52Z
HK_2004_E200,2009-01-24,333,4,57,55,https://racing.hkjc.com/en-us/local/information/otherhorse?horseid=HK_2004_E200&Option=1,2026-09-04T13:25:52Z
HK_2004_E200,2009-03-04,440,4,55,52,https://racing.hkjc.com/en-us/local/information/otherhorse?horseid=HK_2004_E200&Option=1,2026-09-04T13:25:52Z
HK_2004_E200,2009-04-01,501,4,52,50,https://racing.hkjc.com/en-us/local/information/otherhorse?horseid=HK_2004_E200&Option=1,2026-09-04T13:25:52Z
HK_2004_E200,2009-04-13,530,4,50,47,https://racing.hkjc.com/en-us/local/information/otherhorse?horseid=HK_2004_E200&Option=1,2026-09-04T13:25:52Z
HK_2004_E200,2009-04-22,548,4,47,45,https://racing.hkjc.com/en-us/local/information/otherhorse?horseid=HK_2004_E200&Option=1,2026-09-04T13:25:52Z
HK_2004_E200,2009-05-01,567,4,45,42,https://racing.hkjc.com/en-us/local/information/otherhorse?horseid=HK_2004_E200&Option=1,2026-09-04T13:25:52Z
HK_2004_E200,2009-05-13,607,4,42,39,https://racing.hkjc.com/en-us/local/information/otherhorse?horseid=HK_2004_E200&Option=1,2026-09-04T13:25:52Z
HK_2004_E200,2009-05-21,623,5,39,36,https://racing.hkjc.com/en-us/local/information/otherhorse?horseid=HK_2004_E200&Option=1,2026-09-04T13:25:52Z
HK_2004_E200,2009-06-24,704,5,36,30,https://racing.hkjc.com/en-us/local/information/otherhorse?horseid=HK_2004_E200&Option=1,2026-09-04T13:25:52Z
HK_2004_E200,2009-10-07,67,5,30,29,https://racing.hkjc.com/en-us/local/information/otherhorse?horseid=HK_2004_E200&Option=1,2026-09-04T13:25:52Z
HK_2004_E200,2009-11-04,131,5,29,26,https://racing.hkjc.com/en-us/local/information/otherhorse?horseid=HK_2004_E200&Option=1,2026-09-04T13:25:52Z
HK_2004_E200,2009-11-18,167,5,26,23,https://racing.hkjc.com/en-us/local/information/otherhorse?horseid=HK_2004_E200&Option=1,2026-09-04T13:25:52Z
HK_2004_E200,2009-12-09,221,5,23,22,https://racing.hkjc.com/en-us/local/information/otherhorse?horseid=HK_2004_E200&Option=1,2026-09-04T13:25:52Z
HK_2004_E200,2010-02-10,376,5,22,20,https://racing.hkjc.com/en-us/local/information/otherhorse?horseid=HK_2004_E200&Option=1,2026-09-04T13:25:52Z
HK_2004_E200,2010-03-24,478,5,20,18,https://racing.hkjc.com/en-us/local/information/otherhorse?horseid=HK_2004_E200&Option=1,2026-09-04T13:25:52Z
HK_2004_E200,2010-04-10,525,5,18,21,https://racing.hkjc.com/en-us/local/information/otherhorse?horseid=HK_2004_E200&Option=1,2026-09-04T13:25:52Z
HK_2004_E200,2010-05-05,580,5,21,21,https://racing.hkjc.com/en-us/local/information/otherhorse?horseid=HK_2004_E200&Option=1,2026-09-04T13:25:52Z
HK_2004_E200,2010-05-23,627,5,21,19,https://racing.hkjc.com/en-us/local/information/otherhorse?horseid=HK_2004_E200&Option=1,2026-09-04T13:25:52Z
HK_2004_E200,2010-06-06,663,5,19,17,https://racing.hkjc.com/en-us/local/information/otherhorse?horseid=HK_2004_E200&Option=1,2026-09-04T13:25:52Z
HK_2004_E200,2010-06-16,689,5,17,14,https://racing.hkjc.com/en-us/local/information/otherhorse?horseid=HK_2004_E200&Option=1,2026-09-04T13:25:52Z
HK_2004_E207,2005-10-09,87,3,76,76,https://racing.hkjc.com/en-us/local/information/otherhorse?horseid=HK_2004_E207&Option=1,2026-09-04T13:33:39Z
HK_2004_E207,2005-10-30,134,2,76,76,https://racing.hkjc.com/en-us/local/information/otherhorse?horseid=HK_2004_E207&Option=1,2026-09-04T13:33:39Z
HK_2004_E207,2005-11-13,171,3,76,75,https://racing.hkjc.com/en-us/local/information/otherhorse?horseid=HK_2004_E207&Option=1,2026-09-04T13:33:39Z
HK_2004_E207,2005-11-27,203,2,75,77,https://racing.hkjc.com/en-us/local/information/otherhorse?horseid=HK_2004_E207&Option=1,2026-09-04T13:33:39Z
HK_2004_E207,2006-01-01,287,3,77,77,https://racing.hkjc.com/en-us/local/information/otherhorse?horseid=HK_2004_E207&Option=1,2026-09-04T13:33:39Z
HK_2004_E207,2006-01-18,331,3,77,76,https://racing.hkjc.com/en-us/local/information/otherhorse?horseid=HK_2004_E207&Option=1,2026-09-04T13:33:39Z
HK_2004_E207,2006-03-19,469,3,76,74,https://racing.hkjc.com/en-us/local/information/otherhorse?horseid=HK_2004_E207&Option=1,2026-09-04T13:33:39Z
HK_2004_E207,2006-04-01,507,3,74,73,https://racing.hkjc.com/en-us/local/information/otherhorse?horseid=HK_2004_E207&Option=1,2026-09-04T13:33:39Z
HK_2004_E207,2006-04-23,550,3,73,71,https://racing.hkjc.com/en-us/local/information/otherhorse?horseid=HK_2004_E207&Option=1,2026-09-04T13:33:39Z
HK_2004_E207,2006-05-07,589,3,71,72,https://racing.hkjc.com/en-us/local/information/otherhorse?horseid=HK_2004_E207&Option=1,2026-09-04T13:33:39Z
HK_2004_E207,2006-06-04,652,3,72,68,https://racing.hkjc.com/en-us/local/information/otherhorse?horseid=HK_2004_E207&Option=1,2026-09-04T13:33:39Z
HK_2004_E207,2006-12-26,273,3,68,71,https://racing.hkjc.com/en-us/local/information/otherhorse?horseid=HK_2004_E207&Option=1,2026-09-04T13:33:39Z
HK_2004_E207,2007-02-25,411,3,71,71,https://racing.hkjc.com/en-us/local/information/otherhorse?horseid=HK_2004_E207&Option=1,2026-09-04T13:33:39Z
HK_2004_E207,2007-03-18,461,3,71,77,https://racing.hkjc.com/en-us/local/information/otherhorse?horseid=HK_2004_E207&Option=1,2026-09-04T13:33:39Z
HK_2004_E207,2007-04-18,532,2,77,77,https://racing.hkjc.com/en-us/local/information/otherhorse?horseid=HK_2004_E207&Option=1,2026-09-04T13:33:39Z
HK_2004_E207,2007-05-01,573,3,77,77,https://racing.hkjc.com/en-us/local/information/otherhorse?horseid=HK_2004_E207&Option=1,2026-09-04T13:33:39Z
HK_2004_E207,2007-05-27,636,3,77,77,https://racing.hkjc.com/en-us/local/information/otherhorse?horseid=HK_2004_E207&Option=1,2026-09-04T13:33:39Z
HK_2004_E207,2007-11-25,192,3,77,77,https://racing.hkjc.com/en-us/local/information/otherhorse?horseid=HK_2004_E207&Option=1,2026-09-04T13:33:39Z
HK_2004_E207,2007-12-26,277,3,77,75,https://racing.hkjc.com/en-us/local/information/otherhorse?horseid=HK_2004_E207&Option=1,2026-09-04T13:33:39Z
HK_2004_E207,2008-02-24,416,3,75,73,https://racing.hkjc.com/en-us/local/information/otherhorse?horseid=HK_2004_E207&Option=1,2026-09-04T13:33:39Z
HK_2004_E207,2008-03-01,429,3,73,71,https://racing.hkjc.com/en-us/local/information/otherhorse?horseid=HK_2004_E207&Option=1,2026-09-04T13:33:39Z
HK_2004_E207,2008-03-30,501,3,71,72,https://racing.hkjc.com/en-us/local/information/otherhorse?horseid=HK_2004_E207&Option=1,2026-09-04T13:33:39Z
HK_2004_E207,2008-04-27,553,3,72,72,https://racing.hkjc.com/en-us/local/information/otherhorse?horseid=HK_2004_E207&Option=1,2026-09-04T13:33:39Z
HK_2004_E207,2008-05-12,595,3,72,79,https://racing.hkjc.com/en-us/local/information/otherhorse?horseid=HK_2004_E207&Option=1,2026-09-04T13:33:39Z
HK_2004_E207,2008-05-28,634,3,79,80,https://racing.hkjc.com/en-us/local/information/otherhorse?horseid=HK_2004_E207&Option=1,2026-09-04T13:33:39Z
HK_2004_E207,2008-06-15,682,3,80,80,https://racing.hkjc.com/en-us/local/information/otherhorse?horseid=HK_2004_E207&Option=1,2026-09-04T13:33:39Z
HK_2004_E207,2008-10-29,119,3,80,80,https://racing.hkjc.com/en-us/local/information/otherhorse?horseid=HK_2004_E207&Option=1,2026-09-04T13:33:39Z
HK_2004_E207,2008-11-30,196,3,80,80,https://racing.hkjc.com/en-us/local/information/otherhorse?horseid=HK_2004_E207&Option=1,2026-09-04T13:33:39Z
HK_2004_E207,2008-12-17,243,3,80,79,https://racing.hkjc.com/en-us/local/information/otherhorse?horseid=HK_2004_E207&Option=1,2026-09-04T13:33:39Z
HK_2004_E207,2009-01-07,291,3,79,77,https://racing.hkjc.com/en-us/local/information/otherhorse?horseid=HK_2004_E207&Option=1,2026-09-04T13:33:39Z
HK_2004_E207,2009-02-11,384,3,77,77,https://racing.hkjc.com/en-us/local/information/otherhorse?horseid=HK_2004_E207&Option=1,2026-09-04T13:33:39Z
HK_2004_E210,2005-04-24,556,3,80,82,https://racing.hkjc.com/en-us/local/information/otherhorse?horseid=HK_2004_E210&Option=1,2026-09-04T13:31:43Z
HK_2004_E210,2005-06-01,644,2,82,82,https://racing.hkjc.com/en-us/local/information/otherhorse?horseid=HK_2004_E210&Option=1,2026-09-04T13:31:43Z
HK_2004_E210,2005-11-27,203,2,82,87,https://racing.hkjc.com/en-us/local/information/otherhorse?horseid=HK_2004_E210&Option=1,2026-09-04T13:31:43Z
HK_2004_E210,2006-01-01,286,2,87,93,https://racing.hkjc.com/en-us/local/information/otherhorse?horseid=HK_2004_E210&Option=1,2026-09-04T13:31:43Z
HK_2004_E210,2006-02-05,366,4YO,93,98,https://racing.hkjc.com/en-us/local/information/otherhorse?horseid=HK_2004_E210&Option=1,2026-09-04T13:31:43Z
HK_2004_E210,2006-03-04,439,4YO,98,106,https://racing.hkjc.com/en-us/local/information/otherhorse?horseid=HK_2004_E210&Option=1,2026-09-04T13:31:43Z
HK_2004_E210,2006-03-26,487,4YO,106,106,https://racing.hkjc.com/en-us/local/information/otherhorse?horseid=HK_2004_E210&Option=1,2026-09-04T13:31:43Z
HK_2004_E210,2006-05-13,605,1,106,106,https://racing.hkjc.com/en-us/local/information/otherhorse?horseid=HK_2004_E210&Option=1,2026-09-04T13:31:43Z
HK_2004_E210,2006-10-15,81,1,106,112,https://racing.hkjc.com/en-us/local/information/otherhorse?horseid=HK_2004_E210&Option=1,2026-09-04T13:31:43Z
HK_2004_E210,2006-11-12,149,3YO+,112,118,https://racing.hkjc.com/en-us/local/information/otherhorse?horseid=HK_2004_E210&Option=1,2026-09-04T13:31:43Z
HK_2004_E210,2006-12-10,226,3YO+,118,118,https://racing.hkjc.com/en-us/local/information/otherhorse?horseid=HK_2004_E210&Option=1,2026-09-04T13:31:43Z
HK_2004_E210,2007-01-28,345,3YO+,118,123,https://racing.hkjc.com/en-us/local/information/otherhorse?horseid=HK_2004_E210&Option=1,2026-09-04T13:31:43Z
HK_2004_E210,2008-02-24,415,3YO+,123,123,https://racing.hkjc.com/en-us/local/information/otherhorse?horseid=HK_2004_E210&Option=1,2026-09-04T13:31:43Z
HK_2004_E210,2008-04-06,517,3YO+,123,121,https://racing.hkjc.com/en-us/local/information/otherhorse?horseid=HK_2004_E210&Option=1,2026-09-04T13:31:43Z
HK_2004_E214,2005-05-21,619,GRIFFIN,,,https://racing.hkjc.com/en-us/local/information/otherhorse?horseid=HK_2004_E214&Option=1,2026-09-04T13:25:09Z
HK_2004_E214,2005-06-18,675,GRIFFIN,,45.0,https://racing.hkjc.com/en-us/local/information/otherhorse?horseid=HK_2004_E214&Option=1,2026-09-04T13:25:09Z
HK_2004_E214,2005-10-30,126,4,45.0,45.0,https://racing.hkjc.com/en-us/local/information/otherhorse?horseid=HK_2004_E214&Option=1,2026-09-04T13:25:09Z
HK_2004_E214,2005-12-14,244,4,45.0,45.0,https://racing.hkjc.com/en-us/local/information/otherhorse?horseid=HK_2004_E214&Option=1,2026-09-04T13:25:09Z
HK_2004_E214,2006-01-01,281,4,45.0,44.0,https://racing.hkjc.com/en-us/local/information/otherhorse?horseid=HK_2004_E214&Option=1,2026-09-04T13:25:09Z
HK_2004_E214,2006-02-08,372,4,44.0,43.0,https://racing.hkjc.com/en-us/local/information/otherhorse?horseid=HK_2004_E214&Option=1,2026-09-04T13:25:09Z
HK_2004_E214,2006-02-26,420,4,43.0,41.0,https://racing.hkjc.com/en-us/local/information/otherhorse?horseid=HK_2004_E214&Option=1,2026-09-04T13:25:09Z
HK_2004_E214,2006-04-08,513,4,41.0,39.0,https://racing.hkjc.com/en-us/local/information/otherhorse?horseid=HK_2004_E214&Option=1,2026-09-04T13:25:09Z
HK_2004_E214,2006-04-30,563,5,39.0,35.0,https://racing.hkjc.com/en-us/local/information/otherhorse?horseid=HK_2004_E214&Option=1,2026-09-04T13:25:09Z
HK_2004_E214,2007-11-11,154,5,35.0,35.0,https://racing.hkjc.com/en-us/local/information/otherhorse?horseid=HK_2004_E214&Option=1,2026-09-04T13:25:09Z
HK_2004_E214,2007-12-15,244,5,35.0,33.0,https://racing.hkjc.com/en-us/local/information/otherhorse?horseid=HK_2004_E214&Option=1,2026-09-04T13:25:09Z
HK_2004_E214,2007-12-26,270,5,33.0,30.0,https://racing.hkjc.com/en-us/local/information/otherhorse?horseid=HK_2004_E214&Option=1,2026-09-04T13:25:09Z
HK_2004_E214,2008-01-12,311,5,30.0,31.0,https://racing.hkjc.com/en-us/local/information/otherhorse?horseid=HK_2004_E214&Option=1,2026-09-04T13:25:09Z
HK_2004_E214,2008-02-09,372,5,31.0,32.0,https://racing.hkjc.com/en-us/local/information/otherhorse?horseid=HK_2004_E214&Option=1,2026-09-04T13:25:09Z
HK_2004_E214,2008-03-16,464,5,32.0,32.0,https://racing.hkjc.com/en-us/local/information/otherhorse?horseid=HK_2004_E214&Option=1,2026-09-04T13:25:09Z
HK_2004_E214,2008-03-30,494,5,32.0,31.0,https://racing.hkjc.com/en-us/local/information/otherhorse?horseid=HK_2004_E214&Option=1,2026-09-04T13:25:09Z
HK_2004_E214,2008-05-04,571,5,31.0,29.0,https://racing.hkjc.com/en-us/local/information/otherhorse?horseid=HK_2004_E214&Option=1,2026-09-04T13:25:09Z
HK_2004_E214,2008-05-18,609,5,29.0,27.0,https://racing.hkjc.com/en-us/local/information/otherhorse?horseid=HK_2004_E214&Option=1,2026-09-04T13:25:09Z
HK_2004_E214,2008-06-08,657,5,27.0,25.0,https://racing.hkjc.com/en-us/local/information/otherhorse?horseid=HK_2004_E214&Option=1,2026-09-04T13:25:09Z
HK_2004_E214,2008-06-28,703,5,25.0,20.0,https://racing.hkjc.com/en-us/local/information/otherhorse?horseid=HK_2004_E214&Option=1,2026-09-04T13:25:09Z
HK_2004_E214,2008-09-28,38,5,20.0,24.0,https://racing.hkjc.com/en-us/local/information/otherhorse?horseid=HK_2004_E214&Option=1,2026-09-04T13:25:09Z
HK_2004_E214,2008-11-08,145,5,24.0,24.0,https://racing.hkjc.com/en-us/local/information/otherhorse?horseid=HK_2004_E214&Option=1,2026-09-04T13:25:09Z
HK_2004_E214,2008-12-20,245,5,24.0,24.0,https://racing.hkjc.com/en-us/local/information/otherhorse?horseid=HK_2004_E214&Option=1,2026-09-04T13:25:09Z
HK_2004_E214,2009-01-01,265,5,24.0,23.0,https://racing.hkjc.com/en-us/local/information/otherhorse?horseid=HK_2004_E214&Option=1,2026-09-04T13:25:09Z
HK_2004_E214,2009-01-18,312,5,23.0,21.0,https://racing.hkjc.com/en-us/local/information/otherhorse?horseid=HK_2004_E214&Option=1,2026-09-04T13:25:09Z
HK_2004_E260,2005-06-05,652,4,52,53,https://racing.hkjc.com/en-us/local/information/otherhorse?horseid=HK_2004_E260&Option=1,2026-09-04T13:31:03Z
HK_2004_E260,2005-09-17,41,4,53,59,https://racing.hkjc.com/en-us/local/information/otherhorse?horseid=HK_2004_E260&Option=1,2026-09-04T13:31:03Z
HK_2004_E260,2005-10-02,66,4,59,68,https://racing.hkjc.com/en-us/local/information/otherhorse?horseid=HK_2004_E260&Option=1,2026-09-04T13:31:03Z
HK_2004_E260,2005-10-30,135,3,68,69,https://racing.hkjc.com/en-us/local/information/otherhorse?horseid=HK_2004_E260&Option=1,2026-09-04T13:31:03Z
HK_2004_E260,2005-11-20,188,3,69,70,https://racing.hkjc.com/en-us/local/information/otherhorse?horseid=HK_2004_E260&Option=1,2026-09-04T13:31:03Z
HK_2004_E260,2005-12-14,249,3,70,71,https://racing.hkjc.com/en-us/local/information/otherhorse?horseid=HK_2004_E260&Option=1,2026-09-04T13:31:03Z
HK_2004_E260,2006-01-01,285,3,71,71,https://racing.hkjc.com/en-us/local/information/otherhorse?horseid=HK_2004_E260&Option=1,2026-09-04T13:31:03Z
HK_2004_E260,2006-05-07,588,3,71,72,https://racing.hkjc.com/en-us/local/information/otherhorse?horseid=HK_2004_E260&Option=1,2026-09-04T13:31:03Z
HK_2004_E260,2006-05-21,620,3,72,72,https://racing.hkjc.com/en-us/local/information/otherhorse?horseid=HK_2004_E260&Option=1,2026-09-04T13:31:03Z
HK_2004_E260,2006-06-04,648,3,72,80,https://racing.hkjc.com/en-us/local/information/otherhorse?horseid=HK_2004_E260&Option=1,2026-09-04T13:31:03Z
HK_2004_E260,2006-06-25,690,3,80,80,https://racing.hkjc.com/en-us/local/information/otherhorse?horseid=HK_2004_E260&Option=1,2026-09-04T13:31:03Z
HK_2004_E260,2006-07-02,706,2,80,79,https://racing.hkjc.com/en-us/local/information/otherhorse?horseid=HK_2004_E260&Option=1,2026-09-04T13:31:03Z
HK_2004_E260,2006-09-16,20,3,79,79,https://racing.hkjc.com/en-us/local/information/otherhorse?horseid=HK_2004_E260&Option=1,2026-09-04T13:31:03Z
HK_2004_E260,2006-10-01,55,3,79,86,https://racing.hkjc.com/en-us/local/information/otherhorse?horseid=HK_2004_E260&Option=1,2026-09-04T13:31:03Z
HK_2004_E260,2006-10-15,83,2,86,86,https://racing.hkjc.com/en-us/local/information/otherhorse?horseid=HK_2004_E260&Option=1,2026-09-04T13:31:03Z
HK_2004_E272,2005-11-13,167,2,85,85,https://racing.hkjc.com/en-us/local/information/otherhorse?horseid=HK_2004_E272&Option=1,2026-09-04T13:32:27Z
HK_2004_E272,2005-12-03,224,2,85,85,https://racing.hkjc.com/en-us/local/information/otherhorse?horseid=HK_2004_E272&Option=1,2026-09-04T13:32:27Z
HK_2004_E272,2005-12-17,259,2,85,87,https://racing.hkjc.com/en-us/local/information/otherhorse?horseid=HK_2004_E272&Option=1,2026-09-04T13:32:27Z
HK_2004_E272,2006-01-01,286,2,87,87,https://racing.hkjc.com/en-us/local/information/otherhorse?horseid=HK_2004_E272&Option=1,2026-09-04T13:32:27Z
HK_2004_E272,2006-01-15,318,2,87,87,https://racing.hkjc.com/en-us/local/information/otherhorse?horseid=HK_2004_E272&Option=1,2026-09-04T13:32:27Z
HK_2004_E272,2006-01-31,357,2,87,90,https://racing.hkjc.com/en-us/local/information/otherhorse?horseid=HK_2004_E272&Option=1,2026-09-04T13:32:27Z
HK_2004_E272,2006-02-11,384,2,90,90,https://racing.hkjc.com/en-us/local/information/otherhorse?horseid=HK_2004_E272&Option=1,2026-09-04T13:32:27Z
HK_2004_E272,2006-03-04,441,2,90,89,https://racing.hkjc.com/en-us/local/information/otherhorse?horseid=HK_2004_E272&Option=1,2026-09-04T13:32:27Z
HK_2004_E272,2006-03-22,478,2,89,89,https://racing.hkjc.com/en-us/local/information/otherhorse?horseid=HK_2004_E272&Option=1,2026-09-04T13:32:27Z
HK_2004_E272,2006-04-01,503,2,89,88,https://racing.hkjc.com/en-us/local/information/otherhorse?horseid=HK_2004_E272&Option=1,2026-09-04T13:32:27Z
HK_2004_E272,2006-04-15,535,2,88,95,https://racing.hkjc.com/en-us/local/information/otherhorse?horseid=HK_2004_E272&Option=1,2026-09-04T13:32:27Z
HK_2004_E272,2006-04-26,560,2,95,95,https://racing.hkjc.com/en-us/local/information/otherhorse?horseid=HK_2004_E272&Option=1,2026-09-04T13:32:27Z
HK_2004_E272,2006-05-10,597,2,95,96,https://racing.hkjc.com/en-us/local/information/otherhorse?horseid=HK_2004_E272&Option=1,2026-09-04T13:32:27Z
HK_2004_E272,2006-06-10,668,2,96,98,https://racing.hkjc.com/en-us/local/information/otherhorse?horseid=HK_2004_E272&Option=1,2026-09-04T13:32:27Z
HK_2004_E272,2006-06-25,688,1,98,97,https://racing.hkjc.com/en-us/local/information/otherhorse?horseid=HK_2004_E272&Option=1,2026-09-04T13:32:27Z
HK_2004_E272,2006-10-21,100,2,97,103,https://racing.hkjc.com/en-us/local/information/otherhorse?horseid=HK_2004_E272&Option=1,2026-09-04T13:32:27Z
HK_2004_E272,2006-11-07,146,1,103,103,https://racing.hkjc.com/en-us/local/information/otherhorse?horseid=HK_2004_E272&Option=1,2026-09-04T13:32:27Z
HK_2004_E272,2006-11-26,189,1,103,103,https://racing.hkjc.com/en-us/local/information/otherhorse?horseid=HK_2004_E272&Option=1,2026-09-04T13:32:27Z
HK_2004_E272,2006-12-10,222,1,103,103,https://racing.hkjc.com/en-us/local/information/otherhorse?horseid=HK_2004_E272&Option=1,2026-09-04T13:32:27Z
HK_2004_E272,2006-12-23,260,1,103,102,https://racing.hkjc.com/en-us/local/information/otherhorse?horseid=HK_2004_E272&Option=1,2026-09-04T13:32:27Z
HK_2004_E272,2007-03-31,494,1,102,100,https://racing.hkjc.com/en-us/local/information/otherhorse?horseid=HK_2004_E272&Option=1,2026-09-04T13:32:27Z
HK_2004_E272,2007-04-18,533,1,100,99,https://racing.hkjc.com/en-us/local/information/otherhorse?horseid=HK_2004_E272&Option=1,2026-09-04T13:32:27Z
HK_2004_E272,2007-05-01,570,1,99,98,https://racing.hkjc.com/en-us/local/information/otherhorse?horseid=HK_2004_E272&Option=1,2026-09-04T13:32:27Z
HK_2004_E272,2007-05-12,597,2,98,98,https://racing.hkjc.com/en-us/local/information/otherhorse?horseid=HK_2004_E272&Option=1,2026-09-04T13:32:27Z
HK_2004_E272,2007-06-09,675,2,98,100,https://racing.hkjc.com/en-us/local/information/otherhorse?horseid=HK_2004_E272&Option=1,2026-09-04T13:32:27Z
HK_2004_E272,2007-06-24,704,1,100,100,https://racing.hkjc.com/en-us/local/information/otherhorse?horseid=HK_2004_E272&Option=1,2026-09-04T13:32:27Z
HK_2004_E272,2007-09-09,8,1,100,100,https://racing.hkjc.com/en-us/local/information/otherhorse?horseid=HK_2004_E272&Option=1,2026-09-04T13:32:27Z
HK_2004_E272,2007-10-28,120,2,100,98,https://racing.hkjc.com/en-us/local/information/otherhorse?horseid=HK_2004_E272&Option=1,2026-09-04T13:32:27Z
HK_2004_E272,2007-11-17,172,2,98,97,https://racing.hkjc.com/en-us/local/information/otherhorse?horseid=HK_2004_E272&Option=1,2026-09-04T13:32:27Z
HK_2004_E272,2007-11-28,203,1,97,95,https://racing.hkjc.com/en-us/local/information/otherhorse?horseid=HK_2004_E272&Option=1,2026-09-04T13:32:27Z
HK_2004_E272,2007-12-19,257,1,95,93,https://racing.hkjc.com/en-us/local/information/otherhorse?horseid=HK_2004_E272&Option=1,2026-09-04T13:32:27Z
HK_2004_E272,2008-01-09,307,2,93,92,https://racing.hkjc.com/en-us/local/information/otherhorse?horseid=HK_2004_E272&Option=1,2026-09-04T13:32:27Z
HK_2004_E272,2008-01-27,348,2,92,100,https://racing.hkjc.com/en-us/local/information/otherhorse?horseid=HK_2004_E272&Option=1,2026-09-04T13:32:27Z
HK_2004_E272,2008-02-09,375,1,100,100,https://racing.hkjc.com/en-us/local/information/otherhorse?horseid=HK_2004_E272&Option=1,2026-09-04T13:32:27Z
HK_2004_E272,2008-03-01,434,2,100,100,https://racing.hkjc.com/en-us/local/information/otherhorse?horseid=HK_2004_E272&Option=1,2026-09-04T13:32:27Z
HK_2004_E272,2008-03-12,462,2,100,103,https://racing.hkjc.com/en-us/local/information/otherhorse?horseid=HK_2004_E272&Option=1,2026-09-04T13:32:27Z
HK_2004_E272,2008-03-24,491,1,103,103,https://racing.hkjc.com/en-us/local/information/otherhorse?horseid=HK_2004_E272&Option=1,2026-09-04T13:32:27Z
HK_2004_E275,2005-10-19,101,4,52,52,https://racing.hkjc.com/en-us/local/information/otherhorse?horseid=HK_2004_E275&Option=1,2026-09-04T13:22:56Z
HK_2004_E275,2005-11-13,163,4,52,50,https://racing.hkjc.com/en-us/local/information/otherhorse?horseid=HK_2004_E275&Option=1,2026-09-04T13:22:56Z
HK_2004_E275,2005-11-30,210,4,50,50,https://racing.hkjc.com/en-us/local/information/otherhorse?horseid=HK_2004_E275&Option=1,2026-09-04T13:22:56Z
HK_2004_E275,2005-12-17,250,4,50,51,https://racing.hkjc.com/en-us/local/information/otherhorse?horseid=HK_2004_E275&Option=1,2026-09-04T13:22:56Z
HK_2004_E275,2006-01-01,279,4,51,51,https://racing.hkjc.com/en-us/local/information/otherhorse?horseid=HK_2004_E275&Option=1,2026-09-04T13:22:56Z
HK_2004_E275,2006-01-31,351,4,51,50,https://racing.hkjc.com/en-us/local/information/otherhorse?horseid=HK_2004_E275&Option=1,2026-09-04T13:22:56Z
HK_2004_E275,2006-02-11,382,4,50,49,https://racing.hkjc.com/en-us/local/information/otherhorse?horseid=HK_2004_E275&Option=1,2026-09-04T13:22:56Z
HK_2004_E275,2006-03-15,456,4,49,49,https://racing.hkjc.com/en-us/local/information/otherhorse?horseid=HK_2004_E275&Option=1,2026-09-04T13:22:56Z
HK_2004_E275,2006-03-22,476,4,49,54,https://racing.hkjc.com/en-us/local/information/otherhorse?horseid=HK_2004_E275&Option=1,2026-09-04T13:22:56Z
HK_2004_E275,2006-04-12,522,4,54,54,https://racing.hkjc.com/en-us/local/information/otherhorse?horseid=HK_2004_E275&Option=1,2026-09-04T13:22:56Z
HK_2004_E275,2006-05-10,590,4,54,54,https://racing.hkjc.com/en-us/local/information/otherhorse?horseid=HK_2004_E275&Option=1,2026-09-04T13:22:56Z
HK_2004_E275,2006-05-28,634,4,54,53,https://racing.hkjc.com/en-us/local/information/otherhorse?horseid=HK_2004_E275&Option=1,2026-09-04T13:22:56Z
HK_2004_E275,2006-06-10,664,4,53,52,https://racing.hkjc.com/en-us/local/information/otherhorse?horseid=HK_2004_E275&Option=1,2026-09-04T13:22:56Z
HK_2004_E275,2006-06-28,692,4,52,49,https://racing.hkjc.com/en-us/local/information/otherhorse?horseid=HK_2004_E275&Option=1,2026-09-04T13:22:56Z
HK_2004_E275,2006-09-20,23,4,49,49,https://racing.hkjc.com/en-us/local/information/otherhorse?horseid=HK_2004_E275&Option=1,2026-09-04T13:22:56Z
HK_2004_E275,2006-10-18,86,4,49,47,https://racing.hkjc.com/en-us/local/information/otherhorse?horseid=HK_2004_E275&Option=1,2026-09-04T13:22:56Z
HK_2004_E275,2006-11-07,142,4,47,45,https://racing.hkjc.com/en-us/local/information/otherhorse?horseid=HK_2004_E275&Option=1,2026-09-04T13:22:56Z
HK_2004_E275,2006-11-22,179,4,45,43,https://racing.hkjc.com/en-us/local/information/otherhorse?horseid=HK_2004_E275&Option=1,2026-09-04T13:22:56Z
HK_2004_E275,2006-12-13,233,4,43,43,https://racing.hkjc.com/en-us/local/information/otherhorse?horseid=HK_2004_E275&Option=1,2026-09-04T13:22:56Z
HK_2004_E275,2006-12-20,247,4,43,42,https://racing.hkjc.com/en-us/local/information/otherhorse?horseid=HK_2004_E275&Option=1,2026-09-04T13:22:56Z
HK_2004_E275,2007-01-01,277,4,42,41,https://racing.hkjc.com/en-us/local/information/otherhorse?horseid=HK_2004_E275&Option=1,2026-09-04T13:22:56Z
HK_2004_E275,2007-01-17,316,4,41,40,https://racing.hkjc.com/en-us/local/information/otherhorse?horseid=HK_2004_E275&Option=1,2026-09-04T13:22:56Z
HK_2004_E275,2007-01-28,338,5,40,39,https://racing.hkjc.com/en-us/local/information/otherhorse?horseid=HK_2004_E275&Option=1,2026-09-04T13:22:56Z
HK_2004_E275,2007-02-28,413,5,39,38,https://racing.hkjc.com/en-us/local/information/otherhorse?horseid=HK_2004_E275&Option=1,2026-09-04T13:22:56Z
HK_2004_E275,2007-03-14,451,5,38,36,https://racing.hkjc.com/en-us/local/information/otherhorse?horseid=HK_2004_E275&Option=1,2026-09-04T13:22:56Z
HK_2004_E275,2007-03-21,469,5,36,34,https://racing.hkjc.com/en-us/local/information/otherhorse?horseid=HK_2004_E275&Option=1,2026-09-04T13:22:56Z
HK_2004_E275,2007-04-09,506,5,34,33,https://racing.hkjc.com/en-us/local/information/otherhorse?horseid=HK_2004_E275&Option=1,2026-09-04T13:22:56Z
HK_2004_E275,2007-04-14,519,5,33,31,https://racing.hkjc.com/en-us/local/information/otherhorse?horseid=HK_2004_E275&Option=1,2026-09-04T13:22:56Z
HK_2004_E275,2007-05-06,574,5,31,26,https://racing.hkjc.com/en-us/local/information/otherhorse?horseid=HK_2004_E275&Option=1,2026-09-04T13:22:56Z
HK_2004_E275,2007-09-09,1,5,26,26,https://racing.hkjc.com/en-us/local/information/otherhorse?horseid=HK_2004_E275&Option=1,2026-09-04T13:22:56Z
HK_2004_E275,2007-10-31,125,5,26,24,https://racing.hkjc.com/en-us/local/information/otherhorse?horseid=HK_2004_E275&Option=1,2026-09-04T13:22:56Z
HK_2004_E275,2007-11-21,179,5,24,25,https://racing.hkjc.com/en-us/local/information/otherhorse?horseid=HK_2004_E275&Option=1,2026-09-04T13:22:56Z
HK_2004_E275,2007-12-23,262,5,25,25,https://racing.hkjc.com/en-us/local/information/otherhorse?horseid=HK_2004_E275&Option=1,2026-09-04T13:22:56Z
HK_2004_E275,2008-01-01,279,5,25,25,https://racing.hkjc.com/en-us/local/information/otherhorse?horseid=HK_2004_E275&Option=1,2026-09-04T13:22:56Z
HK_2004_E275,2008-01-16,321,5,25,25,https://racing.hkjc.com/en-us/local/information/otherhorse?horseid=HK_2004_E275&Option=1,2026-09-04T13:22:56Z
HK_2004_E275,2008-01-30,355,5,25,24,https://racing.hkjc.com/en-us/local/information/otherhorse?horseid=HK_2004_E275&Option=1,2026-09-04T13:22:56Z
HK_2004_E275,2008-02-27,420,5,24,22,https://racing.hkjc.com/en-us/local/information/otherhorse?horseid=HK_2004_E275&Option=1,2026-09-04T13:22:56Z
HK_2004_E275,2008-03-24,484,5,22,24,https://racing.hkjc.com/en-us/local/information/otherhorse?horseid=HK_2004_E275&Option=1,2026-09-04T13:22:56Z
HK_2004_E275,2008-05-01,559,5,24,24,https://racing.hkjc.com/en-us/local/information/otherhorse?horseid=HK_2004_E275&Option=1,2026-09-04T13:22:56Z
HK_2004_E275,2008-05-07,579,5,24,22,https://racing.hkjc.com/en-us/local/information/otherhorse?horseid=HK_2004_E275&Option=1,2026-09-04T13:22:56Z
HK_2004_E275,2008-06-01,638,5,22,27,https://racing.hkjc.com/en-us/local/information/otherhorse?horseid=HK_2004_E275&Option=1,2026-09-04T13:22:56Z
HK_2004_E275,2008-06-15,674,5,27,27,https://racing.hkjc.com/en-us/local/information/otherhorse?horseid=HK_2004_E275&Option=1,2026-09-04T13:22:56Z
HK_2004_E275,2008-09-15,2,5,27,27,https://racing.hkjc.com/en-us/local/information/otherhorse?horseid=HK_2004_E275&Option=1,2026-09-04T13:22:56Z
HK_2004_E275,2008-09-24,30,5,27,32,https://racing.hkjc.com/en-us/local/information/otherhorse?horseid=HK_2004_E275&Option=1,2026-09-04T13:22:56Z
HK_2004_E275,2008-10-12,75,5,32,33,https://racing.hkjc.com/en-us/local/information/otherhorse?horseid=HK_2004_E275&Option=1,2026-09-04T13:22:56Z
HK_2004_E275,2008-11-19,163,5,33,39,https://racing.hkjc.com/en-us/local/information/otherhorse?horseid=HK_2004_E275&Option=1,2026-09-04T13:22:56Z
HK_2004_E275,2008-12-28,254,5,39,39,https://racing.hkjc.com/en-us/local/information/otherhorse?horseid=HK_2004_E275&Option=1,2026-09-04T13:22:56Z
HK_2004_E275,2009-01-28,341,5,39,39,https://racing.hkjc.com/en-us/local/information/otherhorse?horseid=HK_2004_E275&Option=1,2026-09-04T13:22:56Z
HK_2004_E275,2009-03-28,493,5,39,38,https://racing.hkjc.com/en-us/local/information/otherhorse?horseid=HK_2004_E275&Option=1,2026-09-04T13:22:56Z
HK_2004_E275,2009-04-08,518,5,38,36,https://racing.hkjc.com/en-us/local/information/otherhorse?horseid=HK_2004_E275&Option=1,2026-09-04T13:22:56Z
HK_2004_E275,2009-05-01,569,5,36,34,https://racing.hkjc.com/en-us/local/information/otherhorse?horseid=HK_2004_E275&Option=1,2026-09-04T13:22:56Z
HK_2004_E275,2009-05-24,633,5,34,32,https://racing.hkjc.com/en-us/local/information/otherhorse?horseid=HK_2004_E275&Option=1,2026-09-04T13:22:56Z
HK_2004_E275,2009-06-03,658,5,32,30,https://racing.hkjc.com/en-us/local/information/otherhorse?horseid=HK_2004_E275&Option=1,2026-09-04T13:22:56Z
HK_2004_E275,2009-06-28,716,5,30,28,https://racing.hkjc.com/en-us/local/information/otherhorse?horseid=HK_2004_E275&Option=1,2026-09-04T13:22:56Z
HK_2004_E275,2009-10-25,111,5,28,28,https://racing.hkjc.com/en-us/local/information/otherhorse?horseid=HK_2004_E275&Option=1,2026-09-04T13:22:56Z
HK_2004_E275,2009-12-02,203,5,28,26,https://racing.hkjc.com/en-us/local/information/otherhorse?horseid=HK_2004_E275&Option=1,2026-09-04T13:22:56Z
HK_2004_E275,2010-01-06,286,5,26,24,https://racing.hkjc.com/en-us/local/information/otherhorse?horseid=HK_2004_E275&Option=1,2026-09-04T13:22:56Z
HK_2004_E275,2010-02-10,376,5,24,25,https://racing.hkjc.com/en-us/local/information/otherhorse?horseid=HK_2004_E275&Option=1,2026-09-04T13:22:56Z
HK_2004_E275,2010-03-14,451,5,25,25,https://racing.hkjc.com/en-us/local/information/otherhorse?horseid=HK_2004_E275&Option=1,2026-09-04T13:22:56Z
HK_2004_E275,2010-04-07,516,5,25,24,https://racing.hkjc.com/en-us/local/information/otherhorse?horseid=HK_2004_E275&Option=1,2026-09-04T13:22:56Z
HK_2004_E275,2010-06-02,651,5,24,24,https://racing.hkjc.com/en-us/local/information/otherhorse?horseid=HK_2004_E275&Option=1,2026-09-04T13:22:56Z
HK_2004_E275,2010-06-20,699,5,24,23,https://racing.hkjc.com/en-us/local/information/otherhorse?horseid=HK_2004_E275&Option=1,2026-09-04T13:22:56Z
HK_2004_E275,2010-07-04,731,5,23,20,https://racing.hkjc.com/en-us/local/information/otherhorse?horseid=HK_2004_E275&Option=1,2026-09-04T13:22:56Z
HK_2004_E275,2010-09-05,1,5,20,20,https://racing.hkjc.com/en-us/local/information/otherhorse?horseid=HK_2004_E275&Option=1,2026-09-04T13:22:56Z
HK_2004_E275,2010-09-08,12,5,20,20,https://racing.hkjc.com/en-us/local/information/otherhorse?horseid=HK_2004_E275&Option=1,2026-09-04T13:22:56Z
HK_2004_E275,2010-10-06,77,5,20,20,https://racing.hkjc.com/en-us/local/information/otherhorse?horseid=HK_2004_E275&Option=1,2026-09-04T13:22:56Z
HK_2004_E275,2010-12-15,251,5,20,19,https://racing.hkjc.com/en-us/local/information/otherhorse?horseid=HK_2004_E275&Option=1,2026-09-04T13:22:56Z
HK_2004_E275,2011-01-19,332,5,19,21,https://racing.hkjc.com/en-us/local/information/otherhorse?horseid=HK_2004_E275&Option=1,2026-09-04T13:22:56Z
HK_2004_E275,2011-04-03,514,5,21,21,https://racing.hkjc.com/en-us/local/information/otherhorse?horseid=HK_2004_E275&Option=1,2026-09-04T13:22:56Z
HK_2004_E275,2011-05-18,628,5,21,19,https://racing.hkjc.com/en-us/local/information/otherhorse?horseid=HK_2004_E275&Option=1,2026-09-04T13:22:56Z
HK_2004_E275,2011-10-09,74,5,19,19,https://racing.hkjc.com/en-us/local/information/otherhorse?horseid=HK_2004_E275&Option=1,2026-09-04T13:22:56Z
HK_2004_E275,2011-10-30,129,5,19,17,https://racing.hkjc.com/en-us/local/information/otherhorse?horseid=HK_2004_E275&Option=1,2026-09-04T13:22:56Z
HK_2004_E275,2012-01-08,296,5,17,15,https://racing.hkjc.com/en-us/local/information/otherhorse?horseid=HK_2004_E275&Option=1,2026-09-04T13:22:56Z
HK_2004_E281,2005-10-16,91,4,52,54,https://racing.hkjc.com/en-us/local/information/otherhorse?horseid=HK_2004_E281&Option=1,2026-09-04T13:33:09Z
HK_2004_E281,2005-11-13,162,4,54,63,https://racing.hkjc.com/en-us/local/information/otherhorse?horseid=HK_2004_E281&Option=1,2026-09-04T13:33:09Z
HK_2004_E281,2006-01-01,287,3,63,66,https://racing.hkjc.com/en-us/local/information/otherhorse?horseid=HK_2004_E281&Option=1,2026-09-04T13:33:09Z
HK_2004_E281,2006-01-15,320,3,66,66,https://racing.hkjc.com/en-us/local/information/otherhorse?horseid=HK_2004_E281&Option=1,2026-09-04T13:33:09Z
HK_2004_E281,2006-02-05,367,3,66,76,https://racing.hkjc.com/en-us/local/information/otherhorse?horseid=HK_2004_E281&Option=1,2026-09-04T13:33:09Z
HK_2004_E281,2006-02-26,421,3,76,77,https://racing.hkjc.com/en-us/local/information/otherhorse?horseid=HK_2004_E281&Option=1,2026-09-04T13:33:09Z
HK_2004_E281,2006-03-19,469,3,77,83,https://racing.hkjc.com/en-us/local/information/otherhorse?horseid=HK_2004_E281&Option=1,2026-09-04T13:33:09Z
HK_2004_E281,2006-04-30,571,2,83,82,https://racing.hkjc.com/en-us/local/information/otherhorse?horseid=HK_2004_E281&Option=1,2026-09-04T13:33:09Z
HK_2004_E281,2006-09-24,37,2,82,85,https://racing.hkjc.com/en-us/local/information/otherhorse?horseid=HK_2004_E281&Option=1,2026-09-04T13:33:09Z
HK_2004_E281,2006-10-29,116,2,85,85,https://racing.hkjc.com/en-us/local/information/otherhorse?horseid=HK_2004_E281&Option=1,2026-09-04T13:33:09Z
HK_2004_E281,2006-12-02,210,2,85,85,https://racing.hkjc.com/en-us/local/information/otherhorse?horseid=HK_2004_E281&Option=1,2026-09-04T13:33:09Z
HK_2004_E281,2006-12-23,263,2,85,85,https://racing.hkjc.com/en-us/local/information/otherhorse?horseid=HK_2004_E281&Option=1,2026-09-04T13:33:09Z
HK_2004_E281,2007-01-07,293,2,85,87,https://racing.hkjc.com/en-us/local/information/otherhorse?horseid=HK_2004_E281&Option=1,2026-09-04T13:33:09Z
HK_2004_E281,2007-02-04,365,2,87,87,https://racing.hkjc.com/en-us/local/information/otherhorse?horseid=HK_2004_E281&Option=1,2026-09-04T13:33:09Z
HK_2004_E281,2007-02-20,401,2,87,87,https://racing.hkjc.com/en-us/local/information/otherhorse?horseid=HK_2004_E281&Option=1,2026-09-04T13:33:09Z
HK_2004_E281,2007-03-18,467,1,87,87,https://racing.hkjc.com/en-us/local/information/otherhorse?horseid=HK_2004_E281&Option=1,2026-09-04T13:33:09Z
HK_2004_E281,2007-04-09,515,2,87,86,https://racing.hkjc.com/en-us/local/information/otherhorse?horseid=HK_2004_E281&Option=1,2026-09-04T13:33:09Z
HK_2004_E281,2007-10-21,103,2,86,86,https://racing.hkjc.com/en-us/local/information/otherhorse?horseid=HK_2004_E281&Option=1,2026-09-04T13:33:09Z
HK_2004_E281,2007-11-17,172,2,86,88,https://racing.hkjc.com/en-us/local/information/otherhorse?horseid=HK_2004_E281&Option=1,2026-09-04T13:33:09Z
HK_2004_E281,2007-12-26,276,2,88,89,https://racing.hkjc.com/en-us/local/information/otherhorse?horseid=HK_2004_E281&Option=1,2026-09-04T13:33:09Z
HK_2004_E281,2008-01-06,299,2,89,89,https://racing.hkjc.com/en-us/local/information/otherhorse?horseid=HK_2004_E281&Option=1,2026-09-04T13:33:09Z
HK_2004_E281,2008-01-27,348,2,89,88,https://racing.hkjc.com/en-us/local/information/otherhorse?horseid=HK_2004_E281&Option=1,2026-09-04T13:33:09Z
HK_2004_E281,2008-02-17,400,2,88,86,https://racing.hkjc.com/en-us/local/information/otherhorse?horseid=HK_2004_E281&Option=1,2026-09-04T13:33:09Z
HK_2004_E281,2008-02-27,425,1,86,84,https://racing.hkjc.com/en-us/local/information/otherhorse?horseid=HK_2004_E281&Option=1,2026-09-04T13:33:09Z
HK_2004_E281,2008-03-24,491,1,84,84,https://racing.hkjc.com/en-us/local/information/otherhorse?horseid=HK_2004_E281&Option=1,2026-09-04T13:33:09Z
HK_2004_E281,2008-05-04,575,2,84,82,https://racing.hkjc.com/en-us/local/information/otherhorse?horseid=HK_2004_E281&Option=1,2026-09-04T13:33:09Z
HK_2004_E281,2008-05-14,604,2,82,80,https://racing.hkjc.com/en-us/local/information/otherhorse?horseid=HK_2004_E281&Option=1,2026-09-04T13:33:09Z
HK_2004_E281,2008-06-08,660,3,80,86,https://racing.hkjc.com/en-us/local/information/otherhorse?horseid=HK_2004_E281&Option=1,2026-09-04T13:33:09Z
HK_2004_E281,2009-01-28,347,2B,86,86,https://racing.hkjc.com/en-us/local/information/otherhorse?horseid=HK_2004_E281&Option=1,2026-09-04T13:33:09Z
HK_2004_E281,2009-02-15,397,2,86,86,https://racing.hkjc.com/en-us/local/information/otherhorse?horseid=HK_2004_E281&Option=1,2026-09-04T13:33:09Z
HK_2004_E281,2009-03-07,450,2,86,84,https://racing.hkjc.com/en-us/local/information/otherhorse?horseid=HK_2004_E281&Option=1,2026-09-04T13:33:09Z
HK_2004_E291,2005-10-22,114,2,83,83,https://racing.hkjc.com/en-us/local/information/otherhorse?horseid=HK_2004_E291&Option=1,2026-09-04T13:30:38Z
HK_2004_E291,2005-11-01,140,2,83,81,https://racing.hkjc.com/en-us/local/information/otherhorse?horseid=HK_2004_E291&Option=1,2026-09-04T13:30:38Z
HK_2004_E291,2005-11-23,197,2,81,79,https://racing.hkjc.com/en-us/local/information/otherhorse?horseid=HK_2004_E291&Option=1,2026-09-04T13:30:38Z
HK_2004_E291,2006-01-01,285,3,79,77,https://racing.hkjc.com/en-us/local/information/otherhorse?horseid=HK_2004_E291&Option=1,2026-09-04T13:30:38Z
HK_2004_E291,2006-01-22,341,3,77,74,https://racing.hkjc.com/en-us/local/information/otherhorse?horseid=HK_2004_E291&Option=1,2026-09-04T13:30:38Z
HK_2004_E291,2006-03-01,431,3,74,71,https://racing.hkjc.com/en-us/local/information/otherhorse?horseid=HK_2004_E291&Option=1,2026-09-04T13:30:38Z
HK_2004_E291,2006-03-12,451,3,71,68,https://racing.hkjc.com/en-us/local/information/otherhorse?horseid=HK_2004_E291&Option=1,2026-09-04T13:30:38Z
HK_2004_E291,2006-03-22,479,3,68,66,https://racing.hkjc.com/en-us/local/information/otherhorse?horseid=HK_2004_E291&Option=1,2026-09-04T13:30:38Z
HK_2004_E291,2006-04-15,534,3,66,62,https://racing.hkjc.com/en-us/local/information/otherhorse?horseid=HK_2004_E291&Option=1,2026-09-04T13:30:38Z
HK_2004_E291,2006-05-07,589,3,62,58,https://racing.hkjc.com/en-us/local/information/otherhorse?horseid=HK_2004_E291&Option=1,2026-09-04T13:30:38Z
HK_2004_E291,2006-05-24,628,4,58,55,https://racing.hkjc.com/en-us/local/information/otherhorse?horseid=HK_2004_E291&Option=1,2026-09-04T13:30:38Z
HK_2004_E291,2006-06-07,655,4,55,51,https://racing.hkjc.com/en-us/local/information/otherhorse?horseid=HK_2004_E291&Option=1,2026-09-04T13:30:38Z
HK_2004_E291,2006-06-28,692,4,51,43,https://racing.hkjc.com/en-us/local/information/otherhorse?horseid=HK_2004_E291&Option=1,2026-09-04T13:30:38Z
HK_2004_E291,2006-09-20,23,4,43,43,https://racing.hkjc.com/en-us/local/information/otherhorse?horseid=HK_2004_E291&Option=1,2026-09-04T13:30:38Z
HK_2004_E291,2006-10-04,61,4,43,41,https://racing.hkjc.com/en-us/local/information/otherhorse?horseid=HK_2004_E291&Option=1,2026-09-04T13:30:38Z
HK_2004_E291,2006-10-25,108,4,41,39,https://racing.hkjc.com/en-us/local/information/otherhorse?horseid=HK_2004_E291&Option=1,2026-09-04T13:30:38Z
HK_2004_E291,2006-11-12,151,5,39,36,https://racing.hkjc.com/en-us/local/information/otherhorse?horseid=HK_2004_E291&Option=1,2026-09-04T13:30:38Z
HK_2004_E291,2006-11-29,194,5,36,36,https://racing.hkjc.com/en-us/local/information/otherhorse?horseid=HK_2004_E291&Option=1,2026-09-04T13:30:38Z
HK_2004_E291,2006-12-20,246,5,36,38,https://racing.hkjc.com/en-us/local/information/otherhorse?horseid=HK_2004_E291&Option=1,2026-09-04T13:30:38Z
HK_2004_E291,2007-01-17,315,5,38,39,https://racing.hkjc.com/en-us/local/information/otherhorse?horseid=HK_2004_E291&Option=1,2026-09-04T13:30:38Z
HK_2004_E291,2007-02-14,385,5,39,44,https://racing.hkjc.com/en-us/local/information/otherhorse?horseid=HK_2004_E291&Option=1,2026-09-04T13:30:38Z
HK_2004_E291,2007-03-14,455,4,44,44,https://racing.hkjc.com/en-us/local/information/otherhorse?horseid=HK_2004_E291&Option=1,2026-09-04T13:30:38Z
HK_2004_E291,2007-03-25,482,4,44,44,https://racing.hkjc.com/en-us/local/information/otherhorse?horseid=HK_2004_E291&Option=1,2026-09-04T13:30:38Z
HK_2004_E291,2007-04-18,529,4,44,43,https://racing.hkjc.com/en-us/local/information/otherhorse?horseid=HK_2004_E291&Option=1,2026-09-04T13:30:38Z
HK_2004_E291,2007-05-16,607,4,43,41,https://racing.hkjc.com/en-us/local/information/otherhorse?horseid=HK_2004_E291&Option=1,2026-09-04T13:30:38Z
HK_2004_E291,2007-10-17,91,4,41,41,https://racing.hkjc.com/en-us/local/information/otherhorse?horseid=HK_2004_E291&Option=1,2026-09-04T13:30:38Z
HK_2004_E291,2007-10-31,128,4,41,39,https://racing.hkjc.com/en-us/local/information/otherhorse?horseid=HK_2004_E291&Option=1,2026-09-04T13:30:38Z
HK_2004_E291,2007-12-05,215,5,39,37,https://racing.hkjc.com/en-us/local/information/otherhorse?horseid=HK_2004_E291&Option=1,2026-09-04T13:30:38Z
HK_2004_E291,2008-01-01,280,5,37,35,https://racing.hkjc.com/en-us/local/information/otherhorse?horseid=HK_2004_E291&Option=1,2026-09-04T13:30:38Z
HK_2004_E291,2008-01-16,321,5,35,36,https://racing.hkjc.com/en-us/local/information/otherhorse?horseid=HK_2004_E291&Option=1,2026-09-04T13:30:38Z
HK_2004_E291,2008-01-30,358,5,36,36,https://racing.hkjc.com/en-us/local/information/otherhorse?horseid=HK_2004_E291&Option=1,2026-09-04T13:30:38Z
HK_2004_E291,2008-02-13,386,5,36,36,https://racing.hkjc.com/en-us/local/information/otherhorse?horseid=HK_2004_E291&Option=1,2026-09-04T13:30:38Z
HK_2004_E291,2008-03-19,477,5,36,35,https://racing.hkjc.com/en-us/local/information/otherhorse?horseid=HK_2004_E291&Option=1,2026-09-04T13:30:38Z
HK_2004_E298,2005-10-09,85,4,52,52,https://racing.hkjc.com/en-us/local/information/otherhorse?horseid=HK_2004_E298&Option=1,2026-09-04T13:22:44Z
HK_2004_E298,2005-10-30,128,4,52,52,https://racing.hkjc.com/en-us/local/information/otherhorse?horseid=HK_2004_E298&Option=1,2026-09-04T13:22:44Z
HK_2004_E298,2005-11-27,202,4,52,50,https://racing.hkjc.com/en-us/local/information/otherhorse?horseid=HK_2004_E298&Option=1,2026-09-04T13:22:44Z
HK_2004_E298,2006-01-01,279,4,50,48,https://racing.hkjc.com/en-us/local/information/otherhorse?horseid=HK_2004_E298&Option=1,2026-09-04T13:22:44Z
HK_2004_E298,2006-01-22,333,4,48,47,https://racing.hkjc.com/en-us/local/information/otherhorse?horseid=HK_2004_E298&Option=1,2026-09-04T13:22:44Z
HK_2004_E298,2006-04-01,502,4,47,45,https://racing.hkjc.com/en-us/local/information/otherhorse?horseid=HK_2004_E298&Option=1,2026-09-04T13:22:44Z
HK_2004_E298,2006-04-08,510,4,45,45,https://racing.hkjc.com/en-us/local/information/otherhorse?horseid=HK_2004_E298&Option=1,2026-09-04T13:22:44Z
HK_2004_E298,2006-06-04,647,4,45,44,https://racing.hkjc.com/en-us/local/information/otherhorse?horseid=HK_2004_E298&Option=1,2026-09-04T13:22:44Z
HK_2004_E298,2006-06-25,686,4,44,38,https://racing.hkjc.com/en-us/local/information/otherhorse?horseid=HK_2004_E298&Option=1,2026-09-04T13:22:44Z
HK_2004_E305,2005-09-11,22,4,52,52,https://racing.hkjc.com/en-us/local/information/otherhorse?horseid=HK_2004_E305&Option=1,2026-09-04T13:22:46Z
HK_2004_E305,2005-10-05,73,4,52,50,https://racing.hkjc.com/en-us/local/information/otherhorse?horseid=HK_2004_E305&Option=1,2026-09-04T13:22:46Z
HK_2004_E305,2006-01-01,279,4,50,48,https://racing.hkjc.com/en-us/local/information/otherhorse?horseid=HK_2004_E305&Option=1,2026-09-04T13:22:46Z
HK_2004_E305,2006-01-25,343,4,48,46,https://racing.hkjc.com/en-us/local/information/otherhorse?horseid=HK_2004_E305&Option=1,2026-09-04T13:22:46Z
HK_2004_E305,2006-05-24,627,4,46,52,https://racing.hkjc.com/en-us/local/information/otherhorse?horseid=HK_2004_E305&Option=1,2026-09-04T13:22:46Z
HK_2004_E305,2006-07-02,700,4,52,51,https://racing.hkjc.com/en-us/local/information/otherhorse?horseid=HK_2004_E305&Option=1,2026-09-04T13:22:46Z
HK_2004_E305,2006-09-20,22,4,51,51,https://racing.hkjc.com/en-us/local/information/otherhorse?horseid=HK_2004_E305&Option=1,2026-09-04T13:22:46Z
HK_2004_E305,2006-10-04,58,4,51,51,https://racing.hkjc.com/en-us/local/information/otherhorse?horseid=HK_2004_E305&Option=1,2026-09-04T13:22:46Z
HK_2004_E305,2006-11-01,122,4,51,50,https://racing.hkjc.com/en-us/local/information/otherhorse?horseid=HK_2004_E305&Option=1,2026-09-04T13:22:46Z
HK_2004_E305,2006-11-19,167,4,50,48,https://racing.hkjc.com/en-us/local/information/otherhorse?horseid=HK_2004_E305&Option=1,2026-09-04T13:22:46Z
HK_2004_E305,2007-02-14,387,4,48,49,https://racing.hkjc.com/en-us/local/information/otherhorse?horseid=HK_2004_E305&Option=1,2026-09-04T13:22:46Z
HK_2004_E305,2007-02-28,414,4,49,49,https://racing.hkjc.com/en-us/local/information/otherhorse?horseid=HK_2004_E305&Option=1,2026-09-04T13:22:46Z
HK_2004_E305,2007-03-21,468,4,49,51,https://racing.hkjc.com/en-us/local/information/otherhorse?horseid=HK_2004_E305&Option=1,2026-09-04T13:22:46Z
HK_2004_E305,2007-04-04,499,4,51,51,https://racing.hkjc.com/en-us/local/information/otherhorse?horseid=HK_2004_E305&Option=1,2026-09-04T13:22:46Z
HK_2004_E305,2007-04-18,528,4,51,52,https://racing.hkjc.com/en-us/local/information/otherhorse?horseid=HK_2004_E305&Option=1,2026-09-04T13:22:46Z
HK_2004_E305,2007-05-06,576,4,52,52,https://racing.hkjc.com/en-us/local/information/otherhorse?horseid=HK_2004_E305&Option=1,2026-09-04T13:22:46Z
HK_2004_E305,2007-05-16,602,4,52,51,https://racing.hkjc.com/en-us/local/information/otherhorse?horseid=HK_2004_E305&Option=1,2026-09-04T13:22:46Z
HK_2004_E305,2007-05-27,632,4,51,52,https://racing.hkjc.com/en-us/local/information/otherhorse?horseid=HK_2004_E305&Option=1,2026-09-04T13:22:46Z
HK_2004_E305,2007-06-06,663,4,52,52,https://racing.hkjc.com/en-us/local/information/otherhorse?horseid=HK_2004_E305&Option=1,2026-09-04T13:22:46Z
HK_2004_E305,2007-06-17,691,4,52,51,https://racing.hkjc.com/en-us/local/information/otherhorse?horseid=HK_2004_E305&Option=1,2026-09-04T13:22:46Z
HK_2004_E305,2007-09-12,15,4,51,51,https://racing.hkjc.com/en-us/local/information/otherhorse?horseid=HK_2004_E305&Option=1,2026-09-04T13:22:46Z
HK_2004_E305,2007-09-19,29,4,51,50,https://racing.hkjc.com/en-us/local/information/otherhorse?horseid=HK_2004_E305&Option=1,2026-09-04T13:22:46Z
HK_2004_E305,2007-10-28,118,4,50,49,https://racing.hkjc.com/en-us/local/information/otherhorse?horseid=HK_2004_E305&Option=1,2026-09-04T13:22:46Z
HK_2004_E305,2007-11-06,145,4,49,47,https://racing.hkjc.com/en-us/local/information/otherhorse?horseid=HK_2004_E305&Option=1,2026-09-04T13:22:46Z
HK_2004_E305,2007-11-25,191,4,47,45,https://racing.hkjc.com/en-us/local/information/otherhorse?horseid=HK_2004_E305&Option=1,2026-09-04T13:22:46Z
HK_2004_E305,2007-12-12,236,4,45,44,https://racing.hkjc.com/en-us/local/information/otherhorse?horseid=HK_2004_E305&Option=1,2026-09-04T13:22:46Z
HK_2004_E305,2007-12-19,253,4,44,42,https://racing.hkjc.com/en-us/local/information/otherhorse?horseid=HK_2004_E305&Option=1,2026-09-04T13:22:46Z
HK_2004_E305,2008-01-01,283,4,42,40,https://racing.hkjc.com/en-us/local/information/otherhorse?horseid=HK_2004_E305&Option=1,2026-09-04T13:22:46Z
HK_2004_E305,2008-03-05,438,5,40,38,https://racing.hkjc.com/en-us/local/information/otherhorse?horseid=HK_2004_E305&Option=1,2026-09-04T13:22:46Z
HK_2004_E305,2008-03-19,477,5,38,38,https://racing.hkjc.com/en-us/local/information/otherhorse?horseid=HK_2004_E305&Option=1,2026-09-04T13:22:46Z
HK_2004_E305,2008-04-02,506,5,38,39,https://racing.hkjc.com/en-us/local/information/otherhorse?horseid=HK_2004_E305&Option=1,2026-09-04T13:22:46Z
HK_2004_E305,2008-05-07,582,5,39,39,https://racing.hkjc.com/en-us/local/information/otherhorse?horseid=HK_2004_E305&Option=1,2026-09-04T13:22:46Z
HK_2004_E305,2008-05-14,600,5,39,40,https://racing.hkjc.com/en-us/local/information/otherhorse?horseid=HK_2004_E305&Option=1,2026-09-04T13:22:46Z
HK_2004_E305,2008-05-28,628,4,40,40,https://racing.hkjc.com/en-us/local/information/otherhorse?horseid=HK_2004_E305&Option=1,2026-09-04T13:22:46Z
HK_2004_E305,2008-06-05,646,5,40,41,https://racing.hkjc.com/en-us/local/information/otherhorse?horseid=HK_2004_E305&Option=1,2026-09-04T13:22:46Z
HK_2004_E305,2008-06-18,687,4,41,39,https://racing.hkjc.com/en-us/local/information/otherhorse?horseid=HK_2004_E305&Option=1,2026-09-04T13:22:46Z
HK_2004_E305,2008-09-17,11,5,39,39,https://racing.hkjc.com/en-us/local/information/otherhorse?horseid=HK_2004_E305&Option=1,2026-09-04T13:22:46Z
HK_2004_E305,2008-09-24,32,5,39,46,https://racing.hkjc.com/en-us/local/information/otherhorse?horseid=HK_2004_E305&Option=1,2026-09-04T13:22:46Z
HK_2004_E305,2008-10-08,71,4,46,46,https://racing.hkjc.com/en-us/local/information/otherhorse?horseid=HK_2004_E305&Option=1,2026-09-04T13:22:46Z
HK_2004_E305,2008-10-15,90,4,46,48,https://racing.hkjc.com/en-us/local/information/otherhorse?horseid=HK_2004_E305&Option=1,2026-09-04T13:22:46Z
HK_2004_E305,2008-11-02,129,4,48,48,https://racing.hkjc.com/en-us/local/information/otherhorse?horseid=HK_2004_E305&Option=1,2026-09-04T13:22:46Z
HK_2004_E305,2008-12-17,237,4,48,50,https://racing.hkjc.com/en-us/local/information/otherhorse?horseid=HK_2004_E305&Option=1,2026-09-04T13:22:46Z
HK_2004_E305,2009-01-07,288,4,50,55,https://racing.hkjc.com/en-us/local/information/otherhorse?horseid=HK_2004_E305&Option=1,2026-09-04T13:22:46Z
HK_2004_E305,2009-01-14,307,4,55,55,https://racing.hkjc.com/en-us/local/information/otherhorse?horseid=HK_2004_E305&Option=1,2026-09-04T13:22:46Z
HK_2004_E305,2009-02-04,363,4,55,55,https://racing.hkjc.com/en-us/local/information/otherhorse?horseid=HK_2004_E305&Option=1,2026-09-04T13:22:46Z
HK_2004_E305,2009-02-18,402,4,55,54,https://racing.hkjc.com/en-us/local/information/otherhorse?horseid=HK_2004_E305&Option=1,2026-09-04T13:22:46Z
HK_2004_E305,2009-02-25,418,4,54,56,https://racing.hkjc.com/en-us/local/information/otherhorse?horseid=HK_2004_E305&Option=1,2026-09-04T13:22:46Z
HK_2004_E305,2009-03-18,475,4,56,58,https://racing.hkjc.com/en-us/local/information/otherhorse?horseid=HK_2004_E305&Option=1,2026-09-04T13:22:46Z
HK_2004_E305,2009-04-08,520,4,58,58,https://racing.hkjc.com/en-us/local/information/otherhorse?horseid=HK_2004_E305&Option=1,2026-09-04T13:22:46Z
HK_2004_E305,2009-04-19,540,4,58,61,https://racing.hkjc.com/en-us/local/information/otherhorse?horseid=HK_2004_E305&Option=1,2026-09-04T13:22:46Z
HK_2004_E305,2009-05-03,585,3,61,61,https://racing.hkjc.com/en-us/local/information/otherhorse?horseid=HK_2004_E305&Option=1,2026-09-04T13:22:46Z
HK_2004_E305,2009-05-27,644,3,61,60,https://racing.hkjc.com/en-us/local/information/otherhorse?horseid=HK_2004_E305&Option=1,2026-09-04T13:22:46Z
HK_2004_E305,2009-06-24,705,4,60,59,https://racing.hkjc.com/en-us/local/information/otherhorse?horseid=HK_2004_E305&Option=1,2026-09-04T13:22:46Z
HK_2004_E317,2005-11-27,198,4,52,52,https://racing.hkjc.com/en-us/local/information/otherhorse?horseid=HK_2004_E317&Option=1,2026-09-04T13:24:59Z
HK_2004_E317,2005-12-17,250,4,52,56,https://racing.hkjc.com/en-us/local/information/otherhorse?horseid=HK_2004_E317&Option=1,2026-09-04T13:24:59Z
HK_2004_E317,2006-01-01,281,4,56,59,https://racing.hkjc.com/en-us/local/information/otherhorse?horseid=HK_2004_E317&Option=1,2026-09-04T13:24:59Z
HK_2004_E317,2006-01-22,337,4,59,62,https://racing.hkjc.com/en-us/local/information/otherhorse?horseid=HK_2004_E317&Option=1,2026-09-04T13:24:59Z
HK_2004_E317,2006-02-26,421,3,62,64,https://racing.hkjc.com/en-us/local/information/otherhorse?horseid=HK_2004_E317&Option=1,2026-09-04T13:24:59Z
HK_2004_E317,2006-03-12,446,3,64,67,https://racing.hkjc.com/en-us/local/information/otherhorse?horseid=HK_2004_E317&Option=1,2026-09-04T13:24:59Z
HK_2004_E317,2006-03-29,496,3,67,75,https://racing.hkjc.com/en-us/local/information/otherhorse?horseid=HK_2004_E317&Option=1,2026-09-04T13:24:59Z
HK_2004_E317,2006-04-15,530,3,75,85,https://racing.hkjc.com/en-us/local/information/otherhorse?horseid=HK_2004_E317&Option=1,2026-09-04T13:24:59Z
HK_2004_E317,2006-05-10,597,2,85,85,https://racing.hkjc.com/en-us/local/information/otherhorse?horseid=HK_2004_E317&Option=1,2026-09-04T13:24:59Z
HK_2004_E317,2006-06-10,668,2,85,84,https://racing.hkjc.com/en-us/local/information/otherhorse?horseid=HK_2004_E317&Option=1,2026-09-04T13:24:59Z
HK_2004_E317,2006-10-29,116,2,84,84,https://racing.hkjc.com/en-us/local/information/otherhorse?horseid=HK_2004_E317&Option=1,2026-09-04T13:24:59Z
HK_2004_E317,2006-11-12,156,2,84,90,https://racing.hkjc.com/en-us/local/information/otherhorse?horseid=HK_2004_E317&Option=1,2026-09-04T13:24:59Z
HK_2004_E317,2006-12-02,207,2,90,90,https://racing.hkjc.com/en-us/local/information/otherhorse?horseid=HK_2004_E317&Option=1,2026-09-04T13:24:59Z
HK_2004_E317,2007-05-12,597,2,90,90,https://racing.hkjc.com/en-us/local/information/otherhorse?horseid=HK_2004_E317&Option=1,2026-09-04T13:24:59Z
HK_2004_E317,2007-05-27,639,2,90,89,https://racing.hkjc.com/en-us/local/information/otherhorse?horseid=HK_2004_E317&Option=1,2026-09-04T13:24:59Z
HK_2004_E317,2007-06-27,714,2,89,87,https://racing.hkjc.com/en-us/local/information/otherhorse?horseid=HK_2004_E317&Option=1,2026-09-04T13:24:59Z
HK_2004_E317,2007-10-28,120,2,87,87,https://racing.hkjc.com/en-us/local/information/otherhorse?horseid=HK_2004_E317&Option=1,2026-09-04T13:24:59Z
HK_2004_E317,2007-12-01,214,2,87,85,https://racing.hkjc.com/en-us/local/information/otherhorse?horseid=HK_2004_E317&Option=1,2026-09-04T13:24:59Z
HK_2004_E319,2006-01-01,286,2,81,81,https://racing.hkjc.com/en-us/local/information/otherhorse?horseid=HK_2004_E319&Option=1,2026-09-04T13:32:53Z
HK_2004_E319,2006-02-19,404,2,81,79,https://racing.hkjc.com/en-us/local/information/otherhorse?horseid=HK_2004_E319&Option=1,2026-09-04T13:32:53Z
HK_2004_E319,2006-03-15,458,3,79,77,https://racing.hkjc.com/en-us/local/information/otherhorse?horseid=HK_2004_E319&Option=1,2026-09-04T13:32:53Z
HK_2004_E319,2006-04-15,530,3,77,70,https://racing.hkjc.com/en-us/local/information/otherhorse?horseid=HK_2004_E319&Option=1,2026-09-04T13:32:53Z
HK_2004_E326,2005-10-09,89,1,91,91,https://racing.hkjc.com/en-us/local/information/otherhorse?horseid=HK_2004_E326&Option=1,2026-09-04T13:32:37Z
HK_2004_E326,2005-11-05,151,2,91,90,https://racing.hkjc.com/en-us/local/information/otherhorse?horseid=HK_2004_E326&Option=1,2026-09-04T13:32:37Z
HK_2004_E326,2005-12-17,259,2,90,88,https://racing.hkjc.com/en-us/local/information/otherhorse?horseid=HK_2004_E326&Option=1,2026-09-04T13:32:37Z
HK_2004_E326,2006-01-01,286,2,88,86,https://racing.hkjc.com/en-us/local/information/otherhorse?horseid=HK_2004_E326&Option=1,2026-09-04T13:32:37Z
HK_2004_E326,2006-01-31,357,2,86,86,https://racing.hkjc.com/en-us/local/information/otherhorse?horseid=HK_2004_E326&Option=1,2026-09-04T13:32:37Z
HK_2004_E326,2006-02-05,366,4YO,86,84,https://racing.hkjc.com/en-us/local/information/otherhorse?horseid=HK_2004_E326&Option=1,2026-09-04T13:32:37Z
HK_2004_E326,2006-04-30,571,2,84,81,https://racing.hkjc.com/en-us/local/information/otherhorse?horseid=HK_2004_E326&Option=1,2026-09-04T13:32:37Z
HK_2004_E326,2006-05-13,606,2,81,80,https://racing.hkjc.com/en-us/local/information/otherhorse?horseid=HK_2004_E326&Option=1,2026-09-04T13:32:37Z
HK_2004_E326,2006-05-28,640,3,80,79,https://racing.hkjc.com/en-us/local/information/otherhorse?horseid=HK_2004_E326&Option=1,2026-09-04T13:32:37Z
HK_2004_E326,2006-06-10,669,3,79,77,https://racing.hkjc.com/en-us/local/information/otherhorse?horseid=HK_2004_E326&Option=1,2026-09-04T13:32:37Z
HK_2004_E326,2006-06-25,690,3,77,71,https://racing.hkjc.com/en-us/local/information/otherhorse?horseid=HK_2004_E326&Option=1,2026-09-04T13:32:37Z
HK_2004_E326,2006-10-25,109,3,71,71,https://racing.hkjc.com/en-us/local/information/otherhorse?horseid=HK_2004_E326&Option=1,2026-09-04T13:32:37Z
HK_2004_E326,2006-11-12,155,3,71,69,https://racing.hkjc.com/en-us/local/information/otherhorse?horseid=HK_2004_E326&Option=1,2026-09-04T13:32:37Z
HK_2004_E326,2007-03-31,493,3,69,70,https://racing.hkjc.com/en-us/local/information/otherhorse?horseid=HK_2004_E326&Option=1,2026-09-04T13:32:37Z
HK_2004_E326,2007-04-22,542,3,70,70,https://racing.hkjc.com/en-us/local/information/otherhorse?horseid=HK_2004_E326&Option=1,2026-09-04T13:32:37Z
HK_2004_E326,2007-05-12,600,3,70,68,https://racing.hkjc.com/en-us/local/information/otherhorse?horseid=HK_2004_E326&Option=1,2026-09-04T13:32:37Z
HK_2004_E326,2007-06-03,654,3,68,66,https://racing.hkjc.com/en-us/local/information/otherhorse?horseid=HK_2004_E326&Option=1,2026-09-04T13:32:37Z
HK_2004_E326,2007-06-17,694,3,66,60,https://racing.hkjc.com/en-us/local/information/otherhorse?horseid=HK_2004_E326&Option=1,2026-09-04T13:32:37Z
HK_2004_E326,2007-09-09,5,4,60,60,https://racing.hkjc.com/en-us/local/information/otherhorse?horseid=HK_2004_E326&Option=1,2026-09-04T13:32:37Z
HK_2004_E326,2007-09-23,40,4,60,58,https://racing.hkjc.com/en-us/local/information/otherhorse?horseid=HK_2004_E326&Option=1,2026-09-04T13:32:37Z
HK_2004_E326,2007-10-14,79,4,58,56,https://racing.hkjc.com/en-us/local/information/otherhorse?horseid=HK_2004_E326&Option=1,2026-09-04T13:32:37Z
HK_2004_E326,2007-11-03,135,4,56,61,https://racing.hkjc.com/en-us/local/information/otherhorse?horseid=HK_2004_E326&Option=1,2026-09-04T13:32:37Z
HK_2004_E326,2007-11-21,183,3,61,61,https://racing.hkjc.com/en-us/local/information/otherhorse?horseid=HK_2004_E326&Option=1,2026-09-04T13:32:37Z
HK_2004_E326,2007-12-12,240,3,61,61,https://racing.hkjc.com/en-us/local/information/otherhorse?horseid=HK_2004_E326&Option=1,2026-09-04T13:32:37Z
HK_2004_E326,2007-12-23,268,3,61,61,https://racing.hkjc.com/en-us/local/information/otherhorse?horseid=HK_2004_E326&Option=1,2026-09-04T13:32:37Z
HK_2004_E326,2008-01-06,297,4,61,60,https://racing.hkjc.com/en-us/local/information/otherhorse?horseid=HK_2004_E326&Option=1,2026-09-04T13:32:37Z
HK_2004_E326,2008-01-20,331,4,60,58,https://racing.hkjc.com/en-us/local/information/otherhorse?horseid=HK_2004_E326&Option=1,2026-09-04T13:32:37Z
HK_2004_E326,2008-02-09,377,4,58,56,https://racing.hkjc.com/en-us/local/information/otherhorse?horseid=HK_2004_E326&Option=1,2026-09-04T13:32:37Z
HK_2004_E326,2008-02-24,409,4,56,52,https://racing.hkjc.com/en-us/local/information/otherhorse?horseid=HK_2004_E326&Option=1,2026-09-04T13:32:37Z
HK_2004_E326,2008-09-21,22,4,52,52,https://racing.hkjc.com/en-us/local/information/otherhorse?horseid=HK_2004_E326&Option=1,2026-09-04T13:32:37Z
HK_2004_E326,2008-10-05,63,4,52,50,https://racing.hkjc.com/en-us/local/information/otherhorse?horseid=HK_2004_E326&Option=1,2026-09-04T13:32:37Z
HK_2004_E326,2008-11-02,127,4,50,48,https://racing.hkjc.com/en-us/local/information/otherhorse?horseid=HK_2004_E326&Option=1,2026-09-04T13:32:37Z
HK_2004_E326,2009-01-24,333,4,48,46,https://racing.hkjc.com/en-us/local/information/otherhorse?horseid=HK_2004_E326&Option=1,2026-09-04T13:32:37Z
HK_2004_E326,2009-02-08,372,4,46,43,https://racing.hkjc.com/en-us/local/information/otherhorse?horseid=HK_2004_E326&Option=1,2026-09-04T13:32:37Z
HK_2004_E326,2009-02-18,398,4S,43,40,https://racing.hkjc.com/en-us/local/information/otherhorse?horseid=HK_2004_E326&Option=1,2026-09-04T13:32:37Z
HK_2004_E326,2009-03-28,494,4,40,42,https://racing.hkjc.com/en-us/local/information/otherhorse?horseid=HK_2004_E326&Option=1,2026-09-04T13:32:37Z
HK_2004_E326,2009-04-19,540,4,42,42,https://racing.hkjc.com/en-us/local/information/otherhorse?horseid=HK_2004_E326&Option=1,2026-09-04T13:32:37Z
HK_2004_E326,2009-05-03,577,4,42,42,https://racing.hkjc.com/en-us/local/information/otherhorse?horseid=HK_2004_E326&Option=1,2026-09-04T13:32:37Z
HK_2004_E327,2005-11-13,170,3,65,65,https://racing.hkjc.com/en-us/local/information/otherhorse?horseid=HK_2004_E327&Option=1,2026-09-04T13:34:09Z
HK_2004_E327,2006-01-01,287,3,65,63,https://racing.hkjc.com/en-us/local/information/otherhorse?horseid=HK_2004_E327&Option=1,2026-09-04T13:34:09Z
HK_2004_E327,2006-01-18,330,3,63,61,https://racing.hkjc.com/en-us/local/information/otherhorse?horseid=HK_2004_E327&Option=1,2026-09-04T13:34:09Z
HK_2004_E327,2006-02-15,395,3,61,59,https://racing.hkjc.com/en-us/local/information/otherhorse?horseid=HK_2004_E327&Option=1,2026-09-04T13:34:09Z
HK_2004_E327,2006-03-12,445,4,59,57,https://racing.hkjc.com/en-us/local/information/otherhorse?horseid=HK_2004_E327&Option=1,2026-09-04T13:34:09Z
HK_2004_E327,2006-03-22,474,4,57,54,https://racing.hkjc.com/en-us/local/information/otherhorse?horseid=HK_2004_E327&Option=1,2026-09-04T13:34:09Z
HK_2004_E327,2006-04-01,500,4,54,51,https://racing.hkjc.com/en-us/local/information/otherhorse?horseid=HK_2004_E327&Option=1,2026-09-04T13:34:09Z
HK_2004_E327,2006-06-17,674,4,51,48,https://racing.hkjc.com/en-us/local/information/otherhorse?horseid=HK_2004_E327&Option=1,2026-09-04T13:34:09Z
HK_2004_E327,2006-06-25,683,4,48,40,https://racing.hkjc.com/en-us/local/information/otherhorse?horseid=HK_2004_E327&Option=1,2026-09-04T13:34:09Z
HK_2004_E327,2006-09-20,21,5,40,40,https://racing.hkjc.com/en-us/local/information/otherhorse?horseid=HK_2004_E327&Option=1,2026-09-04T13:34:09Z
HK_2004_E327,2006-10-18,85,5,40,38,https://racing.hkjc.com/en-us/local/information/otherhorse?horseid=HK_2004_E327&Option=1,2026-09-04T13:34:09Z
HK_2004_E327,2006-11-04,132,5,38,35,https://racing.hkjc.com/en-us/local/information/otherhorse?horseid=HK_2004_E327&Option=1,2026-09-04T13:34:09Z
HK_2004_E327,2006-12-06,212,5,35,32,https://racing.hkjc.com/en-us/local/information/otherhorse?horseid=HK_2004_E327&Option=1,2026-09-04T13:34:09Z
HK_2004_E327,2006-12-23,258,5,32,29,https://racing.hkjc.com/en-us/local/information/otherhorse?horseid=HK_2004_E327&Option=1,2026-09-04T13:34:09Z
HK_2004_E327,2007-01-01,274,5,29,26,https://racing.hkjc.com/en-us/local/information/otherhorse?horseid=HK_2004_E327&Option=1,2026-09-04T13:34:09Z
HK_2004_E327,2007-01-20,321,5,26,22,https://racing.hkjc.com/en-us/local/information/otherhorse?horseid=HK_2004_E327&Option=1,2026-09-04T13:34:09Z
HK_2004_E327,2007-02-04,357,5,22,20,https://racing.hkjc.com/en-us/local/information/otherhorse?horseid=HK_2004_E327&Option=1,2026-09-04T13:34:09Z
HK_2004_E327,2007-03-10,440,5,20,17,https://racing.hkjc.com/en-us/local/information/otherhorse?horseid=HK_2004_E327&Option=1,2026-09-04T13:34:09Z
HK_2004_E327,2007-05-16,606,5,17,15,https://racing.hkjc.com/en-us/local/information/otherhorse?horseid=HK_2004_E327&Option=1,2026-09-04T13:34:09Z
HK_2004_E327,2007-06-06,660,5,15,28,https://racing.hkjc.com/en-us/local/information/otherhorse?horseid=HK_2004_E327&Option=1,2026-09-04T13:34:09Z
HK_2004_E327,2007-09-09,1,5,28,29,https://racing.hkjc.com/en-us/local/information/otherhorse?horseid=HK_2004_E327&Option=1,2026-09-04T13:34:09Z
HK_2004_E327,2007-10-01,60,5,29,36,https://racing.hkjc.com/en-us/local/information/otherhorse?horseid=HK_2004_E327&Option=1,2026-09-04T13:34:09Z
HK_2004_E327,2007-10-14,81,5,36,36,https://racing.hkjc.com/en-us/local/information/otherhorse?horseid=HK_2004_E327&Option=1,2026-09-04T13:34:09Z
HK_2004_E327,2007-11-11,154,5,36,36,https://racing.hkjc.com/en-us/local/information/otherhorse?horseid=HK_2004_E327&Option=1,2026-09-04T13:34:09Z
HK_2004_E327,2008-01-23,336,5,36,35,https://racing.hkjc.com/en-us/local/information/otherhorse?horseid=HK_2004_E327&Option=1,2026-09-04T13:34:09Z
HK_2004_E327,2008-01-30,355,5,35,41,https://racing.hkjc.com/en-us/local/information/otherhorse?horseid=HK_2004_E327&Option=1,2026-09-04T13:34:09Z
HK_2004_E327,2008-03-09,447,4,41,41,https://racing.hkjc.com/en-us/local/information/otherhorse?horseid=HK_2004_E327&Option=1,2026-09-04T13:34:09Z
HK_2004_E327,2008-05-14,597,4,41,41,https://racing.hkjc.com/en-us/local/information/otherhorse?horseid=HK_2004_E327&Option=1,2026-09-04T13:34:09Z
HK_2004_E327,2008-06-08,656,4,41,40,https://racing.hkjc.com/en-us/local/information/otherhorse?horseid=HK_2004_E327&Option=1,2026-09-04T13:34:09Z
HK_2005_G004,2005-11-05,146,4,52,52,https://racing.hkjc.com/en-us/local/information/otherhorse?horseid=HK_2005_G004&Option=1,2026-09-04T13:24:54Z
HK_2005_G004,2005-11-20,182,4,52,53,https://racing.hkjc.com/en-us/local/information/otherhorse?horseid=HK_2005_G004&Option=1,2026-09-04T13:24:54Z
HK_2005_G004,2005-12-14,247,4,53,55,https://racing.hkjc.com/en-us/local/information/otherhorse?horseid=HK_2005_G004&Option=1,2026-09-04T13:24:54Z
HK_2005_G004,2006-01-01,281,4,55,62,https://racing.hkjc.com/en-us/local/information/otherhorse?horseid=HK_2005_G004&Option=1,2026-09-04T13:24:54Z
HK_2005_G004,2006-01-31,352,3,62,62,https://racing.hkjc.com/en-us/local/information/otherhorse?horseid=HK_2005_G004&Option=1,2026-09-04T13:24:54Z
HK_2005_G004,2006-03-12,451,3,62,67,https://racing.hkjc.com/en-us/local/information/otherhorse?horseid=HK_2005_G004&Option=1,2026-09-04T13:24:54Z
HK_2005_G004,2006-04-01,507,3,67,69,https://racing.hkjc.com/en-us/local/information/otherhorse?horseid=HK_2005_G004&Option=1,2026-09-04T13:24:54Z
HK_2005_G004,2006-04-23,550,3,69,69,https://racing.hkjc.com/en-us/local/information/otherhorse?horseid=HK_2005_G004&Option=1,2026-09-04T13:24:54Z
HK_2005_G004,2006-06-04,648,3,69,72,https://racing.hkjc.com/en-us/local/information/otherhorse?horseid=HK_2005_G004&Option=1,2026-09-04T13:24:54Z
HK_2005_G004,2006-09-10,8,3,72,72,https://racing.hkjc.com/en-us/local/information/otherhorse?horseid=HK_2005_G004&Option=1,2026-09-04T13:24:54Z
HK_2005_G004,2006-10-01,56,3,72,78,https://racing.hkjc.com/en-us/local/information/otherhorse?horseid=HK_2005_G004&Option=1,2026-09-04T13:24:54Z
HK_2005_G004,2006-10-29,120,3,78,78,https://racing.hkjc.com/en-us/local/information/otherhorse?horseid=HK_2005_G004&Option=1,2026-09-04T13:24:54Z
HK_2005_G004,2006-11-26,192,3,78,84,https://racing.hkjc.com/en-us/local/information/otherhorse?horseid=HK_2005_G004&Option=1,2026-09-04T13:24:54Z
HK_2005_G004,2007-01-07,293,2,84,86,https://racing.hkjc.com/en-us/local/information/otherhorse?horseid=HK_2005_G004&Option=1,2026-09-04T13:24:54Z
HK_2005_G004,2007-01-24,332,2,86,86,https://racing.hkjc.com/en-us/local/information/otherhorse?horseid=HK_2005_G004&Option=1,2026-09-04T13:24:54Z
HK_2005_G004,2007-02-07,373,2,86,89,https://racing.hkjc.com/en-us/local/information/otherhorse?horseid=HK_2005_G004&Option=1,2026-09-04T13:24:54Z
HK_2005_G004,2007-03-07,437,2,89,89,https://racing.hkjc.com/en-us/local/information/otherhorse?horseid=HK_2005_G004&Option=1,2026-09-04T13:24:54Z
HK_2005_G004,2007-05-27,639,2,89,88,https://racing.hkjc.com/en-us/local/information/otherhorse?horseid=HK_2005_G004&Option=1,2026-09-04T13:24:54Z
HK_2005_G004,2007-09-15,27,2,88,88,https://racing.hkjc.com/en-us/local/information/otherhorse?horseid=HK_2005_G004&Option=1,2026-09-04T13:24:54Z
HK_2005_G004,2007-10-17,95,2,88,86,https://racing.hkjc.com/en-us/local/information/otherhorse?horseid=HK_2005_G004&Option=1,2026-09-04T13:24:54Z
HK_2005_G004,2007-10-24,112,2,86,91,https://racing.hkjc.com/en-us/local/information/otherhorse?horseid=HK_2005_G004&Option=1,2026-09-04T13:24:54Z
HK_2005_G004,2007-11-21,186,2,91,91,https://racing.hkjc.com/en-us/local/information/otherhorse?horseid=HK_2005_G004&Option=1,2026-09-04T13:24:54Z
HK_2005_G004,2007-12-19,258,2,91,91,https://racing.hkjc.com/en-us/local/information/otherhorse?horseid=HK_2005_G004&Option=1,2026-09-04T13:24:54Z
HK_2005_G004,2008-01-09,306,1,91,91,https://racing.hkjc.com/en-us/local/information/otherhorse?horseid=HK_2005_G004&Option=1,2026-09-04T13:24:54Z
HK_2005_G004,2008-01-23,343,2,91,93,https://racing.hkjc.com/en-us/local/information/otherhorse?horseid=HK_2005_G004&Option=1,2026-09-04T13:24:54Z
HK_2005_G004,2008-02-27,426,2,93,93,https://racing.hkjc.com/en-us/local/information/otherhorse?horseid=HK_2005_G004&Option=1,2026-09-04T13:24:54Z
HK_2005_G004,2008-03-30,502,2,93,92,https://racing.hkjc.com/en-us/local/information/otherhorse?horseid=HK_2005_G004&Option=1,2026-09-04T13:24:54Z
HK_2005_G004,2008-05-18,614,2,92,91,https://racing.hkjc.com/en-us/local/information/otherhorse?horseid=HK_2005_G004&Option=1,2026-09-04T13:24:54Z
HK_2005_G004,2008-07-03,730,2,91,89,https://racing.hkjc.com/en-us/local/information/otherhorse?horseid=HK_2005_G004&Option=1,2026-09-04T13:24:54Z
HK_2005_G004,2008-09-24,36,2,89,89,https://racing.hkjc.com/en-us/local/information/otherhorse?horseid=HK_2005_G004&Option=1,2026-09-04T13:24:54Z
HK_2005_G004,2008-10-19,104,1,89,89,https://racing.hkjc.com/en-us/local/information/otherhorse?horseid=HK_2005_G004&Option=1,2026-09-04T13:24:54Z
HK_2005_G004,2008-11-04,141,1,89,87,https://racing.hkjc.com/en-us/local/information/otherhorse?horseid=HK_2005_G004&Option=1,2026-09-04T13:24:54Z
HK_2005_G004,2008-11-23,177,1,87,86,https://racing.hkjc.com/en-us/local/information/otherhorse?horseid=HK_2005_G004&Option=1,2026-09-04T13:24:54Z
HK_2005_G004,2009-01-04,282,2,86,88,https://racing.hkjc.com/en-us/local/information/otherhorse?horseid=HK_2005_G004&Option=1,2026-09-04T13:24:54Z
HK_2005_G004,2009-02-01,356,2,88,88,https://racing.hkjc.com/en-us/local/information/otherhorse?horseid=HK_2005_G004&Option=1,2026-09-04T13:24:54Z
HK_2005_G004,2009-02-15,390,2,88,93,https://racing.hkjc.com/en-us/local/information/otherhorse?horseid=HK_2005_G004&Option=1,2026-09-04T13:24:54Z
HK_2005_G004,2009-03-28,498,2,93,93,https://racing.hkjc.com/en-us/local/information/otherhorse?horseid=HK_2005_G004&Option=1,2026-09-04T13:24:54Z
HK_2005_G004,2009-05-17,621,2,93,93,https://racing.hkjc.com/en-us/local/information/otherhorse?horseid=HK_2005_G004&Option=1,2026-09-04T13:24:54Z
HK_2005_G004,2009-05-27,646,2,93,92,https://racing.hkjc.com/en-us/local/information/otherhorse?horseid=HK_2005_G004&Option=1,2026-09-04T13:24:54Z
HK_2005_G012,2005-11-16,172,4,52,54,https://racing.hkjc.com/en-us/local/information/otherhorse?horseid=HK_2005_G012&Option=1,2026-09-04T13:22:32Z
HK_2005_G012,2006-01-01,279,4,54,54,https://racing.hkjc.com/en-us/local/information/otherhorse?horseid=HK_2005_G012&Option=1,2026-09-04T13:22:32Z
HK_2005_G012,2006-01-18,326,4,54,54,https://racing.hkjc.com/en-us/local/information/otherhorse?horseid=HK_2005_G012&Option=1,2026-09-04T13:22:32Z
HK_2005_G012,2006-04-01,500,4,54,52,https://racing.hkjc.com/en-us/local/information/otherhorse?horseid=HK_2005_G012&Option=1,2026-09-04T13:22:32Z
HK_2005_G012,2006-06-10,665,4,52,46,https://racing.hkjc.com/en-us/local/information/otherhorse?horseid=HK_2005_G012&Option=1,2026-09-04T13:22:32Z
HK_2005_G012,2006-10-15,76,4,46,46,https://racing.hkjc.com/en-us/local/information/otherhorse?horseid=HK_2005_G012&Option=1,2026-09-04T13:22:32Z
HK_2005_G012,2006-11-26,184,4,46,44,https://racing.hkjc.com/en-us/local/information/otherhorse?horseid=HK_2005_G012&Option=1,2026-09-04T13:22:32Z
HK_2005_G012,2007-01-01,277,4,44,42,https://racing.hkjc.com/en-us/local/information/otherhorse?horseid=HK_2005_G012&Option=1,2026-09-04T13:22:32Z
HK_2005_G012,2007-01-24,331,4,42,41,https://racing.hkjc.com/en-us/local/information/otherhorse?horseid=HK_2005_G012&Option=1,2026-09-04T13:22:32Z
HK_2005_G012,2007-02-28,417,4,41,39,https://racing.hkjc.com/en-us/local/information/otherhorse?horseid=HK_2005_G012&Option=1,2026-09-04T13:22:32Z
HK_2005_G012,2007-04-04,498,5,39,37,https://racing.hkjc.com/en-us/local/information/otherhorse?horseid=HK_2005_G012&Option=1,2026-09-04T13:22:32Z
HK_2005_G012,2007-05-06,574,5,37,42,https://racing.hkjc.com/en-us/local/information/otherhorse?horseid=HK_2005_G012&Option=1,2026-09-04T13:22:32Z
HK_2005_G012,2007-05-24,623,4,42,42,https://racing.hkjc.com/en-us/local/information/otherhorse?horseid=HK_2005_G012&Option=1,2026-09-04T13:22:32Z
HK_2005_G012,2007-06-09,670,4,42,47,https://racing.hkjc.com/en-us/local/information/otherhorse?horseid=HK_2005_G012&Option=1,2026-09-04T13:22:32Z
HK_2005_G012,2007-09-23,40,4,47,47,https://racing.hkjc.com/en-us/local/information/otherhorse?horseid=HK_2005_G012&Option=1,2026-09-04T13:22:32Z
HK_2005_G012,2007-10-07,67,4,47,47,https://racing.hkjc.com/en-us/local/information/otherhorse?horseid=HK_2005_G012&Option=1,2026-09-04T13:22:32Z
HK_2005_G012,2007-10-28,117,4,47,45,https://racing.hkjc.com/en-us/local/information/otherhorse?horseid=HK_2005_G012&Option=1,2026-09-04T13:22:32Z
HK_2005_G012,2007-11-17,169,4,45,43,https://racing.hkjc.com/en-us/local/information/otherhorse?horseid=HK_2005_G012&Option=1,2026-09-04T13:22:32Z
HK_2005_G012,2007-12-15,247,4,43,41,https://racing.hkjc.com/en-us/local/information/otherhorse?horseid=HK_2005_G012&Option=1,2026-09-04T13:22:32Z
HK_2005_G012,2008-01-16,319,4,41,41,https://racing.hkjc.com/en-us/local/information/otherhorse?horseid=HK_2005_G012&Option=1,2026-09-04T13:22:32Z
HK_2005_G012,2008-02-20,401,4,41,40,https://racing.hkjc.com/en-us/local/information/otherhorse?horseid=HK_2005_G012&Option=1,2026-09-04T13:22:32Z
HK_2005_G012,2008-03-16,464,5,40,39,https://racing.hkjc.com/en-us/local/information/otherhorse?horseid=HK_2005_G012&Option=1,2026-09-04T13:22:32Z
HK_2005_G012,2008-05-14,600,5,39,39,https://racing.hkjc.com/en-us/local/information/otherhorse?horseid=HK_2005_G012&Option=1,2026-09-04T13:22:32Z
HK_2005_G012,2008-05-18,609,5,39,38,https://racing.hkjc.com/en-us/local/information/otherhorse?horseid=HK_2005_G012&Option=1,2026-09-04T13:22:32Z
HK_2005_G012,2008-06-15,674,5,38,38,https://racing.hkjc.com/en-us/local/information/otherhorse?horseid=HK_2005_G012&Option=1,2026-09-04T13:22:32Z
HK_2005_G012,2008-06-22,694,5,38,44,https://racing.hkjc.com/en-us/local/information/otherhorse?horseid=HK_2005_G012&Option=1,2026-09-04T13:22:32Z
HK_2005_G012,2008-10-05,61,4,44,44,https://racing.hkjc.com/en-us/local/information/otherhorse?horseid=HK_2005_G012&Option=1,2026-09-04T13:22:32Z
HK_2005_G012,2008-11-04,135,4,44,44,https://racing.hkjc.com/en-us/local/information/otherhorse?horseid=HK_2005_G012&Option=1,2026-09-04T13:22:32Z
HK_2005_G012,2008-12-03,202,4,44,44,https://racing.hkjc.com/en-us/local/information/otherhorse?horseid=HK_2005_G012&Option=1,2026-09-04T13:22:32Z
HK_2005_G012,2008-12-20,249,4,44,43,https://racing.hkjc.com/en-us/local/information/otherhorse?horseid=HK_2005_G012&Option=1,2026-09-04T13:22:32Z
HK_2005_G012,2009-01-18,316,4,43,48,https://racing.hkjc.com/en-us/local/information/otherhorse?horseid=HK_2005_G012&Option=1,2026-09-04T13:22:32Z
HK_2005_G012,2009-01-24,334,4B,48,54,https://racing.hkjc.com/en-us/local/information/otherhorse?horseid=HK_2005_G012&Option=1,2026-09-04T13:22:32Z
HK_2005_G012,2009-02-22,410,4,54,54,https://racing.hkjc.com/en-us/local/information/otherhorse?horseid=HK_2005_G012&Option=1,2026-09-04T13:22:32Z
HK_2005_G012,2009-03-07,447,4,54,55,https://racing.hkjc.com/en-us/local/information/otherhorse?horseid=HK_2005_G012&Option=1,2026-09-04T13:22:32Z
HK_2005_G012,2009-03-28,494,4,55,55,https://racing.hkjc.com/en-us/local/information/otherhorse?horseid=HK_2005_G012&Option=1,2026-09-04T13:22:32Z
HK_2005_G014,2006-01-01,279,4,52,52,https://racing.hkjc.com/en-us/local/information/otherhorse?horseid=HK_2005_G014&Option=1,2026-09-04T13:23:10Z
HK_2005_G014,2006-02-05,360,4,52,50,https://racing.hkjc.com/en-us/local/information/otherhorse?horseid=HK_2005_G014&Option=1,2026-09-04T13:23:10Z
HK_2005_G014,2006-02-26,418,4,50,48,https://racing.hkjc.com/en-us/local/information/otherhorse?horseid=HK_2005_G014&Option=1,2026-09-04T13:23:10Z
HK_2005_G014,2006-04-08,513,4,48,46,https://racing.hkjc.com/en-us/local/information/otherhorse?horseid=HK_2005_G014&Option=1,2026-09-04T13:23:10Z
HK_2005_G014,2006-05-07,585,4,46,38,https://racing.hkjc.com/en-us/local/information/otherhorse?horseid=HK_2005_G014&Option=1,2026-09-04T13:23:10Z
HK_2005_G014,2007-05-16,606,5,38,32,https://racing.hkjc.com/en-us/local/information/otherhorse?horseid=HK_2005_G014&Option=1,2026-09-04T13:23:10Z
HK_2005_G016,2005-11-23,190,4,52,52,https://racing.hkjc.com/en-us/local/information/otherhorse?horseid=HK_2005_G016&Option=1,2026-09-04T13:23:01Z
HK_2005_G016,2005-12-03,222,4,52,51,https://racing.hkjc.com/en-us/local/information/otherhorse?horseid=HK_2005_G016&Option=1,2026-09-04T13:23:01Z
HK_2005_G016,2005-12-17,254,4,51,51,https://racing.hkjc.com/en-us/local/information/otherhorse?horseid=HK_2005_G016&Option=1,2026-09-04T13:23:01Z
HK_2005_G016,2006-01-01,279,4,51,50,https://racing.hkjc.com/en-us/local/information/otherhorse?horseid=HK_2005_G016&Option=1,2026-09-04T13:23:01Z
HK_2005_G016,2006-01-25,345,4,50,48,https://racing.hkjc.com/en-us/local/information/otherhorse?horseid=HK_2005_G016&Option=1,2026-09-04T13:23:01Z
HK_2005_G016,2006-02-19,401,4,48,53,https://racing.hkjc.com/en-us/local/information/otherhorse?horseid=HK_2005_G016&Option=1,2026-09-04T13:23:01Z
HK_2005_G016,2006-03-04,437,4,53,54,https://racing.hkjc.com/en-us/local/information/otherhorse?horseid=HK_2005_G016&Option=1,2026-09-04T13:23:01Z
HK_2005_G016,2006-03-19,466,4,54,56,https://racing.hkjc.com/en-us/local/information/otherhorse?horseid=HK_2005_G016&Option=1,2026-09-04T13:23:01Z
HK_2005_G016,2006-04-08,510,4,56,59,https://racing.hkjc.com/en-us/local/information/otherhorse?horseid=HK_2005_G016&Option=1,2026-09-04T13:23:01Z
HK_2005_G016,2006-04-30,567,4,59,65,https://racing.hkjc.com/en-us/local/information/otherhorse?horseid=HK_2005_G016&Option=1,2026-09-04T13:23:01Z
HK_2005_G016,2006-05-28,640,3,65,67,https://racing.hkjc.com/en-us/local/information/otherhorse?horseid=HK_2005_G016&Option=1,2026-09-04T13:23:01Z
HK_2005_G016,2006-09-10,8,3,67,67,https://racing.hkjc.com/en-us/local/information/otherhorse?horseid=HK_2005_G016&Option=1,2026-09-04T13:23:01Z
HK_2005_G016,2006-10-01,56,3,67,70,https://racing.hkjc.com/en-us/local/information/otherhorse?horseid=HK_2005_G016&Option=1,2026-09-04T13:23:01Z
HK_2005_G016,2006-10-29,115,3,70,70,https://racing.hkjc.com/en-us/local/information/otherhorse?horseid=HK_2005_G016&Option=1,2026-09-04T13:23:01Z
HK_2005_G016,2006-11-26,191,3,70,69,https://racing.hkjc.com/en-us/local/information/otherhorse?horseid=HK_2005_G016&Option=1,2026-09-04T13:23:01Z
HK_2005_G016,2006-12-10,220,3,69,68,https://racing.hkjc.com/en-us/local/information/otherhorse?horseid=HK_2005_G016&Option=1,2026-09-04T13:23:01Z
HK_2005_G016,2007-01-07,291,3,68,66,https://racing.hkjc.com/en-us/local/information/otherhorse?horseid=HK_2005_G016&Option=1,2026-09-04T13:23:01Z
HK_2005_G016,2007-01-24,336,3,66,64,https://racing.hkjc.com/en-us/local/information/otherhorse?horseid=HK_2005_G016&Option=1,2026-09-04T13:23:01Z
HK_2005_G016,2007-02-10,382,3,64,62,https://racing.hkjc.com/en-us/local/information/otherhorse?horseid=HK_2005_G016&Option=1,2026-09-04T13:23:01Z
HK_2005_G016,2007-02-20,400,3,62,60,https://racing.hkjc.com/en-us/local/information/otherhorse?horseid=HK_2005_G016&Option=1,2026-09-04T13:23:01Z
HK_2005_G016,2007-03-04,425,4,60,58,https://racing.hkjc.com/en-us/local/information/otherhorse?horseid=HK_2005_G016&Option=1,2026-09-04T13:23:01Z
HK_2005_G016,2007-03-25,481,4,58,57,https://racing.hkjc.com/en-us/local/information/otherhorse?horseid=HK_2005_G016&Option=1,2026-09-04T13:23:01Z
HK_2005_G016,2007-04-14,521,4,57,56,https://racing.hkjc.com/en-us/local/information/otherhorse?horseid=HK_2005_G016&Option=1,2026-09-04T13:23:01Z
HK_2005_G016,2007-05-20,612,4,56,55,https://racing.hkjc.com/en-us/local/information/otherhorse?horseid=HK_2005_G016&Option=1,2026-09-04T13:23:01Z
HK_2005_G016,2007-06-03,653,4,55,54,https://racing.hkjc.com/en-us/local/information/otherhorse?horseid=HK_2005_G016&Option=1,2026-09-04T13:23:01Z
HK_2005_G016,2007-06-13,682,4,54,50,https://racing.hkjc.com/en-us/local/information/otherhorse?horseid=HK_2005_G016&Option=1,2026-09-04T13:23:01Z
HK_2005_G016,2007-10-07,69,4,50,52,https://racing.hkjc.com/en-us/local/information/otherhorse?horseid=HK_2005_G016&Option=1,2026-09-04T13:23:01Z
HK_2005_G016,2007-10-21,99,4,52,52,https://racing.hkjc.com/en-us/local/information/otherhorse?horseid=HK_2005_G016&Option=1,2026-09-04T13:23:01Z
HK_2005_G027,2006-01-01,281,4,52,52,https://racing.hkjc.com/en-us/local/information/otherhorse?horseid=HK_2005_G027&Option=1,2026-09-04T13:25:26Z
HK_2005_G027,2006-01-22,336,4,52,58,https://racing.hkjc.com/en-us/local/information/otherhorse?horseid=HK_2005_G027&Option=1,2026-09-04T13:25:26Z
HK_2005_G027,2006-02-26,420,4,58,58,https://racing.hkjc.com/en-us/local/information/otherhorse?horseid=HK_2005_G027&Option=1,2026-09-04T13:25:26Z
HK_2005_G027,2006-03-19,466,4,58,58,https://racing.hkjc.com/en-us/local/information/otherhorse?horseid=HK_2005_G027&Option=1,2026-09-04T13:25:26Z
HK_2005_G027,2006-04-08,513,4,58,65,https://racing.hkjc.com/en-us/local/information/otherhorse?horseid=HK_2005_G027&Option=1,2026-09-04T13:25:26Z
HK_2005_G027,2006-04-23,550,3,65,67,https://racing.hkjc.com/en-us/local/information/otherhorse?horseid=HK_2005_G027&Option=1,2026-09-04T13:25:26Z
HK_2005_G027,2006-05-07,589,3,67,67,https://racing.hkjc.com/en-us/local/information/otherhorse?horseid=HK_2005_G027&Option=1,2026-09-04T13:25:26Z
HK_2005_G027,2006-06-28,694,3,67,66,https://racing.hkjc.com/en-us/local/information/otherhorse?horseid=HK_2005_G027&Option=1,2026-09-04T13:25:26Z
HK_2005_G027,2006-10-04,63,3,66,66,https://racing.hkjc.com/en-us/local/information/otherhorse?horseid=HK_2005_G027&Option=1,2026-09-04T13:25:26Z
HK_2005_G027,2006-10-25,105,3,66,72,https://racing.hkjc.com/en-us/local/information/otherhorse?horseid=HK_2005_G027&Option=1,2026-09-04T13:25:26Z
HK_2005_G027,2006-11-22,180,3,72,74,https://racing.hkjc.com/en-us/local/information/otherhorse?horseid=HK_2005_G027&Option=1,2026-09-04T13:25:26Z
HK_2005_G027,2006-12-20,253,3,74,77,https://racing.hkjc.com/en-us/local/information/otherhorse?horseid=HK_2005_G027&Option=1,2026-09-04T13:25:26Z
HK_2005_G027,2007-02-10,383,3,77,77,https://racing.hkjc.com/en-us/local/information/otherhorse?horseid=HK_2005_G027&Option=1,2026-09-04T13:25:26Z
HK_2005_G027,2007-03-10,449,3,77,78,https://racing.hkjc.com/en-us/local/information/otherhorse?horseid=HK_2005_G027&Option=1,2026-09-04T13:25:26Z
HK_2005_G027,2007-04-09,514,3,78,78,https://racing.hkjc.com/en-us/local/information/otherhorse?horseid=HK_2005_G027&Option=1,2026-09-04T13:25:26Z
HK_2005_G027,2007-04-29,561,3,78,78,https://racing.hkjc.com/en-us/local/information/otherhorse?horseid=HK_2005_G027&Option=1,2026-09-04T13:25:26Z
HK_2005_G027,2007-05-09,589,3,78,80,https://racing.hkjc.com/en-us/local/information/otherhorse?horseid=HK_2005_G027&Option=1,2026-09-04T13:25:26Z
HK_2005_G027,2007-06-03,658,3,80,80,https://racing.hkjc.com/en-us/local/information/otherhorse?horseid=HK_2005_G027&Option=1,2026-09-04T13:25:26Z
HK_2005_G027,2007-06-27,715,3,80,79,https://racing.hkjc.com/en-us/local/information/otherhorse?horseid=HK_2005_G027&Option=1,2026-09-04T13:25:26Z
HK_2005_G027,2007-10-14,82,3,79,79,https://racing.hkjc.com/en-us/local/information/otherhorse?horseid=HK_2005_G027&Option=1,2026-09-04T13:25:26Z
HK_2005_G027,2007-11-28,204,3,79,77,https://racing.hkjc.com/en-us/local/information/otherhorse?horseid=HK_2005_G027&Option=1,2026-09-04T13:25:26Z
HK_2005_G027,2008-01-01,286,2,77,76,https://racing.hkjc.com/en-us/local/information/otherhorse?horseid=HK_2005_G027&Option=1,2026-09-04T13:25:26Z
HK_2005_G027,2008-01-30,356,2,76,81,https://racing.hkjc.com/en-us/local/information/otherhorse?horseid=HK_2005_G027&Option=1,2026-09-04T13:25:26Z
HK_2005_G027,2008-03-16,466,2,81,84,https://racing.hkjc.com/en-us/local/information/otherhorse?horseid=HK_2005_G027&Option=1,2026-09-04T13:25:26Z
HK_2005_G027,2008-05-25,623,3YO+,84,84,https://racing.hkjc.com/en-us/local/information/otherhorse?horseid=HK_2005_G027&Option=1,2026-09-04T13:25:26Z
HK_2005_G027,2008-06-28,710,2,84,84,https://racing.hkjc.com/en-us/local/information/otherhorse?horseid=HK_2005_G027&Option=1,2026-09-04T13:25:26Z
HK_2005_G027,2008-09-15,7,2,84,84,https://racing.hkjc.com/en-us/local/information/otherhorse?horseid=HK_2005_G027&Option=1,2026-09-04T13:25:26Z
HK_2005_G027,2008-09-24,36,2,84,83,https://racing.hkjc.com/en-us/local/information/otherhorse?horseid=HK_2005_G027&Option=1,2026-09-04T13:25:26Z
HK_2005_G027,2008-10-12,85,2,83,82,https://racing.hkjc.com/en-us/local/information/otherhorse?horseid=HK_2005_G027&Option=1,2026-09-04T13:25:26Z
HK_2005_G027,2008-11-02,132,2,82,80,https://racing.hkjc.com/en-us/local/information/otherhorse?horseid=HK_2005_G027&Option=1,2026-09-04T13:25:26Z
HK_2005_G027,2008-11-30,193,3,80,77,https://racing.hkjc.com/en-us/local/information/otherhorse?horseid=HK_2005_G027&Option=1,2026-09-04T13:25:26Z
HK_2005_G027,2009-01-07,291,3,77,74,https://racing.hkjc.com/en-us/local/information/otherhorse?horseid=HK_2005_G027&Option=1,2026-09-04T13:25:26Z
HK_2005_G027,2009-01-24,337,3B,74,71,https://racing.hkjc.com/en-us/local/information/otherhorse?horseid=HK_2005_G027&Option=1,2026-09-04T13:25:26Z
HK_2005_G027,2009-02-08,376,3,71,68,https://racing.hkjc.com/en-us/local/information/otherhorse?horseid=HK_2005_G027&Option=1,2026-09-04T13:25:26Z
HK_2005_G027,2009-02-25,422,3,68,66,https://racing.hkjc.com/en-us/local/information/otherhorse?horseid=HK_2005_G027&Option=1,2026-09-04T13:25:26Z
HK_2005_G027,2009-03-18,473,3,66,63,https://racing.hkjc.com/en-us/local/information/otherhorse?horseid=HK_2005_G027&Option=1,2026-09-04T13:25:26Z
HK_2005_G027,2009-04-26,557,3,63,60,https://racing.hkjc.com/en-us/local/information/otherhorse?horseid=HK_2005_G027&Option=1,2026-09-04T13:25:26Z
HK_2005_G027,2009-05-06,590,3,60,59,https://racing.hkjc.com/en-us/local/information/otherhorse?horseid=HK_2005_G027&Option=1,2026-09-04T13:25:26Z
HK_2005_G027,2009-06-10,679,4,59,56,https://racing.hkjc.com/en-us/local/information/otherhorse?horseid=HK_2005_G027&Option=1,2026-09-04T13:25:26Z
HK_2005_G027,2009-07-01,727,4,56,48,https://racing.hkjc.com/en-us/local/information/otherhorse?horseid=HK_2005_G027&Option=1,2026-09-04T13:25:26Z
HK_2005_G029,2005-11-27,198,4,52,62,https://racing.hkjc.com/en-us/local/information/otherhorse?horseid=HK_2005_G029&Option=1,2026-09-04T13:33:07Z
HK_2005_G029,2006-01-01,287,3,62,64,https://racing.hkjc.com/en-us/local/information/otherhorse?horseid=HK_2005_G029&Option=1,2026-09-04T13:33:07Z
HK_2005_G029,2006-01-22,335,3,64,64,https://racing.hkjc.com/en-us/local/information/otherhorse?horseid=HK_2005_G029&Option=1,2026-09-04T13:33:07Z
HK_2005_G029,2006-02-26,416,3,64,74,https://racing.hkjc.com/en-us/local/information/otherhorse?horseid=HK_2005_G029&Option=1,2026-09-04T13:33:07Z
HK_2005_G029,2006-04-08,515,3,74,74,https://racing.hkjc.com/en-us/local/information/otherhorse?horseid=HK_2005_G029&Option=1,2026-09-04T13:33:07Z
HK_2005_G029,2006-06-04,649,3,74,73,https://racing.hkjc.com/en-us/local/information/otherhorse?horseid=HK_2005_G029&Option=1,2026-09-04T13:33:07Z
HK_2005_G029,2006-09-24,35,3,73,73,https://racing.hkjc.com/en-us/local/information/otherhorse?horseid=HK_2005_G029&Option=1,2026-09-04T13:33:07Z
HK_2005_G029,2006-10-29,113,3,73,71,https://racing.hkjc.com/en-us/local/information/otherhorse?horseid=HK_2005_G029&Option=1,2026-09-04T13:33:07Z
HK_2005_G029,2006-11-12,154,3,71,69,https://racing.hkjc.com/en-us/local/information/otherhorse?horseid=HK_2005_G029&Option=1,2026-09-04T13:33:07Z
HK_2005_G029,2006-12-10,224,3,69,67,https://racing.hkjc.com/en-us/local/information/otherhorse?horseid=HK_2005_G029&Option=1,2026-09-04T13:33:07Z
HK_2005_G029,2007-01-10,298,3,67,73,https://racing.hkjc.com/en-us/local/information/otherhorse?horseid=HK_2005_G029&Option=1,2026-09-04T13:33:07Z
HK_2005_G029,2007-01-28,343,3,73,73,https://racing.hkjc.com/en-us/local/information/otherhorse?horseid=HK_2005_G029&Option=1,2026-09-04T13:33:07Z
HK_2005_G029,2007-03-14,457,3,73,73,https://racing.hkjc.com/en-us/local/information/otherhorse?horseid=HK_2005_G029&Option=1,2026-09-04T13:33:07Z
HK_2005_G029,2007-03-31,495,3,73,72,https://racing.hkjc.com/en-us/local/information/otherhorse?horseid=HK_2005_G029&Option=1,2026-09-04T13:33:07Z
HK_2005_G029,2007-04-14,525,3,72,70,https://racing.hkjc.com/en-us/local/information/otherhorse?horseid=HK_2005_G029&Option=1,2026-09-04T13:33:07Z
HK_2005_G029,2007-05-27,636,3,70,68,https://racing.hkjc.com/en-us/local/information/otherhorse?horseid=HK_2005_G029&Option=1,2026-09-04T13:33:07Z
HK_2005_G029,2007-06-09,677,3,68,65,https://racing.hkjc.com/en-us/local/information/otherhorse?horseid=HK_2005_G029&Option=1,2026-09-04T13:33:07Z
HK_2005_G029,2007-10-14,83,3,65,66,https://racing.hkjc.com/en-us/local/information/otherhorse?horseid=HK_2005_G029&Option=1,2026-09-04T13:33:07Z
HK_2005_G029,2007-11-11,156,3,66,66,https://racing.hkjc.com/en-us/local/information/otherhorse?horseid=HK_2005_G029&Option=1,2026-09-04T13:33:07Z
HK_2005_G029,2007-12-15,248,3,66,66,https://racing.hkjc.com/en-us/local/information/otherhorse?horseid=HK_2005_G029&Option=1,2026-09-04T13:33:07Z
HK_2005_G029,2008-01-23,342,3,66,66,https://racing.hkjc.com/en-us/local/information/otherhorse?horseid=HK_2005_G029&Option=1,2026-09-04T13:33:07Z
HK_2005_G029,2008-02-24,416,3,66,65,https://racing.hkjc.com/en-us/local/information/otherhorse?horseid=HK_2005_G029&Option=1,2026-09-04T13:33:07Z
HK_2005_G029,2008-03-12,461,3,65,65,https://racing.hkjc.com/en-us/local/information/otherhorse?horseid=HK_2005_G029&Option=1,2026-09-04T13:33:07Z
HK_2005_G029,2008-03-30,499,3,65,64,https://racing.hkjc.com/en-us/local/information/otherhorse?horseid=HK_2005_G029&Option=1,2026-09-04T13:33:07Z
HK_2005_G029,2008-05-01,566,3,64,63,https://racing.hkjc.com/en-us/local/information/otherhorse?horseid=HK_2005_G029&Option=1,2026-09-04T13:33:07Z
HK_2005_G029,2008-05-25,621,3,63,64,https://racing.hkjc.com/en-us/local/information/otherhorse?horseid=HK_2005_G029&Option=1,2026-09-04T13:33:07Z
HK_2005_G029,2008-06-11,668,3,64,69,https://racing.hkjc.com/en-us/local/information/otherhorse?horseid=HK_2005_G029&Option=1,2026-09-04T13:33:07Z
HK_2005_G029,2008-07-01,716,3,69,69,https://racing.hkjc.com/en-us/local/information/otherhorse?horseid=HK_2005_G029&Option=1,2026-09-04T13:33:07Z
HK_2005_G029,2008-10-15,92,3,69,69,https://racing.hkjc.com/en-us/local/information/otherhorse?horseid=HK_2005_G029&Option=1,2026-09-04T13:33:07Z
HK_2005_G029,2008-11-08,148,3,69,68,https://racing.hkjc.com/en-us/local/information/otherhorse?horseid=HK_2005_G029&Option=1,2026-09-04T13:33:07Z
HK_2005_G029,2008-11-30,195,3,68,66,https://racing.hkjc.com/en-us/local/information/otherhorse?horseid=HK_2005_G029&Option=1,2026-09-04T13:33:07Z
HK_2005_G029,2008-12-20,253,3,66,64,https://racing.hkjc.com/en-us/local/information/otherhorse?horseid=HK_2005_G029&Option=1,2026-09-04T13:33:07Z
HK_2005_G029,2009-01-10,297,3,64,64,https://racing.hkjc.com/en-us/local/information/otherhorse?horseid=HK_2005_G029&Option=1,2026-09-04T13:33:07Z
HK_2005_G029,2009-01-24,338,3B,64,62,https://racing.hkjc.com/en-us/local/information/otherhorse?horseid=HK_2005_G029&Option=1,2026-09-04T13:33:07Z
HK_2005_G029,2009-04-05,510,3,62,60,https://racing.hkjc.com/en-us/local/information/otherhorse?horseid=HK_2005_G029&Option=1,2026-09-04T13:33:07Z
HK_2005_G029,2009-05-03,576,4,60,65,https://racing.hkjc.com/en-us/local/information/otherhorse?horseid=HK_2005_G029&Option=1,2026-09-04T13:33:07Z
HK_2005_G029,2009-05-24,636,4,65,65,https://racing.hkjc.com/en-us/local/information/otherhorse?horseid=HK_2005_G029&Option=1,2026-09-04T13:33:07Z
HK_2005_G029,2009-05-27,645,3,65,65,https://racing.hkjc.com/en-us/local/information/otherhorse?horseid=HK_2005_G029&Option=1,2026-09-04T13:33:07Z
HK_2005_G029,2009-06-21,701,3,65,73,https://racing.hkjc.com/en-us/local/information/otherhorse?horseid=HK_2005_G029&Option=1,2026-09-04T13:33:07Z
HK_2005_G029,2009-10-04,63,3,73,73,https://racing.hkjc.com/en-us/local/information/otherhorse?horseid=HK_2005_G029&Option=1,2026-09-04T13:33:07Z
HK_2005_G029,2009-11-15,164,3,73,73,https://racing.hkjc.com/en-us/local/information/otherhorse?horseid=HK_2005_G029&Option=1,2026-09-04T13:33:07Z
HK_2005_G029,2009-12-06,213,3,73,72,https://racing.hkjc.com/en-us/local/information/otherhorse?horseid=HK_2005_G029&Option=1,2026-09-04T13:33:07Z
HK_2005_G029,2009-12-19,254,3,72,70,https://racing.hkjc.com/en-us/local/information/otherhorse?horseid=HK_2005_G029&Option=1,2026-09-04T13:33:07Z
HK_2005_G029,2010-01-01,282,3,70,67,https://racing.hkjc.com/en-us/local/information/otherhorse?horseid=HK_2005_G029&Option=1,2026-09-04T13:33:07Z
HK_2005_G029,2010-01-16,318,3,67,64,https://racing.hkjc.com/en-us/local/information/otherhorse?horseid=HK_2005_G029&Option=1,2026-09-04T13:33:07Z
HK_2005_G029,2010-02-07,368,3,64,61,https://racing.hkjc.com/en-us/local/information/otherhorse?horseid=HK_2005_G029&Option=1,2026-09-04T13:33:07Z
HK_2005_G029,2010-02-21,404,3,61,58,https://racing.hkjc.com/en-us/local/information/otherhorse?horseid=HK_2005_G029&Option=1,2026-09-04T13:33:07Z
HK_2005_G029,2010-03-28,487,4S,58,55,https://racing.hkjc.com/en-us/local/information/otherhorse?horseid=HK_2005_G029&Option=1,2026-09-04T13:33:07Z
HK_2005_G029,2010-04-04,504,4,55,49,https://racing.hkjc.com/en-us/local/information/otherhorse?horseid=HK_2005_G029&Option=1,2026-09-04T13:33:07Z
HK_2005_G029,2010-12-01,214,4,49,50,https://racing.hkjc.com/en-us/local/information/otherhorse?horseid=HK_2005_G029&Option=1,2026-09-04T13:33:07Z
HK_2005_G029,2011-01-05,299,4,50,50,https://racing.hkjc.com/en-us/local/information/otherhorse?horseid=HK_2005_G029&Option=1,2026-09-04T13:33:07Z
HK_2005_G029,2011-03-16,472,4,50,48,https://racing.hkjc.com/en-us/local/information/otherhorse?horseid=HK_2005_G029&Option=1,2026-09-04T13:33:07Z
HK_2005_G030,2006-01-01,279,4,52,52,https://racing.hkjc.com/en-us/local/information/otherhorse?horseid=HK_2005_G030&Option=1,2026-09-04T13:23:06Z
HK_2005_G030,2006-01-18,324,4,52,50,https://racing.hkjc.com/en-us/local/information/otherhorse?horseid=HK_2005_G030&Option=1,2026-09-04T13:23:06Z
HK_2005_G030,2006-02-11,380,4,50,48,https://racing.hkjc.com/en-us/local/information/otherhorse?horseid=HK_2005_G030&Option=1,2026-09-04T13:23:06Z
HK_2005_G030,2006-03-26,480,4,48,47,https://racing.hkjc.com/en-us/local/information/otherhorse?horseid=HK_2005_G030&Option=1,2026-09-04T13:23:06Z
HK_2005_G030,2006-04-23,547,4,47,45,https://racing.hkjc.com/en-us/local/information/otherhorse?horseid=HK_2005_G030&Option=1,2026-09-04T13:23:06Z
HK_2005_G030,2006-05-13,602,4,45,45,https://racing.hkjc.com/en-us/local/information/otherhorse?horseid=HK_2005_G030&Option=1,2026-09-04T13:23:06Z
HK_2005_G030,2006-06-17,674,4,45,43,https://racing.hkjc.com/en-us/local/information/otherhorse?horseid=HK_2005_G030&Option=1,2026-09-04T13:23:06Z
HK_2005_G030,2006-07-02,700,4,43,36,https://racing.hkjc.com/en-us/local/information/otherhorse?horseid=HK_2005_G030&Option=1,2026-09-04T13:23:06Z
HK_2005_G030,2006-09-10,2,5,36,36,https://racing.hkjc.com/en-us/local/information/otherhorse?horseid=HK_2005_G030&Option=1,2026-09-04T13:23:06Z
HK_2005_G030,2006-09-24,32,5,36,34,https://racing.hkjc.com/en-us/local/information/otherhorse?horseid=HK_2005_G030&Option=1,2026-09-04T13:23:06Z
HK_2005_G030,2006-11-15,158,5,34,32,https://racing.hkjc.com/en-us/local/information/otherhorse?horseid=HK_2005_G030&Option=1,2026-09-04T13:23:06Z
HK_2005_G030,2006-12-13,229,5,32,29,https://racing.hkjc.com/en-us/local/information/otherhorse?horseid=HK_2005_G030&Option=1,2026-09-04T13:23:06Z
HK_2005_G030,2007-01-07,284,5,29,25,https://racing.hkjc.com/en-us/local/information/otherhorse?horseid=HK_2005_G030&Option=1,2026-09-04T13:23:06Z
HK_2005_G030,2007-05-06,577,5,25,21,https://racing.hkjc.com/en-us/local/information/otherhorse?horseid=HK_2005_G030&Option=1,2026-09-04T13:23:06Z
HK_2005_G030,2007-05-27,630,5,21,21,https://racing.hkjc.com/en-us/local/information/otherhorse?horseid=HK_2005_G030&Option=1,2026-09-04T13:23:06Z
HK_2005_G030,2007-05-30,642,5,21,17,https://racing.hkjc.com/en-us/local/information/otherhorse?horseid=HK_2005_G030&Option=1,2026-09-04T13:23:06Z
HK_2005_G030,2007-06-06,659,5,17,15,https://racing.hkjc.com/en-us/local/information/otherhorse?horseid=HK_2005_G030&Option=1,2026-09-04T13:23:06Z
HK_2005_G030,2007-06-24,698,5,15,15,https://racing.hkjc.com/en-us/local/information/otherhorse?horseid=HK_2005_G030&Option=1,2026-09-04T13:23:06Z
HK_2005_G044,2006-01-01,279,4,52,52,https://racing.hkjc.com/en-us/local/information/otherhorse?horseid=HK_2005_G044&Option=1,2026-09-04T13:23:21Z
HK_2005_G044,2006-01-22,333,4,52,50,https://racing.hkjc.com/en-us/local/information/otherhorse?horseid=HK_2005_G044&Option=1,2026-09-04T13:23:21Z
HK_2005_G044,2006-05-24,626,4,50,42,https://racing.hkjc.com/en-us/local/information/otherhorse?horseid=HK_2005_G044&Option=1,2026-09-04T13:23:21Z
HK_2005_G044,2006-09-27,41,4,42,42,https://racing.hkjc.com/en-us/local/information/otherhorse?horseid=HK_2005_G044&Option=1,2026-09-04T13:23:21Z
HK_2005_G044,2006-10-07,65,4,42,40,https://racing.hkjc.com/en-us/local/information/otherhorse?horseid=HK_2005_G044&Option=1,2026-09-04T13:23:21Z
HK_2005_G044,2006-12-02,204,4,40,38,https://racing.hkjc.com/en-us/local/information/otherhorse?horseid=HK_2005_G044&Option=1,2026-09-04T13:23:21Z
HK_2005_G044,2007-01-14,305,5,38,38,https://racing.hkjc.com/en-us/local/information/otherhorse?horseid=HK_2005_G044&Option=1,2026-09-04T13:23:21Z
HK_2005_G044,2007-02-04,357,5,38,37,https://racing.hkjc.com/en-us/local/information/otherhorse?horseid=HK_2005_G044&Option=1,2026-09-04T13:23:21Z
HK_2005_G044,2007-02-28,413,5,37,36,https://racing.hkjc.com/en-us/local/information/otherhorse?horseid=HK_2005_G044&Option=1,2026-09-04T13:23:21Z
HK_2005_G044,2007-04-09,506,5,36,36,https://racing.hkjc.com/en-us/local/information/otherhorse?horseid=HK_2005_G044&Option=1,2026-09-04T13:23:21Z
HK_2005_G044,2007-04-25,545,5,36,38,https://racing.hkjc.com/en-us/local/information/otherhorse?horseid=HK_2005_G044&Option=1,2026-09-04T13:23:21Z
HK_2005_G044,2007-05-12,594,5,38,38,https://racing.hkjc.com/en-us/local/information/otherhorse?horseid=HK_2005_G044&Option=1,2026-09-04T13:23:21Z
HK_2005_G044,2007-05-30,643,5,38,37,https://racing.hkjc.com/en-us/local/information/otherhorse?horseid=HK_2005_G044&Option=1,2026-09-04T13:23:21Z
HK_2005_G044,2007-06-24,698,5,37,34,https://racing.hkjc.com/en-us/local/information/otherhorse?horseid=HK_2005_G044&Option=1,2026-09-04T13:23:21Z
HK_2005_G044,2007-09-26,48,5,34,41,https://racing.hkjc.com/en-us/local/information/otherhorse?horseid=HK_2005_G044&Option=1,2026-09-04T13:23:21Z
HK_2005_G044,2007-11-03,132,4,41,44,https://racing.hkjc.com/en-us/local/information/otherhorse?horseid=HK_2005_G044&Option=1,2026-09-04T13:23:21Z
HK_2005_G044,2007-11-14,162,4,44,44,https://racing.hkjc.com/en-us/local/information/otherhorse?horseid=HK_2005_G044&Option=1,2026-09-04T13:23:21Z
HK_2005_G044,2007-12-12,235,4,44,43,https://racing.hkjc.com/en-us/local/information/otherhorse?horseid=HK_2005_G044&Option=1,2026-09-04T13:23:21Z
HK_2005_G044,2008-01-16,319,4,43,42,https://racing.hkjc.com/en-us/local/information/otherhorse?horseid=HK_2005_G044&Option=1,2026-09-04T13:23:21Z
HK_2005_G044,2008-02-09,378,4,42,40,https://racing.hkjc.com/en-us/local/information/otherhorse?horseid=HK_2005_G044&Option=1,2026-09-04T13:23:21Z
HK_2005_G044,2008-03-12,456,5,40,39,https://racing.hkjc.com/en-us/local/information/otherhorse?horseid=HK_2005_G044&Option=1,2026-09-04T13:23:21Z
HK_2005_G044,2008-04-09,521,5,39,37,https://racing.hkjc.com/en-us/local/information/otherhorse?horseid=HK_2005_G044&Option=1,2026-09-04T13:23:21Z
HK_2005_G044,2008-05-18,607,5,37,35,https://racing.hkjc.com/en-us/local/information/otherhorse?horseid=HK_2005_G044&Option=1,2026-09-04T13:23:21Z
HK_2005_G044,2008-06-08,654,5,35,30,https://racing.hkjc.com/en-us/local/information/otherhorse?horseid=HK_2005_G044&Option=1,2026-09-04T13:23:21Z
HK_2005_G044,2008-10-29,117,5,30,30,https://racing.hkjc.com/en-us/local/information/otherhorse?horseid=HK_2005_G044&Option=1,2026-09-04T13:23:21Z
HK_2005_G044,2008-11-19,163,5,30,28,https://racing.hkjc.com/en-us/local/information/otherhorse?horseid=HK_2005_G044&Option=1,2026-09-04T13:23:21Z
HK_2005_G044,2008-12-06,209,5,28,26,https://racing.hkjc.com/en-us/local/information/otherhorse?horseid=HK_2005_G044&Option=1,2026-09-04T13:23:21Z
HK_2005_G044,2008-12-17,236,5,26,24,https://racing.hkjc.com/en-us/local/information/otherhorse?horseid=HK_2005_G044&Option=1,2026-09-04T13:23:21Z
HK_2005_G044,2008-12-28,254,5,24,22,https://racing.hkjc.com/en-us/local/information/otherhorse?horseid=HK_2005_G044&Option=1,2026-09-04T13:23:21Z
HK_2005_G044,2009-01-04,275,5,22,20,https://racing.hkjc.com/en-us/local/information/otherhorse?horseid=HK_2005_G044&Option=1,2026-09-04T13:23:21Z
HK_2005_G044,2009-01-14,303,5,20,20,https://racing.hkjc.com/en-us/local/information/otherhorse?horseid=HK_2005_G044&Option=1,2026-09-04T13:23:21Z
HK_2005_G085,2006-01-01,279,4,52,52,https://racing.hkjc.com/en-us/local/information/otherhorse?horseid=HK_2005_G085&Option=1,2026-09-04T13:23:26Z
HK_2005_G085,2006-01-22,333,4,52,50,https://racing.hkjc.com/en-us/local/information/otherhorse?horseid=HK_2005_G085&Option=1,2026-09-04T13:23:26Z
HK_2005_G085,2006-03-12,447,4,50,48,https://racing.hkjc.com/en-us/local/information/otherhorse?horseid=HK_2005_G085&Option=1,2026-09-04T13:23:26Z
HK_2005_G085,2006-04-15,527,4,48,42,https://racing.hkjc.com/en-us/local/information/otherhorse?horseid=HK_2005_G085&Option=1,2026-09-04T13:23:26Z
HK_2005_G085,2006-11-12,147,4,42,42,https://racing.hkjc.com/en-us/local/information/otherhorse?horseid=HK_2005_G085&Option=1,2026-09-04T13:23:26Z
HK_2005_G085,2006-12-02,204,4,42,42,https://racing.hkjc.com/en-us/local/information/otherhorse?horseid=HK_2005_G085&Option=1,2026-09-04T13:23:26Z
HK_2005_G085,2006-12-13,231,4,42,44,https://racing.hkjc.com/en-us/local/information/otherhorse?horseid=HK_2005_G085&Option=1,2026-09-04T13:23:26Z
HK_2005_G085,2007-01-10,294,4,44,52,https://racing.hkjc.com/en-us/local/information/otherhorse?horseid=HK_2005_G085&Option=1,2026-09-04T13:23:26Z
HK_2005_G085,2007-02-07,368,4,52,52,https://racing.hkjc.com/en-us/local/information/otherhorse?horseid=HK_2005_G085&Option=1,2026-09-04T13:23:26Z
HK_2005_G085,2007-05-30,641,4,52,52,https://racing.hkjc.com/en-us/local/information/otherhorse?horseid=HK_2005_G085&Option=1,2026-09-04T13:23:26Z
HK_2005_G085,2007-06-13,678,4,52,52,https://racing.hkjc.com/en-us/local/information/otherhorse?horseid=HK_2005_G085&Option=1,2026-09-04T13:23:26Z
HK_2005_G087,2006-01-01,281,4,52,52,https://racing.hkjc.com/en-us/local/information/otherhorse?horseid=HK_2005_G087&Option=1,2026-09-04T13:25:07Z
HK_2005_G087,2006-01-15,319,4,52,53,https://racing.hkjc.com/en-us/local/information/otherhorse?horseid=HK_2005_G087&Option=1,2026-09-04T13:25:07Z
HK_2005_G087,2006-01-31,351,4,53,53,https://racing.hkjc.com/en-us/local/information/otherhorse?horseid=HK_2005_G087&Option=1,2026-09-04T13:25:07Z
HK_2005_G087,2006-02-05,364,4,53,58,https://racing.hkjc.com/en-us/local/information/otherhorse?horseid=HK_2005_G087&Option=1,2026-09-04T13:25:07Z
HK_2005_G087,2006-03-26,482,4,58,57,https://racing.hkjc.com/en-us/local/information/otherhorse?horseid=HK_2005_G087&Option=1,2026-09-04T13:25:07Z
HK_2005_G087,2006-10-04,61,4,57,57,https://racing.hkjc.com/en-us/local/information/otherhorse?horseid=HK_2005_G087&Option=1,2026-09-04T13:25:07Z
HK_2005_G087,2006-10-15,77,4,57,58,https://racing.hkjc.com/en-us/local/information/otherhorse?horseid=HK_2005_G087&Option=1,2026-09-04T13:25:07Z
HK_2005_G087,2006-11-04,134,4,58,58,https://racing.hkjc.com/en-us/local/information/otherhorse?horseid=HK_2005_G087&Option=1,2026-09-04T13:25:07Z
HK_2005_G087,2006-11-19,168,4,58,65,https://racing.hkjc.com/en-us/local/information/otherhorse?horseid=HK_2005_G087&Option=1,2026-09-04T13:25:07Z
HK_2005_G087,2007-02-20,394,3,65,68,https://racing.hkjc.com/en-us/local/information/otherhorse?horseid=HK_2005_G087&Option=1,2026-09-04T13:25:07Z
HK_2005_G087,2007-03-04,429,3,68,76,https://racing.hkjc.com/en-us/local/information/otherhorse?horseid=HK_2005_G087&Option=1,2026-09-04T13:25:07Z
HK_2005_G087,2007-03-18,466,3,76,76,https://racing.hkjc.com/en-us/local/information/otherhorse?horseid=HK_2005_G087&Option=1,2026-09-04T13:25:07Z
HK_2005_G087,2007-04-09,514,3,76,85,https://racing.hkjc.com/en-us/local/information/otherhorse?horseid=HK_2005_G087&Option=1,2026-09-04T13:25:07Z
HK_2005_G087,2007-05-24,622,2,85,88,https://racing.hkjc.com/en-us/local/information/otherhorse?horseid=HK_2005_G087&Option=1,2026-09-04T13:25:07Z
HK_2005_G087,2007-12-09,231,1,88,88,https://racing.hkjc.com/en-us/local/information/otherhorse?horseid=HK_2005_G087&Option=1,2026-09-04T13:25:07Z
HK_2005_G087,2008-01-01,285,2,88,91,https://racing.hkjc.com/en-us/local/information/otherhorse?horseid=HK_2005_G087&Option=1,2026-09-04T13:25:07Z
HK_2005_G087,2008-03-30,502,2,91,90,https://racing.hkjc.com/en-us/local/information/otherhorse?horseid=HK_2005_G087&Option=1,2026-09-04T13:25:07Z
HK_2005_G087,2008-09-21,25,2,90,91,https://racing.hkjc.com/en-us/local/information/otherhorse?horseid=HK_2005_G087&Option=1,2026-09-04T13:25:07Z
HK_2005_G087,2008-10-05,59,2,91,91,https://racing.hkjc.com/en-us/local/information/otherhorse?horseid=HK_2005_G087&Option=1,2026-09-04T13:25:07Z
HK_2005_G087,2009-06-07,672,1,91,97,https://racing.hkjc.com/en-us/local/information/otherhorse?horseid=HK_2005_G087&Option=1,2026-09-04T13:25:07Z
HK_2005_G087,2009-09-13,9,2,97,97,https://racing.hkjc.com/en-us/local/information/otherhorse?horseid=HK_2005_G087&Option=1,2026-09-04T13:25:07Z
HK_2005_G087,2009-10-01,56,1,97,97,https://racing.hkjc.com/en-us/local/information/otherhorse?horseid=HK_2005_G087&Option=1,2026-09-04T13:25:07Z
HK_2005_G087,2009-10-25,119,1,97,97,https://racing.hkjc.com/en-us/local/information/otherhorse?horseid=HK_2005_G087&Option=1,2026-09-04T13:25:07Z
HK_2005_G089,2005-11-23,190,4,52,55,https://racing.hkjc.com/en-us/local/information/otherhorse?horseid=HK_2005_G089&Option=1,2026-09-04T13:22:30Z
HK_2005_G089,2005-12-14,243,4,55,57,https://racing.hkjc.com/en-us/local/information/otherhorse?horseid=HK_2005_G089&Option=1,2026-09-04T13:22:30Z
HK_2005_G089,2006-01-01,279,4,57,70,https://racing.hkjc.com/en-us/local/information/otherhorse?horseid=HK_2005_G089&Option=1,2026-09-04T13:22:30Z
HK_2005_G089,2006-01-18,330,3,70,70,https://racing.hkjc.com/en-us/local/information/otherhorse?horseid=HK_2005_G089&Option=1,2026-09-04T13:22:30Z
HK_2005_G089,2006-02-11,387,3,70,79,https://racing.hkjc.com/en-us/local/information/otherhorse?horseid=HK_2005_G089&Option=1,2026-09-04T13:22:30Z
HK_2005_G089,2006-03-04,443,3,79,88,https://racing.hkjc.com/en-us/local/information/otherhorse?horseid=HK_2005_G089&Option=1,2026-09-04T13:22:30Z
HK_2005_G089,2006-04-08,514,1,88,88,https://racing.hkjc.com/en-us/local/information/otherhorse?horseid=HK_2005_G089&Option=1,2026-09-04T13:22:30Z
HK_2005_G089,2006-04-30,571,2,88,88,https://racing.hkjc.com/en-us/local/information/otherhorse?horseid=HK_2005_G089&Option=1,2026-09-04T13:22:30Z
HK_2005_G089,2006-05-28,642,2,88,89,https://racing.hkjc.com/en-us/local/information/otherhorse?horseid=HK_2005_G089&Option=1,2026-09-04T13:22:30Z
HK_2005_G089,2006-09-10,10,2,89,97,https://racing.hkjc.com/en-us/local/information/otherhorse?horseid=HK_2005_G089&Option=1,2026-09-04T13:22:30Z
HK_2005_G089,2006-10-07,74,1,97,100,https://racing.hkjc.com/en-us/local/information/otherhorse?horseid=HK_2005_G089&Option=1,2026-09-04T13:22:30Z
HK_2005_G089,2006-11-26,189,1,100,105,https://racing.hkjc.com/en-us/local/information/otherhorse?horseid=HK_2005_G089&Option=1,2026-09-04T13:22:30Z
HK_2005_G089,2007-01-01,281,GROUP-3,105,105,https://racing.hkjc.com/en-us/local/information/otherhorse?horseid=HK_2005_G089&Option=1,2026-09-04T13:22:30Z
HK_2005_G089,2007-01-28,344,4YO,105,107,https://racing.hkjc.com/en-us/local/information/otherhorse?horseid=HK_2005_G089&Option=1,2026-09-04T13:22:30Z
HK_2005_G089,2007-02-20,399,4YO,107,107,https://racing.hkjc.com/en-us/local/information/otherhorse?horseid=HK_2005_G089&Option=1,2026-09-04T13:22:30Z
HK_2005_G089,2007-03-18,465,4YO,107,107,https://racing.hkjc.com/en-us/local/information/otherhorse?horseid=HK_2005_G089&Option=1,2026-09-04T13:22:30Z
HK_2005_G089,2007-04-22,541,GROUP-3,107,107,https://racing.hkjc.com/en-us/local/information/otherhorse?horseid=HK_2005_G089&Option=1,2026-09-04T13:22:30Z
HK_2005_G089,2007-06-09,674,GROUP-3,107,107,https://racing.hkjc.com/en-us/local/information/otherhorse?horseid=HK_2005_G089&Option=1,2026-09-04T13:22:30Z
HK_2005_G096,2006-01-01,286,2,86,88,https://racing.hkjc.com/en-us/local/information/otherhorse?horseid=HK_2005_G096&Option=1,2026-09-04T13:31:53Z
HK_2005_G096,2006-01-15,323,2,88,94,https://racing.hkjc.com/en-us/local/information/otherhorse?horseid=HK_2005_G096&Option=1,2026-09-04T13:31:53Z
HK_2005_G096,2006-02-19,406,2,94,105,https://racing.hkjc.com/en-us/local/information/otherhorse?horseid=HK_2005_G096&Option=1,2026-09-04T13:31:53Z
HK_2005_G096,2006-03-26,487,4YO,105,115,https://racing.hkjc.com/en-us/local/information/otherhorse?horseid=HK_2005_G096&Option=1,2026-09-04T13:31:53Z
HK_2005_G096,2006-04-23,551,3YO+,115,115,https://racing.hkjc.com/en-us/local/information/otherhorse?horseid=HK_2005_G096&Option=1,2026-09-04T13:31:53Z
HK_2005_G096,2006-05-28,639,3YO+,115,126,https://racing.hkjc.com/en-us/local/information/otherhorse?horseid=HK_2005_G096&Option=1,2026-09-04T13:31:53Z
HK_2005_G096,2006-10-15,82,GROUP-3,126,126,https://racing.hkjc.com/en-us/local/information/otherhorse?horseid=HK_2005_G096&Option=1,2026-09-04T13:31:53Z
HK_2005_G096,2006-11-12,149,3YO+,126,126,https://racing.hkjc.com/en-us/local/information/otherhorse?horseid=HK_2005_G096&Option=1,2026-09-04T13:31:53Z
HK_2005_G096,2006-12-10,226,3YO+,126,126,https://racing.hkjc.com/en-us/local/information/otherhorse?horseid=HK_2005_G096&Option=1,2026-09-04T13:31:53Z
HK_2005_G096,2007-01-28,345,3YO+,126,126,https://racing.hkjc.com/en-us/local/information/otherhorse?horseid=HK_2005_G096&Option=1,2026-09-04T13:31:53Z
HK_2005_G096,2007-03-04,428,3YO+,126,126,https://racing.hkjc.com/en-us/local/information/otherhorse?horseid=HK_2005_G096&Option=1,2026-09-04T13:31:53Z
HK_2005_G096,2007-04-29,560,3YO+,126,127,https://racing.hkjc.com/en-us/local/information/otherhorse?horseid=HK_2005_G096&Option=1,2026-09-04T13:31:53Z
HK_2005_G096,2007-06-03,655,3YO+,127,129,https://racing.hkjc.com/en-us/local/information/otherhorse?horseid=HK_2005_G096&Option=1,2026-09-04T13:31:53Z
HK_2005_G096,2007-10-21,104,GROUP-3,129,129,https://racing.hkjc.com/en-us/local/information/otherhorse?horseid=HK_2005_G096&Option=1,2026-09-04T13:31:53Z
HK_2005_G096,2007-11-11,157,3YO+,129,129,https://racing.hkjc.com/en-us/local/information/otherhorse?horseid=HK_2005_G096&Option=1,2026-09-04T13:31:53Z
HK_2005_G096,2007-12-09,230,3YO+,129,129,https://racing.hkjc.com/en-us/local/information/otherhorse?horseid=HK_2005_G096&Option=1,2026-09-04T13:31:53Z
HK_2005_G096,2008-01-20,333,3YO+,129,129,https://racing.hkjc.com/en-us/local/information/otherhorse?horseid=HK_2005_G096&Option=1,2026-09-04T13:31:53Z
HK_2005_G096,2008-02-24,415,3YO+,129,129,https://racing.hkjc.com/en-us/local/information/otherhorse?horseid=HK_2005_G096&Option=1,2026-09-04T13:31:53Z
HK_2005_G096,2008-04-27,555,3YO+,129,129,https://racing.hkjc.com/en-us/local/information/otherhorse?horseid=HK_2005_G096&Option=1,2026-09-04T13:31:53Z
HK_2005_G096,2008-05-25,623,3YO+,129,129,https://racing.hkjc.com/en-us/local/information/otherhorse?horseid=HK_2005_G096&Option=1,2026-09-04T13:31:53Z
HK_2005_G096,2008-10-26,113,HKG3,129,134,https://racing.hkjc.com/en-us/local/information/otherhorse?horseid=HK_2005_G096&Option=1,2026-09-04T13:31:53Z
HK_2005_G096,2008-11-16,159,HKG2,134,134,https://racing.hkjc.com/en-us/local/information/otherhorse?horseid=HK_2005_G096&Option=1,2026-09-04T13:31:53Z
HK_2005_G096,2008-12-14,233,G1,134,134,https://racing.hkjc.com/en-us/local/information/otherhorse?horseid=HK_2005_G096&Option=1,2026-09-04T13:31:53Z
HK_2005_G096,2009-01-24,336,HKG1,134,131,https://racing.hkjc.com/en-us/local/information/otherhorse?horseid=HK_2005_G096&Option=1,2026-09-04T13:31:53Z
HK_2005_G096,2009-02-22,412,HKG1,131,131,https://racing.hkjc.com/en-us/local/information/otherhorse?horseid=HK_2005_G096&Option=1,2026-09-04T13:31:53Z
HK_2005_G096,2009-04-05,515,HKG2,131,131,https://racing.hkjc.com/en-us/local/information/otherhorse?horseid=HK_2005_G096&Option=1,2026-09-04T13:31:53Z
HK_2005_G096,2009-04-26,562,G1,131,129,https://racing.hkjc.com/en-us/local/information/otherhorse?horseid=HK_2005_G096&Option=1,2026-09-04T13:31:53Z
HK_2005_G096,2009-05-31,654,HKG1,129,129,https://racing.hkjc.com/en-us/local/information/otherhorse?horseid=HK_2005_G096&Option=1,2026-09-04T13:31:53Z
HK_2005_G096,2009-10-25,118,HKG3,129,129,https://racing.hkjc.com/en-us/local/information/otherhorse?horseid=HK_2005_G096&Option=1,2026-09-04T13:31:53Z
HK_2005_G096,2009-11-15,163,HKG2,129,129,https://racing.hkjc.com/en-us/local/information/otherhorse?horseid=HK_2005_G096&Option=1,2026-09-04T13:31:53Z
HK_2005_G096,2009-12-13,232,G1,129,127,https://racing.hkjc.com/en-us/local/information/otherhorse?horseid=HK_2005_G096&Option=1,2026-09-04T13:31:53Z
HK_2005_G096,2010-02-07,373,HKG3,127,125,https://racing.hkjc.com/en-us/local/information/otherhorse?horseid=HK_2005_G096&Option=1,2026-09-04T13:31:53Z
HK_2005_G096,2010-02-28,420,HKG1,125,125,https://racing.hkjc.com/en-us/local/information/otherhorse?horseid=HK_2005_G096&Option=1,2026-09-04T13:31:53Z
HK_2005_G096,2010-04-04,511,HKG2,125,124,https://racing.hkjc.com/en-us/local/information/otherhorse?horseid=HK_2005_G096&Option=1,2026-09-04T13:31:53Z
HK_2005_G096,2010-04-25,557,G1,124,126,https://racing.hkjc.com/en-us/local/information/otherhorse?horseid=HK_2005_G096&Option=1,2026-09-04T13:31:53Z
HK_2005_G096,2010-05-30,649,HKG1,126,125,https://racing.hkjc.com/en-us/local/information/otherhorse?horseid=HK_2005_G096&Option=1,2026-09-04T13:31:53Z
HK_2005_G096,2010-11-21,191,G2,125,125,https://racing.hkjc.com/en-us/local/information/otherhorse?horseid=HK_2005_G096&Option=1,2026-09-04T13:31:53Z
HK_2005_G096,2010-12-12,242,G1,125,123,https://racing.hkjc.com/en-us/local/information/otherhorse?horseid=HK_2005_G096&Option=1,2026-09-04T13:31:53Z
HK_2005_G096,2011-01-30,365,HKG1,123,123,https://racing.hkjc.com/en-us/local/information/otherhorse?horseid=HK_2005_G096&Option=1,2026-09-04T13:31:53Z
HK_2005_G096,2011-02-27,429,HKG1,123,121,https://racing.hkjc.com/en-us/local/information/otherhorse?horseid=HK_2005_G096&Option=1,2026-09-04T13:31:53Z
HK_2005_G096,2011-04-03,521,HKG2,121,119,https://racing.hkjc.com/en-us/local/information/otherhorse?horseid=HK_2005_G096&Option=1,2026-09-04T13:31:53Z
HK_2005_G096,2011-05-01,586,G1,119,119,https://racing.hkjc.com/en-us/local/information/otherhorse?horseid=HK_2005_G096&Option=1,2026-09-04T13:31:53Z
HK_2005_G096,2011-05-29,661,HKG1,119,117,https://racing.hkjc.com/en-us/local/information/otherhorse?horseid=HK_2005_G096&Option=1,2026-09-04T13:31:53Z
